cod_ruta_d,nomoficial,alt_izqini,alt_derfin,sentido,nom_servic,long,zona,comuna,barrio
1RECLDM8510F6,Libertad,701,800,Creciente,Recoleccion De Contenedores Verdes,141.49,1,1,San Nicolas
1RECLDM8510F6,Tucuman,1401,1500,Creciente,Recoleccion De Contenedores Verdes,122.64,1,1,San Nicolas
1RECLDM8510F6,Tucuman,1601,1679,Creciente,Recoleccion De Contenedores Verdes,125.62,1,1,San Nicolas
1RECLDM8511F6,San Martin,501,600,Creciente,Recoleccion De Contenedores Verdes,130.28,1,1,San Nicolas
1RECLDM8510F6,Lavalle,1701,1800,Creciente,Recoleccion De Contenedores Verdes,110.61,1,1,San Nicolas
1RECLDM8511F6,San Martin,401,500,Creciente,Recoleccion De Contenedores Verdes,122.63,1,1,San Nicolas
1RECLDM8510F6,Corrientes Av.,1201,1300,Decreciente,Recoleccion De Contenedores Verdes,130.4,1,1,San Nicolas
1RECLDM8511F6,Sarmiento,401,500,Creciente,Recoleccion De Contenedores Verdes,128.46,1,1,San Nicolas
1RECLDM8510F6,Sarmiento,1501,1600,Creciente,Recoleccion De Contenedores Verdes,132.78,1,1,San Nicolas
1RECLDM8510F6,Sarmiento,1701,1800,Creciente,Recoleccion De Contenedores Verdes,129.4,1,1,San Nicolas
1RECLDM8511F6,"Peron, Juan Domingo, Tte. General",601,700,Creciente,Recoleccion De Contenedores Verdes,131.02,1,1,San Nicolas
1RECLDM8510F6,"Peron, Juan Domingo, Tte. General",1401,1500,Creciente,Recoleccion De Contenedores Verdes,131.78,1,1,San Nicolas
1RECLDM8511F6,Esmeralda,101,200,Creciente,Recoleccion De Contenedores Verdes,126.56,1,1,San Nicolas
1RECLDM8510F6,"Mitre, Bartolome",1101,1200,Decreciente,Recoleccion De Contenedores Verdes,136.52,1,1,San Nicolas
1RECLDM8510F6,"Mitre, Bartolome",1701,1800,Decreciente,Recoleccion De Contenedores Verdes,125.02,1,1,San Nicolas
1RECLDM8511F6,Suipacha,1,100,Decreciente,Recoleccion De Contenedores Verdes,126.99,1,1,San Nicolas
1RECLDM8510F6,"Mitre, Bartolome",1525,1600,Decreciente,Recoleccion De Contenedores Verdes,103.97,1,1,San Nicolas
1RECLDM8510F6,Rodriguez Peña,1,100,Decreciente,Recoleccion De Contenedores Verdes,143.04,1,1,San Nicolas
1RECLDM8510F6,San Jose,1,50,Creciente,Recoleccion De Contenedores Verdes,66.69,1,1,Monserrat
1RECLDM8511F6,"Yrigoyen, Hipolito",901,1000,Decreciente,Recoleccion De Contenedores Verdes,136.99,1,1,Monserrat
1RECLDM8510F6,"Yrigoyen, Hipolito",1201,1300,Decreciente,Recoleccion De Contenedores Verdes,129.15,1,1,Monserrat
1RECLDM8511F6,"Alsina, Adolfo",301,400,Decreciente,Recoleccion De Contenedores Verdes,128.49,1,1,Monserrat
1RECLDM8510F6,"Alsina, Adolfo",1101,1200,Decreciente,Recoleccion De Contenedores Verdes,137.88,1,1,Monserrat
1RECLDM8510F6,"Alsina, Adolfo",1401,1500,Decreciente,Recoleccion De Contenedores Verdes,121.61,1,1,Monserrat
1RECLDM8510F6,"Cevallos, Virrey",101,200,Creciente,Recoleccion De Contenedores Verdes,134.65,1,1,Monserrat
1RECLDM8511F6,Moreno,401,500,Creciente,Recoleccion De Contenedores Verdes,127.7,1,1,Monserrat
1RECLDM8510F6,"Alsina, Adolfo",1701,1800,Decreciente,Recoleccion De Contenedores Verdes,131.49,1,1,Monserrat
1RECLDM8510F6,Moreno,1101,1200,Creciente,Recoleccion De Contenedores Verdes,136.77,1,1,Monserrat
1RECLDM8510F6,Moreno,1401,1500,Creciente,Recoleccion De Contenedores Verdes,122.17,1,1,Monserrat
1RECLDM8510F6,Belgrano Av.,1201,1300,Decreciente,Recoleccion De Contenedores Verdes,132.21,1,1,Monserrat
1RECLDM8510F6,Solis,301,400,Creciente,Recoleccion De Contenedores Verdes,129.94,1,1,Monserrat
1RECLDM8511F6,Chacabuco,401,500,Creciente,Recoleccion De Contenedores Verdes,128.48,1,1,Monserrat
1RECLDM8510F6,Republica Bolivariana De Venezuela,1401,1500,Creciente,Recoleccion De Contenedores Verdes,141.69,1,1,Monserrat
1RECLDM8510F6,Republica Bolivariana De Venezuela,1601,1700,Creciente,Recoleccion De Contenedores Verdes,129.78,1,1,Monserrat
1RECLDM8510F6,Mexico,1301,1400,Decreciente,Recoleccion De Contenedores Verdes,130.37,1,1,Monserrat
1RECLDM8510F6,Mexico,1601,1700,Decreciente,Recoleccion De Contenedores Verdes,129.1,1,1,Monserrat
1RECLDM8511F6,Chile Av.,201,270,Decreciente,Recoleccion De Contenedores Verdes,69.08,1,1,Monserrat
1RECLDM8511F6,Chile,401,500,Decreciente,Recoleccion De Contenedores Verdes,129.35,1,1,Monserrat
1RECLDM8511F6,San Lorenzo,201,290,Creciente,Recoleccion De Contenedores Verdes,58.55,1,1,San Telmo
1RECLDM8510F6,Chile,1301,1400,Decreciente,Recoleccion De Contenedores Verdes,136.53,1,1,Monserrat
1RECLDM8510F6,Chile,1401,1500,Decreciente,Recoleccion De Contenedores Verdes,146.41,1,1,Monserrat
1RECLDM8511F6,Independencia Av.,601,700,Creciente,Recoleccion De Contenedores Verdes,135.22,1,1,San Telmo
1RECLDM8511F6,Piedras,701,800,Decreciente,Recoleccion De Contenedores Verdes,129.0,1,1,Constitucion
1RECLDM8511F6,Tacuari,701,800,Creciente,Recoleccion De Contenedores Verdes,132.37,1,1,Monserrat
1RECLDM8511F6,Independencia Av.,1101,1200,Creciente,Recoleccion De Contenedores Verdes,137.79,1,1,Constitucion
1RECLDM8511F6,"Irigoyen, Bernardo De",801,900,Decreciente,Recoleccion De Contenedores Verdes,97.81,1,1,Constitucion
1RECLDM8511F6,Estados Unidos,801,900,Decreciente,Recoleccion De Contenedores Verdes,130.37,1,1,Constitucion
1RECLDM8511F6,Estados Unidos,1501,1600,Decreciente,Recoleccion De Contenedores Verdes,137.1,1,1,Constitucion
1RECLDM8511F6,Balcarce,901,1000,Creciente,Recoleccion De Contenedores Verdes,106.97,1,1,San Telmo
1RECLDM8511F6,"Calvo, Carlos",501,600,Creciente,Recoleccion De Contenedores Verdes,125.0,1,1,San Telmo
1RECLDM8511F6,"Calvo, Carlos",901,1000,Creciente,Recoleccion De Contenedores Verdes,133.84,1,1,Constitucion
1RECLDM8510F6,Salta,901,1000,Decreciente,Recoleccion De Contenedores Verdes,131.61,1,1,Constitucion
1RECLDM8510F6,"Calvo, Carlos",1401,1500,Creciente,Recoleccion De Contenedores Verdes,136.36,1,1,Constitucion
1RECLDM8510F6,"Calvo, Carlos",1701,1800,Creciente,Recoleccion De Contenedores Verdes,130.87,1,1,Constitucion
1RECLDM8511F6,Balcarce,1001,1100,Creciente,Recoleccion De Contenedores Verdes,143.71,1,1,San Telmo
1RECLDM8511F6,Humberto 1?,601,700,Creciente,Recoleccion De Contenedores Verdes,138.56,1,1,San Telmo
1RECLDM8510F6,Humberto 1?,1101,1200,Creciente,Recoleccion De Contenedores Verdes,138.59,1,1,Constitucion
1RECLDM8510F6,Humberto 1?,1301,1400,Creciente,Recoleccion De Contenedores Verdes,137.17,1,1,Constitucion
1RECLDM8510F6,Humberto 1?,1601,1700,Creciente,Recoleccion De Contenedores Verdes,118.3,1,1,Constitucion
1RECLDM8510F6,Viamonte,1501,1600,Decreciente,Recoleccion De Contenedores Verdes,136.99,1,1,San Nicolas
1RECLDM8510F6,Viamonte,1701,1800,Decreciente,Recoleccion De Contenedores Verdes,122.92,1,1,San Nicolas
1RECLDM8511F6,Lavalle,101,200,Creciente,Recoleccion De Contenedores Verdes,95.22,1,1,San Nicolas
1RECLDM8510F6,Lavalle,1201,1300,Creciente,Recoleccion De Contenedores Verdes,128.32,1,1,San Nicolas
1RECLDM8510F6,Parana,501,600,Creciente,Recoleccion De Contenedores Verdes,133.39,1,1,San Nicolas
1RECLDM8510F6,Uruguay Av.,401,500,Decreciente,Recoleccion De Contenedores Verdes,136.18,1,1,San Nicolas
1RECLDM8510F6,Parana,401,500,Creciente,Recoleccion De Contenedores Verdes,132.7,1,1,San Nicolas
1RECLDM8510F6,Montevideo,401,500,Decreciente,Recoleccion De Contenedores Verdes,134.4,1,1,San Nicolas
1RECLDM8511F6,Maipu,301,400,Decreciente,Recoleccion De Contenedores Verdes,139.44,1,1,San Nicolas
1RECLDM8510F6,Sarmiento,1201,1300,Creciente,Recoleccion De Contenedores Verdes,130.16,1,1,San Nicolas
1RECLDM8510F6,Sarmiento,1301,1400,Creciente,Recoleccion De Contenedores Verdes,131.94,1,1,San Nicolas
1RECLDM8511F6,"Peron, Juan Domingo, Tte. General",301,400,Creciente,Recoleccion De Contenedores Verdes,128.1,1,1,San Nicolas
1RECLDM8511F6,"Peron, Juan Domingo, Tte. General",761,800,Creciente,Recoleccion De Contenedores Verdes,39.81,1,1,San Nicolas
1RECLDM8511F6,Carabelas,201,300,Peatonal,Recoleccion De Contenedores Verdes,129.01,1,1,San Nicolas
1RECLDM8510F6,"Peron, Juan Domingo, Tte. General",1201,1300,Creciente,Recoleccion De Contenedores Verdes,129.73,1,1,San Nicolas
1RECLDM8511F6,Reconquista,101,200,Peatonal,Recoleccion De Contenedores Verdes,129.03,1,1,San Nicolas
1RECLDM8511F6,"Pellegrini, Carlos",101,200,Creciente,Recoleccion De Contenedores Verdes,130.54,1,1,San Nicolas
1RECLDM8510F6,"Mitre, Bartolome",1331,1400,Decreciente,Recoleccion De Contenedores Verdes,85.26,1,1,San Nicolas
1RECLDM8510F6,Santiago Del Estero,51,100,Creciente,Recoleccion De Contenedores Verdes,63.58,1,1,Monserrat
1RECLDM8510F6,San Jose,51,100,Creciente,Recoleccion De Contenedores Verdes,63.83,1,1,Monserrat
1RECLDM8511F6,"Alsina, Adolfo",201,300,Decreciente,Recoleccion De Contenedores Verdes,95.68,1,1,Monserrat
1RECLDM8511F6,"Alsina, Adolfo",601,700,Decreciente,Recoleccion De Contenedores Verdes,119.4,1,1,Monserrat
1RECLDM8510F6,"Alsina, Adolfo",1301,1400,Decreciente,Recoleccion De Contenedores Verdes,122.83,1,1,Monserrat
1RECLDM8511F6,Moreno,201,300,Creciente,Recoleccion De Contenedores Verdes,90.23,1,1,Monserrat
1RECLDM8511F6,Moreno,701,800,Creciente,Recoleccion De Contenedores Verdes,132.23,1,1,Monserrat
1RECLDM8511F6,"Irigoyen, Bernardo De",201,300,Decreciente,Recoleccion De Contenedores Verdes,122.64,1,1,Monserrat
1RECLDM8510F6,Moreno,1201,1300,Creciente,Recoleccion De Contenedores Verdes,134.33,1,1,Monserrat
1RECLDM8510F6,Moreno,1601,1700,Creciente,Recoleccion De Contenedores Verdes,129.97,1,1,Monserrat
1RECLDM8510F6,Belgrano Av.,1301,1400,Decreciente,Recoleccion De Contenedores Verdes,130.35,1,1,Monserrat
1RECLDM8511F6,Balcarce,401,500,Creciente,Recoleccion De Contenedores Verdes,134.57,1,1,Monserrat
1RECLDM8510F6,Belgrano Av.,1501,1600,Decreciente,Recoleccion De Contenedores Verdes,131.93,1,1,Monserrat
1RECLDM8511F6,Republica Bolivariana De Venezuela,601,700,Creciente,Recoleccion De Contenedores Verdes,132.92,1,1,Monserrat
1RECLDM8511F6,Tacuari,401,500,Creciente,Recoleccion De Contenedores Verdes,128.53,1,1,Monserrat
1RECLDM8510F6,Republica Bolivariana De Venezuela,1201,1300,Creciente,Recoleccion De Contenedores Verdes,132.82,1,1,Monserrat
1RECLDM8511F6,Mexico,301,400,Decreciente,Recoleccion De Contenedores Verdes,103.64,1,1,Monserrat
1RECLDM8511F6,Mexico,401,500,Decreciente,Recoleccion De Contenedores Verdes,127.86,1,1,Monserrat
1RECLDM8511F6,Mexico,701,800,Decreciente,Recoleccion De Contenedores Verdes,132.75,1,1,Monserrat
1RECLDM8511F6,Mexico,801,900,Decreciente,Recoleccion De Contenedores Verdes,131.06,1,1,Monserrat
1RECLDM8510F6,Mexico,1101,1200,Decreciente,Recoleccion De Contenedores Verdes,133.45,1,1,Monserrat
1RECLDM8510F6,Mexico,1501,1600,Decreciente,Recoleccion De Contenedores Verdes,136.43,1,1,Monserrat
1RECLDM8511F6,Chile,601,700,Decreciente,Recoleccion De Contenedores Verdes,132.95,1,1,Monserrat
1RECLDM8511F6,Chile,801,900,Decreciente,Recoleccion De Contenedores Verdes,129.95,1,1,Monserrat
1RECLDM8510F6,Chile,1601,1700,Decreciente,Recoleccion De Contenedores Verdes,119.15,1,1,Monserrat
1RECLDM8511F6,Independencia Av.,401,500,Creciente,Recoleccion De Contenedores Verdes,129.71,1,1,San Telmo
1RECLDM8511F6,Independencia Av.,1301,1400,Creciente,Recoleccion De Contenedores Verdes,142.55,1,1,Constitucion
1RECLDM8511F6,Independencia Av.,1401,1500,Creciente,Recoleccion De Contenedores Verdes,145.29,1,1,Constitucion
1RECLDM8511F6,Estados Unidos,401,500,Decreciente,Recoleccion De Contenedores Verdes,129.91,1,1,San Telmo
1RECLDM8511F6,Estados Unidos,601,700,Decreciente,Recoleccion De Contenedores Verdes,136.25,1,1,San Telmo
1RECLDM8511F6,Chacabuco,801,900,Creciente,Recoleccion De Contenedores Verdes,132.13,1,1,San Telmo
1RECLDM8511F6,Estados Unidos,1201,1300,Decreciente,Recoleccion De Contenedores Verdes,120.44,1,1,Constitucion
1RECLDM8511F6,Estados Unidos,1401,1500,Decreciente,Recoleccion De Contenedores Verdes,142.72,1,1,Constitucion
1RECLDM8510F6,Solis,801,900,Creciente,Recoleccion De Contenedores Verdes,100.61,1,1,Constitucion
1RECLDM8511F6,Paseo Colon Av.,0,999,Creciente,Recoleccion De Contenedores Verdes,95.84,1,1,San Telmo
1RECLDM8511F6,"Calvo, Carlos",301,400,Creciente,Recoleccion De Contenedores Verdes,129.68,1,1,San Telmo
1RECLDM8511F6,"Calvo, Carlos",701,800,Creciente,Recoleccion De Contenedores Verdes,134.29,1,1,San Telmo
1RECLDM8510F6,"Calvo, Carlos",1501,1600,Creciente,Recoleccion De Contenedores Verdes,139.35,1,1,Constitucion
1RECLDM8511F6,Humberto 1?,801,900,Creciente,Recoleccion De Contenedores Verdes,131.38,1,1,Constitucion
1RECLDM8510F6,"Saenz Peña, Luis, Pres.",1001,1100,Decreciente,Recoleccion De Contenedores Verdes,145.12,1,1,Constitucion
1RECLDM8511F6,"Alsina, Adolfo",501,600,Peatonal,Recoleccion De Contenedores Verdes,120.06,1,1,Monserrat
1RECLDM8511F6,Humberto 1?,501,600,Creciente,Recoleccion De Contenedores Verdes,125.79,1,1,San Telmo
1RECLDM8510F6,"Mitre, Bartolome",1525,1600,Decreciente,Recoleccion De Contenedores Verdes,103.97,1,1,San Nicolas
1RECLDM8510F6,"Mitre, Bartolome",1525,1600,Decreciente,Recoleccion De Contenedores Verdes,103.97,1,1,San Nicolas
1RECLDM8510F6,"Mitre, Bartolome",1525,1600,Decreciente,Recoleccion De Contenedores Verdes,103.97,1,1,San Nicolas
1RECLDM8510F6,"Mitre, Bartolome",1525,1600,Decreciente,Recoleccion De Contenedores Verdes,103.97,1,1,San Nicolas
1RECLDM8510F6,"Mitre, Bartolome",1525,1600,Decreciente,Recoleccion De Contenedores Verdes,103.97,1,1,San Nicolas
1RECLDM8510F6,Humberto 1?,1301,1400,Creciente,Recoleccion De Contenedores Verdes,137.17,1,1,Constitucion
1RECLDM8510F6,Humberto 1?,1301,1400,Creciente,Recoleccion De Contenedores Verdes,137.17,1,1,Constitucion
1RECLDM8510F6,Humberto 1?,1301,1400,Creciente,Recoleccion De Contenedores Verdes,137.17,1,1,Constitucion
1RECLDM8510F6,Humberto 1?,1301,1400,Creciente,Recoleccion De Contenedores Verdes,137.17,1,1,Constitucion
1RECLDM8510F6,Humberto 1?,1301,1400,Creciente,Recoleccion De Contenedores Verdes,137.17,1,1,Constitucion
1RECLDM8511F6,"Alsina, Adolfo",301,400,Decreciente,Recoleccion De Contenedores Verdes,128.49,1,1,Monserrat
1RECLDM8511F6,"Alsina, Adolfo",301,400,Decreciente,Recoleccion De Contenedores Verdes,128.49,1,1,Monserrat
1RECLDM8511F6,"Alsina, Adolfo",301,400,Decreciente,Recoleccion De Contenedores Verdes,128.49,1,1,Monserrat
1RECLDM8511F6,"Alsina, Adolfo",301,400,Decreciente,Recoleccion De Contenedores Verdes,128.49,1,1,Monserrat
1RECLDT8500F6,Arenales,801,900,Decreciente,Recoleccion De Contenedores Verdes,137.03,1,1,Retiro
1RECLDT8500F6,Arenales,1101,1200,Decreciente,Recoleccion De Contenedores Verdes,151.05,1,1,Retiro
1RECLDT8500F6,"Pellegrini, Carlos",1101,1200,Creciente,Recoleccion De Contenedores Verdes,131.86,1,1,Retiro
1RECLDT8500F6,Santa Fe Av.,1201,1300,Doble,Recoleccion De Contenedores Verdes,132.89,1,1,Retiro
1RECLDT8500F6,Paraguay,701,800,Decreciente,Recoleccion De Contenedores Verdes,134.03,1,1,Retiro
1RECLDT8500F6,Paraguay,1201,1300,Decreciente,Recoleccion De Contenedores Verdes,132.99,1,1,Retiro
1RECLDT8500F6,"Sanchez De Thompson, Mariquita",311,400,Creciente,Recoleccion De Contenedores Verdes,71.33,1,1,Puerto Madero
1RECLDT8500F6,25 De Mayo,701,800,Decreciente,Recoleccion De Contenedores Verdes,128.56,1,1,San Nicolas
1RECLDT8500F6,Esmeralda,701,800,Creciente,Recoleccion De Contenedores Verdes,130.06,1,1,San Nicolas
1RECLDT8500F6,Tucuman,801,900,Creciente,Recoleccion De Contenedores Verdes,129.83,1,1,San Nicolas
1RECLDT8500F6,Reconquista,401,500,Peatonal,Recoleccion De Contenedores Verdes,123.35,1,1,San Nicolas
1RECLDT8500F6,Suipacha,401,500,Decreciente,Recoleccion De Contenedores Verdes,125.02,1,1,San Nicolas
1RECLDT8500F6,"Paine, Aime",1001,1200,Decreciente,Recoleccion De Contenedores Verdes,261.17,1,1,Puerto Madero
1RECLDT8500F6,Azopardo,1101,1200,Decreciente,Recoleccion De Contenedores Verdes,110.82,1,1,San Telmo
1RECLDT8501F6,San Juan Av.,401,500,Decreciente,Recoleccion De Contenedores Verdes,134.2,1,1,San Telmo
1RECLDT8501F6,San Juan Av.,601,700,Decreciente,Recoleccion De Contenedores Verdes,135.68,1,1,San Telmo
1RECLDT8501F6,San Juan Av.,1101,1200,Decreciente,Recoleccion De Contenedores Verdes,140.66,1,1,Constitucion
1RECLDT8501F6,Cochabamba,401,500,Creciente,Recoleccion De Contenedores Verdes,134.21,1,1,San Telmo
1RECLDT8501F6,Cochabamba,1601,1700,Decreciente,Recoleccion De Contenedores Verdes,118.73,1,1,Constitucion
1RECLDT8501F6,Cochabamba,1201,1300,Creciente,Recoleccion De Contenedores Verdes,131.86,1,1,Constitucion
1RECLDT8501F6,"Garay, Juan De Av.",401,500,Creciente,Recoleccion De Contenedores Verdes,135.87,1,1,San Telmo
1RECLDT8501F6,"Garay, Juan De Av.",601,700,Creciente,Recoleccion De Contenedores Verdes,132.8,1,1,San Telmo
1RECLDT8501F6,Constitucion,1601,1700,Creciente,Recoleccion De Contenedores Verdes,116.51,1,1,Constitucion
1RECLDT8501F6,Constitucion,1701,1800,Creciente,Recoleccion De Contenedores Verdes,154.41,1,1,Constitucion
1RECLDT8501F6,Brasil,401,500,Decreciente,Recoleccion De Contenedores Verdes,140.48,1,1,San Telmo
1RECLDT8501F6,Pavon,1401,1500,Decreciente,Recoleccion De Contenedores Verdes,133.35,1,1,Constitucion
1RECLDT8501F6,Pavon,1701,1800,Decreciente,Recoleccion De Contenedores Verdes,156.92,1,1,Constitucion
1RECLDT8501F6,"Garay, Juan De Av.",1301,1400,Doble,Recoleccion De Contenedores Verdes,126.33,1,1,Constitucion
1RECLDT8501F6,"Garay, Juan De Av.",1601,1700,Doble,Recoleccion De Contenedores Verdes,104.62,1,1,Constitucion
1RECLDT8501F6,Piedras,1501,1600,Decreciente,Recoleccion De Contenedores Verdes,124.67,1,1,Constitucion
1RECLDT8501F6,Defensa,1601,1700,Decreciente,Recoleccion De Contenedores Verdes,163.98,1,1,San Telmo
1RECLDT8501F6,Entre Rios Av.,1601,1700,Decreciente,Recoleccion De Contenedores Verdes,105.7,1,1,Constitucion
1RECLDT8501F6,Brasil,1401,1500,Decreciente,Recoleccion De Contenedores Verdes,125.37,1,1,Constitucion
1RECLDT8501F6,"Echague, Pedro",1501,1600,Decreciente,Recoleccion De Contenedores Verdes,98.53,1,1,Constitucion
1RECLDT8501F6,15 De Noviembre De 1889,1401,1500,Creciente,Recoleccion De Contenedores Verdes,111.66,1,1,Constitucion
1RECLDT8501F6,15 De Noviembre De 1889,1601,1700,Creciente,Recoleccion De Contenedores Verdes,112.7,1,1,Constitucion
1RECLDT8501F6,Rondeau,1501,1600,Creciente,Recoleccion De Contenedores Verdes,102.29,1,1,Constitucion
1RECLDT8501F6,Brasil,974,1000,Decreciente,Recoleccion De Contenedores Verdes,49.65,1,1,Constitucion
1RECLDT8500F6,Del Libertador Av.,0,500,Doble,Recoleccion De Contenedores Verdes,166.1,1,1,Retiro
1RECLDT8500F6,"Moreau De Justo, Alicia Av.",151,250,Decreciente,Recoleccion De Contenedores Verdes,110.61,1,1,Puerto Madero
1RECLDT8500F6,Manso Juana,301,400,Doble,Recoleccion De Contenedores Verdes,110.96,1,1,Puerto Madero
1RECLDT8500F6,Manso Juana,501,700,Doble,Recoleccion De Contenedores Verdes,177.79,1,1,Puerto Madero
1RECLDT8500F6,Manso Juana,0,1399,Creciente,Recoleccion De Contenedores Verdes,151.47,1,1,Puerto Madero
1RECLDT8500F6,"Moreau De Justo, Alicia Av.",1201,1500,Decreciente,Recoleccion De Contenedores Verdes,146.1,1,1,Puerto Madero
1RECLDT8501F6,Caseros Av.,1501,1600,Doble,Recoleccion De Contenedores Verdes,138.8,1,1,Constitucion
1RECLDT8501F6,Caseros Av.,1901,1950,Doble,Recoleccion De Contenedores Verdes,71.4,1,1,Constitucion
1RECLDT8500F6,"Moreau De Justo, Alicia Av.",851,1050,Decreciente,Recoleccion De Contenedores Verdes,165.77,1,1,Puerto Madero
1RECLDT8501F6,Paseo Colon Av.,0,1100,Decreciente,Recoleccion De Contenedores Verdes,132.29,1,1,San Telmo
1RECLDT8500F6,"Moreau De Justo, Alicia Av.",1851,1900,Decreciente,Recoleccion De Contenedores Verdes,121.2,1,1,Puerto Madero
1RECLDT8500F6,Parera,101,200,Creciente,Recoleccion De Contenedores Verdes,153.18,1,1,Retiro
1RECLDT8500F6,Alvear Av.,1301,1400,Decreciente,Recoleccion De Contenedores Verdes,121.48,1,1,Retiro
1RECLDT8500F6,Esmeralda,1301,1400,Creciente,Recoleccion De Contenedores Verdes,155.4,1,1,Retiro
1RECLDT8500F6,Juncal,1201,1345,Creciente,Recoleccion De Contenedores Verdes,188.68,1,1,Retiro
1RECLDT8500F6,"Pellegrini, Carlos",1301,1400,Creciente,Recoleccion De Contenedores Verdes,137.32,1,1,Retiro
1RECLDT8500F6,Talcahuano,1201,1300,Decreciente,Recoleccion De Contenedores Verdes,211.37,1,1,Retiro
1RECLDT8500F6,Maipu Av.,1101,1200,Decreciente,Recoleccion De Contenedores Verdes,111.13,1,1,Retiro
1RECLDT8500F6,Reconquista,1001,1100,Peatonal,Recoleccion De Contenedores Verdes,130.54,1,1,Retiro
1RECLDT8500F6,Esmeralda,1001,1100,Creciente,Recoleccion De Contenedores Verdes,141.08,1,1,Retiro
1RECLDT8500F6,Cerrito,1001,1100,Decreciente,Recoleccion De Contenedores Verdes,148.72,1,1,Retiro
1RECLDT8500F6,Paraguay,301,400,Decreciente,Recoleccion De Contenedores Verdes,86.97,1,1,Retiro
1RECLDT8500F6,Paraguay,401,500,Decreciente,Recoleccion De Contenedores Verdes,119.45,1,1,Retiro
1RECLDT8500F6,Paraguay,801,900,Decreciente,Recoleccion De Contenedores Verdes,134.94,1,1,Retiro
1RECLDT8500F6,Suipacha,901,1000,Decreciente,Recoleccion De Contenedores Verdes,135.0,1,1,Retiro
1RECLDT8500F6,"Pellegrini, Carlos",901,1000,Creciente,Recoleccion De Contenedores Verdes,128.61,1,1,Retiro
1RECLDT8500F6,Reconquista,701,800,Peatonal,Recoleccion De Contenedores Verdes,129.42,1,1,San Nicolas
1RECLDT8500F6,San Martin,701,800,Creciente,Recoleccion De Contenedores Verdes,129.78,1,1,San Nicolas
1RECLDT8500F6,Viamonte,601,700,Decreciente,Recoleccion De Contenedores Verdes,131.71,1,1,San Nicolas
1RECLDT8500F6,Viamonte,801,900,Decreciente,Recoleccion De Contenedores Verdes,133.73,1,1,San Nicolas
1RECLDT8500F6,Viamonte,901,1000,Decreciente,Recoleccion De Contenedores Verdes,138.21,1,1,San Nicolas
1RECLDT8500F6,"Cossettini, Olga",201,300,Decreciente,Recoleccion De Contenedores Verdes,114.63,1,1,Puerto Madero
1RECLDT8500F6,Republica Bolivariana De Venezuela,1,100,Creciente,Recoleccion De Contenedores Verdes,71.63,1,1,Monserrat
1RECLDT8500F6,Azopardo,401,500,Decreciente,Recoleccion De Contenedores Verdes,137.91,1,1,Monserrat
1RECLDT8500F6,"Eyle, Petrona",401,500,Decreciente,Recoleccion De Contenedores Verdes,78.61,1,1,Puerto Madero
1RECLDT8500F6,Azopardo,801,900,Decreciente,Recoleccion De Contenedores Verdes,141.56,1,1,San Telmo
1RECLDT8500F6,"Calvo, Carlos",101,200,Decreciente,Recoleccion De Contenedores Verdes,121.75,1,1,San Telmo
1RECLDT8501F6,San Juan Av.,501,600,Decreciente,Recoleccion De Contenedores Verdes,125.08,1,1,San Telmo
1RECLDT8501F6,San Juan Av.,701,800,Decreciente,Recoleccion De Contenedores Verdes,142.39,1,1,San Telmo
1RECLDT8501F6,San Juan Av.,901,1000,Decreciente,Recoleccion De Contenedores Verdes,127.06,1,1,Constitucion
1RECLDT8501F6,San Juan Av.,1301,1400,Decreciente,Recoleccion De Contenedores Verdes,131.9,1,1,Constitucion
1RECLDT8501F6,San Juan Av.,1501,1600,Decreciente,Recoleccion De Contenedores Verdes,135.01,1,1,Constitucion
1RECLDT8501F6,San Juan Av.,1701,1800,Decreciente,Recoleccion De Contenedores Verdes,146.9,1,1,Constitucion
1RECLDT8501F6,Cochabamba,601,700,Creciente,Recoleccion De Contenedores Verdes,132.76,1,1,San Telmo
1RECLDT8501F6,Cochabamba,801,900,Creciente,Recoleccion De Contenedores Verdes,138.42,1,1,Constitucion
1RECLDT8500F6,Azopardo,1301,1400,Decreciente,Recoleccion De Contenedores Verdes,148.26,1,1,San Telmo
1RECLDT8501F6,"Garay, Juan De Av.",701,800,Creciente,Recoleccion De Contenedores Verdes,132.02,1,1,San Telmo
1RECLDT8501F6,Brasil,601,700,Decreciente,Recoleccion De Contenedores Verdes,100.28,1,1,San Telmo
1RECLDT8501F6,Pavon,1201,1300,Decreciente,Recoleccion De Contenedores Verdes,136.16,1,1,Constitucion
1RECLDT8501F6,"Irigoyen, Bernardo De",1301,1500,Decreciente,Recoleccion De Contenedores Verdes,271.77,1,1,Constitucion
1RECLDT8501F6,"Cevallos, Virrey",1401,1500,Creciente,Recoleccion De Contenedores Verdes,140.8,1,1,Constitucion
1RECLDT8501F6,"Garay, Juan De Av.",1401,1500,Doble,Recoleccion De Contenedores Verdes,133.05,1,1,Constitucion
1RECLDT8501F6,Brasil,1201,1300,Decreciente,Recoleccion De Contenedores Verdes,143.26,1,1,Constitucion
1RECLDT8501F6,Brasil,1601,1700,Decreciente,Recoleccion De Contenedores Verdes,112.05,1,1,Constitucion
1RECLDT8501F6,"Echague, Pedro",1301,1400,Decreciente,Recoleccion De Contenedores Verdes,128.3,1,1,Constitucion
1RECLDT8501F6,"Echague, Pedro",1701,1800,Decreciente,Recoleccion De Contenedores Verdes,152.38,1,1,Constitucion
1RECLDT8501F6,15 De Noviembre De 1889,1201,1300,Creciente,Recoleccion De Contenedores Verdes,132.82,1,1,Constitucion
1RECLDT8501F6,Rondeau,1701,1800,Creciente,Recoleccion De Contenedores Verdes,149.19,1,1,Constitucion
1RECLDT8500F6,Cordoba Av.,1301,1400,Creciente,Recoleccion De Contenedores Verdes,122.31,1,1,San Nicolas
1RECLDT8500F6,Manso Juana,801,900,Doble,Recoleccion De Contenedores Verdes,175.85,1,1,Puerto Madero
1RECLDT8500F6,"Villaflor, Azucena",0,499,Creciente,Recoleccion De Contenedores Verdes,77.31,1,1,Puerto Madero
1RECLDT8500F6,Manso Juana,0,1699,Creciente,Recoleccion De Contenedores Verdes,142.09,1,1,Puerto Madero
1RECLDT8501F6,Paseo Colon Av.,1101,1200,Doble,Recoleccion De Contenedores Verdes,121.73,1,1,San Telmo
1RECLDT8501F6,Cochabamba,1401,1500,Doble,Recoleccion De Contenedores Verdes,126.64,1,1,Constitucion
1RECLDT8501F6,Paseo Colon Av.,1301,1400,Doble,Recoleccion De Contenedores Verdes,140.74,1,1,San Telmo
1RECLDT8501F6,Paseo Colon Av.,1401,1500,Doble,Recoleccion De Contenedores Verdes,125.18,1,1,San Telmo
1RECLDT8501F6,"Garcia, Martin Av.",301,400,Doble,Recoleccion De Contenedores Verdes,171.1,1,1,San Telmo
1RECLDT8501F6,Paseo Colon Av.,0,1000,Decreciente,Recoleccion De Contenedores Verdes,122.22,1,1,San Telmo
1RECLDT8500F6,"Guemes, Macacha",0,599,Creciente,Recoleccion De Contenedores Verdes,65.64,1,1,Puerto Madero
1RECLDT8500F6,O'gorman Camila,301,400,Doble,Recoleccion De Contenedores Verdes,104.54,1,1,Puerto Madero
1RECLDT8501F6,Caseros Av.,0,499,Creciente,Recoleccion De Contenedores Verdes,145.76,1,1,San Telmo
1RECLDT8501F6,Caseros Av.,0,599,Creciente,Recoleccion De Contenedores Verdes,121.84,1,1,San Telmo
1RECLDT8501F6,Caseros Av.,0,999,Creciente,Recoleccion De Contenedores Verdes,148.19,1,1,Constitucion
1RECLDT8500F6,"Cossettini, Olga",201,300,Decreciente,Recoleccion De Contenedores Verdes,114.63,1,1,Puerto Madero
1RECLDT8500F6,"Cossettini, Olga",201,300,Decreciente,Recoleccion De Contenedores Verdes,114.63,1,1,Puerto Madero
1RECLDT8500F6,"Cossettini, Olga",201,300,Decreciente,Recoleccion De Contenedores Verdes,114.63,1,1,Puerto Madero
1RECLDT8500F6,"Cossettini, Olga",201,300,Decreciente,Recoleccion De Contenedores Verdes,114.63,1,1,Puerto Madero
1RECLDT8500F6,"Cossettini, Olga",201,300,Decreciente,Recoleccion De Contenedores Verdes,114.63,1,1,Puerto Madero
1RECLDT8500F6,"Cossettini, Olga",201,300,Decreciente,Recoleccion De Contenedores Verdes,114.63,1,1,Puerto Madero
1RECLDT8500F6,Manso Juana,801,900,Doble,Recoleccion De Contenedores Verdes,175.85,1,1,Puerto Madero
1RECLDT8500F6,Manso Juana,801,900,Doble,Recoleccion De Contenedores Verdes,175.85,1,1,Puerto Madero
1RECLDT8500F6,Manso Juana,801,900,Doble,Recoleccion De Contenedores Verdes,175.85,1,1,Puerto Madero
1RECLDT8500F6,Manso Juana,801,900,Doble,Recoleccion De Contenedores Verdes,175.85,1,1,Puerto Madero
1RECLDT8500F6,Manso Juana,801,900,Doble,Recoleccion De Contenedores Verdes,175.85,1,1,Puerto Madero
1RECLDT8500F6,Manso Juana,801,900,Doble,Recoleccion De Contenedores Verdes,175.85,1,1,Puerto Madero
1RECLDT8500F6,"Sanchez De Thompson, Mariquita",311,400,Creciente,Recoleccion De Contenedores Verdes,71.33,1,1,Puerto Madero
1RECLDT8500F6,"Sanchez De Thompson, Mariquita",311,400,Creciente,Recoleccion De Contenedores Verdes,71.33,1,1,Puerto Madero
1RECLDT8500F6,"Sanchez De Thompson, Mariquita",311,400,Creciente,Recoleccion De Contenedores Verdes,71.33,1,1,Puerto Madero
1RECLDT8500F6,"Sanchez De Thompson, Mariquita",311,400,Creciente,Recoleccion De Contenedores Verdes,71.33,1,1,Puerto Madero
1RECLDT8500F6,"Sanchez De Thompson, Mariquita",311,400,Creciente,Recoleccion De Contenedores Verdes,71.33,1,1,Puerto Madero
1RECLDT8500F6,Azopardo,801,900,Decreciente,Recoleccion De Contenedores Verdes,141.56,1,1,San Telmo
1RECLDT8500F6,Azopardo,801,900,Decreciente,Recoleccion De Contenedores Verdes,141.56,1,1,San Telmo
1RECLDT8500F6,Azopardo,801,900,Decreciente,Recoleccion De Contenedores Verdes,141.56,1,1,San Telmo
1RECLDT8500F6,Azopardo,801,900,Decreciente,Recoleccion De Contenedores Verdes,141.56,1,1,San Telmo
1RECLDT8500F6,Azopardo,801,900,Decreciente,Recoleccion De Contenedores Verdes,141.56,1,1,San Telmo
1RECLDT8500F6,"Moreau De Justo, Alicia Av.",1201,1500,Decreciente,Recoleccion De Contenedores Verdes,146.1,1,1,Puerto Madero
1RECLDT8500F6,"Moreau De Justo, Alicia Av.",1201,1500,Decreciente,Recoleccion De Contenedores Verdes,146.1,1,1,Puerto Madero
1RECLDT8500F6,"Moreau De Justo, Alicia Av.",1201,1500,Decreciente,Recoleccion De Contenedores Verdes,146.1,1,1,Puerto Madero
1RECLDT8500F6,"Moreau De Justo, Alicia Av.",1201,1500,Decreciente,Recoleccion De Contenedores Verdes,146.1,1,1,Puerto Madero
1RECLDT8501F6,Paseo Colon Av.,0,1000,Decreciente,Recoleccion De Contenedores Verdes,122.22,1,1,San Telmo
1RECLDT8501F6,Paseo Colon Av.,0,1000,Decreciente,Recoleccion De Contenedores Verdes,122.22,1,1,San Telmo
1RECLDT8501F6,Paseo Colon Av.,0,1000,Decreciente,Recoleccion De Contenedores Verdes,122.22,1,1,San Telmo
1RECLDT8501F6,Paseo Colon Av.,0,1000,Decreciente,Recoleccion De Contenedores Verdes,122.22,1,1,San Telmo
1RECLDT8501F6,Paseo Colon Av.,0,1000,Decreciente,Recoleccion De Contenedores Verdes,122.22,1,1,San Telmo
1RECLDT8501F6,Paseo Colon Av.,1101,1200,Doble,Recoleccion De Contenedores Verdes,121.73,1,1,San Telmo
1RECLDT8501F6,Paseo Colon Av.,1101,1200,Doble,Recoleccion De Contenedores Verdes,121.73,1,1,San Telmo
1RECLDT8501F6,Paseo Colon Av.,1101,1200,Doble,Recoleccion De Contenedores Verdes,121.73,1,1,San Telmo
1RECLDT8501F6,Paseo Colon Av.,1101,1200,Doble,Recoleccion De Contenedores Verdes,121.73,1,1,San Telmo
1RECLDT8501F6,Paseo Colon Av.,0,1100,Decreciente,Recoleccion De Contenedores Verdes,132.29,1,1,San Telmo
1RECLDT8501F6,Paseo Colon Av.,0,1100,Decreciente,Recoleccion De Contenedores Verdes,132.29,1,1,San Telmo
2RECLDT8405F6,Monroe,2501,2600,Creciente,Recoleccion De Contenedores Verdes,100.7,2,13,Belgrano
2RECLDT8405F6,Monroe,2701,2800,Creciente,Recoleccion De Contenedores Verdes,100.83,2,13,Belgrano
2RECLDT8405F6,Monroe,2901,3000,Creciente,Recoleccion De Contenedores Verdes,110.09,2,13,Belgrano
2RECLDT8405F6,Elcano Av.,2901,3000,Decreciente,Recoleccion De Contenedores Verdes,63.31,2,13,Colegiales
2RECLDT8405F6,Cramer,801,900,Decreciente,Recoleccion De Contenedores Verdes,94.93,2,13,Colegiales
2RECLDT8405F6,Elcano Av.,3151,3200,Decreciente,Recoleccion De Contenedores Verdes,78.51,2,13,Colegiales
2RECLDT8404F6,Godoy Cruz,3201,3300,Creciente,Recoleccion De Contenedores Verdes,154.91,2,14,Palermo
2RECLDT8404F6,Sinclair,3001,3100,Decreciente,Recoleccion De Contenedores Verdes,134.8,2,14,Palermo
2RECLDT8405F6,Zapiola,801,900,Decreciente,Recoleccion De Contenedores Verdes,96.54,2,13,Colegiales
2RECLDT8405F6,Elcano Av.,0,3400,Decreciente,Recoleccion De Contenedores Verdes,69.64,2,13,Colegiales
2RECLDT8405F6,Palpa,3001,3100,Decreciente,Recoleccion De Contenedores Verdes,118.69,2,13,Colegiales
2RECLDT8404F6,Del Libertador Av.,3101,3200,Decreciente,Recoleccion De Contenedores Verdes,147.44,2,14,Palermo
2RECLDT8404F6,San Martin De Tours,3101,3200,Decreciente,Recoleccion De Contenedores Verdes,175.74,2,14,Palermo
2RECLDT8404F6,Gelly,3401,3500,Creciente,Recoleccion De Contenedores Verdes,117.98,2,14,Palermo
2RECLDT8405F6,Conesa,301,400,Creciente,Recoleccion De Contenedores Verdes,122.97,2,13,Colegiales
2RECLDT8405F6,Zapiola,401,500,Decreciente,Recoleccion De Contenedores Verdes,95.56,2,13,Colegiales
2RECLDT8405F6,Conde,801,900,Decreciente,Recoleccion De Contenedores Verdes,97.43,2,13,Colegiales
2RECLDT8405F6,Dorrego,2201,2300,Decreciente,Recoleccion De Contenedores Verdes,125.54,2,14,Palermo
2RECLDT8405F6,Arevalo,2101,2200,Creciente,Recoleccion De Contenedores Verdes,83.95,2,14,Palermo
2RECLDT8405F6,"Freire, Ramon, Cap. Gral.",501,600,Creciente,Recoleccion De Contenedores Verdes,76.16,2,13,Colegiales
2RECLDT8405F6,"Arenal, Concepcion",2701,2800,Decreciente,Recoleccion De Contenedores Verdes,146.54,2,14,Palermo
2RECLDT8404F6,Republica Arabe Siria,3301,3400,Creciente,Recoleccion De Contenedores Verdes,146.09,2,14,Palermo
2RECLDT8404F6,Del Libertador Av.,2701,2800,Decreciente,Recoleccion De Contenedores Verdes,73.86,2,14,Palermo
2RECLDT8404F6,"Figueroa Alcorta, Pres. Av.",3301,3400,Creciente,Recoleccion De Contenedores Verdes,99.28,2,14,Palermo
2RECLDT8405F6,Elcano Av.,3501,3600,Decreciente,Recoleccion De Contenedores Verdes,161.21,2,13,Colegiales
2RECLDT8405F6,Nicaragua,6001,6100,Decreciente,Recoleccion De Contenedores Verdes,146.86,2,14,Palermo
2RECLDT8404F6,"Tedin, Juez",2741,2800,Decreciente,Recoleccion De Contenedores Verdes,77.12,2,14,Palermo
2RECLDT8405F6,Guatemala,5801,5900,Decreciente,Recoleccion De Contenedores Verdes,129.33,2,14,Palermo
2RECLDT8404F6,"Segui, Juan Francisco",3601,3700,Creciente,Recoleccion De Contenedores Verdes,139.43,2,14,Palermo
2RECLDT8404F6,Del Libertador Av.,2501,2600,Decreciente,Recoleccion De Contenedores Verdes,75.84,2,14,Palermo
2RECLDT8404F6,Ortiz De Ocampo Av.,2867,2882,Creciente,Recoleccion De Contenedores Verdes,59.26,2,14,Palermo
2RECLDT8405F6,Soler,5801,5900,Creciente,Recoleccion De Contenedores Verdes,129.37,2,14,Palermo
2RECLDT8404F6,Santa Fe Av.,0,4500,Decreciente,Recoleccion De Contenedores Verdes,96.49,2,14,Palermo
2RECLDT8404F6,Cabello,3801,3900,Decreciente,Recoleccion De Contenedores Verdes,84.76,2,14,Palermo
2RECLDT8405F6,Arevalo,1801,1900,Creciente,Recoleccion De Contenedores Verdes,86.89,2,14,Palermo
2RECLDT8405F6,"Carranza, Angel Justiniano",2001,2100,Decreciente,Recoleccion De Contenedores Verdes,122.65,2,14,Palermo
2RECLDT8405F6,Fitz Roy,2201,2300,Decreciente,Recoleccion De Contenedores Verdes,137.16,2,14,Palermo
2RECLDT8404F6,Tagle,2801,2900,Decreciente,Recoleccion De Contenedores Verdes,187.66,2,2,Palermo
2RECLDT8405F6,Honduras,6051,6100,Creciente,Recoleccion De Contenedores Verdes,83.8,2,14,Palermo
2RECLDT8405F6,"Carranza, Angel Justiniano",1951,2000,Decreciente,Recoleccion De Contenedores Verdes,81.69,2,14,Palermo
2RECLDT8405F6,"Dumont, Santos",3201,3300,Creciente,Recoleccion De Contenedores Verdes,94.21,2,13,Colegiales
2RECLDT8404F6,Santa Fe Av.,0,4300,Decreciente,Recoleccion De Contenedores Verdes,103.97,2,14,Palermo
2RECLDT8404F6,Cabello,3301,3400,Decreciente,Recoleccion De Contenedores Verdes,96.08,2,14,Palermo
2RECLDT8405F6,"Carranza, Angel Justiniano",1801,1900,Decreciente,Recoleccion De Contenedores Verdes,94.59,2,14,Palermo
2RECLDT8404F6,Santa Fe Av.,4101,4200,Decreciente,Recoleccion De Contenedores Verdes,117.53,2,14,Palermo
2RECLDT8404F6,Del Libertador Av.,2001,2100,Decreciente,Recoleccion De Contenedores Verdes,81.95,2,14,Palermo
2RECLDT8404F6,Bulnes,2601,2700,Creciente,Recoleccion De Contenedores Verdes,99.25,2,14,Palermo
2RECLDT8405F6,Honduras,5801,5900,Creciente,Recoleccion De Contenedores Verdes,129.56,2,14,Palermo
2RECLDT8405F6,"Cabrera, Jose A.",6001,6100,Creciente,Recoleccion De Contenedores Verdes,136.19,2,14,Palermo
2RECLDT8405F6,Fitz Roy,1901,2000,Decreciente,Recoleccion De Contenedores Verdes,154.56,2,14,Palermo
2RECLDT8405F6,"Ravignani, Emilio, Dr.",1501,1600,Creciente,Recoleccion De Contenedores Verdes,125.56,2,14,Palermo
2RECLDT8404F6,"Diaz, Cnel. Av.",2501,2600,Decreciente,Recoleccion De Contenedores Verdes,135.44,2,14,Palermo
2RECLDT8404F6,Santa Fe Av.,3901,4000,Doble,Recoleccion De Contenedores Verdes,214.21,2,14,Palermo
2RECLDT8405F6,"Vega, Niceto, Cnel. Av.",6001,6100,Decreciente,Recoleccion De Contenedores Verdes,94.95,2,14,Palermo
2RECLDT8404F6,Austria,2601,2700,Creciente,Recoleccion De Contenedores Verdes,219.89,2,2,Recoleta
2RECLDT8405F6,"Ravignani, Emilio, Dr.",1401,1500,Creciente,Recoleccion De Contenedores Verdes,168.27,2,14,Palermo
2RECLDT8405F6,"Vega, Niceto, Cnel. Av.",5801,5900,Decreciente,Recoleccion De Contenedores Verdes,128.65,2,14,Palermo
2RECLDT8405F6,"Cabrera, Jose A.",5601,5700,Creciente,Recoleccion De Contenedores Verdes,130.36,2,14,Palermo
2RECLDT8404F6,Sanchez De Bustamante,2301,2400,Decreciente,Recoleccion De Contenedores Verdes,129.27,2,2,Recoleta
2RECLDT8404F6,Posadas,1501,1600,Creciente,Recoleccion De Contenedores Verdes,142.2,2,2,Recoleta
2RECLDT8404F6,Azcuenaga,1901,2000,Decreciente,Recoleccion De Contenedores Verdes,124.4,2,2,Recoleta
2RECLDT8404F6,"Gutierrez, Juan Maria",2501,2600,Creciente,Recoleccion De Contenedores Verdes,131.75,2,2,Recoleta
2RECLDT8404F6,Cerviño Av.,0,3799,Creciente,Recoleccion De Contenedores Verdes,118.1,2,14,Palermo
2RECLDT8405F6,Cramer Av.,2301,2400,Doble,Recoleccion De Contenedores Verdes,127.85,2,13,Belgrano
2RECLDT8405F6,Cramer Av.,2001,2100,Doble,Recoleccion De Contenedores Verdes,128.15,2,13,Belgrano
2RECLDT8404F6,Del Libertador Av.,3701,3800,Doble,Recoleccion De Contenedores Verdes,124.72,2,14,Palermo
2RECLDT8404F6,"Kennedy, John Fitzgerald",2801,2900,Doble,Recoleccion De Contenedores Verdes,103.9,2,14,Palermo
2RECLDT8404F6,Ortiz De Ocampo Av.,2901,3100,Creciente,Recoleccion De Contenedores Verdes,124.18,2,14,Palermo
2RECLDT8404F6,Beruti,4501,4600,Doble,Recoleccion De Contenedores Verdes,106.33,2,14,Palermo
2RECLDT8404F6,Santa Fe Av.,4601,4700,Doble,Recoleccion De Contenedores Verdes,130.47,2,14,Palermo
2RECLDT8405F6,Alvarez Thomas Av.,601,700,Doble,Recoleccion De Contenedores Verdes,105.33,2,13,Colegiales
2RECLDT8404F6,"Estrada, Juez",2701,2750,Decreciente,Recoleccion De Contenedores Verdes,100.3,2,14,Palermo
2RECLDT8404F6,Las Heras General Av.,4001,4100,Doble,Recoleccion De Contenedores Verdes,158.41,2,14,Palermo
2RECLDT8404F6,Las Heras General Av.,2251,2300,Doble,Recoleccion De Contenedores Verdes,89.41,2,2,Recoleta
2RECLDT8404F6,Las Heras General Av.,2201,2250,Doble,Recoleccion De Contenedores Verdes,84.36,2,2,Recoleta
2RECLDT8405F6,Conesa,901,980,Creciente,Recoleccion De Contenedores Verdes,110.8,2,13,Colegiales
2RECLDT8404F6,"Segui, Juan Francisco",4581,4600,Decreciente,Recoleccion De Contenedores Verdes,45.79,2,14,Palermo
2RECLDT8405F6,Cespedes,2901,3000,Decreciente,Recoleccion De Contenedores Verdes,130.73,2,13,Colegiales
2RECLDT8404F6,Fray Justo Santamaria De Oro,3001,3100,Decreciente,Recoleccion De Contenedores Verdes,153.28,2,14,Palermo
2RECLDT8405F6,Cramer,501,600,Decreciente,Recoleccion De Contenedores Verdes,118.45,2,13,Colegiales
2RECLDT8405F6,Conesa,701,800,Creciente,Recoleccion De Contenedores Verdes,124.61,2,13,Colegiales
2RECLDT8405F6,Cespedes,3001,3100,Decreciente,Recoleccion De Contenedores Verdes,144.63,2,13,Colegiales
2RECLDT8405F6,Conesa,501,600,Creciente,Recoleccion De Contenedores Verdes,88.04,2,13,Colegiales
2RECLDT8404F6,Fray Justo Santamaria De Oro,2801,2900,Decreciente,Recoleccion De Contenedores Verdes,116.63,2,14,Palermo
2RECLDT8404F6,"Scalabrini Ortiz, Raul",3501,3600,Decreciente,Recoleccion De Contenedores Verdes,80.42,2,14,Palermo
2RECLDT8405F6,Zapiola,501,600,Decreciente,Recoleccion De Contenedores Verdes,76.87,2,13,Colegiales
2RECLDT8404F6,Godoy Cruz,2901,3000,Creciente,Recoleccion De Contenedores Verdes,181.98,2,14,Palermo
2RECLDT8404F6,Del Libertador Av.,3001,3100,Decreciente,Recoleccion De Contenedores Verdes,84.37,2,14,Palermo
2RECLDT8404F6,Republica De La India,3101,3200,Creciente,Recoleccion De Contenedores Verdes,157.48,2,14,Palermo
2RECLDT8404F6,Del Libertador Av.,2901,3000,Decreciente,Recoleccion De Contenedores Verdes,102.46,2,14,Palermo
2RECLDT8404F6,Fray Justo Santamaria De Oro,2701,2800,Decreciente,Recoleccion De Contenedores Verdes,205.02,2,14,Palermo
2RECLDT8404F6,Del Libertador Av.,2801,2899,Decreciente,Recoleccion De Contenedores Verdes,129.84,2,14,Palermo
2RECLDT8405F6,"Martinez, Enrique, Gral.",801,900,Creciente,Recoleccion De Contenedores Verdes,181.55,2,13,Colegiales
2RECLDT8404F6,Republica De La India,3001,3100,Creciente,Recoleccion De Contenedores Verdes,144.04,2,14,Palermo
2RECLDT8405F6,Conde,601,700,Decreciente,Recoleccion De Contenedores Verdes,91.26,2,13,Colegiales
2RECLDT8405F6,Soler,5901,6000,Creciente,Recoleccion De Contenedores Verdes,129.53,2,14,Palermo
2RECLDT8404F6,Castex,3301,3400,Decreciente,Recoleccion De Contenedores Verdes,153.6,2,14,Palermo
2RECLDT8405F6,"Freire, Ramon, Cap. Gral.",301,400,Creciente,Recoleccion De Contenedores Verdes,96.03,2,13,Colegiales
2RECLDT8405F6,Palpa,3301,3400,Decreciente,Recoleccion De Contenedores Verdes,117.54,2,13,Colegiales
2RECLDT8405F6,"Martinez, Enrique, Gral.",601,700,Creciente,Recoleccion De Contenedores Verdes,117.35,2,13,Colegiales
2RECLDT8404F6,Santa Fe Av.,0,4599,Creciente,Recoleccion De Contenedores Verdes,107.73,2,14,Palermo
2RECLDT8405F6,Conde,401,500,Decreciente,Recoleccion De Contenedores Verdes,104.11,2,13,Colegiales
2RECLDT8405F6,Costa Rica,6001,6100,Decreciente,Recoleccion De Contenedores Verdes,151.43,2,14,Palermo
2RECLDT8404F6,Obarrio Manuel,2901,3000,Creciente,Recoleccion De Contenedores Verdes,141.14,2,14,Palermo
2RECLDT8404F6,Del Libertador Av.,2441,2500,Decreciente,Recoleccion De Contenedores Verdes,63.28,2,14,Palermo
2RECLDT8405F6,"Martinez, Enrique, Gral.",401,500,Creciente,Recoleccion De Contenedores Verdes,68.01,2,13,Colegiales
2RECLDT8405F6,"Ravignani, Emilio, Dr.",1951,2000,Creciente,Recoleccion De Contenedores Verdes,86.0,2,14,Palermo
2RECLDT8405F6,Dorrego,1901,2000,Decreciente,Recoleccion De Contenedores Verdes,139.55,2,13,Colegiales
2RECLDT8405F6,Soler,5701,5800,Creciente,Recoleccion De Contenedores Verdes,129.08,2,14,Palermo
2RECLDT8405F6,"Martinez, Enrique, Gral.",301,400,Creciente,Recoleccion De Contenedores Verdes,104.95,2,13,Colegiales
2RECLDT8405F6,Delgado,501,600,Decreciente,Recoleccion De Contenedores Verdes,94.97,2,13,Colegiales
2RECLDT8404F6,"Diaz, Cnel. Av.",2801,2859,Decreciente,Recoleccion De Contenedores Verdes,95.15,2,14,Palermo
2RECLDT8404F6,Del Libertador Av.,2301,2400,Decreciente,Recoleccion De Contenedores Verdes,112.12,2,14,Palermo
2RECLDT8404F6,"Gutierrez, Juan Maria",3901,4000,Creciente,Recoleccion De Contenedores Verdes,146.69,2,14,Palermo
2RECLDT8404F6,"Figueroa Alcorta, Pres. Av.",3001,3100,Creciente,Recoleccion De Contenedores Verdes,225.76,2,14,Palermo
2RECLDT8404F6,"Ruggieri, Silvio L.",2901,3100,Decreciente,Recoleccion De Contenedores Verdes,203.03,2,14,Palermo
2RECLDT8405F6,Nicaragua,5701,5800,Decreciente,Recoleccion De Contenedores Verdes,129.03,2,14,Palermo
2RECLDT8405F6,El Salvador,5901,6000,Creciente,Recoleccion De Contenedores Verdes,129.52,2,14,Palermo
2RECLDT8404F6,"Castilla, Ramon, Mariscal",0,2850,Decreciente,Recoleccion De Contenedores Verdes,86.72,2,14,Palermo
2RECLDT8405F6,Costa Rica,5801,5900,Decreciente,Recoleccion De Contenedores Verdes,129.51,2,14,Palermo
2RECLDT8404F6,Del Libertador Av.,2201,2300,Decreciente,Recoleccion De Contenedores Verdes,124.21,2,14,Palermo
2RECLDT8404F6,Cabello,3401,3500,Decreciente,Recoleccion De Contenedores Verdes,78.48,2,14,Palermo
2RECLDT8405F6,Dorrego,1701,1800,Decreciente,Recoleccion De Contenedores Verdes,127.42,2,13,Colegiales
2RECLDT8404F6,Santa Fe Av.,4001,4100,Doble,Recoleccion De Contenedores Verdes,83.59,2,14,Palermo
2RECLDT8404F6,"Couture, Eduardo J.",0,0,Creciente,Recoleccion De Contenedores Verdes,152.86,2,2,Recoleta
2RECLDT8405F6,Gorriti,5901,6000,Decreciente,Recoleccion De Contenedores Verdes,129.52,2,14,Palermo
2RECLDT8405F6,Alvarez Thomas Av.,101,200,Decreciente,Recoleccion De Contenedores Verdes,134.92,2,13,Colegiales
2RECLDT8405F6,Costa Rica,5601,5700,Decreciente,Recoleccion De Contenedores Verdes,129.91,2,14,Palermo
2RECLDT8405F6,El Salvador,5601,5700,Creciente,Recoleccion De Contenedores Verdes,130.07,2,14,Palermo
2RECLDT8404F6,Sanchez De Bustamante,2601,2700,Decreciente,Recoleccion De Contenedores Verdes,160.62,2,14,Palermo
2RECLDT8405F6,Gorriti,5701,5800,Decreciente,Recoleccion De Contenedores Verdes,128.88,2,14,Palermo
2RECLDT8405F6,Honduras,5601,5700,Creciente,Recoleccion De Contenedores Verdes,130.11,2,14,Palermo
2RECLDT8404F6,Santa Fe Av.,3801,3900,Doble,Recoleccion De Contenedores Verdes,136.35,2,14,Palermo
2RECLDT8405F6,Cordoba Av.,5901,6000,Creciente,Recoleccion De Contenedores Verdes,130.31,2,14,Palermo
2RECLDT8405F6,Bonpland,1301,1400,Creciente,Recoleccion De Contenedores Verdes,127.83,2,14,Palermo
2RECLDT8404F6,Ayacucho,2101,2200,Decreciente,Recoleccion De Contenedores Verdes,130.1,2,2,Recoleta
2RECLDT8404F6,Ayacucho,2001,2100,Decreciente,Recoleccion De Contenedores Verdes,121.92,2,2,Recoleta
2RECLDT8404F6,Posadas,1401,1500,Creciente,Recoleccion De Contenedores Verdes,110.93,2,2,Recoleta
2RECLDT8404F6,Callao Av.,1901,2000,Creciente,Recoleccion De Contenedores Verdes,130.64,2,2,Recoleta
2RECLDT8404F6,"Quintana, Manuel, Pres. Av.",401,500,Creciente,Recoleccion De Contenedores Verdes,127.84,2,2,Recoleta
2RECLDT8404F6,Del Libertador Av.,2101,2200,Decreciente,Recoleccion De Contenedores Verdes,120.17,2,14,Palermo
2RECLDT8405F6,Cramer Av.,2101,2200,Doble,Recoleccion De Contenedores Verdes,130.4,2,13,Belgrano
2RECLDT8405F6,Cramer Av.,1901,2000,Doble,Recoleccion De Contenedores Verdes,129.72,2,13,Belgrano
2RECLDT8405F6,Cramer Av.,1701,1800,Doble,Recoleccion De Contenedores Verdes,198.52,2,13,Belgrano
2RECLDT8404F6,Del Libertador Av.,3801,3900,Doble,Recoleccion De Contenedores Verdes,155.75,2,14,Palermo
2RECLDT8404F6,"Kennedy, John Fitzgerald",2901,3000,Doble,Recoleccion De Contenedores Verdes,104.44,2,14,Palermo
2RECLDT8405F6,Maure,2801,2900,Creciente,Recoleccion De Contenedores Verdes,130.38,2,13,Colegiales
2RECLDT8404F6,Juncal,4673,4700,Doble,Recoleccion De Contenedores Verdes,57.45,2,14,Palermo
2RECLDT8404F6,"Castilla, Ramon, Mariscal",3001,3056,Doble,Recoleccion De Contenedores Verdes,89.24,2,14,Palermo
2RECLDT8405F6,Alvarez Thomas Av.,801,900,Doble,Recoleccion De Contenedores Verdes,130.56,2,13,Colegiales
2RECLDT8405F6,Alvarez Thomas Av.,301,390,Doble,Recoleccion De Contenedores Verdes,75.96,2,13,Colegiales
2RECLDT8404F6,Las Heras General Av.,2601,2700,Doble,Recoleccion De Contenedores Verdes,83.28,2,2,Recoleta
2RECLDT8404F6,"Agote, Luis Dr.",2401,2500,Doble,Recoleccion De Contenedores Verdes,173.47,2,2,Recoleta
2RECLDT8404F6,Cerviño Av.,0,3999,Creciente,Recoleccion De Contenedores Verdes,146.9,2,14,Palermo
2RECLDT8409F3,Vedia,2301,2400,Decreciente,Recoleccion De Contenedores Verdes,131.17,2,13,Nuñez
2RECLDT8409F3,"Paz, Gral. Av.",0,1000,Decreciente,Recoleccion De Contenedores Verdes,100.95,2,13,Nuñez
2RECLDT8409F3,Correa,1701,1800,Doble,Recoleccion De Contenedores Verdes,101.03,2,13,Nuñez
2RECLDT8409F3,Deheza,2201,2300,Decreciente,Recoleccion De Contenedores Verdes,101.01,2,13,Nuñez
2RECLDT8409F3,Vuelta De Obligado,4601,4700,Creciente,Recoleccion De Contenedores Verdes,99.98,2,13,Nuñez
2RECLDT8409F3,Arcos,4401,4500,Creciente,Recoleccion De Contenedores Verdes,95.45,2,13,Nuñez
2RECLDT8409F3,3 De Febrero,4201,4300,Creciente,Recoleccion De Contenedores Verdes,101.08,2,13,Nuñez
2RECLDT8409F3,Cuba,4301,4400,Decreciente,Recoleccion De Contenedores Verdes,101.65,2,13,Nuñez
2RECLDT8409F3,3 De Febrero,4001,4050,Creciente,Recoleccion De Contenedores Verdes,51.08,2,13,Nuñez
2RECLDT8409F3,Cuba,4201,4300,Decreciente,Recoleccion De Contenedores Verdes,101.07,2,13,Nuñez
2RECLDT8409F3,Besares,2001,2100,Creciente,Recoleccion De Contenedores Verdes,101.05,2,13,Nuñez
2RECLDT8409F3,3 De Febrero,3901,3950,Creciente,Recoleccion De Contenedores Verdes,33.0,2,13,Nuñez
2RECLDT8409F3,Vuelta De Obligado,4201,4300,Creciente,Recoleccion De Contenedores Verdes,101.09,2,13,Nuñez
2RECLDT8409F3,Manzanares,1605,1700,Creciente,Recoleccion De Contenedores Verdes,100.59,2,13,Nuñez
2RECLDT8409F3,Arribeños,3701,3800,Creciente,Recoleccion De Contenedores Verdes,91.77,2,13,Nuñez
2RECLDT8409F3,Vuelta De Obligado,4101,4200,Creciente,Recoleccion De Contenedores Verdes,91.91,2,13,Nuñez
2RECLDT8409F3,Vuelta De Obligado,4001,4100,Creciente,Recoleccion De Contenedores Verdes,101.48,2,13,Nuñez
2RECLDT8409F3,Manzanares,2001,2100,Decreciente,Recoleccion De Contenedores Verdes,102.4,2,13,Nuñez
2RECLDT8409F3,Nuñez,1601,1700,Decreciente,Recoleccion De Contenedores Verdes,102.29,2,13,Nuñez
2RECLDT8409F3,Grecia,3601,3700,Creciente,Recoleccion De Contenedores Verdes,111.82,2,13,Nuñez
2RECLDT8409F3,Vuelta De Obligado,3801,3900,Creciente,Recoleccion De Contenedores Verdes,92.33,2,13,Nuñez
2RECLDT8409F3,Nuñez,1701,1800,Decreciente,Recoleccion De Contenedores Verdes,100.27,2,13,Nuñez
2RECLDT8409F3,"Pedraza, Manuela",1501,1600,Decreciente,Recoleccion De Contenedores Verdes,157.65,2,13,Nuñez
2RECLDT8409F3,Arribeños,3301,3400,Creciente,Recoleccion De Contenedores Verdes,101.98,2,13,Nuñez
2RECLDT8409F3,Campos Salles,1501,1600,Creciente,Recoleccion De Contenedores Verdes,81.45,2,13,Nuñez
2RECLDT8409F3,"Larralde, Crisologo Av.",2101,2200,Creciente,Recoleccion De Contenedores Verdes,100.63,2,13,Nuñez
2RECLDT8408F3,"Bavio, Ernesto A.",2801,2900,Decreciente,Recoleccion De Contenedores Verdes,70.23,2,13,Belgrano
2RECLDT8409F3,Grecia,3398,3516,Creciente,Recoleccion De Contenedores Verdes,100.7,2,13,Nuñez
2RECLDT8409F3,Arribeños,3201,3300,Creciente,Recoleccion De Contenedores Verdes,99.25,2,13,Nuñez
2RECLDT8408F3,Guayra,1501,1600,Decreciente,Recoleccion De Contenedores Verdes,104.51,2,13,Nuñez
2RECLDT8408F3,"Plaza, Victorino De La, Dr.",1701,1800,Decreciente,Recoleccion De Contenedores Verdes,129.26,2,13,Belgrano
2RECLDT8409F3,Nuñez,2101,2200,Decreciente,Recoleccion De Contenedores Verdes,100.73,2,13,Nuñez
2RECLDT8409F3,Campos Salles,1801,1900,Creciente,Recoleccion De Contenedores Verdes,99.76,2,13,Nuñez
2RECLDT8409F3,3 De Febrero,3201,3300,Creciente,Recoleccion De Contenedores Verdes,99.73,2,13,Nuñez
2RECLDT8408F3,"Hernandez, Rafael",2972,3049,Decreciente,Recoleccion De Contenedores Verdes,46.48,2,13,Belgrano
2RECLDT8409F3,Grecia,3201,3300,Creciente,Recoleccion De Contenedores Verdes,100.16,2,13,Nuñez
2RECLDT8408F3,Guayra,1801,1900,Decreciente,Recoleccion De Contenedores Verdes,99.61,2,13,Nuñez
2RECLDT8409F3,Vuelta De Obligado,3401,3500,Creciente,Recoleccion De Contenedores Verdes,100.92,2,13,Nuñez
2RECLDT8407F3,"Larralde, Crisologo Av.",2501,2600,Creciente,Recoleccion De Contenedores Verdes,94.29,2,13,Nuñez
2RECLDT8409F3,Cuba,3301,3400,Decreciente,Recoleccion De Contenedores Verdes,101.07,2,13,Nuñez
2RECLDT8408F3,3 De Febrero,3001,3100,Creciente,Recoleccion De Contenedores Verdes,93.97,2,13,Nuñez
2RECLDT8408F3,"Plaza, Victorino De La, Dr.",1201,1250,Decreciente,Recoleccion De Contenedores Verdes,51.78,2,13,Belgrano
2RECLDT8408F3,Congreso,1501,1600,Decreciente,Recoleccion De Contenedores Verdes,137.7,2,13,Belgrano
2RECLDT8408F3,Quesada,1701,1800,Decreciente,Recoleccion De Contenedores Verdes,101.11,2,13,Nuñez
2RECLDT8408F3,Cazadores,2401,2500,Decreciente,Recoleccion De Contenedores Verdes,128.66,2,13,Belgrano
2RECLDT8408F3,"Sourigues, Carlos, Cnel.",2501,2600,Decreciente,Recoleccion De Contenedores Verdes,91.65,2,13,Belgrano
2RECLDT8407F3,"Larralde, Crisologo Av.",2901,3000,Creciente,Recoleccion De Contenedores Verdes,95.9,2,13,Nuñez
2RECLDT8407F3,Amenabar,3401,3500,Creciente,Recoleccion De Contenedores Verdes,105.41,2,13,Nuñez
2RECLDT8408F3,Monroe,1301,1400,Creciente,Recoleccion De Contenedores Verdes,125.84,2,13,Belgrano
2RECLDT8408F3,Congreso,1701,1800,Decreciente,Recoleccion De Contenedores Verdes,111.84,2,13,Belgrano
2RECLDT8408F3,11 De Septiembre De 1888,2801,2900,Decreciente,Recoleccion De Contenedores Verdes,142.98,2,13,Nuñez
2RECLDT8408F3,Castañeda,2001,2100,Decreciente,Recoleccion De Contenedores Verdes,129.56,2,13,Belgrano
2RECLDT8408F3,Castañeda,1901,2000,Decreciente,Recoleccion De Contenedores Verdes,128.43,2,13,Belgrano
2RECLDT8408F3,Roosevelt Franklin D.,1601,1700,Decreciente,Recoleccion De Contenedores Verdes,129.47,2,13,Belgrano
2RECLDT8408F3,Arribeños,2601,2700,Creciente,Recoleccion De Contenedores Verdes,115.09,2,13,Belgrano
2RECLDT8407F3,Nuñez,3001,3100,Decreciente,Recoleccion De Contenedores Verdes,95.13,2,13,Nuñez
2RECLDT8407F3,"Pedraza, Manuela",2701,2800,Decreciente,Recoleccion De Contenedores Verdes,95.14,2,13,Nuñez
2RECLDT8407F3,Azurduy Juana,2901,3000,Creciente,Recoleccion De Contenedores Verdes,95.34,2,13,Nuñez
2RECLDT8407F3,Amenabar,3201,3300,Creciente,Recoleccion De Contenedores Verdes,154.26,2,13,Nuñez
2RECLDT8408F3,Cazadores,2101,2200,Decreciente,Recoleccion De Contenedores Verdes,130.75,2,13,Belgrano
2RECLDT8408F3,Roosevelt Franklin D.,1701,1800,Decreciente,Recoleccion De Contenedores Verdes,116.04,2,13,Belgrano
2RECLDT8407F3,"Pedraza, Manuela",2901,3000,Decreciente,Recoleccion De Contenedores Verdes,96.37,2,13,Nuñez
2RECLDT8408F3,"Sucre, Antonio Jose De, Mcal.",801,900,Creciente,Recoleccion De Contenedores Verdes,127.23,2,13,Belgrano
2RECLDT8408F3,Artilleros,2101,2200,Creciente,Recoleccion De Contenedores Verdes,130.94,2,13,Belgrano
2RECLDT8407F3,Ibera,2601,2700,Creciente,Recoleccion De Contenedores Verdes,81.12,2,13,Nuñez
2RECLDT8408F3,Echeverria,1001,1100,Decreciente,Recoleccion De Contenedores Verdes,125.97,2,13,Belgrano
2RECLDT8408F3,Mendoza,1301,1400,Decreciente,Recoleccion De Contenedores Verdes,125.95,2,13,Belgrano
2RECLDT8407F3,"Tamborini, Jose Pascual",2801,2900,Creciente,Recoleccion De Contenedores Verdes,98.13,2,13,Nuñez
2RECLDT8408F3,Monroe,1801,1860,Creciente,Recoleccion De Contenedores Verdes,54.64,2,13,Belgrano
2RECLDT8408F3,Husares,1901,2000,Creciente,Recoleccion De Contenedores Verdes,131.73,2,13,Belgrano
2RECLDT8407F3,Quesada,2701,2800,Decreciente,Recoleccion De Contenedores Verdes,101.87,2,13,Nuñez
2RECLDT8407F3,Ibera,2901,3000,Creciente,Recoleccion De Contenedores Verdes,105.88,2,13,Nuñez
2RECLDT8408F3,Mendoza,1601,1700,Decreciente,Recoleccion De Contenedores Verdes,129.43,2,13,Belgrano
2RECLDT8407F3,Quesada,2901,3000,Decreciente,Recoleccion De Contenedores Verdes,111.45,2,13,Nuñez
2RECLDT8407F3,"Ugarte, Manuel",2601,2700,Decreciente,Recoleccion De Contenedores Verdes,101.29,2,13,Belgrano
2RECLDT8408F3,"Sucre, Antonio Jose De, Mcal.",1401,1500,Creciente,Recoleccion De Contenedores Verdes,117.24,2,13,Belgrano
2RECLDT8407F3,Ciudad De La Paz,2501,2600,Decreciente,Recoleccion De Contenedores Verdes,99.41,2,13,Belgrano
2RECLDT8407F3,Zapiola,2701,2800,Decreciente,Recoleccion De Contenedores Verdes,111.9,2,13,Belgrano
2RECLDT8407F3,Roosevelt Franklin D.,2901,3000,Decreciente,Recoleccion De Contenedores Verdes,112.64,2,13,Belgrano
2RECLDT8407F3,Olazabal,2501,2600,Creciente,Recoleccion De Contenedores Verdes,100.65,2,13,Belgrano
2RECLDT8407F3,Blanco Encalada,2801,2900,Decreciente,Recoleccion De Contenedores Verdes,108.95,2,13,Belgrano
2RECLDT8407F3,Ciudad De La Paz,2101,2200,Decreciente,Recoleccion De Contenedores Verdes,129.38,2,13,Belgrano
2RECLDT8407F3,Moldes,2101,2200,Decreciente,Recoleccion De Contenedores Verdes,129.46,2,13,Belgrano
2RECLDT8407F3,Amenabar,2001,2100,Creciente,Recoleccion De Contenedores Verdes,129.49,2,13,Belgrano
2RECLDT8407F3,Juramento Av.,2701,2800,Creciente,Recoleccion De Contenedores Verdes,100.61,2,13,Belgrano
2RECLDT8407F3,Ciudad De La Paz,1901,2000,Decreciente,Recoleccion De Contenedores Verdes,128.26,2,13,Belgrano
2RECLDT8407F3,"Freire, Ramon, Cap. Gral.",2301,2400,Creciente,Recoleccion De Contenedores Verdes,126.1,2,13,Belgrano
2RECLDT8407F3,Juramento,2901,3000,Creciente,Recoleccion De Contenedores Verdes,115.35,2,13,Belgrano
2RECLDT8407F3,Blanco Encalada,3401,3490,Creciente,Recoleccion De Contenedores Verdes,169.81,2,13,Belgrano
2RECLDT8407F3,Amenabar,1801,1900,Creciente,Recoleccion De Contenedores Verdes,127.95,2,13,Belgrano
2RECLDT8407F3,"Sucre, Antonio Jose De, Mcal.",2701,2800,Creciente,Recoleccion De Contenedores Verdes,100.48,2,13,Belgrano
2RECLDT8407F3,Juramento,3101,3200,Creciente,Recoleccion De Contenedores Verdes,117.07,2,13,Belgrano
2RECLDT8407F3,Moldes,1701,1800,Decreciente,Recoleccion De Contenedores Verdes,110.38,2,13,Belgrano
2RECLDT8406F3,Superi,2101,2200,Creciente,Recoleccion De Contenedores Verdes,130.59,2,13,Belgrano
2RECLDT8406F3,"Pino, Virrey Del",2601,2700,Decreciente,Recoleccion De Contenedores Verdes,99.91,2,13,Belgrano
2RECLDT8407F3,Conesa,1801,1900,Decreciente,Recoleccion De Contenedores Verdes,123.05,2,13,Belgrano
2RECLDT8406F3,"Arredondo, Virrey",2401,2500,Decreciente,Recoleccion De Contenedores Verdes,170.09,2,13,Colegiales
2RECLDT8406F3,Superi,2001,2100,Creciente,Recoleccion De Contenedores Verdes,127.38,2,13,Belgrano
2RECLDT8406F3,Moldes,1401,1500,Decreciente,Recoleccion De Contenedores Verdes,103.73,2,13,Colegiales
2RECLDT8406F3,Zabala,2401,2500,Decreciente,Recoleccion De Contenedores Verdes,175.58,2,13,Colegiales
2RECLDT8406F3,"Loreto, Virrey",2501,2600,Creciente,Recoleccion De Contenedores Verdes,97.6,2,13,Colegiales
2RECLDT8406F3,Moldes,1301,1400,Decreciente,Recoleccion De Contenedores Verdes,102.8,2,13,Colegiales
2RECLDT8406F3,La Pampa,3201,3300,Decreciente,Recoleccion De Contenedores Verdes,125.41,2,13,Belgrano
2RECLDT8406F3,Zapiola,1701,1800,Decreciente,Recoleccion De Contenedores Verdes,172.53,2,13,Belgrano
2RECLDT8406F3,"Aviles, Virrey",2901,2920,Creciente,Recoleccion De Contenedores Verdes,45.63,2,13,Colegiales
2RECLDT8406F3,"Pino, Virrey Del",3101,3200,Creciente,Recoleccion De Contenedores Verdes,108.12,2,13,Belgrano
2RECLDT8406F3,Superi,1801,1900,Creciente,Recoleccion De Contenedores Verdes,120.6,2,13,Belgrano
2RECLDT8406F3,Amenabar,1001,1100,Creciente,Recoleccion De Contenedores Verdes,104.59,2,13,Colegiales
2RECLDT8406F3,"Garcia, Teodoro",2401,2500,Creciente,Recoleccion De Contenedores Verdes,195.76,2,13,Colegiales
2RECLDT8406F3,"Freire, Ramon, Cap. Gral.",1633,1700,Creciente,Recoleccion De Contenedores Verdes,103.96,2,13,Belgrano
2RECLDT8406F3,Conde,1701,1800,Decreciente,Recoleccion De Contenedores Verdes,162.83,2,13,Belgrano
2RECLDT8406F3,Palpa,2501,2600,Decreciente,Recoleccion De Contenedores Verdes,100.56,2,13,Colegiales
2RECLDT8406F3,"Arredondo, Virrey",2801,2900,Creciente,Recoleccion De Contenedores Verdes,86.67,2,13,Colegiales
2RECLDT8406F3,Conesa,1301,1400,Creciente,Recoleccion De Contenedores Verdes,101.18,2,13,Colegiales
2RECLDT8406F3,Cramer,1001,1200,Decreciente,Recoleccion De Contenedores Verdes,169.77,2,13,Colegiales
2RECLDT8406F3,"Aviles, Virrey",3001,3100,Creciente,Recoleccion De Contenedores Verdes,139.72,2,13,Colegiales
2RECLDT8406F3,Zapiola,1201,1300,Decreciente,Recoleccion De Contenedores Verdes,93.28,2,13,Colegiales
2RECLDT8406F3,"Pino, Virrey Del",3401,3600,Creciente,Recoleccion De Contenedores Verdes,315.02,2,13,Belgrano
2RECLDT8406F3,"Freire, Ramon, Cap. Gral.",1301,1400,Creciente,Recoleccion De Contenedores Verdes,98.74,2,13,Colegiales
2RECLDT8406F3,Conde,1401,1500,Decreciente,Recoleccion De Contenedores Verdes,117.25,2,13,Colegiales
2RECLDT8406F3,"Martinez, Enrique, Gral.",1461,1500,Creciente,Recoleccion De Contenedores Verdes,121.22,2,13,Colegiales
2RECLDT8406F3,Conde,1201,1300,Decreciente,Recoleccion De Contenedores Verdes,92.89,2,13,Colegiales
2RECLDT8406F3,"Freire, Ramon, Cap. Gral.",1001,1100,Creciente,Recoleccion De Contenedores Verdes,165.44,2,13,Colegiales
2RECLDT8406F3,"Loreto, Virrey",3301,3400,Decreciente,Recoleccion De Contenedores Verdes,71.04,2,13,Colegiales
2RECLDT8406F3,Conde,1071,1100,Decreciente,Recoleccion De Contenedores Verdes,62.31,2,13,Colegiales
2RECLDT8406F3,Zabala,3201,3300,Creciente,Recoleccion De Contenedores Verdes,123.61,2,13,Colegiales
2RECLDT8406F3,"Perez, Gregoria",3301,3400,Creciente,Recoleccion De Contenedores Verdes,117.82,2,13,Colegiales
2RECLDT8406F3,"Arredondo, Virrey",3501,3600,Creciente,Recoleccion De Contenedores Verdes,168.87,2,13,Colegiales
2RECLDT8406F3,"Loreto, Virrey",3501,3600,Decreciente,Recoleccion De Contenedores Verdes,159.97,2,13,Colegiales
2RECLDT8409F3,"Rivadavia Martin, Comodoro",0,1793,Creciente,Recoleccion De Contenedores Verdes,83.23,2,13,Nuñez
2RECLDT8409F3,"Rivadavia Martin, Comodoro",0,2200,Decreciente,Recoleccion De Contenedores Verdes,109.09,2,13,Nuñez
2RECLDT8409F3,3 De Febrero,4801,4900,Decreciente,Recoleccion De Contenedores Verdes,46.1,2,13,Nuñez
2RECLDT8409F3,Arias,1801,1900,Doble,Recoleccion De Contenedores Verdes,100.73,2,13,Nuñez
2RECLDT8409F3,Grecia,4201,4300,Creciente,Recoleccion De Contenedores Verdes,101.04,2,13,Nuñez
2RECLDT8409F3,Cabildo Av.,4601,4700,Doble,Recoleccion De Contenedores Verdes,96.84,2,13,Nuñez
2RECLDT8409F3,Ramallo,2301,2400,Doble,Recoleccion De Contenedores Verdes,131.29,2,13,Nuñez
2RECLDT8409F3,Grecia,4051,4100,Doble,Recoleccion De Contenedores Verdes,44.55,2,13,Nuñez
2RECLDT8409F3,Del Libertador Av.,7401,7500,Doble,Recoleccion De Contenedores Verdes,110.17,2,13,Nuñez
2RECLDT8409F3,O'higgins,3701,3750,Doble,Recoleccion De Contenedores Verdes,53.05,2,13,Nuñez
2RECLDT8409F3,Del Libertador Av.,7201,7300,Doble,Recoleccion De Contenedores Verdes,105.33,2,13,Nuñez
2RECLDT8409F3,O'higgins,3501,3600,Doble,Recoleccion De Contenedores Verdes,100.55,2,13,Nuñez
2RECLDT8408F3,"Udaondo, Guillermo Av.",1301,1400,Doble,Recoleccion De Contenedores Verdes,129.35,2,13,Belgrano
2RECLDT8408F3,Ibera,1701,1800,Creciente,Recoleccion De Contenedores Verdes,100.27,2,13,Nuñez
2RECLDT8409F3,Cabildo Av.,3401,3500,Doble,Recoleccion De Contenedores Verdes,55.69,2,13,Nuñez
2RECLDT8407F3,Cramer,3501,3600,Doble,Recoleccion De Contenedores Verdes,145.66,2,13,Nuñez
2RECLDT8407F3,Cramer Av.,3201,3300,Doble,Recoleccion De Contenedores Verdes,152.3,2,13,Nuñez
2RECLDT8408F3,La Pampa,801,900,Doble,Recoleccion De Contenedores Verdes,126.76,2,13,Belgrano
2RECLDT8407F3,Congreso Av.,2601,2700,Doble,Recoleccion De Contenedores Verdes,101.24,2,13,Belgrano
2RECLDT8407F3,Congreso Av.,2701,2800,Doble,Recoleccion De Contenedores Verdes,102.26,2,13,Belgrano
2RECLDT8407F3,Congreso Av.,2901,3000,Doble,Recoleccion De Contenedores Verdes,112.54,2,13,Belgrano
2RECLDT8407F3,Cramer Av.,2601,2700,Doble,Recoleccion De Contenedores Verdes,105.28,2,13,Belgrano
2RECLDT8407F3,Melian Av.,2401,2500,Creciente,Recoleccion De Contenedores Verdes,75.67,2,13,Belgrano
2RECLDT8406F3,"Martinez, Enrique, Gral.",2301,2400,Doble,Recoleccion De Contenedores Verdes,127.98,2,13,Belgrano
2RECLDT8407F3,Zapiola,1901,2000,Creciente,Recoleccion De Contenedores Verdes,130.1,2,13,Belgrano
2RECLDT8406F3,Melian Av.,2101,2200,Doble,Recoleccion De Contenedores Verdes,123.26,2,13,Belgrano
2RECLDT8406F3,Washington,2101,2200,Doble,Recoleccion De Contenedores Verdes,121.92,2,13,Belgrano
2RECLDT8406F3,"Martinez, Enrique, Gral.",2001,2100,Doble,Recoleccion De Contenedores Verdes,132.09,2,13,Belgrano
2RECLDT8406F3,"Naon, Romulo",2001,2100,Doble,Recoleccion De Contenedores Verdes,132.97,2,13,Belgrano
2RECLDT8406F3,"Lacroze, Federico Av.",2501,2600,Doble,Recoleccion De Contenedores Verdes,103.02,2,13,Colegiales
2RECLDT8406F3,Forest Av.,1501,1600,Decreciente,Recoleccion De Contenedores Verdes,187.43,2,13,Belgrano
2RECLDT8406F3,Alvarez Thomas Av.,1001,1100,Doble,Recoleccion De Contenedores Verdes,114.73,2,13,Colegiales
2RECLDT8409F3,Pico,1901,2000,Creciente,Recoleccion De Contenedores Verdes,101.09,2,13,Nuñez
2RECLDT8409F3,Deheza,2001,2100,Decreciente,Recoleccion De Contenedores Verdes,99.98,2,13,Nuñez
2RECLDT8409F3,Correa,1601,1700,Decreciente,Recoleccion De Contenedores Verdes,101.06,2,13,Nuñez
2RECLDT8409F3,Deheza,2101,2200,Decreciente,Recoleccion De Contenedores Verdes,99.41,2,13,Nuñez
2RECLDT8409F3,Arias,2201,2300,Creciente,Recoleccion De Contenedores Verdes,100.81,2,13,Nuñez
2RECLDT8409F3,Paroissien,1601,1700,Decreciente,Recoleccion De Contenedores Verdes,122.19,2,13,Nuñez
2RECLDT8409F3,Ruiz Huidobro,2101,2200,Decreciente,Recoleccion De Contenedores Verdes,99.76,2,13,Nuñez
2RECLDT8409F3,3 De Febrero,3801,3900,Creciente,Recoleccion De Contenedores Verdes,92.86,2,13,Nuñez
2RECLDT8409F3,Jaramillo,1601,1700,Decreciente,Recoleccion De Contenedores Verdes,101.23,2,13,Nuñez
2RECLDT8409F3,Arcos,3901,4000,Creciente,Recoleccion De Contenedores Verdes,83.7,2,13,Nuñez
2RECLDT8409F3,Jaramillo,1701,1800,Decreciente,Recoleccion De Contenedores Verdes,101.45,2,13,Nuñez
2RECLDT8409F3,"Larralde, Crisologo Av.",1601,1700,Creciente,Recoleccion De Contenedores Verdes,101.67,2,13,Nuñez
2RECLDT8409F3,Arribeños,3501,3600,Creciente,Recoleccion De Contenedores Verdes,103.17,2,13,Nuñez
2RECLDT8409F3,"Larralde, Crisologo Av.",1701,1800,Creciente,Recoleccion De Contenedores Verdes,101.12,2,13,Nuñez
2RECLDT8409F3,Vilela,2301,2400,Decreciente,Recoleccion De Contenedores Verdes,130.56,2,13,Nuñez
2RECLDT8409F3,Cuba,3801,3900,Decreciente,Recoleccion De Contenedores Verdes,92.42,2,13,Nuñez
2RECLDT8409F3,"Larralde, Crisologo Av.",1801,1900,Creciente,Recoleccion De Contenedores Verdes,94.38,2,13,Nuñez
2RECLDT8409F3,Jaramillo,2101,2200,Creciente,Recoleccion De Contenedores Verdes,100.56,2,13,Nuñez
2RECLDT8409F3,"Pedraza, Manuela",1601,1700,Decreciente,Recoleccion De Contenedores Verdes,101.15,2,13,Nuñez
2RECLDT8409F3,"Larralde, Crisologo Av.",2201,2300,Creciente,Recoleccion De Contenedores Verdes,100.65,2,13,Nuñez
2RECLDT8408F3,"Riccheri, Pablo, Tte. Gral.",3051,3100,Creciente,Recoleccion De Contenedores Verdes,55.39,2,13,Belgrano
2RECLDT8409F3,Campos Salles,1701,1800,Creciente,Recoleccion De Contenedores Verdes,98.88,2,13,Nuñez
2RECLDT8408F3,Monroe,801,900,Creciente,Recoleccion De Contenedores Verdes,128.5,2,13,Belgrano
2RECLDT8408F3,"Plaza, Victorino De La, Dr.",1001,1100,Decreciente,Recoleccion De Contenedores Verdes,129.5,2,13,Belgrano
2RECLDT8408F3,"Riccheri, Pablo, Tte. Gral.",2701,2770,Creciente,Recoleccion De Contenedores Verdes,69.86,2,13,Belgrano
2RECLDT8408F3,Arribeños,3001,3100,Creciente,Recoleccion De Contenedores Verdes,92.46,2,13,Nuñez
2RECLDT8408F3,"Plaza, Victorino De La, Dr.",1601,1700,Decreciente,Recoleccion De Contenedores Verdes,129.33,2,13,Belgrano
2RECLDT8409F3,Campos Salles,1901,2000,Creciente,Recoleccion De Contenedores Verdes,146.07,2,13,Nuñez
2RECLDT8408F3,"Hernandez, Rafael",2824,2900,Decreciente,Recoleccion De Contenedores Verdes,68.05,2,13,Belgrano
2RECLDT8408F3,Husares,2401,2500,Creciente,Recoleccion De Contenedores Verdes,129.27,2,13,Belgrano
2RECLDT8409F3,Nuñez,2401,2500,Decreciente,Recoleccion De Contenedores Verdes,127.07,2,13,Nuñez
2RECLDT8409F3,Vuelta De Obligado,3301,3400,Creciente,Recoleccion De Contenedores Verdes,101.03,2,13,Nuñez
2RECLDT8408F3,"Barilari, Atilio S., Alte.",1301,1400,Creciente,Recoleccion De Contenedores Verdes,98.59,2,13,Belgrano
2RECLDT8408F3,Dragones,2301,2400,Decreciente,Recoleccion De Contenedores Verdes,125.65,2,13,Belgrano
2RECLDT8408F3,"Quinteros, Lidoro J. Av.",0,1300,Decreciente,Recoleccion De Contenedores Verdes,97.1,2,13,Belgrano
2RECLDT8408F3,"Barilari, Atilio S., Alte.",1401,1500,Creciente,Recoleccion De Contenedores Verdes,95.63,2,13,Belgrano
2RECLDT8407F3,Moldes,3501,3600,Decreciente,Recoleccion De Contenedores Verdes,144.95,2,13,Nuñez
2RECLDT8408F3,Monroe,1201,1300,Creciente,Recoleccion De Contenedores Verdes,124.83,2,13,Belgrano
2RECLDT8408F3,Blanco Encalada,1101,1200,Decreciente,Recoleccion De Contenedores Verdes,129.1,2,13,Belgrano
2RECLDT8407F3,Ciudad De La Paz,3301,3400,Decreciente,Recoleccion De Contenedores Verdes,102.77,2,13,Nuñez
2RECLDT8407F3,Moldes,3401,3500,Decreciente,Recoleccion De Contenedores Verdes,105.25,2,13,Nuñez
2RECLDT8408F3,Husares,2201,2300,Creciente,Recoleccion De Contenedores Verdes,123.14,2,13,Belgrano
2RECLDT8408F3,"Ugarte, Manuel",1601,1700,Creciente,Recoleccion De Contenedores Verdes,129.06,2,13,Belgrano
2RECLDT8408F3,Dragones,2101,2200,Decreciente,Recoleccion De Contenedores Verdes,128.66,2,13,Belgrano
2RECLDT8407F3,Azurduy Juana,2701,2800,Creciente,Recoleccion De Contenedores Verdes,94.57,2,13,Nuñez
2RECLDT8408F3,Cazadores,2201,2300,Decreciente,Recoleccion De Contenedores Verdes,123.29,2,13,Belgrano
2RECLDT8407F3,"Pedraza, Manuela",2601,2700,Decreciente,Recoleccion De Contenedores Verdes,91.01,2,13,Nuñez
2RECLDT8408F3,Blanco Encalada,1301,1400,Decreciente,Recoleccion De Contenedores Verdes,126.88,2,13,Belgrano
2RECLDT8408F3,"Ugarte, Manuel",1801,1900,Creciente,Recoleccion De Contenedores Verdes,114.66,2,13,Belgrano
2RECLDT8408F3,3 De Febrero,2701,2800,Creciente,Recoleccion De Contenedores Verdes,117.15,2,13,Belgrano
2RECLDT8408F3,Ramsay,1901,2000,Creciente,Recoleccion De Contenedores Verdes,129.17,2,13,Belgrano
2RECLDT8407F3,"Tamborini, Jose Pascual",2601,2700,Creciente,Recoleccion De Contenedores Verdes,67.72,2,13,Nuñez
2RECLDT8408F3,Husares,2001,2100,Creciente,Recoleccion De Contenedores Verdes,130.04,2,13,Belgrano
2RECLDT8408F3,Olazabal,1401,1500,Creciente,Recoleccion De Contenedores Verdes,117.71,2,13,Belgrano
2RECLDT8408F3,Migueletes,2201,2300,Creciente,Recoleccion De Contenedores Verdes,123.68,2,13,Belgrano
2RECLDT8407F3,Amenabar,3001,3100,Creciente,Recoleccion De Contenedores Verdes,142.13,2,13,Nuñez
2RECLDT8407F3,Ibera,2701,2800,Creciente,Recoleccion De Contenedores Verdes,99.92,2,13,Nuñez
2RECLDT8408F3,Olazabal,1501,1600,Creciente,Recoleccion De Contenedores Verdes,137.11,2,13,Belgrano
2RECLDT8408F3,Montañeses,2301,2400,Decreciente,Recoleccion De Contenedores Verdes,127.77,2,13,Belgrano
2RECLDT8407F3,Quesada,2601,2700,Decreciente,Recoleccion De Contenedores Verdes,101.05,2,13,Nuñez
2RECLDT8408F3,11 De Septiembre De 1888,2401,2450,Decreciente,Recoleccion De Contenedores Verdes,67.02,2,13,Belgrano
2RECLDT8407F3,Ciudad De La Paz,2901,3000,Decreciente,Recoleccion De Contenedores Verdes,140.85,2,13,Nuñez
2RECLDT8407F3,"Tamborini, Jose Pascual",3001,3100,Creciente,Recoleccion De Contenedores Verdes,103.92,2,13,Nuñez
2RECLDT8408F3,Echeverria,1201,1300,Decreciente,Recoleccion De Contenedores Verdes,126.04,2,13,Belgrano
2RECLDT8408F3,Juramento,1401,1500,Creciente,Recoleccion De Contenedores Verdes,117.92,2,13,Belgrano
2RECLDT8407F3,Quesada,2801,2900,Decreciente,Recoleccion De Contenedores Verdes,106.04,2,13,Nuñez
2RECLDT8408F3,Cazadores,1801,1900,Decreciente,Recoleccion De Contenedores Verdes,128.16,2,13,Belgrano
2RECLDT8407F3,"Ugarte, Manuel",2501,2600,Decreciente,Recoleccion De Contenedores Verdes,100.75,2,13,Belgrano
2RECLDT8408F3,"Sucre, Antonio Jose De, Mcal.",1201,1300,Creciente,Recoleccion De Contenedores Verdes,125.27,2,13,Belgrano
2RECLDT8408F3,Juramento,1501,1600,Creciente,Recoleccion De Contenedores Verdes,136.66,2,13,Belgrano
2RECLDT8408F3,Montañeses,2101,2200,Decreciente,Recoleccion De Contenedores Verdes,130.12,2,13,Belgrano
2RECLDT8408F3,Artilleros,1801,1900,Creciente,Recoleccion De Contenedores Verdes,129.15,2,13,Belgrano
2RECLDT8407F3,Vidal,2801,2900,Creciente,Recoleccion De Contenedores Verdes,105.95,2,13,Belgrano
2RECLDT8407F3,"Rivera, Pedro I., Dr.",2701,2800,Creciente,Recoleccion De Contenedores Verdes,101.54,2,13,Belgrano
2RECLDT8407F3,Roosevelt Franklin D.,2601,2700,Decreciente,Recoleccion De Contenedores Verdes,101.44,2,13,Belgrano
2RECLDT8408F3,Montañeses,1901,2000,Decreciente,Recoleccion De Contenedores Verdes,129.85,2,13,Belgrano
2RECLDT8407F3,"Rivera, Pedro I., Dr.",2801,2900,Creciente,Recoleccion De Contenedores Verdes,104.51,2,13,Belgrano
2RECLDT8407F3,Roosevelt Franklin D.,2801,2900,Decreciente,Recoleccion De Contenedores Verdes,104.73,2,13,Belgrano
2RECLDT8407F3,"Rivera, Pedro I., Dr.",3001,3100,Creciente,Recoleccion De Contenedores Verdes,99.12,2,13,Belgrano
2RECLDT8407F3,Blanco Encalada,2601,2700,Decreciente,Recoleccion De Contenedores Verdes,100.75,2,13,Belgrano
2RECLDT8407F3,Olazabal,2801,2900,Creciente,Recoleccion De Contenedores Verdes,108.56,2,13,Belgrano
2RECLDT8407F3,Vidal,2201,2300,Creciente,Recoleccion De Contenedores Verdes,124.54,2,13,Belgrano
2RECLDT8407F3,Zapiola,2301,2400,Decreciente,Recoleccion De Contenedores Verdes,126.94,2,13,Belgrano
2RECLDT8407F3,Conesa,2201,2300,Decreciente,Recoleccion De Contenedores Verdes,124.98,2,13,Belgrano
2RECLDT8407F3,Blanco Encalada,3201,3300,Creciente,Recoleccion De Contenedores Verdes,125.34,2,13,Belgrano
2RECLDT8407F3,Vidal,2001,2100,Creciente,Recoleccion De Contenedores Verdes,128.64,2,13,Belgrano
2RECLDT8407F3,Moldes,1901,2000,Decreciente,Recoleccion De Contenedores Verdes,128.98,2,13,Belgrano
2RECLDT8407F3,Zapiola,2101,2200,Creciente,Recoleccion De Contenedores Verdes,130.53,2,13,Belgrano
2RECLDT8407F3,Blanco Encalada,3491,3517,Creciente,Recoleccion De Contenedores Verdes,27.75,2,13,Belgrano
2RECLDT8407F3,Conde,2201,2300,Decreciente,Recoleccion De Contenedores Verdes,125.57,2,13,Belgrano
2RECLDT8407F3,Conesa,2001,2100,Decreciente,Recoleccion De Contenedores Verdes,127.63,2,13,Belgrano
2RECLDT8406F3,Amenabar,1601,1700,Creciente,Recoleccion De Contenedores Verdes,102.39,2,13,Belgrano
2RECLDT8407F3,"Hernandez, Jose",2701,2800,Creciente,Recoleccion De Contenedores Verdes,100.7,2,13,Belgrano
2RECLDT8406F3,"Naon, Romulo",2301,2400,Creciente,Recoleccion De Contenedores Verdes,131.6,2,13,Belgrano
2RECLDT8406F3,"Olaguer y Feliu, Virrey",2501,2600,Creciente,Recoleccion De Contenedores Verdes,96.73,2,13,Colegiales
2RECLDT8406F3,"Pino, Virrey Del",2801,2900,Decreciente,Recoleccion De Contenedores Verdes,101.03,2,13,Belgrano
2RECLDT8406F3,Conde,1901,2000,Decreciente,Recoleccion De Contenedores Verdes,129.54,2,13,Belgrano
2RECLDT8406F3,"Freire, Ramon, Cap. Gral.",1801,1900,Creciente,Recoleccion De Contenedores Verdes,121.05,2,13,Belgrano
2RECLDT8406F3,Moldes,1201,1300,Decreciente,Recoleccion De Contenedores Verdes,93.78,2,13,Colegiales
2RECLDT8406F3,Aguilar,2401,2500,Decreciente,Recoleccion De Contenedores Verdes,185.34,2,13,Colegiales
2RECLDT8406F3,Zabala,2601,2700,Decreciente,Recoleccion De Contenedores Verdes,93.69,2,13,Colegiales
2RECLDT8406F3,Cespedes,2601,2700,Creciente,Recoleccion De Contenedores Verdes,92.6,2,13,Colegiales
2RECLDT8406F3,Zapiola,1401,1500,Decreciente,Recoleccion De Contenedores Verdes,117.4,2,13,Colegiales
2RECLDT8406F3,La Pampa,3601,3699,Decreciente,Recoleccion De Contenedores Verdes,125.33,2,13,Belgrano
2RECLDT8406F3,Moldes,701,800,Creciente,Recoleccion De Contenedores Verdes,112.93,2,13,Colegiales
2RECLDT8406F3,Conesa,1101,1200,Creciente,Recoleccion De Contenedores Verdes,100.09,2,13,Colegiales
2RECLDT8406F3,La Pampa,3702,3799,Decreciente,Recoleccion De Contenedores Verdes,80.09,2,13,Belgrano
2RECLDT8406F3,Conde,1533,1600,Decreciente,Recoleccion De Contenedores Verdes,124.99,2,13,Colegiales
2RECLDT8406F3,Superi,1501,1700,Creciente,Recoleccion De Contenedores Verdes,224.63,2,13,Belgrano
2RECLDT8406F3,Superi,1439,1500,Creciente,Recoleccion De Contenedores Verdes,105.57,2,13,Colegiales
2RECLDT8406F3,"Olaguer y Feliu, Virrey",3101,3200,Decreciente,Recoleccion De Contenedores Verdes,138.6,2,13,Colegiales
2RECLDT8406F3,Zapiola,1001,1100,Decreciente,Recoleccion De Contenedores Verdes,151.23,2,13,Colegiales
2RECLDT8406F3,Superi,1201,1300,Creciente,Recoleccion De Contenedores Verdes,97.57,2,13,Colegiales
2RECLDT8406F3,"Martinez, Enrique, Gral.",1201,1300,Creciente,Recoleccion De Contenedores Verdes,103.59,2,13,Colegiales
2RECLDT8406F3,Delgado,1401,1500,Decreciente,Recoleccion De Contenedores Verdes,124.44,2,13,Colegiales
2RECLDT8406F3,Delgado,952,1000,Decreciente,Recoleccion De Contenedores Verdes,105.23,2,13,Colegiales
2RECLDT8406F3,Forest Av.,1201,1300,Decreciente,Recoleccion De Contenedores Verdes,205.56,2,13,Colegiales
2RECLDT8406F3,"Perez, Gregoria",3401,3500,Creciente,Recoleccion De Contenedores Verdes,161.01,2,13,Colegiales
2RECLDT8409F3,Vedia,2001,2100,Doble,Recoleccion De Contenedores Verdes,99.78,2,13,Nuñez
2RECLDT8409F3,11 De Septiembre De 1888,4501,4600,Doble,Recoleccion De Contenedores Verdes,100.19,2,13,Nuñez
2RECLDT8409F3,Deheza,1801,1900,Doble,Recoleccion De Contenedores Verdes,100.57,2,13,Nuñez
2RECLDT8409F3,Ramallo,1901,2000,Doble,Recoleccion De Contenedores Verdes,100.26,2,13,Nuñez
2RECLDT8409F3,Grecia,4301,4400,Creciente,Recoleccion De Contenedores Verdes,101.57,2,13,Nuñez
2RECLDT8409F3,Ruiz Huidobro,1901,2000,Doble,Recoleccion De Contenedores Verdes,99.69,2,13,Nuñez
2RECLDT8408F3,"Solier, Daniel De, Alte.",1001,1100,Decreciente,Recoleccion De Contenedores Verdes,129.32,2,13,Belgrano
2RECLDT8408F3,Ibera,1501,1600,Creciente,Recoleccion De Contenedores Verdes,120.29,2,13,Nuñez
2RECLDT8408F3,Blanco Encalada,1701,1800,Decreciente,Recoleccion De Contenedores Verdes,115.16,2,13,Belgrano
2RECLDT8407F3,Cramer Av.,2901,3000,Doble,Recoleccion De Contenedores Verdes,138.2,2,13,Nuñez
2RECLDT8408F3,La Pampa,1201,1300,Doble,Recoleccion De Contenedores Verdes,123.81,2,13,Belgrano
2RECLDT8407F3,Congreso Av.,3001,3100,Doble,Recoleccion De Contenedores Verdes,104.42,2,13,Belgrano
2RECLDT8407F3,Cramer Av.,2701,2800,Doble,Recoleccion De Contenedores Verdes,107.6,2,13,Belgrano
2RECLDT8408F3,"Hernandez, Jose",1301,1400,Doble,Recoleccion De Contenedores Verdes,196.99,2,13,Belgrano
2RECLDT8407F3,"Balbin, Ricardo, Dr. Av.",2301,2400,Doble,Recoleccion De Contenedores Verdes,143.37,2,13,Belgrano
2RECLDT8407F3,Mendoza,3201,3300,Decreciente,Recoleccion De Contenedores Verdes,125.42,2,13,Belgrano
2RECLDT8406F3,Washington,2301,2400,Doble,Recoleccion De Contenedores Verdes,131.42,2,13,Belgrano
2RECLDT8406F3,"Naon, Romulo",2201,2300,Doble,Recoleccion De Contenedores Verdes,125.72,2,13,Belgrano
2RECLDT8406F3,Melian Av.,1901,2000,Doble,Recoleccion De Contenedores Verdes,131.24,2,13,Belgrano
2RECLDT8406F3,Washington,1901,2000,Doble,Recoleccion De Contenedores Verdes,118.8,2,13,Belgrano
2RECLDT8406F3,"Lacroze, Federico Av.",2452,2500,Doble,Recoleccion De Contenedores Verdes,93.82,2,13,Colegiales
2RECLDT8406F3,Forest Av.,1601,1700,Doble,Recoleccion De Contenedores Verdes,120.58,2,13,Belgrano
2RECLDT8408F3,"Quinteros, Lidoro J. Av.",0,1099,Creciente,Recoleccion De Contenedores Verdes,129.38,2,13,Belgrano
2RECLDN8411F6,Guemes,4801,4900,Decreciente,Recoleccion De Contenedores Verdes,104.86,2,14,Palermo
2RECLDN8411F6,Soler,5501,5600,Creciente,Recoleccion De Contenedores Verdes,116.93,2,14,Palermo
2RECLDN8411F6,Guatemala,5401,5500,Decreciente,Recoleccion De Contenedores Verdes,127.45,2,14,Palermo
2RECLDN8411F6,Charcas,4601,4700,Creciente,Recoleccion De Contenedores Verdes,98.68,2,14,Palermo
2RECLDN8411F6,Thames,2301,2400,Decreciente,Recoleccion De Contenedores Verdes,143.19,2,14,Palermo
2RECLDN8411F6,Godoy Cruz,2251,2300,Creciente,Recoleccion De Contenedores Verdes,39.31,2,14,Palermo
2RECLDN8411F6,Guemes,4242,4300,Decreciente,Recoleccion De Contenedores Verdes,100.22,2,14,Palermo
2RECLDN8411F6,Fitz Roy,1601,1700,Decreciente,Recoleccion De Contenedores Verdes,117.45,2,14,Palermo
2RECLDN8411F6,Godoy Cruz,2001,2100,Creciente,Recoleccion De Contenedores Verdes,81.72,2,14,Palermo
2RECLDN8411F6,Costa Rica,5101,5200,Decreciente,Recoleccion De Contenedores Verdes,95.77,2,14,Palermo
2RECLDN8411F6,Soler,4801,4900,Creciente,Recoleccion De Contenedores Verdes,117.56,2,14,Palermo
2RECLDN8411F6,Malabia,2301,2400,Decreciente,Recoleccion De Contenedores Verdes,153.41,2,14,Palermo
2RECLDN8411F6,Paraguay,4301,4400,Decreciente,Recoleccion De Contenedores Verdes,121.28,2,14,Palermo
2RECLDN8411F6,Gurruchaga,2101,2200,Decreciente,Recoleccion De Contenedores Verdes,150.31,2,14,Palermo
2RECLDN8411F6,Honduras,5362,5430,Creciente,Recoleccion De Contenedores Verdes,108.33,2,14,Palermo
2RECLDN8411F6,Humboldt,1501,1600,Creciente,Recoleccion De Contenedores Verdes,121.45,2,14,Palermo
2RECLDN8411F6,El Salvador,5101,5200,Creciente,Recoleccion De Contenedores Verdes,94.99,2,14,Palermo
2RECLDN8411F6,Fitz Roy,1401,1500,Decreciente,Recoleccion De Contenedores Verdes,157.09,2,14,Palermo
2RECLDN8411F6,Charcas,3901,4000,Creciente,Recoleccion De Contenedores Verdes,135.93,2,14,Palermo
2RECLDN8410F6,Austria,2201,2300,Creciente,Recoleccion De Contenedores Verdes,131.09,2,2,Recoleta
2RECLDN8411F6,Nicaragua,4701,4800,Decreciente,Recoleccion De Contenedores Verdes,110.94,2,14,Palermo
2RECLDN8411F6,Soler,4601,4700,Creciente,Recoleccion De Contenedores Verdes,114.84,2,14,Palermo
2RECLDN8410F6,"Pacheco De Melo, Jose Andres",2501,2600,Decreciente,Recoleccion De Contenedores Verdes,120.56,2,2,Recoleta
2RECLDN8411F6,Honduras,5101,5200,Creciente,Recoleccion De Contenedores Verdes,109.35,2,14,Palermo
2RECLDN8411F6,Humboldt,1301,1400,Creciente,Recoleccion De Contenedores Verdes,120.94,2,14,Palermo
2RECLDN8411F6,Gorriti,5201,5300,Decreciente,Recoleccion De Contenedores Verdes,104.77,2,14,Palermo
2RECLDN8410F6,French,2801,2900,Decreciente,Recoleccion De Contenedores Verdes,114.06,2,2,Recoleta
2RECLDN8410F6,Sanchez De Bustamante,2001,2100,Decreciente,Recoleccion De Contenedores Verdes,131.4,2,2,Recoleta
2RECLDN8411F6,Gurruchaga,1651,1700,Decreciente,Recoleccion De Contenedores Verdes,59.47,2,14,Palermo
2RECLDN8410F6,Laprida,1801,1900,Creciente,Recoleccion De Contenedores Verdes,127.31,2,2,Recoleta
2RECLDN8411F6,Armenia,1701,1800,Creciente,Recoleccion De Contenedores Verdes,115.24,2,14,Palermo
2RECLDN8411F6,Godoy Cruz,1401,1500,Creciente,Recoleccion De Contenedores Verdes,116.05,2,14,Palermo
2RECLDN8411F6,Araoz,1901,2000,Creciente,Recoleccion De Contenedores Verdes,128.56,2,14,Palermo
2RECLDN8410F6,"Anchorena, Tomas Manuel De, Dr.",1801,1894,Decreciente,Recoleccion De Contenedores Verdes,89.95,2,2,Recoleta
2RECLDN8411F6,Gorriti,4901,5000,Decreciente,Recoleccion De Contenedores Verdes,111.14,2,14,Palermo
2RECLDN8411F6,Honduras,4801,4900,Creciente,Recoleccion De Contenedores Verdes,121.78,2,14,Palermo
2RECLDN8410F6,"Lopez, Vicente",1901,2000,Creciente,Recoleccion De Contenedores Verdes,135.68,2,2,Recoleta
2RECLDN8410F6,Austria,1801,1900,Creciente,Recoleccion De Contenedores Verdes,89.45,2,2,Recoleta
2RECLDN8410F6,"Pacheco De Melo, Jose Andres",2101,2200,Decreciente,Recoleccion De Contenedores Verdes,109.27,2,2,Recoleta
2RECLDN8410F6,Laprida,1701,1800,Creciente,Recoleccion De Contenedores Verdes,172.15,2,2,Recoleta
2RECLDN8410F6,Azcuenaga,1601,1700,Decreciente,Recoleccion De Contenedores Verdes,141.41,2,2,Recoleta
2RECLDN8410F6,"Quintana, Manuel, Pres.",201,300,Creciente,Recoleccion De Contenedores Verdes,128.41,2,2,Recoleta
2RECLDN8410F6,French,2401,2500,Decreciente,Recoleccion De Contenedores Verdes,126.44,2,2,Recoleta
2RECLDN8410F6,Callao Av.,1601,1700,Creciente,Recoleccion De Contenedores Verdes,131.18,2,2,Recoleta
2RECLDN8410F6,Gallo,1601,1700,Creciente,Recoleccion De Contenedores Verdes,141.55,2,2,Recoleta
2RECLDN8410F6,Callao Av.,1501,1600,Creciente,Recoleccion De Contenedores Verdes,131.92,2,2,Recoleta
2RECLDN8411F6,Gurruchaga,1201,1300,Decreciente,Recoleccion De Contenedores Verdes,107.9,2,14,Palermo
2RECLDN8411F6,Honduras,4501,4600,Creciente,Recoleccion De Contenedores Verdes,97.75,2,14,Palermo
2RECLDN8411F6,Malabia,1401,1500,Decreciente,Recoleccion De Contenedores Verdes,132.89,2,14,Palermo
2RECLDN8410F6,Callao Av.,1401,1500,Creciente,Recoleccion De Contenedores Verdes,130.13,2,2,Recoleta
2RECLDN8410F6,Charcas,3101,3180,Creciente,Recoleccion De Contenedores Verdes,89.6,2,2,Recoleta
2RECLDN8410F6,Aguero,1401,1500,Decreciente,Recoleccion De Contenedores Verdes,79.54,2,2,Recoleta
2RECLDN8410F6,"Las Heras, General",1601,1700,Decreciente,Recoleccion De Contenedores Verdes,106.09,2,2,Recoleta
2RECLDN8411F6,Araoz,1301,1400,Creciente,Recoleccion De Contenedores Verdes,134.62,2,14,Palermo
2RECLDN8410F6,Ayacucho,1201,1300,Creciente,Recoleccion De Contenedores Verdes,134.81,2,2,Recoleta
2RECLDN8410F6,Charcas,2701,2800,Creciente,Recoleccion De Contenedores Verdes,107.74,2,2,Recoleta
2RECLDN8410F6,Larrea,1101,1200,Creciente,Recoleccion De Contenedores Verdes,123.09,2,2,Recoleta
2RECLDN8411F6,Cordoba Av.,4501,4600,Creciente,Recoleccion De Contenedores Verdes,102.09,2,14,Palermo
2RECLDN8410F6,Arenales,1601,1700,Creciente,Recoleccion De Contenedores Verdes,186.8,2,2,Recoleta
2RECLDN8410F6,Gallo,1301,1400,Creciente,Recoleccion De Contenedores Verdes,141.24,2,2,Recoleta
2RECLDN8410F6,Azcuenaga,1101,1200,Decreciente,Recoleccion De Contenedores Verdes,115.57,2,2,Recoleta
2RECLDN8410F6,Ayacucho,1101,1200,Creciente,Recoleccion De Contenedores Verdes,127.36,2,2,Recoleta
2RECLDN8410F6,Charcas,2501,2600,Creciente,Recoleccion De Contenedores Verdes,140.31,2,2,Recoleta
2RECLDN8410F6,Callao Av.,1101,1200,Creciente,Recoleccion De Contenedores Verdes,115.1,2,2,Recoleta
2RECLDN8410F6,Laprida,1101,1200,Decreciente,Recoleccion De Contenedores Verdes,141.03,2,2,Recoleta
2RECLDN8410F6,Gallo,1201,1300,Creciente,Recoleccion De Contenedores Verdes,103.15,2,2,Recoleta
2RECLDN8410F6,"Cabrera, Jose A.",2901,3000,Decreciente,Recoleccion De Contenedores Verdes,119.32,2,2,Recoleta
2RECLDN8410F6,"Jaures, Jean",1101,1200,Decreciente,Recoleccion De Contenedores Verdes,165.29,2,2,Recoleta
2RECLDN8410F6,"Alvear, Marcelo T. De",1901,2000,Creciente,Recoleccion De Contenedores Verdes,122.15,2,2,Recoleta
2RECLDN8410F6,Cordoba Av.,3201,3300,Creciente,Recoleccion De Contenedores Verdes,122.22,2,2,Recoleta
2RECLDN8410F6,Paraguay,1401,1500,Decreciente,Recoleccion De Contenedores Verdes,114.15,2,2,Recoleta
2RECLDN8410F6,Paraguay,1801,1900,Decreciente,Recoleccion De Contenedores Verdes,138.43,2,2,Recoleta
2RECLDN8410F6,Azcuenaga,801,900,Decreciente,Recoleccion De Contenedores Verdes,167.69,2,2,Recoleta
2RECLDN8410F6,Cordoba Av.,1901,2000,Creciente,Recoleccion De Contenedores Verdes,130.03,2,2,Recoleta
2RECLDN8411F6,Paraguay,4701,4800,Decreciente,Recoleccion De Contenedores Verdes,98.36,2,14,Palermo
2RECLDN8411F6,"Justo, Juan B. Av.",1101,1200,Doble,Recoleccion De Contenedores Verdes,120.56,2,14,Palermo
2RECLDN8411F6,"Justo, Juan B. Av.",1501,1600,Doble,Recoleccion De Contenedores Verdes,116.49,2,14,Palermo
2RECLDN8411F6,"Scalabrini Ortiz, Raul Av.",2101,2200,Doble,Recoleccion De Contenedores Verdes,79.84,2,14,Palermo
2RECLDN8411F6,"Scalabrini Ortiz, Raul Av.",1601,1700,Doble,Recoleccion De Contenedores Verdes,114.04,2,14,Palermo
2RECLDN8410F6,Las Heras General Av.,1901,2000,Doble,Recoleccion De Contenedores Verdes,136.06,2,2,Recoleta
2RECLDN8411F6,Paraguay,5001,5100,Creciente,Recoleccion De Contenedores Verdes,125.51,2,14,Palermo
2RECLDN8411F6,Guemes,4601,4700,Decreciente,Recoleccion De Contenedores Verdes,93.68,2,14,Palermo
2RECLDN8411F6,Godoy Cruz,2401,2500,Creciente,Recoleccion De Contenedores Verdes,144.57,2,14,Palermo
2RECLDN8411F6,Nicaragua,5501,5600,Decreciente,Recoleccion De Contenedores Verdes,116.79,2,14,Palermo
2RECLDN8411F6,Guemes,4401,4500,Decreciente,Recoleccion De Contenedores Verdes,117.7,2,14,Palermo
2RECLDN8411F6,Charcas,4401,4500,Creciente,Recoleccion De Contenedores Verdes,105.23,2,14,Palermo
2RECLDN8411F6,Uriarte,2201,2300,Creciente,Recoleccion De Contenedores Verdes,146.96,2,14,Palermo
2RECLDN8411F6,Humboldt,1801,1900,Creciente,Recoleccion De Contenedores Verdes,105.89,2,14,Palermo
2RECLDN8411F6,El Salvador,5501,5600,Creciente,Recoleccion De Contenedores Verdes,116.5,2,14,Palermo
2RECLDN8411F6,Charcas,4235,4300,Creciente,Recoleccion De Contenedores Verdes,87.5,2,14,Palermo
2RECLDN8411F6,Soler,5001,5100,Creciente,Recoleccion De Contenedores Verdes,97.64,2,14,Palermo
2RECLDN8411F6,Charcas,4177,4200,Creciente,Recoleccion De Contenedores Verdes,28.2,2,14,Palermo
2RECLDN8411F6,Thames,2101,2200,Decreciente,Recoleccion De Contenedores Verdes,145.21,2,14,Palermo
2RECLDN8411F6,Nicaragua,5001,5100,Decreciente,Recoleccion De Contenedores Verdes,69.59,2,14,Palermo
2RECLDN8411F6,Gurruchaga,2201,2300,Decreciente,Recoleccion De Contenedores Verdes,151.6,2,14,Palermo
2RECLDN8411F6,Thames,1801,1900,Decreciente,Recoleccion De Contenedores Verdes,135.22,2,14,Palermo
2RECLDN8411F6,Armenia,2101,2200,Creciente,Recoleccion De Contenedores Verdes,152.97,2,14,Palermo
2RECLDN8411F6,"Vega, Niceto, Cnel. Av.",5452,5511,Decreciente,Recoleccion De Contenedores Verdes,22.16,2,14,Palermo
2RECLDN8411F6,Paraguay,4101,4200,Decreciente,Recoleccion De Contenedores Verdes,134.04,2,14,Palermo
2RECLDN8411F6,"Cabrera, Jose A.",5301,5400,Creciente,Recoleccion De Contenedores Verdes,103.81,2,14,Palermo
2RECLDN8411F6,Costa Rica,4601,4700,Decreciente,Recoleccion De Contenedores Verdes,118.73,2,14,Palermo
2RECLDN8410F6,Austria,2001,2100,Creciente,Recoleccion De Contenedores Verdes,143.69,2,2,Recoleta
2RECLDN8411F6,Nicaragua,4501,4600,Decreciente,Recoleccion De Contenedores Verdes,130.84,2,14,Palermo
2RECLDN8411F6,Thames,1401,1500,Decreciente,Recoleccion De Contenedores Verdes,105.74,2,14,Palermo
2RECLDN8411F6,Uriarte,1301,1400,Decreciente,Recoleccion De Contenedores Verdes,151.45,2,14,Palermo
2RECLDN8411F6,Soler,4301,4400,Creciente,Recoleccion De Contenedores Verdes,81.7,2,14,Palermo
2RECLDN8410F6,Beruti,3001,3100,Creciente,Recoleccion De Contenedores Verdes,141.26,2,2,Recoleta
2RECLDN8411F6,Serrano,1451,1500,Creciente,Recoleccion De Contenedores Verdes,59.02,2,14,Palermo
2RECLDN8411F6,Nicaragua,4401,4500,Decreciente,Recoleccion De Contenedores Verdes,132.56,2,14,Palermo
2RECLDN8410F6,Arenales,3001,3100,Decreciente,Recoleccion De Contenedores Verdes,134.56,2,2,Recoleta
2RECLDN8410F6,Beruti,2901,3000,Creciente,Recoleccion De Contenedores Verdes,113.46,2,2,Recoleta
2RECLDN8411F6,Armenia,1501,1600,Creciente,Recoleccion De Contenedores Verdes,117.24,2,14,Palermo
2RECLDN8411F6,Serrano,1301,1400,Creciente,Recoleccion De Contenedores Verdes,147.6,2,14,Palermo
2RECLDN8411F6,"Vega, Niceto, Cnel.",5001,5100,Decreciente,Recoleccion De Contenedores Verdes,110.57,2,14,Palermo
2RECLDN8410F6,Austria,1701,1800,Creciente,Recoleccion De Contenedores Verdes,112.54,2,2,Recoleta
2RECLDN8410F6,Juncal,2501,2600,Decreciente,Recoleccion De Contenedores Verdes,103.6,2,2,Recoleta
2RECLDN8410F6,Guido,1601,1700,Decreciente,Recoleccion De Contenedores Verdes,126.99,2,2,Recoleta
2RECLDN8410F6,Aguero,1601,1700,Decreciente,Recoleccion De Contenedores Verdes,124.03,2,2,Recoleta
2RECLDN8410F6,Beruti,2701,2800,Creciente,Recoleccion De Contenedores Verdes,111.17,2,2,Recoleta
2RECLDN8410F6,Ayacucho,1501,1600,Creciente,Recoleccion De Contenedores Verdes,131.06,2,2,Recoleta
2RECLDN8410F6,Junin,1401,1500,Decreciente,Recoleccion De Contenedores Verdes,139.95,2,2,Recoleta
2RECLDN8411F6,Gorriti,4601,4700,Decreciente,Recoleccion De Contenedores Verdes,135.67,2,14,Palermo
2RECLDN8411F6,Armenia,1301,1400,Creciente,Recoleccion De Contenedores Verdes,140.2,2,14,Palermo
2RECLDN8410F6,Laprida,1401,1500,Decreciente,Recoleccion De Contenedores Verdes,126.14,2,2,Recoleta
2RECLDN8410F6,Ayacucho,1401,1500,Creciente,Recoleccion De Contenedores Verdes,135.22,2,2,Recoleta
2RECLDN8410F6,Parana,1301,1400,Creciente,Recoleccion De Contenedores Verdes,53.81,2,2,Recoleta
2RECLDN8411F6,Malabia,1301,1400,Decreciente,Recoleccion De Contenedores Verdes,135.98,2,14,Palermo
2RECLDN8410F6,Arenales,2501,2600,Decreciente,Recoleccion De Contenedores Verdes,119.39,2,2,Recoleta
2RECLDN8410F6,"Anchorena, Tomas Manuel De, Dr.",1401,1500,Creciente,Recoleccion De Contenedores Verdes,125.72,2,2,Recoleta
2RECLDN8411F6,Gorriti,4401,4500,Decreciente,Recoleccion De Contenedores Verdes,113.41,2,14,Palermo
2RECLDN8410F6,Larrea,1201,1250,Creciente,Recoleccion De Contenedores Verdes,94.22,2,2,Recoleta
2RECLDN8410F6,Azcuenaga,1201,1300,Decreciente,Recoleccion De Contenedores Verdes,92.35,2,2,Recoleta
2RECLDN8410F6,Arenales,2001,2100,Decreciente,Recoleccion De Contenedores Verdes,117.19,2,2,Recoleta
2RECLDN8410F6,Arenales,1501,1550,Decreciente,Recoleccion De Contenedores Verdes,57.95,2,2,Recoleta
2RECLDN8410F6,Callao Av.,1201,1300,Creciente,Recoleccion De Contenedores Verdes,113.52,2,2,Recoleta
2RECLDN8410F6,Junin,1101,1200,Decreciente,Recoleccion De Contenedores Verdes,124.67,2,2,Recoleta
2RECLDN8410F6,"Alvear, Marcelo T. De",2401,2500,Creciente,Recoleccion De Contenedores Verdes,125.22,2,2,Recoleta
2RECLDN8410F6,"Mansilla, Lucio Norberto, General",2501,2600,Decreciente,Recoleccion De Contenedores Verdes,148.32,2,2,Recoleta
2RECLDN8410F6,Azcuenaga,1001,1100,Decreciente,Recoleccion De Contenedores Verdes,196.12,2,2,Recoleta
2RECLDN8410F6,"Cabrera, Jose A.",3301,3400,Decreciente,Recoleccion De Contenedores Verdes,114.14,2,2,Recoleta
2RECLDN8410F6,"Cabrera, Jose A.",3101,3200,Decreciente,Recoleccion De Contenedores Verdes,138.38,2,2,Recoleta
2RECLDN8410F6,"Alvear, Marcelo T. De",2201,2300,Creciente,Recoleccion De Contenedores Verdes,134.06,2,2,Recoleta
2RECLDN8410F6,"Alvear, Marcelo T. De",1601,1680,Creciente,Recoleccion De Contenedores Verdes,142.83,2,2,Recoleta
2RECLDN8410F6,Callao Av.,1001,1100,Creciente,Recoleccion De Contenedores Verdes,152.8,2,2,Recoleta
2RECLDN8410F6,Cordoba Av.,2901,3000,Creciente,Recoleccion De Contenedores Verdes,117.19,2,2,Recoleta
2RECLDN8410F6,Paraguay,1601,1680,Decreciente,Recoleccion De Contenedores Verdes,124.78,2,2,Recoleta
2RECLDN8410F6,Ayacucho,901,1000,Creciente,Recoleccion De Contenedores Verdes,157.58,2,2,Recoleta
2RECLDN8410F6,Callao Av.,901,1000,Creciente,Recoleccion De Contenedores Verdes,165.15,2,2,Recoleta
2RECLDN8410F6,"Uriburu Jose E., Pres.",801,900,Creciente,Recoleccion De Contenedores Verdes,168.69,2,2,Recoleta
2RECLDN8410F6,Charcas,2901,3000,Creciente,Recoleccion De Contenedores Verdes,115.01,2,2,Recoleta
2RECLDN8410F6,Cordoba Av.,2401,2500,Creciente,Recoleccion De Contenedores Verdes,137.72,2,2,Recoleta
2RECLDN8411F6,"Justo, Juan B. Av.",1001,1100,Doble,Recoleccion De Contenedores Verdes,81.17,2,14,Palermo
2RECLDN8411F6,"Justo, Juan B. Av.",1201,1300,Doble,Recoleccion De Contenedores Verdes,154.75,2,14,Palermo
2RECLDN8410F6,Las Heras General Av.,2001,2100,Doble,Recoleccion De Contenedores Verdes,120.38,2,2,Recoleta
2RECLDN8411F6,"Scalabrini Ortiz, Raul Av.",1201,1300,Doble,Recoleccion De Contenedores Verdes,132.01,2,14,Palermo
2RECLDM8403F6,Arcos,3201,3300,Creciente,Recoleccion De Contenedores Verdes,100.43,2,13,Nuñez
2RECLDM8403F6,"Pedraza, Manuela",2301,2400,Decreciente,Recoleccion De Contenedores Verdes,108.21,2,13,Nuñez
2RECLDM8403F6,Cuba,3101,3200,Decreciente,Recoleccion De Contenedores Verdes,100.64,2,13,Nuñez
2RECLDM8403F6,O'higgins,2901,3000,Creciente,Recoleccion De Contenedores Verdes,137.66,2,13,Nuñez
2RECLDM8403F6,Vuelta De Obligado,3001,3100,Creciente,Recoleccion De Contenedores Verdes,99.84,2,13,Nuñez
2RECLDM8403F6,O'higgins,2701,2800,Decreciente,Recoleccion De Contenedores Verdes,118.67,2,13,Belgrano
2RECLDM8403F6,Quesada,2345,2400,Creciente,Recoleccion De Contenedores Verdes,93.55,2,13,Nuñez
2RECLDM8403F6,Quesada,2401,2500,Decreciente,Recoleccion De Contenedores Verdes,116.69,2,13,Nuñez
2RECLDM8403F6,Cuba,2701,2800,Decreciente,Recoleccion De Contenedores Verdes,128.58,2,13,Belgrano
2RECLDM8403F6,Congreso,2301,2400,Decreciente,Recoleccion De Contenedores Verdes,128.0,2,13,Belgrano
2RECLDM8403F6,Arcos,2601,2700,Creciente,Recoleccion De Contenedores Verdes,123.5,2,13,Belgrano
2RECLDM8403F6,O'higgins,2401,2500,Decreciente,Recoleccion De Contenedores Verdes,128.87,2,13,Belgrano
2RECLDM8403F6,Cuba,2501,2600,Decreciente,Recoleccion De Contenedores Verdes,125.56,2,13,Belgrano
2RECLDM8403F6,Arcos,2401,2500,Creciente,Recoleccion De Contenedores Verdes,128.91,2,13,Belgrano
2RECLDM8403F6,O'higgins,2301,2400,Decreciente,Recoleccion De Contenedores Verdes,126.79,2,13,Belgrano
2RECLDM8403F6,Vuelta De Obligado,2401,2500,Creciente,Recoleccion De Contenedores Verdes,128.72,2,13,Belgrano
2RECLDM8403F6,11 De Septiembre De 1888,2101,2200,Creciente,Recoleccion De Contenedores Verdes,133.36,2,13,Belgrano
2RECLDM8403F6,Arcos,2201,2300,Creciente,Recoleccion De Contenedores Verdes,126.59,2,13,Belgrano
2RECLDM8403F6,Mendoza,2101,2200,Decreciente,Recoleccion De Contenedores Verdes,102.32,2,13,Belgrano
2RECLDM8403F6,Ciudad De La Paz,2301,2400,Decreciente,Recoleccion De Contenedores Verdes,126.97,2,13,Belgrano
2RECLDM8403F6,La Pampa,1601,1700,Decreciente,Recoleccion De Contenedores Verdes,126.15,2,13,Belgrano
2RECLDM8403F6,Juramento Av.,2401,2500,Creciente,Recoleccion De Contenedores Verdes,110.51,2,13,Belgrano
2RECLDM8403F6,O'higgins,1801,1900,Decreciente,Recoleccion De Contenedores Verdes,128.88,2,13,Belgrano
2RECLDM8402F6,Migueletes,1301,1400,Decreciente,Recoleccion De Contenedores Verdes,66.82,2,14,Palermo
2RECLDM8403F6,3 De Febrero,1701,1800,Creciente,Recoleccion De Contenedores Verdes,128.29,2,13,Belgrano
2RECLDM8403F6,Cuba,1801,1900,Decreciente,Recoleccion De Contenedores Verdes,129.06,2,13,Belgrano
2RECLDM8403F6,"Loreto, Virrey",1601,1800,Creciente,Recoleccion De Contenedores Verdes,199.87,2,13,Belgrano
2RECLDM8403F6,Arribeños,1501,1600,Creciente,Recoleccion De Contenedores Verdes,126.54,2,13,Belgrano
2RECLDM8403F6,"Sucre, Antonio Jose De, Mcal.",2301,2400,Creciente,Recoleccion De Contenedores Verdes,113.4,2,13,Belgrano
2RECLDM8403F6,Arcos,1701,1800,Creciente,Recoleccion De Contenedores Verdes,127.78,2,13,Belgrano
2RECLDM8402F6,Soldado De La Independencia,1201,1300,Creciente,Recoleccion De Contenedores Verdes,117.13,2,14,Palermo
2RECLDM8403F6,3 De Febrero,1501,1600,Creciente,Recoleccion De Contenedores Verdes,126.69,2,13,Belgrano
2RECLDM8403F6,"Pino, Virrey Del",2101,2200,Decreciente,Recoleccion De Contenedores Verdes,101.15,2,13,Belgrano
2RECLDM8403F6,"Hernandez, Jose",2201,2300,Creciente,Recoleccion De Contenedores Verdes,96.52,2,13,Belgrano
2RECLDM8403F6,Vuelta De Obligado,1701,1800,Creciente,Recoleccion De Contenedores Verdes,127.46,2,13,Belgrano
2RECLDM8403F6,Zabala,1901,2000,Decreciente,Recoleccion De Contenedores Verdes,102.25,2,13,Belgrano
2RECLDM8403F6,11 De Septiembre De 1888,1401,1500,Decreciente,Recoleccion De Contenedores Verdes,126.83,2,13,Belgrano
2RECLDM8402F6,Migueletes,901,1000,Decreciente,Recoleccion De Contenedores Verdes,121.3,2,14,Palermo
2RECLDM8402F6,Soldado De La Independencia,1001,1100,Creciente,Recoleccion De Contenedores Verdes,143.99,2,14,Palermo
2RECLDM8403F6,11 De Septiembre De 1888,1301,1400,Decreciente,Recoleccion De Contenedores Verdes,126.36,2,14,Palermo
2RECLDM8402F6,Maure,1601,1700,Creciente,Recoleccion De Contenedores Verdes,118.12,2,14,Palermo
2RECLDM8403F6,"Pino, Virrey Del",2401,2500,Decreciente,Recoleccion De Contenedores Verdes,176.19,2,13,Belgrano
2RECLDM8402F6,Migueletes,701,800,Decreciente,Recoleccion De Contenedores Verdes,120.46,2,14,Palermo
2RECLDM8402F6,Villanueva,1101,1200,Creciente,Recoleccion De Contenedores Verdes,114.74,2,14,Palermo
2RECLDM8403F6,"Loreto, Virrey",2301,2400,Creciente,Recoleccion De Contenedores Verdes,87.86,2,13,Belgrano
2RECLDM8402F6,11 De Septiembre De 1888,1101,1200,Decreciente,Recoleccion De Contenedores Verdes,95.19,2,14,Palermo
2RECLDM8402F6,Gorostiaga,2001,2100,Decreciente,Recoleccion De Contenedores Verdes,83.56,2,14,Palermo
2RECLDM8402F6,Soldado De La Independencia,501,600,Creciente,Recoleccion De Contenedores Verdes,117.75,2,14,Palermo
2RECLDM8402F6,Ortega y Gasset,1701,1800,Creciente,Recoleccion De Contenedores Verdes,117.41,2,14,Palermo
2RECLDM8402F6,Maure,2201,2300,Creciente,Recoleccion De Contenedores Verdes,83.49,2,14,Palermo
2RECLDM8402F6,Arce,301,400,Creciente,Recoleccion De Contenedores Verdes,113.86,2,14,Palermo
2RECLDM8402F6,Zapata,601,700,Creciente,Recoleccion De Contenedores Verdes,107.27,2,13,Colegiales
2RECLDM8402F6,Baez,401,500,Decreciente,Recoleccion De Contenedores Verdes,93.57,2,14,Palermo
2RECLDM8402F6,Zapata,501,532,Creciente,Recoleccion De Contenedores Verdes,63.88,2,13,Colegiales
2RECLDM8402F6,Ciudad De La Paz,501,600,Decreciente,Recoleccion De Contenedores Verdes,163.38,2,13,Colegiales
2RECLDM8402F6,Ciudad De La Paz,301,400,Decreciente,Recoleccion De Contenedores Verdes,120.69,2,14,Palermo
2RECLDM8402F6,Dorrego,2501,2530,Decreciente,Recoleccion De Contenedores Verdes,64.27,2,14,Palermo
2RECLDM8402F6,"Ravignani, Emilio, Dr.",2301,2400,Creciente,Recoleccion De Contenedores Verdes,131.36,2,14,Palermo
2RECLDM8402F6,Fitz Roy,2401,2500,Decreciente,Recoleccion De Contenedores Verdes,166.67,2,14,Palermo
2RECLDM8402F6,Paraguay,5201,5300,Creciente,Recoleccion De Contenedores Verdes,129.47,2,14,Palermo
2RECLDM8401F6,Araoz,2901,3000,Creciente,Recoleccion De Contenedores Verdes,144.11,2,14,Palermo
2RECLDM8401F6,Beruti,3801,3900,Creciente,Recoleccion De Contenedores Verdes,147.54,2,14,Palermo
2RECLDM8401F6,Peña,3001,3100,Creciente,Recoleccion De Contenedores Verdes,155.62,2,2,Recoleta
2RECLDM8401F6,Santa Fe Av.,3501,3600,Doble,Recoleccion De Contenedores Verdes,109.04,2,14,Palermo
2RECLDM8401F6,Beruti,3401,3500,Creciente,Recoleccion De Contenedores Verdes,131.99,2,14,Palermo
2RECLDM8401F6,"Salguero, Jeronimo",2001,2100,Creciente,Recoleccion De Contenedores Verdes,109.44,2,14,Palermo
2RECLDM8401F6,French,3001,3100,Decreciente,Recoleccion De Contenedores Verdes,139.98,2,2,Recoleta
2RECLDM8401F6,Guemes,3801,3900,Decreciente,Recoleccion De Contenedores Verdes,106.34,2,14,Palermo
2RECLDM8401F6,Santa Fe Av.,3351,3400,Doble,Recoleccion De Contenedores Verdes,93.51,2,14,Palermo
2RECLDM8401F6,"Diaz, Cnel. Av.",2001,2100,Decreciente,Recoleccion De Contenedores Verdes,85.78,2,2,Palermo
2RECLDM8401F6,Paraguay,3945,4000,Decreciente,Recoleccion De Contenedores Verdes,103.43,2,14,Palermo
2RECLDM8401F6,Guemes,3501,3600,Decreciente,Recoleccion De Contenedores Verdes,97.83,2,14,Palermo
2RECLDM8401F6,Charcas,3401,3500,Creciente,Recoleccion De Contenedores Verdes,99.21,2,14,Palermo
2RECLDM8401F6,Vidt,1801,1900,Creciente,Recoleccion De Contenedores Verdes,70.29,2,14,Palermo
2RECLDM8401F6,"Mansilla, Lucio Norberto, General",3701,3800,Creciente,Recoleccion De Contenedores Verdes,137.74,2,14,Palermo
2RECLDM8401F6,Del Signo,4001,4100,Creciente,Recoleccion De Contenedores Verdes,134.28,2,14,Palermo
2RECLDM8401F6,Medrano,1501,1600,Decreciente,Recoleccion De Contenedores Verdes,83.07,2,14,Palermo
2RECLDM8401F6,"Alvarez, Julian",1701,1900,Decreciente,Recoleccion De Contenedores Verdes,264.68,2,14,Palermo
2RECLDM8401F6,Charcas,3301,3350,Creciente,Recoleccion De Contenedores Verdes,103.8,2,14,Palermo
2RECLDM8401F6,"Diaz, Cnel. Av.",1601,1700,Decreciente,Recoleccion De Contenedores Verdes,65.93,2,2,Palermo
2RECLDM8401F6,Paraguay,3501,3600,Decreciente,Recoleccion De Contenedores Verdes,98.75,2,14,Palermo
2RECLDM8401F6,Billinghurst,1501,1600,Creciente,Recoleccion De Contenedores Verdes,87.63,2,2,Recoleta
2RECLDM8401F6,Lavalleja,1501,1600,Creciente,Recoleccion De Contenedores Verdes,112.22,2,14,Palermo
2RECLDM8401F6,Soler,3601,3700,Creciente,Recoleccion De Contenedores Verdes,109.73,2,14,Palermo
2RECLDM8401F6,Honduras Av.,3701,3800,Creciente,Recoleccion De Contenedores Verdes,185.33,2,14,Palermo
2RECLDM8401F6,Honduras Av.,3901,4000,Creciente,Recoleccion De Contenedores Verdes,116.66,2,14,Palermo
2RECLDM8401F6,Lavalleja,1301,1400,Creciente,Recoleccion De Contenedores Verdes,115.99,2,14,Palermo
2RECLDM8401F6,Gorriti,4101,4200,Decreciente,Recoleccion De Contenedores Verdes,79.46,2,14,Palermo
2RECLDM8401F6,"Salguero, Jeronimo",1301,1400,Creciente,Recoleccion De Contenedores Verdes,152.12,2,14,Palermo
2RECLDM8401F6,Bulnes,1401,1500,Decreciente,Recoleccion De Contenedores Verdes,164.28,2,14,Palermo
2RECLDM8401F6,Gorriti,3501,3600,Decreciente,Recoleccion De Contenedores Verdes,111.45,2,2,Recoleta
2RECLDM8401F6,"Cabrera, Jose A.",3901,4000,Decreciente,Recoleccion De Contenedores Verdes,149.94,2,14,Palermo
2RECLDM8401F6,Cordoba Av.,4101,4200,Creciente,Recoleccion De Contenedores Verdes,141.83,2,14,Palermo
2RECLDM8401F6,Cordoba Av.,3701,3800,Creciente,Recoleccion De Contenedores Verdes,111.87,2,14,Palermo
2RECLDM8401F6,Cordoba Av.,3501,3600,Creciente,Recoleccion De Contenedores Verdes,115.59,2,14,Palermo
2RECLDM8401F6,"Mansilla, Lucio Norberto, General",3801,3900,Creciente,Recoleccion De Contenedores Verdes,109.41,2,14,Palermo
2RECLDM8402F6,3 De Febrero,801,900,Doble,Recoleccion De Contenedores Verdes,123.78,2,14,Palermo
2RECLDM8403F6,Cabildo Av.,2501,2600,Doble,Recoleccion De Contenedores Verdes,97.95,2,13,Belgrano
2RECLDM8403F6,Juramento Av.,2101,2200,Doble,Recoleccion De Contenedores Verdes,102.27,2,13,Belgrano
2RECLDM8403F6,Cabildo Av.,2101,2200,Doble,Recoleccion De Contenedores Verdes,129.29,2,13,Belgrano
2RECLDM8403F6,Cabildo Av.,2001,2100,Doble,Recoleccion De Contenedores Verdes,129.95,2,13,Belgrano
2RECLDM8402F6,Del Libertador Av.,4801,4900,Doble,Recoleccion De Contenedores Verdes,121.47,2,14,Palermo
2RECLDM8402F6,Del Libertador Av.,4601,4700,Doble,Recoleccion De Contenedores Verdes,120.29,2,14,Palermo
2RECLDM8402F6,Del Libertador Av.,4501,4600,Doble,Recoleccion De Contenedores Verdes,115.04,2,14,Palermo
2RECLDM8402F6,Del Libertador Av.,4401,4500,Doble,Recoleccion De Contenedores Verdes,118.15,2,14,Palermo
2RECLDM8402F6,Cabildo Av.,1101,1200,Doble,Recoleccion De Contenedores Verdes,117.57,2,13,Colegiales
2RECLDM8402F6,Zapata,11,100,Doble,Recoleccion De Contenedores Verdes,99.77,2,14,Palermo
2RECLDM8402F6,"Campos, Luis M. Av.",801,850,Doble,Recoleccion De Contenedores Verdes,68.89,2,14,Palermo
2RECLDM8402F6,"Campos, Luis M. Av.",701,800,Doble,Recoleccion De Contenedores Verdes,127.05,2,14,Palermo
2RECLDM8402F6,"Campos, Luis M. Av.",501,600,Doble,Recoleccion De Contenedores Verdes,124.35,2,14,Palermo
2RECLDM8402F6,"Campos, Luis M. Av.",401,500,Doble,Recoleccion De Contenedores Verdes,96.03,2,14,Palermo
2RECLDM8402F6,Cabildo Av.,301,400,Doble,Recoleccion De Contenedores Verdes,119.49,2,14,Palermo
2RECLDM8402F6,"Campos, Luis M. Av.",221,240,Doble,Recoleccion De Contenedores Verdes,31.74,2,14,Palermo
2RECLDM8401F6,Las Heras General Av.,3801,3900,Doble,Recoleccion De Contenedores Verdes,139.57,2,14,Palermo
2RECLDM8403F6,Cabildo Av.,1501,1550,Doble,Recoleccion De Contenedores Verdes,102.91,2,13,Belgrano
2RECLDM8402F6,Cabildo Av.,0,199,Creciente,Recoleccion De Contenedores Verdes,149.17,2,14,Palermo
2RECLDM8402F6,Del Libertador Av.,0,5200,Decreciente,Recoleccion De Contenedores Verdes,133.6,2,14,Palermo
2RECLDM8403F6,O'higgins,3101,3200,Decreciente,Recoleccion De Contenedores Verdes,101.2,2,13,Nuñez
2RECLDM8403F6,Arcos,3001,3100,Creciente,Recoleccion De Contenedores Verdes,97.08,2,13,Nuñez
2RECLDM8403F6,Quesada,2101,2200,Decreciente,Recoleccion De Contenedores Verdes,101.38,2,13,Nuñez
2RECLDM8403F6,"Ugarte, Manuel",2101,2200,Creciente,Recoleccion De Contenedores Verdes,101.62,2,13,Belgrano
2RECLDM8403F6,3 De Febrero,2401,2500,Creciente,Recoleccion De Contenedores Verdes,128.51,2,13,Belgrano
2RECLDM8403F6,Vuelta De Obligado,2601,2700,Creciente,Recoleccion De Contenedores Verdes,128.08,2,13,Belgrano
2RECLDM8403F6,Olazabal,1801,1900,Creciente,Recoleccion De Contenedores Verdes,70.23,2,13,Belgrano
2RECLDM8403F6,Roosevelt Franklin D.,2401,2500,Decreciente,Recoleccion De Contenedores Verdes,105.8,2,13,Belgrano
2RECLDM8403F6,3 De Febrero,2201,2300,Creciente,Recoleccion De Contenedores Verdes,126.05,2,13,Belgrano
2RECLDM8403F6,Cuba,2301,2400,Decreciente,Recoleccion De Contenedores Verdes,126.66,2,13,Belgrano
2RECLDM8403F6,3 De Febrero,2101,2200,Creciente,Recoleccion De Contenedores Verdes,119.2,2,13,Belgrano
2RECLDM8403F6,Blanco Encalada,2401,2500,Decreciente,Recoleccion De Contenedores Verdes,111.03,2,13,Belgrano
2RECLDM8403F6,Echeverria,1801,1900,Decreciente,Recoleccion De Contenedores Verdes,103.08,2,13,Belgrano
2RECLDM8403F6,O'higgins,2001,2100,Decreciente,Recoleccion De Contenedores Verdes,126.07,2,13,Belgrano
2RECLDM8403F6,3 De Febrero,1901,2000,Creciente,Recoleccion De Contenedores Verdes,128.77,2,13,Belgrano
2RECLDM8403F6,Echeverria,2001,2100,Decreciente,Recoleccion De Contenedores Verdes,100.5,2,13,Belgrano
2RECLDM8403F6,"Campos, Luis M. Av.",1601,1700,Decreciente,Recoleccion De Contenedores Verdes,127.49,2,13,Belgrano
2RECLDM8403F6,Vuelta De Obligado,1901,2000,Creciente,Recoleccion De Contenedores Verdes,127.96,2,13,Belgrano
2RECLDM8403F6,11 De Septiembre De 1888,1601,1700,Decreciente,Recoleccion De Contenedores Verdes,126.7,2,13,Belgrano
2RECLDM8403F6,"Hernandez, Jose",2001,2100,Creciente,Recoleccion De Contenedores Verdes,100.79,2,13,Belgrano
2RECLDM8403F6,O'higgins,1601,1700,Decreciente,Recoleccion De Contenedores Verdes,126.57,2,13,Belgrano
2RECLDM8402F6,Maure,1501,1600,Creciente,Recoleccion De Contenedores Verdes,125.81,2,14,Palermo
2RECLDM8402F6,Villanueva,1301,1400,Decreciente,Recoleccion De Contenedores Verdes,214.26,2,14,Palermo
2RECLDM8403F6,"Loreto, Virrey",2101,2200,Creciente,Recoleccion De Contenedores Verdes,94.02,2,13,Belgrano
2RECLDM8403F6,"Hernandez, Jose",2401,2500,Creciente,Recoleccion De Contenedores Verdes,136.37,2,13,Belgrano
2RECLDM8403F6,Zabala,2101,2200,Decreciente,Recoleccion De Contenedores Verdes,100.48,2,13,Belgrano
2RECLDM8402F6,Gorostiaga,1701,1800,Decreciente,Recoleccion De Contenedores Verdes,115.58,2,14,Palermo
2RECLDM8402F6,"Newbery, Jorge",1601,1700,Creciente,Recoleccion De Contenedores Verdes,117.64,2,14,Palermo
2RECLDM8402F6,"Garcia, Teodoro",2101,2200,Creciente,Recoleccion De Contenedores Verdes,108.03,2,14,Palermo
2RECLDM8402F6,Arce,901,1000,Creciente,Recoleccion De Contenedores Verdes,120.95,2,14,Palermo
2RECLDM8402F6,3 De Febrero,1201,1300,Creciente,Recoleccion De Contenedores Verdes,156.07,2,14,Palermo
2RECLDM8402F6,Villanueva,901,1000,Creciente,Recoleccion De Contenedores Verdes,164.01,2,14,Palermo
2RECLDM8402F6,Olleros,2201,2300,Creciente,Recoleccion De Contenedores Verdes,104.54,2,14,Palermo
2RECLDM8402F6,Republica De Eslovenia,1701,1800,Decreciente,Recoleccion De Contenedores Verdes,117.86,2,14,Palermo
2RECLDM8402F6,Baez,701,800,Decreciente,Recoleccion De Contenedores Verdes,120.94,2,14,Palermo
2RECLDM8402F6,Baez,601,700,Decreciente,Recoleccion De Contenedores Verdes,116.41,2,14,Palermo
2RECLDM8402F6,Olleros,2601,2700,Creciente,Recoleccion De Contenedores Verdes,104.44,2,13,Colegiales
2RECLDM8402F6,Baez,1,100,Decreciente,Recoleccion De Contenedores Verdes,93.53,2,14,Palermo
2RECLDM8402F6,Dorrego Av.,2801,2900,Doble,Recoleccion De Contenedores Verdes,162.05,2,14,Palermo
2RECLDM8402F6,Amenabar,401,600,Creciente,Recoleccion De Contenedores Verdes,258.77,2,13,Colegiales
2RECLDM8402F6,"Matienzo, Benjamin, Teniente",2601,2700,Creciente,Recoleccion De Contenedores Verdes,105.28,2,14,Palermo
2RECLDM8402F6,"Arenal, Concepcion",2401,2500,Creciente,Recoleccion De Contenedores Verdes,170.89,2,14,Palermo
2RECLDM8402F6,Charcas,5201,5300,Decreciente,Recoleccion De Contenedores Verdes,129.21,2,14,Palermo
2RECLDM8402F6,Paraguay,5401,5500,Creciente,Recoleccion De Contenedores Verdes,129.26,2,14,Palermo
2RECLDM8402F6,Santa Fe Av.,0,4900,Decreciente,Recoleccion De Contenedores Verdes,126.23,2,14,Palermo
2RECLDM8402F6,Humboldt,2401,2500,Creciente,Recoleccion De Contenedores Verdes,211.09,2,14,Palermo
2RECLDM8401F6,Republica Arabe Siria,2801,2900,Creciente,Recoleccion De Contenedores Verdes,96.03,2,14,Palermo
2RECLDM8401F6,Juncal,3501,3600,Decreciente,Recoleccion De Contenedores Verdes,97.63,2,14,Palermo
2RECLDM8401F6,Juncal,3401,3500,Decreciente,Recoleccion De Contenedores Verdes,100.88,2,14,Palermo
2RECLDM8401F6,Arenales,3701,3800,Decreciente,Recoleccion De Contenedores Verdes,107.46,2,14,Palermo
2RECLDM8401F6,Beruti,3601,3700,Creciente,Recoleccion De Contenedores Verdes,103.95,2,14,Palermo
2RECLDM8401F6,Peña,3101,3200,Creciente,Recoleccion De Contenedores Verdes,135.38,2,2,Recoleta
2RECLDM8401F6,Santa Fe Av.,3601,3700,Doble,Recoleccion De Contenedores Verdes,113.07,2,14,Palermo
2RECLDM8401F6,"Diaz, Cnel. Av.",2251,2300,Decreciente,Recoleccion De Contenedores Verdes,75.57,2,2,Palermo
2RECLDM8401F6,Juncal,3101,3200,Decreciente,Recoleccion De Contenedores Verdes,185.58,2,14,Palermo
2RECLDM8401F6,Arenales,3501,3600,Decreciente,Recoleccion De Contenedores Verdes,101.18,2,14,Palermo
2RECLDM8401F6,Araoz,2401,2500,Creciente,Recoleccion De Contenedores Verdes,175.52,2,14,Palermo
2RECLDM8401F6,Juncal,3001,3100,Decreciente,Recoleccion De Contenedores Verdes,111.14,2,2,Recoleta
2RECLDM8401F6,Santa Fe Av.,3301,3330,Doble,Recoleccion De Contenedores Verdes,75.59,2,14,Palermo
2RECLDM8401F6,Guemes,3701,3800,Decreciente,Recoleccion De Contenedores Verdes,135.73,2,14,Palermo
2RECLDM8401F6,Charcas,3701,3800,Creciente,Recoleccion De Contenedores Verdes,105.15,2,14,Palermo
2RECLDM8401F6,Santa Fe Av.,3101,3150,Doble,Recoleccion De Contenedores Verdes,79.34,2,2,Recoleta
2RECLDM8401F6,Guemes,3301,3400,Decreciente,Recoleccion De Contenedores Verdes,98.97,2,14,Palermo
2RECLDM8401F6,"Salguero, Jeronimo",1674,1700,Creciente,Recoleccion De Contenedores Verdes,53.17,2,14,Palermo
2RECLDM8401F6,Billinghurst,1701,1800,Creciente,Recoleccion De Contenedores Verdes,167.55,2,2,Recoleta
2RECLDM8401F6,Paraguay,3701,3800,Decreciente,Recoleccion De Contenedores Verdes,130.13,2,14,Palermo
2RECLDM8401F6,Costa Rica,4201,4300,Decreciente,Recoleccion De Contenedores Verdes,85.72,2,14,Palermo
2RECLDM8401F6,Charcas,3241,3300,Creciente,Recoleccion De Contenedores Verdes,87.47,2,2,Recoleta
2RECLDM8401F6,El Salvador,3801,3900,Creciente,Recoleccion De Contenedores Verdes,179.06,2,14,Palermo
2RECLDM8401F6,El Salvador,3901,4000,Creciente,Recoleccion De Contenedores Verdes,117.75,2,14,Palermo
2RECLDM8401F6,El Salvador,4101,4200,Creciente,Recoleccion De Contenedores Verdes,174.41,2,14,Palermo
2RECLDM8401F6,"Alvarez, Julian",1501,1600,Decreciente,Recoleccion De Contenedores Verdes,115.9,2,14,Palermo
2RECLDM8401F6,"Diaz, Cnel. Av.",1401,1500,Decreciente,Recoleccion De Contenedores Verdes,135.08,2,2,Palermo
2RECLDM8401F6,Honduras Av.,4101,4200,Creciente,Recoleccion De Contenedores Verdes,165.73,2,14,Palermo
2RECLDM8401F6,"Cabrera, Jose A.",4301,4400,Decreciente,Recoleccion De Contenedores Verdes,108.42,2,14,Palermo
2RECLDM8401F6,Gorriti,3901,4000,Decreciente,Recoleccion De Contenedores Verdes,139.36,2,14,Palermo
2RECLDM8401F6,"Bravo, Mario",1201,1300,Creciente,Recoleccion De Contenedores Verdes,117.07,2,2,Palermo
2RECLDM8401F6,Gorriti,3601,3700,Decreciente,Recoleccion De Contenedores Verdes,155.72,2,14,Palermo
2RECLDM8401F6,Cordoba Av.,4301,4400,Creciente,Recoleccion De Contenedores Verdes,121.39,2,14,Palermo
2RECLDM8401F6,"Cabrera, Jose A.",4001,4100,Decreciente,Recoleccion De Contenedores Verdes,100.76,2,14,Palermo
2RECLDM8401F6,Cordoba Av.,3901,4000,Creciente,Recoleccion De Contenedores Verdes,145.66,2,14,Palermo
2RECLDM8401F6,Cordoba Av.,3401,3500,Creciente,Recoleccion De Contenedores Verdes,125.73,2,2,Recoleta
2RECLDM8403F6,Arribeños,1701,1800,Creciente,Recoleccion De Contenedores Verdes,129.26,2,13,Belgrano
2RECLDM8403F6,Cabildo Av.,3101,3200,Doble,Recoleccion De Contenedores Verdes,101.75,2,13,Nuñez
2RECLDM8403F6,Cabildo Av.,2901,3000,Doble,Recoleccion De Contenedores Verdes,144.62,2,13,Nuñez
2RECLDM8403F6,Cabildo Av.,2774,2829,Doble,Recoleccion De Contenedores Verdes,33.95,2,13,Belgrano
2RECLDM8403F6,Juramento Av.,2301,2350,Doble,Recoleccion De Contenedores Verdes,50.51,2,13,Belgrano
2RECLDM8403F6,"Campos, Luis M. Av.",1501,1600,Doble,Recoleccion De Contenedores Verdes,128.03,2,13,Belgrano
2RECLDM8402F6,Del Libertador Av.,5001,5100,Doble,Recoleccion De Contenedores Verdes,156.64,2,14,Palermo
2RECLDM8402F6,"Campos, Luis M. Av.",1301,1400,Doble,Recoleccion De Contenedores Verdes,154.71,2,14,Palermo
2RECLDM8403F6,Cabildo Av.,1801,1900,Doble,Recoleccion De Contenedores Verdes,129.07,2,13,Belgrano
2RECLDM8402F6,Del Libertador Av.,4701,4800,Doble,Recoleccion De Contenedores Verdes,123.78,2,14,Palermo
2RECLDM8403F6,Cabildo Av.,1301,1400,Doble,Recoleccion De Contenedores Verdes,96.62,2,13,Belgrano
2RECLDM8402F6,Migueletes,501,600,Doble,Recoleccion De Contenedores Verdes,160.07,2,14,Palermo
2RECLDM8402F6,Cabildo Av.,1201,1300,Doble,Recoleccion De Contenedores Verdes,98.73,2,13,Colegiales
2RECLDM8402F6,Cabildo Av.,901,1000,Doble,Recoleccion De Contenedores Verdes,84.42,2,13,Colegiales
2RECLDM8402F6,Cabildo Av.,801,900,Doble,Recoleccion De Contenedores Verdes,87.34,2,13,Colegiales
2RECLDM8402F6,Del Libertador Av.,3901,4400,Doble,Recoleccion De Contenedores Verdes,676.84,2,14,Palermo
2RECLDM8402F6,Cabildo Av.,601,700,Doble,Recoleccion De Contenedores Verdes,93.8,2,13,Colegiales
2RECLDM8402F6,Cabildo Av.,401,500,Doble,Recoleccion De Contenedores Verdes,132.13,2,13,Colegiales
2RECLDM8402F6,Cabildo Av.,201,300,Doble,Recoleccion De Contenedores Verdes,133.21,2,14,Palermo
2RECLDM8402F6,Dorrego Av.,2651,2700,Doble,Recoleccion De Contenedores Verdes,98.65,2,14,Palermo
2RECLDM8402F6,Santa Fe Av.,5001,5100,Doble,Recoleccion De Contenedores Verdes,141.24,2,14,Palermo
2RECLDM8402F6,Santa Fe Av.,4901,5000,Doble,Recoleccion De Contenedores Verdes,77.53,2,14,Palermo
2RECLDM8401F6,Las Heras General Av.,3601,3700,Doble,Recoleccion De Contenedores Verdes,87.89,2,14,Palermo
2RECLDM8402F6,Dorrego Av.,2901,3000,Doble,Recoleccion De Contenedores Verdes,126.37,2,14,Palermo
2RECLDM8402F6,"Campos, Luis M. Av.",1101,1200,Doble,Recoleccion De Contenedores Verdes,118.86,2,14,Palermo
2RECLDM8402F6,Cabildo Av.,0,99,Creciente,Recoleccion De Contenedores Verdes,184.01,2,14,Palermo
3RECLDM8411F2,Estomba,2401,2500,Decreciente,Recoleccion De Contenedores Verdes,94.61,3,12,Villa Urquiza
3RECLDM8411F2,Plaza,2401,2500,Decreciente,Recoleccion De Contenedores Verdes,96.58,3,12,Villa Urquiza
3RECLDM8411F2,Monroe,4201,4300,Creciente,Recoleccion De Contenedores Verdes,104.24,3,12,Villa Urquiza
3RECLDM8411F2,Roosevelt Franklin D.,4501,4600,Doble,Recoleccion De Contenedores Verdes,104.21,3,12,Villa Urquiza
3RECLDM8411F2,Monroe,4401,4500,Creciente,Recoleccion De Contenedores Verdes,103.87,3,12,Villa Urquiza
3RECLDM8411F2,Valdenegro,2501,2600,Decreciente,Recoleccion De Contenedores Verdes,127.62,3,12,Villa Urquiza
3RECLDM8411F2,Miller,2401,2500,Creciente,Recoleccion De Contenedores Verdes,103.34,3,12,Villa Urquiza
3RECLDM8411F2,Monroe,4801,4900,Creciente,Recoleccion De Contenedores Verdes,193.81,3,12,Villa Urquiza
3RECLDM8411F2,Alvarez Thomas Av.,2901,3000,Creciente,Recoleccion De Contenedores Verdes,121.59,3,12,Villa Urquiza
3RECLDM8411F2,Fernandez Blanco,2301,2400,Doble,Recoleccion De Contenedores Verdes,118.56,3,12,Villa Urquiza
3RECLDM8411F2,Diaz Colodrero,2301,2400,Creciente,Recoleccion De Contenedores Verdes,106.85,3,12,Villa Urquiza
3RECLDM8411F2,Pacheco,2201,2300,Creciente,Recoleccion De Contenedores Verdes,117.3,3,12,Villa Urquiza
3RECLDM8411F2,Blanco Encalada,5001,5100,Creciente,Recoleccion De Contenedores Verdes,138.1,3,12,Villa Urquiza
3RECLDM8411F2,Mendoza,4801,4900,Decreciente,Recoleccion De Contenedores Verdes,214.38,3,12,Villa Urquiza
3RECLDM8411F2,Olazabal Av.,4901,5000,Decreciente,Recoleccion De Contenedores Verdes,68.94,3,12,Villa Urquiza
3RECLDM8411F2,Echeverria,4701,4800,Creciente,Recoleccion De Contenedores Verdes,127.39,3,12,Villa Urquiza
3RECLDM8412F2,Monroe,5401,5500,Creciente,Recoleccion De Contenedores Verdes,120.89,3,12,Villa Urquiza
3RECLDM8411F2,Fernandez Blanco,2001,2100,Doble,Recoleccion De Contenedores Verdes,180.1,3,12,Villa Urquiza
3RECLDM8411F2,Olazabal Av.,5101,5200,Decreciente,Recoleccion De Contenedores Verdes,112.33,3,12,Villa Urquiza
3RECLDM8411F2,Blanco Encalada,5201,5300,Creciente,Recoleccion De Contenedores Verdes,170.81,3,12,Villa Urquiza
3RECLDM8411F2,Juramento,4901,5000,Creciente,Recoleccion De Contenedores Verdes,132.06,3,12,Villa Urquiza
3RECLDM8411F2,Triunvirato Av.,4301,4400,Doble,Recoleccion De Contenedores Verdes,157.65,3,12,Villa Urquiza
3RECLDM8411F2,Olazabal Av.,5255,5330,Decreciente,Recoleccion De Contenedores Verdes,58.51,3,12,Villa Urquiza
3RECLDM8411F2,Combatientes De Malvinas Av.,3601,3650,Doble,Recoleccion De Contenedores Verdes,114.66,3,12,Villa Urquiza
3RECLDM8411F2,Alvarez Thomas Av.,2121,2200,Creciente,Recoleccion De Contenedores Verdes,80.94,3,15,Villa Ortuzar
3RECLDM8412F2,Blanco Encalada,5401,5500,Creciente,Recoleccion De Contenedores Verdes,119.82,3,12,Villa Urquiza
3RECLDM8411F2,Combatientes De Malvinas Av.,3521,3600,Doble,Recoleccion De Contenedores Verdes,90.45,3,15,Villa Ortuzar
3RECLDM8411F2,Juramento,5101,5200,Creciente,Recoleccion De Contenedores Verdes,112.47,3,12,Villa Urquiza
3RECLDM8411F2,Mendoza Av.,0,5399,Creciente,Recoleccion De Contenedores Verdes,111.92,3,12,Villa Urquiza
3RECLDM8412F2,Monroe,5701,5800,Creciente,Recoleccion De Contenedores Verdes,165.77,3,12,Villa Urquiza
3RECLDM8411F2,La Pampa,4902,5000,Decreciente,Recoleccion De Contenedores Verdes,88.29,3,12,Villa Urquiza
3RECLDM8411F2,Triunvirato Av.,4101,4200,Doble,Recoleccion De Contenedores Verdes,130.86,3,12,Villa Urquiza
3RECLDM8411F2,Lugones,1551,1600,Decreciente,Recoleccion De Contenedores Verdes,56.97,3,15,Villa Ortuzar
3RECLDM8412F2,Olazabal Av.,5401,5500,Decreciente,Recoleccion De Contenedores Verdes,119.91,3,12,Villa Urquiza
3RECLDM8411F2,Echeverria,5062,5100,Creciente,Recoleccion De Contenedores Verdes,72.22,3,12,Villa Urquiza
3RECLDM8412F2,Ceretti,2201,2300,Creciente,Recoleccion De Contenedores Verdes,106.98,3,12,Villa Urquiza
3RECLDM8412F2,Mendoza,5501,5600,Decreciente,Recoleccion De Contenedores Verdes,96.76,3,12,Villa Urquiza
3RECLDM8411F2,Juramento,5301,5400,Creciente,Recoleccion De Contenedores Verdes,111.54,3,12,Villa Urquiza
3RECLDM8411F2,Ginebra,3901,4000,Creciente,Recoleccion De Contenedores Verdes,137.37,3,15,Parque Chas
3RECLDM8412F2,"Lopez, Carlos Antonio",2101,2200,Creciente,Recoleccion De Contenedores Verdes,56.45,3,12,Villa Pueyrredon
3RECLDM8411F2,Echeverria,5201,5300,Creciente,Recoleccion De Contenedores Verdes,111.56,3,12,Villa Urquiza
3RECLDM8411F2,"Victorica, Benjamin, General, Av.",2431,2500,Decreciente,Recoleccion De Contenedores Verdes,68.16,3,15,Parque Chas
3RECLDM8411F2,Cadiz,4101,4120,Creciente,Recoleccion De Contenedores Verdes,20.06,3,15,Parque Chas
3RECLDM8411F2,Triunvirato Av.,3785,3842,Doble,Recoleccion De Contenedores Verdes,50.34,3,15,Parque Chas
3RECLDM8411F2,Lugones,1401,1500,Decreciente,Recoleccion De Contenedores Verdes,138.14,3,15,Villa Ortuzar
3RECLDM8412F2,Ladines,2401,2500,Doble,Recoleccion De Contenedores Verdes,129.85,3,12,Villa Pueyrredon
3RECLDM8412F2,Juramento,5501,5600,Creciente,Recoleccion De Contenedores Verdes,97.34,3,12,Villa Urquiza
3RECLDM8412F2,Ceretti,2101,2150,Decreciente,Recoleccion De Contenedores Verdes,68.22,3,12,Villa Urquiza
3RECLDM8411F2,Gandara,2351,2400,Doble,Recoleccion De Contenedores Verdes,62.17,3,15,Parque Chas
3RECLDM8412F2,Caracas,4801,4900,Creciente,Recoleccion De Contenedores Verdes,117.48,3,12,Villa Pueyrredon
3RECLDM8412F2,De Los Constituyentes Av.,4601,4700,Doble,Recoleccion De Contenedores Verdes,114.72,3,12,Villa Pueyrredon
3RECLDM8412F2,Burela,2001,2100,Creciente,Recoleccion De Contenedores Verdes,143.98,3,12,Villa Urquiza
3RECLDM8411F2,Avalos,1651,1700,Creciente,Recoleccion De Contenedores Verdes,55.74,3,15,Parque Chas
3RECLDM8411F2,Echeverria,5401,5500,Creciente,Recoleccion De Contenedores Verdes,103.38,3,12,Villa Urquiza
3RECLDM8412F2,Zamudio,4801,4900,Decreciente,Recoleccion De Contenedores Verdes,117.6,3,12,Villa Pueyrredon
3RECLDM8411F2,Gamarra,1562,1600,Decreciente,Recoleccion De Contenedores Verdes,50.24,3,15,Parque Chas
3RECLDM8412F2,Terrada,5101,5200,Creciente,Recoleccion De Contenedores Verdes,101.08,3,12,Villa Pueyrredon
3RECLDM8412F2,De Los Constituyentes Av.,4501,4600,Doble,Recoleccion De Contenedores Verdes,104.48,3,12,Villa Pueyrredon
3RECLDM8412F2,Condarco,5001,5100,Decreciente,Recoleccion De Contenedores Verdes,108.12,3,12,Villa Pueyrredon
3RECLDM8412F2,Estado Plurinacional De Bolivia,4901,5000,Creciente,Recoleccion De Contenedores Verdes,117.63,3,12,Villa Pueyrredon
3RECLDM8411F2,"Victorica, Benjamin, General, Av.",2601,2650,Doble,Recoleccion De Contenedores Verdes,85.94,3,15,Parque Chas
3RECLDM8412F2,Echeverria,5601,5700,Creciente,Recoleccion De Contenedores Verdes,119.86,3,12,Villa Urquiza
3RECLDM8412F2,"Mistral, Gabriela",2201,2300,Creciente,Recoleccion De Contenedores Verdes,129.56,3,12,Villa Pueyrredon
3RECLDM8411F2,Gandara,2701,2800,Doble,Recoleccion De Contenedores Verdes,106.97,3,15,Parque Chas
3RECLDM8411F2,De Los Incas Av.,4601,4700,Doble,Recoleccion De Contenedores Verdes,144.43,3,15,Parque Chas
3RECLDM8412F2,La Gloria,1901,2000,Doble,Recoleccion De Contenedores Verdes,156.65,3,12,Villa Urquiza
3RECLDM8411F2,Gandara,2783,2840,Doble,Recoleccion De Contenedores Verdes,50.75,3,15,Parque Chas
3RECLDM8412F2,De Los Constituyentes Av.,4301,4400,Doble,Recoleccion De Contenedores Verdes,80.19,3,12,Villa Pueyrredon
3RECLDM8412F2,"Artigas, Jose Gervasio, Gral.",4701,4800,Doble,Recoleccion De Contenedores Verdes,121.89,3,12,Villa Pueyrredon
3RECLDM8412F2,Vallejos,2201,2300,Decreciente,Recoleccion De Contenedores Verdes,129.89,3,12,Villa Pueyrredon
3RECLDM8412F2,Nazca,5001,5100,Doble,Recoleccion De Contenedores Verdes,107.93,3,12,Villa Pueyrredon
3RECLDM8411F2,"Victorica, Benjamin, General, Av.",2701,2754,Doble,Recoleccion De Contenedores Verdes,50.05,3,15,Parque Chas
3RECLDM8412F2,Terrada,4901,5000,Creciente,Recoleccion De Contenedores Verdes,117.41,3,12,Villa Pueyrredon
3RECLDM8412F2,Condarco,4801,4900,Decreciente,Recoleccion De Contenedores Verdes,117.61,3,12,Villa Pueyrredon
3RECLDM8412F2,Mosconi General Av.,2501,2600,Decreciente,Recoleccion De Contenedores Verdes,129.22,3,12,Villa Pueyrredon
3RECLDM8412F2,Estado Plurinacional De Bolivia,4701,4800,Creciente,Recoleccion De Contenedores Verdes,121.58,3,12,Villa Pueyrredon
3RECLDM8412F2,Zamudio,4501,4600,Creciente,Recoleccion De Contenedores Verdes,99.99,3,12,Villa Pueyrredon
3RECLDM8412F2,Gavilan,4301,4400,Decreciente,Recoleccion De Contenedores Verdes,99.96,3,12,Villa Pueyrredon
3RECLDM8412F2,Ceretti,1801,1900,Decreciente,Recoleccion De Contenedores Verdes,135.12,3,12,Villa Urquiza
3RECLDM8412F2,Pareja,2101,2150,Creciente,Recoleccion De Contenedores Verdes,76.88,3,12,Villa Pueyrredon
3RECLDM8411F2,De Los Incas Av.,4801,4900,Doble,Recoleccion De Contenedores Verdes,114.25,3,15,Parque Chas
3RECLDM8412F2,"Artigas, Jose Gervasio, Gral.",4501,4600,Decreciente,Recoleccion De Contenedores Verdes,99.94,3,12,Villa Pueyrredon
3RECLDM8412F2,Caracas,4301,4400,Creciente,Recoleccion De Contenedores Verdes,99.9,3,12,Villa Pueyrredon
3RECLDM8412F2,Nazca,4801,4900,Doble,Recoleccion De Contenedores Verdes,117.54,3,12,Villa Pueyrredon
3RECLDM8412F2,Estado Plurinacional De Bolivia,4501,4600,Creciente,Recoleccion De Contenedores Verdes,99.88,3,12,Villa Pueyrredon
3RECLDM8412F2,Zamudio,4301,4400,Creciente,Recoleccion De Contenedores Verdes,99.85,3,12,Villa Pueyrredon
3RECLDM8412F2,Terrada,4601,4700,Creciente,Recoleccion De Contenedores Verdes,113.12,3,12,Villa Pueyrredon
3RECLDM8412F2,Condarco,4501,4600,Decreciente,Recoleccion De Contenedores Verdes,99.83,3,12,Villa Pueyrredon
3RECLDM8412F2,"Artigas, Jose Gervasio, Gral.",4301,4400,Decreciente,Recoleccion De Contenedores Verdes,99.79,3,12,Villa Pueyrredon
3RECLDM8412F2,Terrada,4501,4600,Creciente,Recoleccion De Contenedores Verdes,99.79,3,12,Villa Pueyrredon
3RECLDM8412F2,Condarco,4401,4500,Decreciente,Recoleccion De Contenedores Verdes,99.96,3,12,Villa Pueyrredon
3RECLDM8412F2,Zamudio,4101,4200,Creciente,Recoleccion De Contenedores Verdes,97.63,3,12,Villa Pueyrredon
3RECLDM8412F2,Nazca,4501,4600,Doble,Recoleccion De Contenedores Verdes,99.81,3,12,Villa Pueyrredon
3RECLDM8412F2,Estado Plurinacional De Bolivia,4201,4300,Creciente,Recoleccion De Contenedores Verdes,99.94,3,12,Villa Pueyrredon
3RECLDM8412F2,"Artigas, Jose Gervasio, Gral.",4101,4200,Decreciente,Recoleccion De Contenedores Verdes,98.78,3,12,Villa Pueyrredon
3RECLDM8412F2,Terrada,4301,4400,Creciente,Recoleccion De Contenedores Verdes,99.66,3,12,Villa Pueyrredon
3RECLDM8412F2,Condarco,4201,4300,Decreciente,Recoleccion De Contenedores Verdes,99.97,3,12,Villa Pueyrredon
3RECLDM8412F2,Nazca,4301,4400,Doble,Recoleccion De Contenedores Verdes,99.6,3,12,Villa Pueyrredon
3RECLDM8412F2,Terrada,4151,4200,Creciente,Recoleccion De Contenedores Verdes,47.54,3,12,Villa Pueyrredon
3RECLDM8412F2,Nazca,4101,4150,Doble,Recoleccion De Contenedores Verdes,51.58,3,12,Villa Pueyrredon
3RECLDM8410F2,"Beiro, Francisco Av.",3901,4000,Doble,Recoleccion De Contenedores Verdes,94.1,3,11,Villa Devoto
3RECLDM8410F2,"Varela, Jose Pedro",3801,3900,Decreciente,Recoleccion De Contenedores Verdes,148.43,3,11,Villa Devoto
3RECLDM8410F2,Mercedes,3401,3500,Creciente,Recoleccion De Contenedores Verdes,106.55,3,11,Villa Devoto
3RECLDM8410F2,Fernandez De Enciso,3701,3800,Decreciente,Recoleccion De Contenedores Verdes,142.72,3,11,Villa Devoto
3RECLDM8410F2,Nueva York,4501,4600,Creciente,Recoleccion De Contenedores Verdes,144.92,3,11,Villa Devoto
3RECLDM8410F2,"Carril, Salvador Maria Del Av.",0,4699,Creciente,Recoleccion De Contenedores Verdes,145.09,3,11,Villa Devoto
3RECLDM8407F2,Alvarez Jonte,2001,2100,Creciente,Recoleccion De Contenedores Verdes,135.28,3,11,Villa Gral. Mitre
3RECLDM8410F2,Habana,4801,4900,Decreciente,Recoleccion De Contenedores Verdes,186.95,3,11,Villa Devoto
3RECLDM8410F2,Navarro,4201,4300,Creciente,Recoleccion De Contenedores Verdes,145.23,3,11,Villa Devoto
3RECLDM8410F2,"Cantilo, Jose Luis",4301,4400,Decreciente,Recoleccion De Contenedores Verdes,145.18,3,11,Villa Devoto
3RECLDM8410F2,"Moran, Pedro",4401,4500,Decreciente,Recoleccion De Contenedores Verdes,145.11,3,11,Villa Devoto
3RECLDM8409F2,Simbron,3901,4000,Creciente,Recoleccion De Contenedores Verdes,94.76,3,11,Villa Devoto
3RECLDM8410F2,"Beiro, Francisco Av.",4201,4300,Doble,Recoleccion De Contenedores Verdes,89.36,3,11,Villa Devoto
3RECLDM8410F2,Pareja,4801,4900,Creciente,Recoleccion De Contenedores Verdes,165.25,3,11,Villa Devoto
3RECLDM8410F2,"Varela, Jose Pedro",4151,4200,Decreciente,Recoleccion De Contenedores Verdes,73.14,3,11,Villa Devoto
3RECLDM8410F2,Asuncion,4601,4700,Creciente,Recoleccion De Contenedores Verdes,144.89,3,11,Villa Devoto
3RECLDM8409F2,Tinogasta,3951,4000,Decreciente,Recoleccion De Contenedores Verdes,66.19,3,11,Villa Devoto
3RECLDM8410F2,"Carril, Salvador Maria Del Av.",0,4899,Creciente,Recoleccion De Contenedores Verdes,145.49,3,11,Villa Devoto
3RECLDM8407F2,San Blas,2051,2100,Creciente,Recoleccion De Contenedores Verdes,69.96,3,11,Villa Gral. Mitre
3RECLDM8407F2,"Garcia, Juan Agustin",2201,2300,Decreciente,Recoleccion De Contenedores Verdes,124.21,3,11,Villa Gral. Mitre
3RECLDM8410F2,"Beiro, Francisco Av.",4301,4400,Doble,Recoleccion De Contenedores Verdes,120.45,3,11,Villa Devoto
3RECLDM8410F2,Navarro,4401,4500,Creciente,Recoleccion De Contenedores Verdes,145.03,3,11,Villa Devoto
3RECLDM8407F2,Alvarez Jonte,2301,2400,Creciente,Recoleccion De Contenedores Verdes,123.84,3,11,Villa Del Parque
3RECLDM8410F2,"Cantilo, Jose Luis",4501,4600,Creciente,Recoleccion De Contenedores Verdes,145.02,3,11,Villa Devoto
3RECLDM8410F2,Nueva York,4801,4900,Creciente,Recoleccion De Contenedores Verdes,124.26,3,11,Villa Devoto
3RECLDM8407F2,San Blas,2101,2200,Creciente,Recoleccion De Contenedores Verdes,124.22,3,11,Villa Gral. Mitre
3RECLDM8407F2,Biarritz,2601,2650,Creciente,Recoleccion De Contenedores Verdes,78.35,3,11,Villa Del Parque
3RECLDM8409F2,Simbron,4201,4300,Creciente,Recoleccion De Contenedores Verdes,94.48,3,11,Villa Devoto
3RECLDM8410F2,"Varela, Jose Pedro",4301,4400,Decreciente,Recoleccion De Contenedores Verdes,173.12,3,11,Villa Devoto
3RECLDM8410F2,"Beiro, Francisco Av.",4432,4500,Doble,Recoleccion De Contenedores Verdes,78.65,3,11,Villa Devoto
3RECLDM8410F2,"Carril, Salvador Maria Del Av.",0,4999,Creciente,Recoleccion De Contenedores Verdes,116.17,3,11,Villa Devoto
3RECLDM8410F2,Allende,3701,3800,Decreciente,Recoleccion De Contenedores Verdes,102.29,3,11,Villa Devoto
3RECLDM8410F2,"Moran, Pedro",4701,4800,Decreciente,Recoleccion De Contenedores Verdes,145.06,3,11,Villa Devoto
3RECLDM8407F2,Alvarez Jonte Av.,2501,2600,Creciente,Recoleccion De Contenedores Verdes,144.84,3,11,Villa Del Parque
3RECLDM8409F2,"Lozano, Pedro",4101,4200,Decreciente,Recoleccion De Contenedores Verdes,93.11,3,11,Villa Devoto
3RECLDM8409F2,Tinogasta,4201,4300,Decreciente,Recoleccion De Contenedores Verdes,146.13,3,11,Villa Devoto
3RECLDM8407F2,Camarones,2101,2200,Decreciente,Recoleccion De Contenedores Verdes,124.32,3,11,Villa Gral. Mitre
3RECLDM8410F2,Lastra Av.,3801,3900,Doble,Recoleccion De Contenedores Verdes,97.73,3,11,Villa Devoto
3RECLDM8410F2,Asuncion,4901,4950,Decreciente,Recoleccion De Contenedores Verdes,112.35,3,11,Villa Devoto
3RECLDM8407F2,San Blas,2301,2400,Creciente,Recoleccion De Contenedores Verdes,123.51,3,11,Villa Gral. Mitre
3RECLDM8409F2,Nazarre,4001,4100,Creciente,Recoleccion De Contenedores Verdes,102.65,3,11,Villa Devoto
3RECLDM8409F2,Segurola Av.,3101,3200,Decreciente,Recoleccion De Contenedores Verdes,117.94,3,11,Villa Devoto
3RECLDM8410F2,Cervantes,3821,3900,Doble,Recoleccion De Contenedores Verdes,46.5,3,11,Villa Devoto
3RECLDM8407F2,"Artigas, Jose Gervasio, Gral.",2001,2100,Creciente,Recoleccion De Contenedores Verdes,133.78,3,11,Villa Gral. Mitre
3RECLDM8409F2,Melincue,4001,4100,Creciente,Recoleccion De Contenedores Verdes,101.57,3,11,Villa Devoto
3RECLDM8407F2,Alvarez Jonte Av.,2801,2900,Creciente,Recoleccion De Contenedores Verdes,139.36,3,11,Villa Del Parque
3RECLDM8410F2,"Beiro, Francisco Av.",4601,4700,Doble,Recoleccion De Contenedores Verdes,145.17,3,11,Villa Devoto
3RECLDM8410F2,Navarro,4701,4800,Creciente,Recoleccion De Contenedores Verdes,144.95,3,11,Villa Devoto
3RECLDM8407F2,"Garcia, Juan Agustin",2651,2700,Decreciente,Recoleccion De Contenedores Verdes,67.46,3,11,Villa Gral. Mitre
3RECLDM8410F2,Nueva York,5001,5100,Doble,Recoleccion De Contenedores Verdes,172.72,3,11,Villa Devoto
3RECLDM8409F2,"Lozano, Pedro",4301,4400,Decreciente,Recoleccion De Contenedores Verdes,99.79,3,11,Villa Devoto
3RECLDM8410F2,"Varela, Jose Pedro",4501,4600,Decreciente,Recoleccion De Contenedores Verdes,144.99,3,11,Villa Devoto
3RECLDM8409F2,Simbron,4451,4500,Creciente,Recoleccion De Contenedores Verdes,95.01,3,11,Villa Devoto
3RECLDM8407F2,"Magariños Cervantes, A.",2201,2250,Creciente,Recoleccion De Contenedores Verdes,59.77,3,11,Villa Gral. Mitre
3RECLDM8409F2,Tinogasta,4401,4500,Decreciente,Recoleccion De Contenedores Verdes,166.9,3,11,Villa Devoto
3RECLDM8410F2,"Cantilo, Jose Luis",4851,4900,Creciente,Recoleccion De Contenedores Verdes,121.65,3,11,Villa Devoto
3RECLDM8409F2,Nazarre,4201,4300,Creciente,Recoleccion De Contenedores Verdes,147.2,3,11,Villa Devoto
3RECLDM8408F2,Alvarez Jonte Av.,3031,3050,Creciente,Recoleccion De Contenedores Verdes,33.89,3,11,Villa Del Parque
3RECLDM8408F2,Alvarez Jonte Av.,3051,3070,Creciente,Recoleccion De Contenedores Verdes,33.47,3,11,Villa Del Parque
3RECLDM8409F2,Nogoya,4001,4100,Decreciente,Recoleccion De Contenedores Verdes,100.29,3,11,Villa Devoto
3RECLDM8408F2,Helguera,2101,2200,Creciente,Recoleccion De Contenedores Verdes,65.72,3,11,Villa Del Parque
3RECLDM8410F2,Nueva York,5101,5177,Doble,Recoleccion De Contenedores Verdes,127.75,3,11,Villa Devoto
3RECLDM8407F2,"Gonzalez, Elpidio",2921,2940,Creciente,Recoleccion De Contenedores Verdes,27.25,3,11,Villa Santa Rita
3RECLDM8410F2,Bermudez,3401,3500,Creciente,Recoleccion De Contenedores Verdes,102.85,3,11,Villa Devoto
3RECLDM8410F2,"Varela, Jose Pedro",4601,4700,Decreciente,Recoleccion De Contenedores Verdes,145.19,3,11,Villa Devoto
3RECLDM8407F2,"Gonzalez, Elpidio",2941,2970,Creciente,Recoleccion De Contenedores Verdes,27.35,3,11,Villa Santa Rita
3RECLDM8409F2,Nogoya,4101,4200,Decreciente,Recoleccion De Contenedores Verdes,94.12,3,11,Villa Devoto
3RECLDM8407F2,San Blas,2601,2700,Creciente,Recoleccion De Contenedores Verdes,134.32,3,11,Villa Gral. Mitre
3RECLDM8408F2,Alvarez Jonte Av.,3201,3280,Creciente,Recoleccion De Contenedores Verdes,93.45,3,11,Villa Del Parque
3RECLDM8410F2,Asuncion,5101,5150,Decreciente,Recoleccion De Contenedores Verdes,82.63,3,11,Villa Devoto
3RECLDM8409F2,Tinogasta,4551,4600,Decreciente,Recoleccion De Contenedores Verdes,94.97,3,11,Villa Devoto
3RECLDM8407F2,"Diaz, Cesar, Gral.",2201,2250,Decreciente,Recoleccion De Contenedores Verdes,59.4,3,11,Villa Gral. Mitre
3RECLDM8410F2,"Moran, Pedro",5001,5100,Decreciente,Recoleccion De Contenedores Verdes,172.59,3,11,Villa Devoto
3RECLDM8407F2,Boyaca,1701,1800,Creciente,Recoleccion De Contenedores Verdes,130.9,3,11,Villa Gral. Mitre
3RECLDM8409F2,Simbron,4601,4650,Creciente,Recoleccion De Contenedores Verdes,72.64,3,11,Villa Devoto
3RECLDM8407F2,"Garcia, Juan Agustin",2801,2900,Decreciente,Recoleccion De Contenedores Verdes,135.64,3,11,Villa Santa Rita
3RECLDM8407F2,Camarones,2501,2600,Decreciente,Recoleccion De Contenedores Verdes,141.66,3,11,Villa Gral. Mitre
3RECLDM8410F2,"Beiro, Francisco Av.",4801,4900,Doble,Recoleccion De Contenedores Verdes,151.54,3,11,Villa Devoto
3RECLDM8410F2,Navarro,4901,5000,Creciente,Recoleccion De Contenedores Verdes,112.95,3,11,Villa Devoto
3RECLDM8409F2,Melincue,4301,4400,Creciente,Recoleccion De Contenedores Verdes,102.23,3,11,Villa Devoto
3RECLDM8407F2,"Garcia, Juan Agustin",2929,2954,Decreciente,Recoleccion De Contenedores Verdes,27.3,3,11,Villa Santa Rita
3RECLDM8409F2,Segurola Av.,2801,2850,Decreciente,Recoleccion De Contenedores Verdes,52.08,3,11,Villa Devoto
3RECLDM8407F2,"Garcia, Juan Agustin",2955,2982,Decreciente,Recoleccion De Contenedores Verdes,27.21,3,11,Villa Santa Rita
3RECLDM8409F2,"Lozano, Pedro",4501,4600,Decreciente,Recoleccion De Contenedores Verdes,157.31,3,11,Villa Devoto
3RECLDM8408F2,Cuenca,2049,2078,Decreciente,Recoleccion De Contenedores Verdes,27.33,3,11,Villa Santa Rita
3RECLDM8410F2,"Moran, Pedro",5152,5170,Decreciente,Recoleccion De Contenedores Verdes,44.91,3,11,Villa Devoto
3RECLDM8408F2,Argerich,2101,2200,Decreciente,Recoleccion De Contenedores Verdes,128.8,3,11,Villa Santa Rita
3RECLDM8408F2,Cuenca,2022,2050,Decreciente,Recoleccion De Contenedores Verdes,27.3,3,11,Villa Santa Rita
3RECLDM8408F2,Helguera,1955,1980,Creciente,Recoleccion De Contenedores Verdes,31.82,3,11,Villa Santa Rita
3RECLDM8410F2,"Cantilo, Jose Luis",5101,5130,Creciente,Recoleccion De Contenedores Verdes,83.11,3,11,Villa Devoto
3RECLDM8407F2,San Blas,2801,2900,Creciente,Recoleccion De Contenedores Verdes,135.69,3,11,Villa Santa Rita
3RECLDM8409F2,Baigorria,4241,4270,Creciente,Recoleccion De Contenedores Verdes,47.18,3,11,Villa Devoto
3RECLDM8408F2,Helguera,1917,1954,Creciente,Recoleccion De Contenedores Verdes,31.0,3,11,Villa Santa Rita
3RECLDM8407F2,"Escalada De San Martin, R.",2251,2300,Creciente,Recoleccion De Contenedores Verdes,59.59,3,11,Villa Gral. Mitre
3RECLDM8409F2,Simbron,4701,4800,Creciente,Recoleccion De Contenedores Verdes,145.15,3,11,Villa Devoto
3RECLDM8409F2,Melincue,4401,4500,Creciente,Recoleccion De Contenedores Verdes,187.56,3,11,Villa Devoto
3RECLDM8409F2,Tinogasta,4751,4800,Decreciente,Recoleccion De Contenedores Verdes,72.6,3,11,Villa Devoto
3RECLDM8407F2,Camarones,2701,2800,Decreciente,Recoleccion De Contenedores Verdes,142.54,3,11,Villa Santa Rita
3RECLDM8410F2,Asuncion,5261,5300,Decreciente,Recoleccion De Contenedores Verdes,77.54,3,11,Villa Devoto
3RECLDM8407F2,"Justo, Juan B. Av.",4951,5000,Doble,Recoleccion De Contenedores Verdes,59.9,3,11,Villa Gral. Mitre
3RECLDM8410F2,"Varela, Jose Pedro",4901,5000,Decreciente,Recoleccion De Contenedores Verdes,91.63,3,11,Villa Devoto
3RECLDM8408F2,"Gonzalez, Elpidio",3243,3300,Creciente,Recoleccion De Contenedores Verdes,68.64,3,11,Villa Santa Rita
3RECLDM8409F2,Allende,3151,3200,Decreciente,Recoleccion De Contenedores Verdes,48.65,3,11,Villa Devoto
3RECLDM8407F2,"Magariños Cervantes, A.",2601,2700,Creciente,Recoleccion De Contenedores Verdes,134.41,3,11,Villa Gral. Mitre
3RECLDM8408F2,Alvarez Jonte Av.,3451,3500,Creciente,Recoleccion De Contenedores Verdes,65.02,3,11,Villa Del Parque
3RECLDM8410F2,"Beiro, Francisco Av.",5001,5100,Doble,Recoleccion De Contenedores Verdes,174.7,3,11,Villa Devoto
3RECLDM8408F2,"Garcia, Juan Agustin",3101,3200,Decreciente,Recoleccion De Contenedores Verdes,136.63,3,11,Villa Santa Rita
3RECLDM8409F2,Nazarre,4601,4700,Creciente,Recoleccion De Contenedores Verdes,144.46,3,11,Villa Devoto
3RECLDM8409F2,"Juarez, Benito",3001,3050,Creciente,Recoleccion De Contenedores Verdes,47.86,3,11,Villa Devoto
3RECLDM8407F2,"Diaz, Cesar, Gral.",2501,2600,Decreciente,Recoleccion De Contenedores Verdes,141.26,3,11,Villa Gral. Mitre
3RECLDM8410F2,"Cantilo, Jose Luis",5231,5270,Creciente,Recoleccion De Contenedores Verdes,53.81,3,11,Villa Devoto
3RECLDM8409F2,Nogoya,4501,4542,Decreciente,Recoleccion De Contenedores Verdes,53.03,3,11,Villa Devoto
3RECLDM8407F2,"Escalada De San Martin, R.",2401,2500,Creciente,Recoleccion De Contenedores Verdes,126.95,3,11,Villa Gral. Mitre
3RECLDM8408F2,San Blas,3001,3100,Creciente,Recoleccion De Contenedores Verdes,137.25,3,11,Villa Santa Rita
3RECLDM8409F2,"Lozano, Pedro",4801,4864,Creciente,Recoleccion De Contenedores Verdes,68.73,3,11,Villa Devoto
3RECLDM8408F2,"Garcia, Juan Agustin",3251,3300,Decreciente,Recoleccion De Contenedores Verdes,68.16,3,11,Villa Santa Rita
3RECLDM8407F2,Camarones,2901,3000,Decreciente,Recoleccion De Contenedores Verdes,140.43,3,11,Villa Santa Rita
3RECLDM8407F2,"Justo, Juan B. Av.",5101,5200,Doble,Recoleccion De Contenedores Verdes,123.41,3,11,Villa Gral. Mitre
3RECLDM8409F2,Quevedo,3201,3300,Decreciente,Recoleccion De Contenedores Verdes,122.01,3,11,Villa Devoto
3RECLDM8409F2,Baigorria,4401,4500,Creciente,Recoleccion De Contenedores Verdes,184.39,3,11,Villa Devoto
3RECLDM8408F2,"Gonzalez, Elpidio",3451,3500,Creciente,Recoleccion De Contenedores Verdes,67.39,3,11,Villa Santa Rita
3RECLDM8409F2,Simbron,5001,5060,Creciente,Recoleccion De Contenedores Verdes,91.91,3,11,Villa Devoto
3RECLDM8407F2,"Magariños Cervantes, A.",2801,2900,Creciente,Recoleccion De Contenedores Verdes,135.78,3,11,Villa Santa Rita
3RECLDM8408F2,Miranda,3601,3699,Creciente,Recoleccion De Contenedores Verdes,101.66,3,11,Villa Del Parque
3RECLDM8407F2,Tres Arroyos,2201,2300,Creciente,Recoleccion De Contenedores Verdes,116.43,3,11,Villa Gral. Mitre
3RECLDM8409F2,Nogoya,4639,4665,Decreciente,Recoleccion De Contenedores Verdes,36.96,3,11,Villa Devoto
3RECLDM8410F2,"Beiro, Francisco Av.",5227,5260,Doble,Recoleccion De Contenedores Verdes,54.36,3,11,Villa Devoto
3RECLDM8409F2,"Varela, Jose Pedro",5101,5150,Decreciente,Recoleccion De Contenedores Verdes,61.13,3,11,Villa Devoto
3RECLDM8407F2,"Diaz, Cesar, Gral.",2701,2800,Decreciente,Recoleccion De Contenedores Verdes,142.65,3,11,Villa Santa Rita
3RECLDM8408F2,Alvarez Jonte Av.,3703,3800,Creciente,Recoleccion De Contenedores Verdes,100.86,3,11,Villa Del Parque
3RECLDM8409F2,Melincue,4701,4800,Creciente,Recoleccion De Contenedores Verdes,145.61,3,11,Villa Devoto
3RECLDM8407F2,Galicia,2101,2200,Decreciente,Recoleccion De Contenedores Verdes,124.69,3,11,Villa Gral. Mitre
3RECLDM8408F2,San Blas,3201,3300,Creciente,Recoleccion De Contenedores Verdes,136.81,3,11,Villa Santa Rita
3RECLDM8407F2,"Escalada De San Martin, R.",2601,2700,Creciente,Recoleccion De Contenedores Verdes,134.85,3,11,Villa Gral. Mitre
3RECLDM8408F2,Camarones,3101,3200,Decreciente,Recoleccion De Contenedores Verdes,136.77,3,11,Villa Santa Rita
3RECLDM8408F2,"Garcia, Juan Agustin",3501,3600,Decreciente,Recoleccion De Contenedores Verdes,70.11,3,11,Villa Santa Rita
3RECLDM8410F2,Lope De Vega Av.,3001,3100,Doble,Recoleccion De Contenedores Verdes,101.23,3,11,Villa Devoto
3RECLDM8408F2,"Gonzalez, Elpidio",3601,3700,Creciente,Recoleccion De Contenedores Verdes,134.45,3,11,Villa Santa Rita
3RECLDM8407F2,Tres Arroyos,2401,2500,Creciente,Recoleccion De Contenedores Verdes,123.78,3,11,Villa Gral. Mitre
3RECLDM8408F2,"Magariños Cervantes, A.",3001,3100,Creciente,Recoleccion De Contenedores Verdes,137.47,3,11,Villa Santa Rita
3RECLDM8409F2,"Varela, Jose Pedro",5201,5250,Decreciente,Recoleccion De Contenedores Verdes,67.57,3,11,Villa Devoto
3RECLDM8407F2,"Viale, Luis",2101,2200,Creciente,Recoleccion De Contenedores Verdes,124.68,3,11,Villa Gral. Mitre
3RECLDM8408F2,Miranda,3801,3900,Decreciente,Recoleccion De Contenedores Verdes,96.5,3,11,Villa Del Parque
3RECLDM8407F2,"Justo, Juan B. Av.",5301,5400,Doble,Recoleccion De Contenedores Verdes,161.57,3,11,Villa Gral. Mitre
3RECLDM8409F2,Nogoya,4851,4900,Decreciente,Recoleccion De Contenedores Verdes,35.3,3,11,Villa Devoto
3RECLDM8407F2,Galicia,2301,2400,Decreciente,Recoleccion De Contenedores Verdes,123.41,3,11,Villa Gral. Mitre
3RECLDM8409F2,Baigorria,4741,4770,Creciente,Recoleccion De Contenedores Verdes,46.81,3,11,Villa Devoto
3RECLDM8408F2,"Gonzalez, Elpidio",3701,3800,Creciente,Recoleccion De Contenedores Verdes,98.2,3,11,Villa Santa Rita
3RECLDM8408F2,San Blas,3440,3485,Creciente,Recoleccion De Contenedores Verdes,67.42,3,11,Villa Santa Rita
3RECLDM8409F2,"Lozano, Pedro",5030,5100,Creciente,Recoleccion De Contenedores Verdes,121.93,3,11,Villa Devoto
3RECLDM8407F2,"Escalada De San Martin, R.",2801,2900,Creciente,Recoleccion De Contenedores Verdes,135.86,3,11,Villa Santa Rita
3RECLDM8409F2,Tinogasta,5101,5160,Decreciente,Recoleccion De Contenedores Verdes,118.08,3,11,Villa Devoto
3RECLDM8407F2,"Viale, Luis",2201,2300,Creciente,Recoleccion De Contenedores Verdes,113.59,3,11,Villa Gral. Mitre
3RECLDM8408F2,Llavallol,1701,1750,Doble,Recoleccion De Contenedores Verdes,66.58,3,11,Villa Santa Rita
3RECLDM8409F2,Simbron,5201,5250,Creciente,Recoleccion De Contenedores Verdes,66.71,3,11,Villa Devoto
3RECLDM8408F2,"Diaz, Cesar, Gral.",3001,3100,Decreciente,Recoleccion De Contenedores Verdes,137.6,3,11,Villa Santa Rita
3RECLDM8407F2,"Belaustegui, Luis, Dr.",2701,2800,Decreciente,Recoleccion De Contenedores Verdes,142.54,3,11,Villa Santa Rita
3RECLDM8407F2,Condarco,1401,1500,Decreciente,Recoleccion De Contenedores Verdes,133.8,3,11,Villa Gral. Mitre
3RECLDM8408F2,Lausana,3301,3400,Decreciente,Recoleccion De Contenedores Verdes,105.0,3,11,Villa Santa Rita
3RECLDM8407F2,"Escalada De San Martin, R.",2951,3000,Creciente,Recoleccion De Contenedores Verdes,65.55,3,11,Villa Santa Rita
3RECLDM8408F2,"Lamarca, Emilio",1701,1800,Decreciente,Recoleccion De Contenedores Verdes,136.92,3,11,Villa Santa Rita
3RECLDM8407F2,Galicia,2501,2600,Decreciente,Recoleccion De Contenedores Verdes,141.15,3,11,Villa Gral. Mitre
3RECLDM8409F2,Melincue,5052,5100,Creciente,Recoleccion De Contenedores Verdes,86.32,3,11,Villa Devoto
3RECLDM8408F2,"Garcia, Juan Agustin",3801,3900,Decreciente,Recoleccion De Contenedores Verdes,96.37,3,11,Villa Santa Rita
3RECLDM8407F2,"Viale, Luis",2401,2500,Creciente,Recoleccion De Contenedores Verdes,120.61,3,11,Villa Gral. Mitre
3RECLDM8408F2,Helguera,1401,1500,Creciente,Recoleccion De Contenedores Verdes,133.59,3,11,Villa Santa Rita
3RECLDM8408F2,"Diaz, Cesar, Gral.",3201,3300,Decreciente,Recoleccion De Contenedores Verdes,136.98,3,11,Villa Santa Rita
3RECLDM8407F2,"Belaustegui, Luis, Dr.",2901,3000,Decreciente,Recoleccion De Contenedores Verdes,140.52,3,11,Villa Santa Rita
3RECLDM8408F2,Camarones,3501,3600,Decreciente,Recoleccion De Contenedores Verdes,134.27,3,11,Villa Santa Rita
3RECLDM8409F2,Nazarre,5142,5200,Decreciente,Recoleccion De Contenedores Verdes,97.42,3,11,Villa Devoto
3RECLDM8409F2,Baigorria,5001,5050,Creciente,Recoleccion De Contenedores Verdes,81.54,3,11,Villa Devoto
3RECLDM8407F2,Galicia,2701,2750,Decreciente,Recoleccion De Contenedores Verdes,70.35,3,11,Villa Santa Rita
3RECLDM8408F2,San Blas,3701,3800,Creciente,Recoleccion De Contenedores Verdes,96.65,3,11,Villa Santa Rita
3RECLDM8409F2,"Lozano, Pedro",5231,5300,Creciente,Recoleccion De Contenedores Verdes,117.4,3,11,Villa Devoto
3RECLDM8409F2,Lope De Vega Av.,2601,2700,Doble,Recoleccion De Contenedores Verdes,111.66,3,11,Villa Devoto
3RECLDM8409F2,Baigorria,5051,5100,Creciente,Recoleccion De Contenedores Verdes,92.13,3,11,Villa Devoto
3RECLDM8409F2,Cervantes,2401,2500,Decreciente,Recoleccion De Contenedores Verdes,111.31,3,11,Villa Devoto
3RECLDM8407F2,"Viale, Luis",2601,2700,Creciente,Recoleccion De Contenedores Verdes,134.95,3,11,Villa Gral. Mitre
3RECLDM8409F2,"Calderon De La Barca, Pedro",2451,2500,Creciente,Recoleccion De Contenedores Verdes,41.09,3,11,Villa Devoto
3RECLDM8408F2,"Escalada De San Martin, R.",3201,3300,Creciente,Recoleccion De Contenedores Verdes,137.04,3,11,Villa Santa Rita
3RECLDM8407F2,"Justo, Juan B. Av.",5601,5700,Doble,Recoleccion De Contenedores Verdes,146.07,3,11,Villa Santa Rita
3RECLDM8409F2,Nazarre,5242,5300,Decreciente,Recoleccion De Contenedores Verdes,117.23,3,11,Villa Devoto
3RECLDM8408F2,"Belaustegui, Luis, Dr.",3101,3200,Decreciente,Recoleccion De Contenedores Verdes,136.85,3,11,Villa Santa Rita
3RECLDM8408F2,Camarones,3701,3800,Decreciente,Recoleccion De Contenedores Verdes,96.89,3,11,Villa Santa Rita
3RECLDM8408F2,Tres Arroyos,3001,3100,Creciente,Recoleccion De Contenedores Verdes,136.92,3,11,Villa Santa Rita
3RECLDM8408F2,"Diaz, Cesar, Gral.",3501,3600,Decreciente,Recoleccion De Contenedores Verdes,134.07,3,11,Villa Santa Rita
3RECLDM8409F2,Baigorria,5155,5200,Creciente,Recoleccion De Contenedores Verdes,92.06,3,11,Villa Devoto
3RECLDM8408F2,"Justo, Juan B. Av.",5801,5900,Doble,Recoleccion De Contenedores Verdes,136.72,3,11,Villa Santa Rita
3RECLDM8407F2,"Viale, Luis",2801,2900,Creciente,Recoleccion De Contenedores Verdes,135.97,3,11,Villa Santa Rita
3RECLDM8408F2,San Nicolas,1401,1500,Creciente,Recoleccion De Contenedores Verdes,136.9,3,11,Villa Santa Rita
3RECLDM8408F2,"Belaustegui, Luis, Dr.",3301,3400,Decreciente,Recoleccion De Contenedores Verdes,130.24,3,11,Villa Santa Rita
3RECLDM8408F2,"Escalada De San Martin, R.",3401,3500,Creciente,Recoleccion De Contenedores Verdes,133.94,3,11,Villa Santa Rita
3RECLDM8408F2,Tres Arroyos,3201,3300,Creciente,Recoleccion De Contenedores Verdes,137.12,3,11,Villa Santa Rita
3RECLDM8407F2,"Viale, Luis",2901,3000,Creciente,Recoleccion De Contenedores Verdes,140.57,3,11,Villa Santa Rita
3RECLDM8408F2,"Escalada De San Martin, R.",3601,3700,Creciente,Recoleccion De Contenedores Verdes,96.73,3,11,Villa Santa Rita
3RECLDM8408F2,Galicia,3201,3310,Creciente,Recoleccion De Contenedores Verdes,137.1,3,11,Villa Santa Rita
3RECLDM8408F2,"Belaustegui, Luis, Dr.",3501,3600,Decreciente,Recoleccion De Contenedores Verdes,98.27,3,11,Villa Santa Rita
3RECLDM8408F2,"Viale, Luis",3101,3200,Creciente,Recoleccion De Contenedores Verdes,136.86,3,11,Villa Santa Rita
3RECLDM8408F2,Tres Arroyos,3401,3500,Creciente,Recoleccion De Contenedores Verdes,133.8,3,11,Villa Santa Rita
3RECLDM8408F2,"Justo, Juan B. Av.",6201,6300,Doble,Recoleccion De Contenedores Verdes,134.13,3,11,Villa Santa Rita
3RECLDM8408F2,Concordia,901,980,Creciente,Recoleccion De Contenedores Verdes,139.46,3,11,Villa Santa Rita
3RECLDM8408F2,Galicia,3601,3700,Creciente,Recoleccion De Contenedores Verdes,97.42,3,11,Villa Santa Rita
3RECLDM8408F2,Gaona Av.,4101,4200,Creciente,Recoleccion De Contenedores Verdes,98.08,3,11,Villa Santa Rita
3RECLDM8411F2,Monroe,5187,5214,Creciente,Recoleccion De Contenedores Verdes,25.78,3,12,Villa Urquiza
3RECLDM8411F2,Monroe,0,5244,Creciente,Recoleccion De Contenedores Verdes,25.78,3,12,Villa Urquiza
3RECLDM8411F2,Monroe,5201,5300,Creciente,Recoleccion De Contenedores Verdes,60.79,3,12,Villa Urquiza
3RECLDM8411F2,Mendoza Av.,0,5200,Decreciente,Recoleccion De Contenedores Verdes,112.29,3,12,Villa Urquiza
3RECLDM8411F2,Bauness,1501,1600,Decreciente,Recoleccion De Contenedores Verdes,96.67,3,15,Parque Chas
3RECLDM8407F2,"Magariños Cervantes, A.",2401,2500,Creciente,Recoleccion De Contenedores Verdes,130.13,3,11,Villa Gral. Mitre
3RECLDM8403F3,Tronador,2301,2400,Creciente,Recoleccion De Contenedores Verdes,132.19,3,12,Villa Urquiza
3RECLDM8403F3,Estomba,2201,2300,Decreciente,Recoleccion De Contenedores Verdes,124.18,3,12,Villa Urquiza
3RECLDM8403F3,Olazabal Av.,4001,4100,Decreciente,Recoleccion De Contenedores Verdes,103.86,3,12,Villa Urquiza
3RECLDM8403F3,Plaza,2201,2300,Decreciente,Recoleccion De Contenedores Verdes,121.4,3,12,Villa Urquiza
3RECLDM8403F3,Olazabal Av.,4101,4200,Decreciente,Recoleccion De Contenedores Verdes,106.33,3,12,Villa Urquiza
3RECLDM8403F3,Tronador,2101,2200,Creciente,Recoleccion De Contenedores Verdes,121.6,3,12,Villa Urquiza
3RECLDM8403F3,Estomba,2001,2050,Decreciente,Recoleccion De Contenedores Verdes,67.11,3,12,Villa Urquiza
3RECLDM8403F3,Lugones,2301,2400,Decreciente,Recoleccion De Contenedores Verdes,126.32,3,12,Villa Urquiza
3RECLDM8403F3,Plaza,2002,2100,Decreciente,Recoleccion De Contenedores Verdes,92.15,3,12,Villa Urquiza
3RECLDM8403F3,"Acha, Mariano, Gral.",2201,2300,Creciente,Recoleccion De Contenedores Verdes,119.53,3,12,Villa Urquiza
3RECLDM8403F3,Tronador,1951,2000,Creciente,Recoleccion De Contenedores Verdes,59.44,3,12,Villa Urquiza
3RECLDM8403F3,Donado,2101,2200,Decreciente,Recoleccion De Contenedores Verdes,121.53,3,12,Villa Urquiza
3RECLDM8403F3,"Sucre, Antonio Jose De, Mcal.",3901,4000,Creciente,Recoleccion De Contenedores Verdes,95.79,3,12,Villa Urquiza
3RECLDM8403F3,Echeverria,4102,4200,Decreciente,Recoleccion De Contenedores Verdes,65.74,3,12,Villa Urquiza
3RECLDM8403F3,Miller,2201,2300,Creciente,Recoleccion De Contenedores Verdes,125.22,3,12,Villa Urquiza
3RECLDM8403F3,Lugones,2101,2200,Decreciente,Recoleccion De Contenedores Verdes,121.42,3,12,Villa Urquiza
3RECLDM8403F3,Plaza,1851,1900,Decreciente,Recoleccion De Contenedores Verdes,58.13,3,12,Villa Urquiza
3RECLDM8403F3,"Acha, Mariano, Gral.",2001,2100,Creciente,Recoleccion De Contenedores Verdes,121.98,3,12,Villa Urquiza
3RECLDM8403F3,14 De Julio,1601,1700,Decreciente,Recoleccion De Contenedores Verdes,129.89,3,15,Villa Ortuzar
3RECLDM8403F3,Estomba,1701,1800,Decreciente,Recoleccion De Contenedores Verdes,148.39,3,15,Villa Ortuzar
3RECLDM8403F3,Heredia,1601,1700,Creciente,Recoleccion De Contenedores Verdes,150.85,3,15,Villa Ortuzar
3RECLDM8403F3,"Sucre, Antonio Jose De, Mcal.",4301,4400,Creciente,Recoleccion De Contenedores Verdes,106.88,3,12,Villa Urquiza
3RECLDM8403F3,Miller,2001,2100,Creciente,Recoleccion De Contenedores Verdes,124.01,3,12,Villa Urquiza
3RECLDM8403F3,Plaza,1701,1800,Decreciente,Recoleccion De Contenedores Verdes,147.81,3,15,Villa Ortuzar
3RECLDM8403F3,Estomba,1601,1700,Decreciente,Recoleccion De Contenedores Verdes,170.58,3,15,Villa Ortuzar
3RECLDM8403F3,Lugones,1901,2000,Decreciente,Recoleccion De Contenedores Verdes,122.02,3,12,Villa Urquiza
3RECLDM8403F3,Heredia,1501,1600,Creciente,Recoleccion De Contenedores Verdes,143.01,3,15,Villa Ortuzar
3RECLDM8403F3,Carbajal,3801,3900,Decreciente,Recoleccion De Contenedores Verdes,131.73,3,15,Villa Ortuzar
3RECLDM8403F3,Tronador,1601,1700,Creciente,Recoleccion De Contenedores Verdes,168.12,3,15,Villa Ortuzar
3RECLDM8403F3,Miller,1801,1900,Creciente,Recoleccion De Contenedores Verdes,120.71,3,12,Villa Urquiza
3RECLDM8403F3,Heredia,1401,1500,Creciente,Recoleccion De Contenedores Verdes,130.54,3,15,Villa Ortuzar
3RECLDM8403F3,"Acha, Mariano, Gral.",1701,1800,Creciente,Recoleccion De Contenedores Verdes,147.7,3,15,Villa Ortuzar
3RECLDM8403F3,Holmberg,1601,1700,Creciente,Recoleccion De Contenedores Verdes,167.32,3,15,Villa Ortuzar
3RECLDM8403F3,14 De Julio,1350,1400,Decreciente,Recoleccion De Contenedores Verdes,112.39,3,15,Villa Ortuzar
3RECLDM8403F3,Estomba,1401,1500,Decreciente,Recoleccion De Contenedores Verdes,134.13,3,15,Villa Ortuzar
3RECLDM8403F3,Plaza,1501,1600,Decreciente,Recoleccion De Contenedores Verdes,122.08,3,15,Villa Ortuzar
3RECLDM8403F3,Donado,1601,1700,Decreciente,Recoleccion De Contenedores Verdes,167.11,3,15,Villa Ortuzar
3RECLDM8403F3,Zarraga,3801,3900,Decreciente,Recoleccion De Contenedores Verdes,123.5,3,15,Villa Ortuzar
3RECLDM8403F3,Tronador,1401,1500,Creciente,Recoleccion De Contenedores Verdes,130.4,3,15,Villa Ortuzar
3RECLDM8403F3,Holmberg,1401,1500,Creciente,Recoleccion De Contenedores Verdes,50.74,3,15,Villa Ortuzar
3RECLDM8406F3,Giribone,1801,1900,Creciente,Recoleccion De Contenedores Verdes,103.67,3,15,Villa Ortuzar
3RECLDM8403F3,Giribone,1601,1700,Creciente,Recoleccion De Contenedores Verdes,129.61,3,15,Villa Ortuzar
3RECLDM8403F3,Heredia,1201,1300,Creciente,Recoleccion De Contenedores Verdes,133.85,3,15,Villa Ortuzar
3RECLDM8403F3,Giribone,1401,1500,Creciente,Recoleccion De Contenedores Verdes,131.48,3,15,Villa Ortuzar
3RECLDM8403F3,Elcano Av.,3601,3700,Decreciente,Recoleccion De Contenedores Verdes,152.57,3,15,Chacarita
3RECLDM8403F3,"Loreto, Virrey",3601,3700,Decreciente,Recoleccion De Contenedores Verdes,154.36,3,15,Chacarita
3RECLDM8403F3,Giribone,1001,1100,Creciente,Recoleccion De Contenedores Verdes,101.35,3,15,Chacarita
3RECLDM8406F3,Donado,1301,1400,Decreciente,Recoleccion De Contenedores Verdes,126.46,3,15,Villa Ortuzar
3RECLDM8406F3,Charlone,1901,2000,Decreciente,Recoleccion De Contenedores Verdes,103.89,3,15,Villa Ortuzar
3RECLDM8403F3,Charlone,1701,1800,Decreciente,Recoleccion De Contenedores Verdes,103.36,3,15,Villa Ortuzar
3RECLDM8403F3,14 De Julio,1101,1200,Decreciente,Recoleccion De Contenedores Verdes,121.42,3,15,Villa Ortuzar
3RECLDM8403F3,Forest Av.,1001,1100,Decreciente,Recoleccion De Contenedores Verdes,140.34,3,15,Chacarita
3RECLDM8403F3,Charlone,1301,1400,Decreciente,Recoleccion De Contenedores Verdes,122.08,3,15,Villa Ortuzar
3RECLDM8403F3,Palpa,3501,3600,Creciente,Recoleccion De Contenedores Verdes,146.33,3,15,Chacarita
3RECLDM8403F3,Charlone,901,1000,Decreciente,Recoleccion De Contenedores Verdes,87.37,3,15,Chacarita
3RECLDM8406F3,Ballivian,2701,2800,Creciente,Recoleccion De Contenedores Verdes,113.7,3,15,Parque Chas
3RECLDM8406F3,Roseti,2001,2100,Creciente,Recoleccion De Contenedores Verdes,121.93,3,15,Villa Ortuzar
3RECLDM8406F3,Roseti,1801,1900,Creciente,Recoleccion De Contenedores Verdes,103.7,3,15,Villa Ortuzar
3RECLDM8403F3,Giribone,601,700,Creciente,Recoleccion De Contenedores Verdes,122.42,3,15,Chacarita
3RECLDM8403F3,Roseti,1601,1700,Creciente,Recoleccion De Contenedores Verdes,130.45,3,15,Villa Ortuzar
3RECLDM8403F3,Roseti,1401,1500,Creciente,Recoleccion De Contenedores Verdes,131.37,3,15,Villa Ortuzar
3RECLDM8403F3,Roseti,1101,1200,Creciente,Recoleccion De Contenedores Verdes,96.51,3,15,Chacarita
3RECLDM8403F3,Olleros,3501,3600,Decreciente,Recoleccion De Contenedores Verdes,147.66,3,15,Chacarita
3RECLDM8403F3,Charlone,701,800,Decreciente,Recoleccion De Contenedores Verdes,131.55,3,15,Chacarita
3RECLDM8401F3,Argerich,5301,5400,Decreciente,Recoleccion De Contenedores Verdes,101.91,3,12,Villa Pueyrredon
3RECLDM8403F3,Cordoba,6401,6500,Creciente,Recoleccion De Contenedores Verdes,89.98,3,15,Chacarita
3RECLDM8401F3,Campana,5601,5700,Doble,Recoleccion De Contenedores Verdes,107.18,3,11,Villa Devoto
3RECLDM8403F3,Roseti,901,1000,Creciente,Recoleccion De Contenedores Verdes,130.27,3,15,Chacarita
3RECLDM8406F3,Triunvirato Av.,3501,3600,Doble,Recoleccion De Contenedores Verdes,119.09,3,15,Villa Ortuzar
3RECLDM8406F3,Fraga,1801,1900,Decreciente,Recoleccion De Contenedores Verdes,97.59,3,15,Villa Ortuzar
3RECLDM8403F3,Fraga,1401,1500,Decreciente,Recoleccion De Contenedores Verdes,129.33,3,15,Villa Ortuzar
3RECLDM8403F3,Fraga,1201,1300,Decreciente,Recoleccion De Contenedores Verdes,130.55,3,15,Villa Ortuzar
3RECLDM8401F3,Obispo San Alberto,2901,3000,Decreciente,Recoleccion De Contenedores Verdes,147.28,3,12,Villa Pueyrredon
3RECLDM8406F3,Ballivian,2901,3000,Creciente,Recoleccion De Contenedores Verdes,172.84,3,15,Parque Chas
3RECLDM8401F3,Helguera,5301,5400,Creciente,Recoleccion De Contenedores Verdes,101.28,3,12,Villa Pueyrredon
3RECLDM8406F3,Arismendi,2401,2500,Decreciente,Recoleccion De Contenedores Verdes,140.31,3,15,Parque Chas
3RECLDM8401F3,Cuenca,5401,5500,Creciente,Recoleccion De Contenedores Verdes,123.95,3,12,Villa Pueyrredon
3RECLDM8403F3,Cordoba Av.,6201,6300,Creciente,Recoleccion De Contenedores Verdes,127.79,3,15,Chacarita
3RECLDM8403F3,Fraga,1001,1100,Decreciente,Recoleccion De Contenedores Verdes,130.01,3,15,Chacarita
3RECLDM8406F3,Liverpool,2901,3000,Decreciente,Recoleccion De Contenedores Verdes,153.06,3,15,Parque Chas
3RECLDM8401F3,Argerich,5101,5200,Decreciente,Recoleccion De Contenedores Verdes,101.1,3,12,Villa Pueyrredon
3RECLDM8406F3,Triunvirato Av.,3201,3300,Doble,Recoleccion De Contenedores Verdes,101.02,3,15,Villa Ortuzar
3RECLDM8403F3,"Arenal, Concepcion",3401,3500,Decreciente,Recoleccion De Contenedores Verdes,146.98,3,15,Chacarita
3RECLDM8401F3,Helguera,5201,5300,Creciente,Recoleccion De Contenedores Verdes,101.15,3,12,Villa Pueyrredon
3RECLDM8403F3,"Garcia, Teodoro",3801,3900,Creciente,Recoleccion De Contenedores Verdes,111.64,3,15,Chacarita
3RECLDM8403F3,Tronador,801,900,Creciente,Recoleccion De Contenedores Verdes,121.27,3,15,Villa Ortuzar
3RECLDM8403F3,Fraga,901,1000,Decreciente,Recoleccion De Contenedores Verdes,129.38,3,15,Chacarita
3RECLDM8406F3,Ballivian,3101,3200,Creciente,Recoleccion De Contenedores Verdes,99.1,3,15,Parque Chas
3RECLDM8401F3,Cuenca,5301,5400,Doble,Recoleccion De Contenedores Verdes,100.63,3,12,Villa Pueyrredon
3RECLDM8401F3,Cochrane,3301,3400,Creciente,Recoleccion De Contenedores Verdes,153.02,3,11,Villa Devoto
3RECLDM8403F3,Guevara,1301,1400,Creciente,Recoleccion De Contenedores Verdes,131.59,3,15,Villa Ortuzar
3RECLDM8401F3,Campana,5401,5500,Creciente,Recoleccion De Contenedores Verdes,123.7,3,11,Villa Devoto
3RECLDM8406F3,Giribone,3001,3100,Decreciente,Recoleccion De Contenedores Verdes,73.6,3,15,Parque Chas
3RECLDM8403F3,Guevara,1101,1150,Creciente,Recoleccion De Contenedores Verdes,51.71,3,15,Chacarita
3RECLDM8403F3,Cespedes,3901,4000,Decreciente,Recoleccion De Contenedores Verdes,119.58,3,15,Chacarita
3RECLDM8403F3,Roseti,501,600,Decreciente,Recoleccion De Contenedores Verdes,103.65,3,15,Chacarita
3RECLDM8403F3,Charlone,201,300,Decreciente,Recoleccion De Contenedores Verdes,118.02,3,15,Chacarita
3RECLDM8403F3,Guevara,1001,1080,Creciente,Recoleccion De Contenedores Verdes,79.84,3,15,Chacarita
3RECLDM8403F3,Fraga,801,900,Decreciente,Recoleccion De Contenedores Verdes,130.05,3,15,Chacarita
3RECLDM8406F3,Gamarra,1301,1400,Decreciente,Recoleccion De Contenedores Verdes,82.42,3,15,Parque Chas
3RECLDM8406F3,Gandara,3001,3100,Doble,Recoleccion De Contenedores Verdes,94.49,3,15,Parque Chas
3RECLDM8403F3,Fraga,601,700,Creciente,Recoleccion De Contenedores Verdes,112.69,3,15,Chacarita
3RECLDM8403F3,"Garcia, Teodoro",3991,4000,Decreciente,Recoleccion De Contenedores Verdes,30.82,3,15,Chacarita
3RECLDM8403F3,Elcano Av.,4101,4200,Doble,Recoleccion De Contenedores Verdes,99.83,3,15,Chacarita
3RECLDM8403F3,Triunvirato Av.,2901,3000,Doble,Recoleccion De Contenedores Verdes,128.03,3,15,Villa Ortuzar
3RECLDM8406F3,Arismendi,2601,2700,Decreciente,Recoleccion De Contenedores Verdes,168.93,3,15,Parque Chas
3RECLDM8406F3,Donado,901,1000,Decreciente,Recoleccion De Contenedores Verdes,145.22,3,15,Villa Ortuzar
3RECLDM8403F3,Triunvirato Av.,2716,2800,Doble,Recoleccion De Contenedores Verdes,103.56,3,15,Villa Ortuzar
3RECLDM8406F3,Ballivian,3301,3380,Creciente,Recoleccion De Contenedores Verdes,119.95,3,15,Parque Chas
3RECLDM8406F3,Caldas,1601,1650,Creciente,Recoleccion De Contenedores Verdes,52.11,3,15,Villa Ortuzar
3RECLDM8406F3,Altolaguirre,1551,1600,Decreciente,Recoleccion De Contenedores Verdes,95.55,3,15,Parque Chas
3RECLDM8401F3,Helguera,5001,5100,Creciente,Recoleccion De Contenedores Verdes,108.05,3,12,Villa Pueyrredon
3RECLDM8406F3,Llerena,2501,2600,Creciente,Recoleccion De Contenedores Verdes,152.6,3,15,Parque Chas
3RECLDM8401F3,Argerich,4901,5000,Decreciente,Recoleccion De Contenedores Verdes,117.42,3,12,Villa Pueyrredon
3RECLDM8401F3,Cuenca,5101,5200,Decreciente,Recoleccion De Contenedores Verdes,101.34,3,12,Villa Pueyrredon
3RECLDM8401F3,Campana,5201,5300,Creciente,Recoleccion De Contenedores Verdes,100.39,3,11,Villa Devoto
3RECLDM8403F3,Charlone,1,100,Decreciente,Recoleccion De Contenedores Verdes,191.27,3,15,Chacarita
3RECLDM8406F3,Andonaegui,1451,1500,Decreciente,Recoleccion De Contenedores Verdes,66.45,3,15,Parque Chas
3RECLDM8401F3,Bazurco,3401,3500,Decreciente,Recoleccion De Contenedores Verdes,152.83,3,11,Villa Devoto
3RECLDM8403F3,Roseti,201,300,Decreciente,Recoleccion De Contenedores Verdes,105.25,3,15,Chacarita
3RECLDM8406F3,Giribone,3301,3400,Decreciente,Recoleccion De Contenedores Verdes,119.84,3,15,Parque Chas
3RECLDM8403F3,Fraga,401,500,Creciente,Recoleccion De Contenedores Verdes,145.18,3,15,Chacarita
3RECLDM8406F3,Gandara,3201,3300,Doble,Recoleccion De Contenedores Verdes,120.89,3,15,Parque Chas
3RECLDM8406F3,Estomba,501,600,Decreciente,Recoleccion De Contenedores Verdes,129.35,3,15,Villa Ortuzar
3RECLDM8401F3,Bacon,5401,5500,Decreciente,Recoleccion De Contenedores Verdes,81.89,3,11,Villa Devoto
3RECLDM8403F3,Castillo,1701,1800,Decreciente,Recoleccion De Contenedores Verdes,98.63,3,15,Chacarita
3RECLDM8406F3,Barzana,1451,1476,Creciente,Recoleccion De Contenedores Verdes,61.04,3,15,Parque Chas
3RECLDM8403F3,Maure,3901,4000,Creciente,Recoleccion De Contenedores Verdes,124.7,3,15,Chacarita
3RECLDM8406F3,Chorroarin Av.,0,999,Creciente,Recoleccion De Contenedores Verdes,135.55,3,15,Villa Ortuzar
3RECLDM8406F3,"Carril, Salvador Maria Del Av.",2251,2300,Doble,Recoleccion De Contenedores Verdes,64.92,3,12,Villa Pueyrredon
3RECLDM8406F3,Arismendi,2801,2900,Decreciente,Recoleccion De Contenedores Verdes,119.47,3,15,Parque Chas
3RECLDM8406F3,Nueva York,2151,2200,Creciente,Recoleccion De Contenedores Verdes,83.77,3,15,Agronomia
3RECLDM8406F3,Altolaguirre,1451,1500,Decreciente,Recoleccion De Contenedores Verdes,54.14,3,15,Parque Chas
3RECLDM8406F3,Andonaegui,1351,1400,Decreciente,Recoleccion De Contenedores Verdes,69.96,3,15,Parque Chas
3RECLDM8406F3,Girardot,1525,1600,Decreciente,Recoleccion De Contenedores Verdes,74.2,3,15,Villa Ortuzar
3RECLDM8406F3,Tasso,2601,2700,Creciente,Recoleccion De Contenedores Verdes,146.09,3,15,Parque Chas
3RECLDM8403F3,Fraga,201,300,Creciente,Recoleccion De Contenedores Verdes,105.01,3,15,Chacarita
3RECLDM8401F3,Franco,3501,3550,Creciente,Recoleccion De Contenedores Verdes,76.05,3,11,Villa Devoto
3RECLDM8403F3,"Carranza, Angel Justiniano",1201,1300,Decreciente,Recoleccion De Contenedores Verdes,119.4,3,15,Chacarita
3RECLDM8406F3,Heredia,501,600,Creciente,Recoleccion De Contenedores Verdes,129.41,3,15,Villa Ortuzar
3RECLDM8401F3,Obispo San Alberto,3401,3476,Decreciente,Recoleccion De Contenedores Verdes,104.72,3,11,Villa Devoto
3RECLDM8406F3,De Los Constituyentes Av.,3801,3900,Doble,Recoleccion De Contenedores Verdes,95.22,3,15,Agronomia
3RECLDM8406F3,Llerena,2701,2800,Creciente,Recoleccion De Contenedores Verdes,104.29,3,15,Parque Chas
3RECLDM8401F3,Cuenca,4901,5000,Decreciente,Recoleccion De Contenedores Verdes,117.39,3,12,Villa Pueyrredon
3RECLDM8401F3,"Cabezon, Jose Leon",3301,3400,Creciente,Recoleccion De Contenedores Verdes,153.09,3,11,Villa Devoto
3RECLDM8401F3,Helguera,4801,4900,Creciente,Recoleccion De Contenedores Verdes,118.61,3,12,Villa Pueyrredon
3RECLDM8401F3,Argerich,4701,4800,Decreciente,Recoleccion De Contenedores Verdes,118.7,3,12,Villa Pueyrredon
3RECLDM8406F3,Hamburgo,3201,3300,Decreciente,Recoleccion De Contenedores Verdes,115.45,3,15,Parque Chas
3RECLDM8403F3,Guevara,301,400,Creciente,Recoleccion De Contenedores Verdes,108.8,3,15,Chacarita
3RECLDM8403F3,Olleros,4001,4200,Decreciente,Recoleccion De Contenedores Verdes,163.22,3,15,Chacarita
3RECLDM8406F3,De Los Incas Av.,5201,5300,Doble,Recoleccion De Contenedores Verdes,104.08,3,15,Parque Chas
3RECLDM8403F3,Loyola,1601,1678,Decreciente,Recoleccion De Contenedores Verdes,96.45,3,15,Chacarita
3RECLDM8406F3,Nueva York,2301,2350,Creciente,Recoleccion De Contenedores Verdes,63.89,3,15,Agronomia
3RECLDM8403F3,Dorrego Av.,1201,1300,Doble,Recoleccion De Contenedores Verdes,117.63,3,15,Chacarita
3RECLDM8401F3,Franco,3601,3650,Creciente,Recoleccion De Contenedores Verdes,87.3,3,11,Villa Devoto
3RECLDM8406F3,Caldas,1301,1400,Creciente,Recoleccion De Contenedores Verdes,156.52,3,15,Villa Ortuzar
3RECLDM8406F3,Asuncion,2201,2300,Decreciente,Recoleccion De Contenedores Verdes,130.44,3,15,Agronomia
3RECLDM8405F3,Castillo,1421,1500,Decreciente,Recoleccion De Contenedores Verdes,66.68,3,15,Chacarita
3RECLDM8406F3,Del Campo Av.,1601,1700,Doble,Recoleccion De Contenedores Verdes,80.12,3,15,Paternal
3RECLDM8401F3,Obispo San Alberto,3546,3600,Decreciente,Recoleccion De Contenedores Verdes,76.24,3,11,Villa Devoto
3RECLDM8406F3,Bucarest,1401,1500,Creciente,Recoleccion De Contenedores Verdes,140.78,3,15,Parque Chas
3RECLDM8406F3,Campillo,2751,2800,Decreciente,Recoleccion De Contenedores Verdes,75.9,3,15,Parque Chas
3RECLDM8406F3,"Victorica, Benjamin, General, Av.",3001,3100,Doble,Recoleccion De Contenedores Verdes,157.41,3,15,Parque Chas
3RECLDM8405F3,Fitz Roy,1201,1300,Decreciente,Recoleccion De Contenedores Verdes,126.63,3,15,Chacarita
3RECLDM8406F3,"Moran, Pedro",2201,2300,Creciente,Recoleccion De Contenedores Verdes,130.48,3,15,Agronomia
3RECLDM8401F3,Argerich,4501,4600,Decreciente,Recoleccion De Contenedores Verdes,99.96,3,12,Villa Pueyrredon
3RECLDM8401F3,Griveo,3301,3400,Creciente,Recoleccion De Contenedores Verdes,153.08,3,11,Villa Devoto
3RECLDM8406F3,Girardot,1301,1400,Decreciente,Recoleccion De Contenedores Verdes,156.65,3,15,Villa Ortuzar
3RECLDM8403F3,Corrientes Av.,0,6699,Creciente,Recoleccion De Contenedores Verdes,120.55,3,15,Chacarita
3RECLDM8403F3,Guevara,1,100,Creciente,Recoleccion De Contenedores Verdes,107.62,3,15,Chacarita
3RECLDM8406F3,Campillo,2801,2900,Decreciente,Recoleccion De Contenedores Verdes,120.63,3,15,Parque Chas
3RECLDM8406F3,Bucarelli,1101,1200,Creciente,Recoleccion De Contenedores Verdes,139.52,3,15,Parque Chas
3RECLDM8401F3,Helguera,4601,4700,Creciente,Recoleccion De Contenedores Verdes,117.5,3,12,Villa Pueyrredon
3RECLDM8406F3,Altolaguirre,1301,1360,Decreciente,Recoleccion De Contenedores Verdes,103.2,3,15,Parque Chas
3RECLDM8403F3,"Lemos, Juan Gregorio, Gral.",201,300,Decreciente,Recoleccion De Contenedores Verdes,137.15,3,15,Chacarita
3RECLDM8405F3,Castillo,1301,1400,Decreciente,Recoleccion De Contenedores Verdes,101.11,3,15,Chacarita
3RECLDM8406F3,Moscu,5401,5450,Decreciente,Recoleccion De Contenedores Verdes,47.02,3,15,Parque Chas
3RECLDM8403F3,Aguirre,1501,1600,Creciente,Recoleccion De Contenedores Verdes,121.97,3,15,Chacarita
3RECLDM8405F3,Loyola,1401,1500,Decreciente,Recoleccion De Contenedores Verdes,128.06,3,15,Chacarita
3RECLDM8401F3,Ladines,3501,3553,Decreciente,Recoleccion De Contenedores Verdes,76.39,3,11,Villa Devoto
3RECLDM8406F3,De Los Incas Av.,5472,5500,Doble,Recoleccion De Contenedores Verdes,59.59,3,15,Parque Chas
3RECLDM8401F3,Mosconi General Av.,3201,3250,Decreciente,Recoleccion De Contenedores Verdes,81.81,3,12,Villa Pueyrredon
3RECLDM8401F3,"Cabezon, Jose Leon",3601,3650,Creciente,Recoleccion De Contenedores Verdes,88.08,3,11,Villa Devoto
3RECLDM8406F3,Llerena,3001,3100,Creciente,Recoleccion De Contenedores Verdes,140.31,3,15,Parque Chas
3RECLDM8406F3,Zamudio,3801,3900,Creciente,Recoleccion De Contenedores Verdes,95.66,3,15,Agronomia
3RECLDM8406F3,"Artigas, Jose Gervasio, Gral.",3901,4000,Decreciente,Recoleccion De Contenedores Verdes,94.85,3,15,Agronomia
3RECLDM8406F3,"Solano Lopez, F., Mariscal",2201,2300,Decreciente,Recoleccion De Contenedores Verdes,130.15,3,15,Agronomia
3RECLDM8401F3,Griveo,3471,3500,Creciente,Recoleccion De Contenedores Verdes,64.59,3,11,Villa Devoto
3RECLDM8401F3,Campana,4701,4800,Creciente,Recoleccion De Contenedores Verdes,113.41,3,11,Villa Devoto
3RECLDM8405F3,Bonpland,901,1000,Creciente,Recoleccion De Contenedores Verdes,109.82,3,15,Chacarita
3RECLDM8401F3,Obispo San Alberto,3701,3800,Decreciente,Recoleccion De Contenedores Verdes,139.14,3,11,Villa Devoto
3RECLDM8406F3,Nueva York,2601,2650,Creciente,Recoleccion De Contenedores Verdes,64.77,3,15,Agronomia
3RECLDM8405F3,Humboldt,1101,1200,Creciente,Recoleccion De Contenedores Verdes,127.48,3,15,Chacarita
3RECLDM8406F3,Quiros,2801,2900,Creciente,Recoleccion De Contenedores Verdes,121.76,3,15,Parque Chas
3RECLDM8405F3,Aguirre,1401,1500,Creciente,Recoleccion De Contenedores Verdes,126.22,3,15,Chacarita
3RECLDM8401F3,"Cubas, Jose",3001,3050,Creciente,Recoleccion De Contenedores Verdes,76.11,3,12,Villa Pueyrredon
3RECLDM8406F3,Morlote,801,900,Decreciente,Recoleccion De Contenedores Verdes,98.05,3,15,Paternal
3RECLDM8406F3,Avalos,701,800,Creciente,Recoleccion De Contenedores Verdes,131.53,3,15,Paternal
3RECLDM8406F3,Campillo,3001,3090,Decreciente,Recoleccion De Contenedores Verdes,113.54,3,15,Parque Chas
3RECLDM8401F3,Griveo,3543,3600,Creciente,Recoleccion De Contenedores Verdes,76.16,3,11,Villa Devoto
3RECLDM8406F3,Llerena,3101,3200,Creciente,Recoleccion De Contenedores Verdes,182.79,3,15,Parque Chas
3RECLDM8401F3,Mosconi General Av.,3301,3400,Decreciente,Recoleccion De Contenedores Verdes,153.07,3,11,Villa Devoto
3RECLDM8401F3,"Lopez, Carlos Antonio",3452,3500,Creciente,Recoleccion De Contenedores Verdes,64.59,3,11,Villa Devoto
3RECLDM8404F3,Del Campo Av.,1301,1350,Doble,Recoleccion De Contenedores Verdes,68.93,3,15,Paternal
3RECLDM8405F3,Castillo,1101,1200,Decreciente,Recoleccion De Contenedores Verdes,127.65,3,15,Villa Crespo
3RECLDM8403F3,Leiva,4001,4200,Creciente,Recoleccion De Contenedores Verdes,189.29,3,15,Chacarita
3RECLDM8406F3,Condarco,3901,4000,Decreciente,Recoleccion De Contenedores Verdes,94.95,3,15,Agronomia
3RECLDM8406F3,"Artigas, Jose Gervasio, Gral.",3701,3800,Decreciente,Recoleccion De Contenedores Verdes,102.45,3,15,Agronomia
3RECLDM8406F3,Bucarelli,901,1000,Creciente,Recoleccion De Contenedores Verdes,142.81,3,15,Parque Chas
3RECLDM8406F3,Quiros,3001,3050,Creciente,Recoleccion De Contenedores Verdes,74.53,3,15,Parque Chas
3RECLDM8406F3,Caracas,3501,3600,Creciente,Recoleccion De Contenedores Verdes,107.47,3,15,Agronomia
3RECLDM8401F3,San Martin Av.,7101,7200,Doble,Recoleccion De Contenedores Verdes,146.28,3,11,Villa Devoto
3RECLDM8401F3,Helguera,4301,4400,Creciente,Recoleccion De Contenedores Verdes,100.22,3,12,Villa Pueyrredon
3RECLDM8405F3,Uriarte,1083,1120,Decreciente,Recoleccion De Contenedores Verdes,36.11,3,15,Villa Crespo
3RECLDM8401F3,Cuenca,4401,4500,Decreciente,Recoleccion De Contenedores Verdes,99.44,3,12,Villa Pueyrredon
3RECLDM8405F3,Fitz Roy,801,900,Decreciente,Recoleccion De Contenedores Verdes,112.73,3,15,Chacarita
3RECLDM8405F3,Darwin,1001,1100,Decreciente,Recoleccion De Contenedores Verdes,125.93,3,15,Villa Crespo
3RECLDM8401F3,San Martin Av.,7001,7100,Doble,Recoleccion De Contenedores Verdes,140.75,3,11,Villa Devoto
3RECLDM8405F3,Thames,1101,1200,Decreciente,Recoleccion De Contenedores Verdes,114.8,3,15,Villa Crespo
3RECLDM8406F3,Nazca,4001,4100,Doble,Recoleccion De Contenedores Verdes,99.17,3,15,Agronomia
3RECLDM8406F3,Estado Plurinacional De Bolivia,3701,3800,Creciente,Recoleccion De Contenedores Verdes,102.36,3,15,Agronomia
3RECLDM8404F3,14 De Julio,51,100,Decreciente,Recoleccion De Contenedores Verdes,67.83,3,15,Paternal
3RECLDM8406F3,Navarro,2401,2500,Creciente,Recoleccion De Contenedores Verdes,129.67,3,15,Agronomia
3RECLDM8401F3,"Cabezon, Jose Leon",3901,4000,Creciente,Recoleccion De Contenedores Verdes,87.8,3,11,Villa Devoto
3RECLDM8401F3,Helguera,4201,4300,Creciente,Recoleccion De Contenedores Verdes,99.73,3,12,Villa Pueyrredon
3RECLDM8404F3,Elcano,4701,4800,Decreciente,Recoleccion De Contenedores Verdes,77.45,3,15,Paternal
3RECLDM8405F3,"Newbery, Jorge Av.",4301,4400,Doble,Recoleccion De Contenedores Verdes,117.39,3,15,Chacarita
3RECLDM8405F3,Villarroel,1401,1500,Creciente,Recoleccion De Contenedores Verdes,122.26,3,15,Chacarita
3RECLDM8401F3,Ladines,3801,3900,Decreciente,Recoleccion De Contenedores Verdes,147.6,3,11,Villa Devoto
3RECLDM8401F3,Vallejos,3301,3400,Decreciente,Recoleccion De Contenedores Verdes,153.23,3,11,Villa Devoto
3RECLDM8401F3,Llavallol,4501,4600,Decreciente,Recoleccion De Contenedores Verdes,99.84,3,11,Villa Devoto
3RECLDM8401F3,Mosconi General Av.,3561,3600,Decreciente,Recoleccion De Contenedores Verdes,55.74,3,11,Villa Devoto
3RECLDM8406F3,Terrada,3801,3900,Creciente,Recoleccion De Contenedores Verdes,95.34,3,15,Agronomia
3RECLDM8406F3,Condarco,3701,3800,Decreciente,Recoleccion De Contenedores Verdes,102.64,3,15,Agronomia
3RECLDM8405F3,Uriarte,901,1000,Decreciente,Recoleccion De Contenedores Verdes,90.72,3,15,Villa Crespo
3RECLDM8406F3,"Artigas, Jose Gervasio, Gral.",3501,3600,Decreciente,Recoleccion De Contenedores Verdes,107.03,3,15,Agronomia
3RECLDM8401F3,Cuenca,4201,4300,Decreciente,Recoleccion De Contenedores Verdes,99.76,3,12,Villa Pueyrredon
3RECLDM8401F3,San Martin Av.,6701,6750,Doble,Recoleccion De Contenedores Verdes,52.32,3,11,Villa Devoto
3RECLDM8405F3,Guzman,1,100,Creciente,Recoleccion De Contenedores Verdes,111.56,3,15,Chacarita
3RECLDM8401F3,"Gonzalez, Joaquin v.",4801,4900,Decreciente,Recoleccion De Contenedores Verdes,117.47,3,11,Villa Devoto
3RECLDM8406F3,"Moran, Pedro",2801,2900,Creciente,Recoleccion De Contenedores Verdes,129.73,3,15,Agronomia
3RECLDM8405F3,Vera,1201,1300,Decreciente,Recoleccion De Contenedores Verdes,104.38,3,15,Villa Crespo
3RECLDM8406F3,Estado Plurinacional De Bolivia,3501,3600,Creciente,Recoleccion De Contenedores Verdes,88.53,3,15,Agronomia
3RECLDM8401F3,San Nicolas,4701,4800,Decreciente,Recoleccion De Contenedores Verdes,116.43,3,11,Villa Devoto
3RECLDM8405F3,Serrano,1001,1100,Creciente,Recoleccion De Contenedores Verdes,124.41,3,15,Villa Crespo
3RECLDM8406F3,Argerich,3901,4000,Decreciente,Recoleccion De Contenedores Verdes,94.91,3,15,Agronomia
3RECLDM8405F3,"Ramirez De Velasco, Juan",1101,1200,Creciente,Recoleccion De Contenedores Verdes,131.48,3,15,Villa Crespo
3RECLDM8405F3,"Arenal, Concepcion",4301,4400,Creciente,Recoleccion De Contenedores Verdes,117.33,3,15,Chacarita
3RECLDM8401F3,Griveo,3901,4000,Creciente,Recoleccion De Contenedores Verdes,93.33,3,11,Villa Devoto
3RECLDM8404F3,Avalos,301,400,Creciente,Recoleccion De Contenedores Verdes,131.75,3,15,Paternal
3RECLDM8401F3,Llavallol,4301,4400,Creciente,Recoleccion De Contenedores Verdes,100.01,3,11,Villa Devoto
3RECLDM8405F3,Villarroel,1201,1300,Creciente,Recoleccion De Contenedores Verdes,103.94,3,15,Villa Crespo
3RECLDM8405F3,"Newbery, Jorge Av.",4501,4600,Doble,Recoleccion De Contenedores Verdes,125.95,3,15,Chacarita
3RECLDM8405F3,Rodney,1,100,Decreciente,Recoleccion De Contenedores Verdes,111.01,3,15,Chacarita
3RECLDM8406F3,Asuncion,3001,3100,Doble,Recoleccion De Contenedores Verdes,152.11,3,15,Agronomia
3RECLDM8406F3,Helguera,3901,4000,Creciente,Recoleccion De Contenedores Verdes,95.09,3,15,Agronomia
3RECLDM8404F3,Elcano,5001,5100,Decreciente,Recoleccion De Contenedores Verdes,124.05,3,15,Paternal
3RECLDM8405F3,Acevedo,1001,1100,Creciente,Recoleccion De Contenedores Verdes,124.95,3,15,Villa Crespo
3RECLDM8405F3,Jufre,601,700,Decreciente,Recoleccion De Contenedores Verdes,125.58,3,15,Villa Crespo
3RECLDM8405F3,"Arenal, Concepcion",4401,4500,Creciente,Recoleccion De Contenedores Verdes,126.14,3,15,Chacarita
3RECLDM8401F3,Campana,4101,4200,Creciente,Recoleccion De Contenedores Verdes,98.76,3,11,Villa Devoto
3RECLDM8405F3,Thames,701,800,Decreciente,Recoleccion De Contenedores Verdes,124.93,3,15,Villa Crespo
3RECLDM8405F3,Malabia,1101,1200,Decreciente,Recoleccion De Contenedores Verdes,101.7,3,15,Villa Crespo
3RECLDM8405F3,"Dumont, Santos",4501,4600,Decreciente,Recoleccion De Contenedores Verdes,125.95,3,15,Chacarita
3RECLDM8405F3,Serrano,801,900,Creciente,Recoleccion De Contenedores Verdes,125.11,3,15,Villa Crespo
3RECLDM8405F3,"Justo, Juan B. Av.",2401,2500,Doble,Recoleccion De Contenedores Verdes,96.79,3,15,Villa Crespo
3RECLDM8406F3,Nueva York,3201,3290,Creciente,Recoleccion De Contenedores Verdes,73.81,3,15,Agronomia
3RECLDM8406F3,Nazca,3601,3700,Doble,Recoleccion De Contenedores Verdes,105.28,3,15,Agronomia
3RECLDM8401F3,"Cubas, Jose",3501,3600,Creciente,Recoleccion De Contenedores Verdes,153.1,3,11,Villa Devoto
3RECLDM8406F3,Terrada,3501,3600,Creciente,Recoleccion De Contenedores Verdes,106.64,3,15,Agronomia
3RECLDM8406F3,"Moran, Pedro",3001,3100,Decreciente,Recoleccion De Contenedores Verdes,113.17,3,15,Agronomia
3RECLDM8401F3,Mosconi General Av.,3801,3900,Decreciente,Recoleccion De Contenedores Verdes,147.85,3,11,Villa Devoto
3RECLDM8401F3,"Mistral, Gabriela",3701,3800,Creciente,Recoleccion De Contenedores Verdes,148.72,3,11,Villa Devoto
3RECLDM8405F3,Leiva,4401,4500,Decreciente,Recoleccion De Contenedores Verdes,125.87,3,15,Chacarita
3RECLDM8401F3,Griveo,4101,4200,Creciente,Recoleccion De Contenedores Verdes,145.1,3,11,Villa Devoto
3RECLDM8405F3,Corrientes Av.,5801,5900,Decreciente,Recoleccion De Contenedores Verdes,107.31,3,15,Villa Crespo
3RECLDM8401F3,Concordia,4201,4300,Decreciente,Recoleccion De Contenedores Verdes,99.92,3,11,Villa Devoto
3RECLDM8405F3,Darwin,501,600,Decreciente,Recoleccion De Contenedores Verdes,146.23,3,15,Villa Crespo
3RECLDM8404F3,Yerua,4901,5000,Decreciente,Recoleccion De Contenedores Verdes,126.55,3,15,Paternal
3RECLDM8406F3,"Solano Lopez, F., Mariscal",3001,3100,Creciente,Recoleccion De Contenedores Verdes,151.78,3,15,Agronomia
3RECLDM8405F3,"Newbery, Jorge Av.",4701,4800,Doble,Recoleccion De Contenedores Verdes,123.63,3,15,Chacarita
3RECLDM8406F3,Cuenca,3801,3900,Creciente,Recoleccion De Contenedores Verdes,95.07,3,15,Agronomia
3RECLDM8405F3,Loyola,601,700,Decreciente,Recoleccion De Contenedores Verdes,126.91,3,15,Villa Crespo
3RECLDM8406F3,Tinogasta,2401,2500,Decreciente,Recoleccion De Contenedores Verdes,143.1,3,15,Agronomia
3RECLDM8405F3,Serrano,601,700,Creciente,Recoleccion De Contenedores Verdes,116.27,3,15,Villa Crespo
3RECLDM8405F3,Malabia,901,1000,Decreciente,Recoleccion De Contenedores Verdes,124.77,3,15,Villa Crespo
3RECLDM8402F3,Llavallol,4001,4100,Decreciente,Recoleccion De Contenedores Verdes,93.52,3,11,Villa Devoto
3RECLDM8405F3,"Arenal, Concepcion",4601,4700,Creciente,Recoleccion De Contenedores Verdes,129.27,3,15,Chacarita
3RECLDM8404F3,Punta Arenas,1441,1500,Doble,Recoleccion De Contenedores Verdes,164.12,3,15,Paternal
3RECLDM8401F3,"Cubas, Jose",3701,3790,Doble,Recoleccion De Contenedores Verdes,98.2,3,11,Villa Devoto
3RECLDM8405F3,Padilla,1201,1300,Decreciente,Recoleccion De Contenedores Verdes,102.37,3,15,Villa Crespo
3RECLDM8405F3,Gurruchaga,701,800,Decreciente,Recoleccion De Contenedores Verdes,124.92,3,15,Villa Crespo
3RECLDM8405F3,Lerma,301,400,Creciente,Recoleccion De Contenedores Verdes,99.66,3,15,Villa Crespo
3RECLDM8404F3,"Alvarez, Donato, Tte. Gral. Av.",2529,2600,Doble,Recoleccion De Contenedores Verdes,163.51,3,15,Paternal
3RECLDM8404F3,"Bielsa, Rafael, Dr.",101,200,Decreciente,Recoleccion De Contenedores Verdes,110.34,3,15,Paternal
3RECLDM8406F3,"Beiro, Francisco Av.",2901,3000,Doble,Recoleccion De Contenedores Verdes,147.35,3,15,Agronomia
3RECLDM8406F3,Navarro,3001,3100,Creciente,Recoleccion De Contenedores Verdes,151.85,3,15,Agronomia
3RECLDM8406F3,"Solano Lopez, F., Mariscal",3101,3200,Creciente,Recoleccion De Contenedores Verdes,147.59,3,15,Agronomia
3RECLDM8401F3,Bahia Blanca,4501,4600,Creciente,Recoleccion De Contenedores Verdes,99.62,3,11,Villa Devoto
3RECLDM8402F3,Campana,3801,3900,Creciente,Recoleccion De Contenedores Verdes,95.44,3,11,Villa Devoto
3RECLDM8401F3,"Lopez, Carlos Antonio",4201,4300,Creciente,Recoleccion De Contenedores Verdes,145.22,3,11,Villa Devoto
3RECLDM8401F3,Mosconi General Av.,4101,4200,Doble,Recoleccion De Contenedores Verdes,144.81,3,11,Villa Devoto
3RECLDM8405F3,Leiva,4601,4700,Decreciente,Recoleccion De Contenedores Verdes,131.52,3,15,Chacarita
3RECLDM8405F3,Corrientes Av.,5601,5700,Decreciente,Recoleccion De Contenedores Verdes,130.77,3,15,Villa Crespo
3RECLDM8405F3,Montenegro,201,250,Creciente,Recoleccion De Contenedores Verdes,42.94,3,15,Chacarita
3RECLDM8401F3,"Carril, Salvador Maria Del Av.",0,3599,Creciente,Recoleccion De Contenedores Verdes,152.98,3,11,Villa Devoto
3RECLDM8405F3,Castillo,401,500,Creciente,Recoleccion De Contenedores Verdes,132.39,3,15,Villa Crespo
3RECLDM8406F3,"Cortazar, Julio",3635,3670,Creciente,Recoleccion De Contenedores Verdes,61.65,3,15,Agronomia
3RECLDM8405F3,Muñecas,1301,1400,Creciente,Recoleccion De Contenedores Verdes,107.26,3,15,Villa Crespo
3RECLDM8405F3,Dorrego Av.,201,300,Doble,Recoleccion De Contenedores Verdes,112.57,3,15,Chacarita
3RECLDM8402F3,"Solano Lopez, F., Mariscal",3201,3300,Creciente,Recoleccion De Contenedores Verdes,155.84,3,11,Villa Devoto
3RECLDM8405F3,Padilla,1051,1100,Decreciente,Recoleccion De Contenedores Verdes,72.28,3,15,Villa Crespo
3RECLDM8405F3,Aguirre,601,700,Creciente,Recoleccion De Contenedores Verdes,130.08,3,15,Villa Crespo
3RECLDM8402F3,Asuncion,3401,3500,Creciente,Recoleccion De Contenedores Verdes,152.98,3,11,Villa Devoto
3RECLDM8401F3,Vallejos,4001,4100,Decreciente,Recoleccion De Contenedores Verdes,89.31,3,11,Villa Devoto
3RECLDM8405F3,Loyola,401,500,Decreciente,Recoleccion De Contenedores Verdes,132.64,3,15,Villa Crespo
3RECLDM8405F3,Castillo,301,400,Creciente,Recoleccion De Contenedores Verdes,99.72,3,15,Villa Crespo
3RECLDM8402F3,Nueva York,3501,3600,Decreciente,Recoleccion De Contenedores Verdes,153.07,3,11,Villa Devoto
3RECLDM8405F3,Gurruchaga,501,600,Decreciente,Recoleccion De Contenedores Verdes,164.53,3,15,Villa Crespo
3RECLDM8405F3,Camargo,901,1000,Creciente,Recoleccion De Contenedores Verdes,130.52,3,15,Villa Crespo
3RECLDM8401F3,Pareja,3701,3800,Creciente,Recoleccion De Contenedores Verdes,148.9,3,11,Villa Devoto
3RECLDM8405F3,Martinez Rosas,1301,1400,Decreciente,Recoleccion De Contenedores Verdes,107.27,3,15,Villa Crespo
3RECLDM8406F3,Venecia,3101,3200,Decreciente,Recoleccion De Contenedores Verdes,131.26,3,15,Agronomia
3RECLDM8402F3,San Martin Av.,4951,5000,Doble,Recoleccion De Contenedores Verdes,68.55,3,11,Villa Del Parque
3RECLDM8401F3,Habana,3841,3900,Doble,Recoleccion De Contenedores Verdes,99.53,3,11,Villa Devoto
3RECLDM8405F3,Lerma,101,200,Creciente,Recoleccion De Contenedores Verdes,117.66,3,15,Villa Crespo
3RECLDM8405F3,Huaura,1401,1500,Decreciente,Recoleccion De Contenedores Verdes,106.49,3,15,Villa Crespo
3RECLDM8405F3,"Ramirez De Velasco, Juan",601,700,Creciente,Recoleccion De Contenedores Verdes,129.98,3,15,Villa Crespo
3RECLDM8406F3,Melincue,2401,2456,Decreciente,Recoleccion De Contenedores Verdes,104.63,3,15,Agronomia
3RECLDM8402F3,Terrada,3301,3400,Decreciente,Recoleccion De Contenedores Verdes,63.02,3,11,Villa Del Parque
3RECLDM8404F3,"Segui, F. J., Alte.",2501,2600,Creciente,Recoleccion De Contenedores Verdes,127.06,3,15,Paternal
3RECLDM8402F3,"Moran, Pedro",3401,3500,Decreciente,Recoleccion De Contenedores Verdes,152.62,3,11,Villa Devoto
3RECLDM8406F3,Zamudio,3101,3200,Decreciente,Recoleccion De Contenedores Verdes,160.37,3,15,Agronomia
3RECLDM8401F3,Gualeguaychu,4501,4600,Creciente,Recoleccion De Contenedores Verdes,99.82,3,11,Villa Devoto
3RECLDM8401F3,Sanabria,4601,4700,Decreciente,Recoleccion De Contenedores Verdes,109.59,3,11,Villa Devoto
3RECLDM8402F3,San Martin Av.,4401,4500,Doble,Recoleccion De Contenedores Verdes,88.35,3,11,Villa Del Parque
3RECLDM8405F3,Estado De Israel Av.,4301,4400,Creciente,Recoleccion De Contenedores Verdes,128.69,3,15,Villa Crespo
3RECLDM8401F3,Nueva York,3601,3700,Decreciente,Recoleccion De Contenedores Verdes,149.08,3,11,Villa Devoto
3RECLDM8402F3,Argerich,3301,3400,Decreciente,Recoleccion De Contenedores Verdes,136.07,3,11,Villa Del Parque
3RECLDM8405F3,Darwin,101,200,Decreciente,Recoleccion De Contenedores Verdes,129.89,3,15,Villa Crespo
3RECLDM8405F3,"Bernasconi, Mario",2201,2300,Doble,Recoleccion De Contenedores Verdes,108.95,3,15,Villa Crespo
3RECLDM8405F3,Jufre,101,200,Decreciente,Recoleccion De Contenedores Verdes,117.5,3,15,Villa Crespo
3RECLDM8404F3,"Garcia, Juan Agustin",1101,1200,Decreciente,Recoleccion De Contenedores Verdes,119.4,3,15,Paternal
3RECLDM8405F3,Vera,601,700,Decreciente,Recoleccion De Contenedores Verdes,129.9,3,15,Villa Crespo
3RECLDM8402F3,"Beiro, Francisco Av.",3201,3300,Doble,Recoleccion De Contenedores Verdes,151.26,3,11,Villa Del Parque
3RECLDM8404F3,Fragata Pres. Sarmiento,2401,2500,Creciente,Recoleccion De Contenedores Verdes,144.64,3,15,Paternal
3RECLDM8402F3,Navarro,3301,3400,Creciente,Recoleccion De Contenedores Verdes,153.08,3,11,Villa Devoto
3RECLDM8402F3,"Solano Lopez, F., Mariscal",3401,3500,Creciente,Recoleccion De Contenedores Verdes,152.64,3,11,Villa Devoto
3RECLDM8404F3,"Dickman, Adolfo, Dr.",1001,1100,Creciente,Recoleccion De Contenedores Verdes,120.38,3,15,Paternal
3RECLDM8402F3,"Lozano, Pedro",2701,2800,Creciente,Recoleccion De Contenedores Verdes,129.45,3,11,Villa Del Parque
3RECLDM8401F3,Habana,4001,4100,Doble,Recoleccion De Contenedores Verdes,89.78,3,11,Villa Devoto
3RECLDM8405F3,Aguirre,401,500,Creciente,Recoleccion De Contenedores Verdes,99.7,3,15,Villa Crespo
3RECLDM8402F3,"Varela, Jose Pedro",3101,3200,Decreciente,Recoleccion De Contenedores Verdes,150.19,3,11,Villa Del Parque
3RECLDM8401F3,Sanabria,4501,4600,Decreciente,Recoleccion De Contenedores Verdes,99.95,3,11,Villa Devoto
3RECLDM8401F3,Asuncion,3601,3700,Creciente,Recoleccion De Contenedores Verdes,149.06,3,11,Villa Devoto
3RECLDM8402F3,Nazarre,2601,2700,Creciente,Recoleccion De Contenedores Verdes,129.32,3,11,Villa Del Parque
3RECLDM8404F3,"Rodriguez, Manuel A., General",2301,2400,Creciente,Recoleccion De Contenedores Verdes,156.59,3,15,Paternal
3RECLDM8405F3,Loyola,201,300,Decreciente,Recoleccion De Contenedores Verdes,117.85,3,15,Villa Crespo
3RECLDM8402F3,Melincue,2501,2600,Decreciente,Recoleccion De Contenedores Verdes,130.37,3,11,Villa Del Parque
3RECLDM8404F3,"Trelles, Manuel R. Av.",2601,2700,Decreciente,Recoleccion De Contenedores Verdes,109.03,3,15,Paternal
3RECLDM8402F3,Simbron,3001,3100,Creciente,Recoleccion De Contenedores Verdes,152.9,3,11,Villa Del Parque
3RECLDM8405F3,Muñecas,1001,1100,Creciente,Recoleccion De Contenedores Verdes,149.6,3,15,Villa Crespo
3RECLDM8405F3,Serrano,201,300,Creciente,Recoleccion De Contenedores Verdes,130.39,3,15,Villa Crespo
3RECLDM8405F3,Murillo,901,1000,Creciente,Recoleccion De Contenedores Verdes,129.9,3,15,Villa Crespo
3RECLDM8405F3,Camargo,701,800,Creciente,Recoleccion De Contenedores Verdes,130.29,3,15,Villa Crespo
3RECLDM8405F3,Corrientes Av.,5301,5400,Decreciente,Recoleccion De Contenedores Verdes,128.12,3,15,Villa Crespo
3RECLDM8402F3,Nogoya,2452,2499,Doble,Recoleccion De Contenedores Verdes,66.71,3,11,Villa Del Parque
3RECLDM8402F3,Tinogasta,2901,3000,Decreciente,Recoleccion De Contenedores Verdes,127.92,3,11,Villa Del Parque
3RECLDM8404F3,"Oroño, Nicasio",2401,2500,Decreciente,Recoleccion De Contenedores Verdes,122.96,3,15,Paternal
3RECLDM8402F3,Llavallol,3501,3600,Decreciente,Recoleccion De Contenedores Verdes,106.73,3,11,Villa Devoto
3RECLDM8401F3,Pareja,4001,4100,Creciente,Recoleccion De Contenedores Verdes,104.37,3,11,Villa Devoto
3RECLDM8402F3,Terrada,3151,3200,Creciente,Recoleccion De Contenedores Verdes,113.04,3,11,Villa Del Parque
3RECLDM8401F3,"Cubas, Jose",4233,4300,Creciente,Recoleccion De Contenedores Verdes,91.01,3,11,Villa Devoto
3RECLDM8401F3,Vallejos,4301,4400,Decreciente,Recoleccion De Contenedores Verdes,136.04,3,11,Villa Devoto
3RECLDM8401F3,Asuncion,3701,3800,Creciente,Recoleccion De Contenedores Verdes,149.19,3,11,Villa Devoto
3RECLDM8401F3,"Mistral, Gabriela",4401,4500,Creciente,Recoleccion De Contenedores Verdes,144.96,3,11,Villa Devoto
3RECLDM8404F3,Alvarez Jonte,1501,1600,Doble,Recoleccion De Contenedores Verdes,91.22,3,15,Paternal
3RECLDM8404F3,Sunchales,501,600,Creciente,Recoleccion De Contenedores Verdes,117.25,3,15,Villa Crespo
3RECLDM8404F3,Rojas,2101,2200,Decreciente,Recoleccion De Contenedores Verdes,107.89,3,15,Villa Crespo
3RECLDM8401F3,Nueva York,3801,3900,Decreciente,Recoleccion De Contenedores Verdes,149.1,3,11,Villa Devoto
3RECLDM8404F3,"Trelles, Manuel R. Av.",2505,2600,Decreciente,Recoleccion De Contenedores Verdes,100.24,3,15,Paternal
3RECLDM8405F3,Gurruchaga,201,300,Decreciente,Recoleccion De Contenedores Verdes,130.38,3,15,Villa Crespo
3RECLDM8404F3,"Segui, F. J., Alte.",2301,2400,Creciente,Recoleccion De Contenedores Verdes,118.98,3,15,Paternal
3RECLDM8405F3,Castillo,1,100,Creciente,Recoleccion De Contenedores Verdes,140.72,3,15,Villa Crespo
3RECLDM8405F3,Warnes Av.,902,1000,Decreciente,Recoleccion De Contenedores Verdes,147.03,3,15,Villa Crespo
3RECLDM8405F3,Camargo,601,700,Creciente,Recoleccion De Contenedores Verdes,130.08,3,15,Villa Crespo
3RECLDM8404F3,Raulies,2001,2100,Doble,Recoleccion De Contenedores Verdes,139.74,3,15,Paternal
3RECLDM8401F3,"Moran, Pedro",3701,3770,Decreciente,Recoleccion De Contenedores Verdes,108.1,3,11,Villa Devoto
3RECLDM8402F3,"Beiro, Francisco Av.",3401,3500,Doble,Recoleccion De Contenedores Verdes,152.71,3,11,Villa Del Parque
3RECLDM8402F3,Navarro,3501,3600,Creciente,Recoleccion De Contenedores Verdes,153.77,3,11,Villa Devoto
3RECLDM8402F3,Melincue,2701,2800,Decreciente,Recoleccion De Contenedores Verdes,129.51,3,11,Villa Del Parque
3RECLDM8401F3,Habana,4201,4300,Decreciente,Recoleccion De Contenedores Verdes,145.1,3,11,Villa Devoto
3RECLDM8401F3,"Solano Lopez, F., Mariscal",3601,3700,Creciente,Recoleccion De Contenedores Verdes,155.31,3,11,Villa Devoto
3RECLDM8402F3,"Rivas, Gral.",2401,2500,Creciente,Recoleccion De Contenedores Verdes,95.82,3,11,Villa Del Parque
3RECLDM8404F3,Casafoust,701,800,Decreciente,Recoleccion De Contenedores Verdes,118.03,3,15,Villa Crespo
3RECLDM8402F3,"Varela, Jose Pedro",3301,3400,Decreciente,Recoleccion De Contenedores Verdes,153.21,3,11,Villa Del Parque
3RECLDM8405F3,Aguirre,201,300,Creciente,Recoleccion De Contenedores Verdes,117.63,3,15,Villa Crespo
3RECLDM8405F3,Corrientes Av.,5101,5200,Decreciente,Recoleccion De Contenedores Verdes,115.07,3,15,Villa Crespo
3RECLDM8402F3,Nogoya,2602,2700,Doble,Recoleccion De Contenedores Verdes,104.92,3,11,Villa Del Parque
3RECLDM8402F3,Simbron,3201,3300,Creciente,Recoleccion De Contenedores Verdes,152.85,3,11,Villa Del Parque
3RECLDM8404F3,Fragata Pres. Sarmiento,2201,2300,Creciente,Recoleccion De Contenedores Verdes,118.91,3,15,Paternal
3RECLDM8404F3,"Virasoro, Valentin",1901,2000,Creciente,Recoleccion De Contenedores Verdes,128.96,3,15,Villa Crespo
3RECLDM8404F3,"Dickman, Adolfo, Dr.",1201,1300,Creciente,Recoleccion De Contenedores Verdes,118.23,3,15,Paternal
3RECLDM8405F3,Muñecas,801,900,Creciente,Recoleccion De Contenedores Verdes,130.34,3,15,Villa Crespo
3RECLDM8402F3,"Lozano, Pedro",3001,3100,Creciente,Recoleccion De Contenedores Verdes,152.51,3,11,Villa Del Parque
3RECLDM8402F3,Tinogasta,3101,3200,Decreciente,Recoleccion De Contenedores Verdes,150.49,3,11,Villa Del Parque
3RECLDM8402F3,Nazarre,2901,3000,Doble,Recoleccion De Contenedores Verdes,110.93,3,11,Villa Del Parque
3RECLDM8401F3,"Mistral, Gabriela",4601,4700,Creciente,Recoleccion De Contenedores Verdes,91.07,3,11,Villa Devoto
3RECLDM8404F3,Espinosa,2601,2700,Creciente,Recoleccion De Contenedores Verdes,126.99,3,15,Paternal
3RECLDM8401F3,Asuncion,3901,4000,Creciente,Recoleccion De Contenedores Verdes,94.48,3,11,Villa Devoto
3RECLDM8402F3,Navarro,3641,3700,Creciente,Recoleccion De Contenedores Verdes,96.32,3,11,Villa Devoto
3RECLDM8405F3,Warnes Av.,702,800,Decreciente,Recoleccion De Contenedores Verdes,126.5,3,15,Villa Crespo
3RECLDM8405F3,"Ramirez De Velasco, Juan",201,300,Creciente,Recoleccion De Contenedores Verdes,117.82,3,15,Villa Crespo
3RECLDM8401F3,"Solano Lopez, F., Mariscal",3701,3800,Creciente,Recoleccion De Contenedores Verdes,143.15,3,11,Villa Devoto
3RECLDM8401F3,"Cubas, Jose",4401,4500,Creciente,Recoleccion De Contenedores Verdes,145.1,3,11,Villa Devoto
3RECLDM8401F3,"Moran, Pedro",3801,3900,Decreciente,Recoleccion De Contenedores Verdes,149.08,3,11,Villa Devoto
3RECLDM8401F3,Vallejos,4501,4600,Decreciente,Recoleccion De Contenedores Verdes,145.24,3,11,Villa Devoto
3RECLDM8404F3,"Rodriguez, Manuel A., General",2001,2050,Creciente,Recoleccion De Contenedores Verdes,58.49,3,15,Villa Crespo
3RECLDM8404F3,"Pueyrredon, Honorio, Dr. Av.",0,1900,Decreciente,Recoleccion De Contenedores Verdes,125.28,3,15,Villa Crespo
3RECLDM8404F3,"Trelles, Manuel R. Av.",2401,2500,Decreciente,Recoleccion De Contenedores Verdes,142.79,3,15,Paternal
3RECLDM8404F3,Punta Arenas,1701,1800,Decreciente,Recoleccion De Contenedores Verdes,123.57,3,15,Paternal
3RECLDM8404F3,"Oroño, Nicasio",2201,2300,Decreciente,Recoleccion De Contenedores Verdes,118.67,3,15,Paternal
3RECLDM8405F3,Camargo,401,500,Creciente,Recoleccion De Contenedores Verdes,98.54,3,15,Villa Crespo
3RECLDM8405F3,"Drago, Luis Maria",301,400,Decreciente,Recoleccion De Contenedores Verdes,118.5,3,15,Villa Crespo
3RECLDM8401F3,Nueva York,4101,4200,Decreciente,Recoleccion De Contenedores Verdes,145.22,3,11,Villa Devoto
3RECLDM8404F3,"Garcia, Juan Agustin",1401,1500,Decreciente,Recoleccion De Contenedores Verdes,142.37,3,15,Paternal
3RECLDM8401F3,"Carril, Salvador Maria Del Av.",0,4299,Creciente,Recoleccion De Contenedores Verdes,144.94,3,11,Villa Devoto
3RECLDM8405F3,Murillo,601,700,Creciente,Recoleccion De Contenedores Verdes,130.57,3,15,Villa Crespo
3RECLDM8401F3,Pareja,4301,4400,Creciente,Recoleccion De Contenedores Verdes,145.04,3,11,Villa Devoto
3RECLDM8402F3,"Beiro, Francisco Av.",3601,3700,Doble,Recoleccion De Contenedores Verdes,138.95,3,11,Villa Del Parque
3RECLDM8404F3,"Rousseau, Juan J.",2001,2100,Decreciente,Recoleccion De Contenedores Verdes,144.48,3,15,Paternal
3RECLDM8402F3,"Gutierrez, Ricardo",0,3499,Creciente,Recoleccion De Contenedores Verdes,74.6,3,11,Villa Del Parque
3RECLDM8404F3,"Repetto, Nicolas, Dr.",2001,2100,Creciente,Recoleccion De Contenedores Verdes,103.37,3,15,Villa Crespo
3RECLDM8405F3,Aguirre,1,100,Creciente,Recoleccion De Contenedores Verdes,94.61,3,15,Villa Crespo
3RECLDM8404F3,Rojas,1801,1900,Decreciente,Recoleccion De Contenedores Verdes,123.03,3,15,Villa Crespo
3RECLDM8402F3,Santo Tome,2437,2500,Creciente,Recoleccion De Contenedores Verdes,92.53,3,11,Villa Del Parque
3RECLDM8402F3,"Varela, Jose Pedro",3501,3600,Decreciente,Recoleccion De Contenedores Verdes,161.46,3,11,Villa Del Parque
3RECLDM8404F3,Sunchales,801,900,Creciente,Recoleccion De Contenedores Verdes,140.25,3,15,Villa Crespo
3RECLDM8402F3,Baigorria,2701,2800,Creciente,Recoleccion De Contenedores Verdes,129.44,3,11,Villa Del Parque
3RECLDM8404F3,"Carranza, Adolfo P.",2001,2100,Decreciente,Recoleccion De Contenedores Verdes,143.89,3,15,Paternal
3RECLDM8401F3,"Moran, Pedro",4001,4100,Decreciente,Recoleccion De Contenedores Verdes,95.27,3,11,Villa Devoto
3RECLDM8405F3,"Scalabrini Ortiz, Raul Av.",21,100,Doble,Recoleccion De Contenedores Verdes,136.37,3,15,Villa Crespo
3RECLDM8404F3,"Segui, F. J., Alte.",2101,2200,Creciente,Recoleccion De Contenedores Verdes,142.75,3,15,Paternal
3RECLDM8402F3,Arregui,2301,2400,Creciente,Recoleccion De Contenedores Verdes,123.39,3,11,Villa Del Parque
3RECLDM8402F3,"Sastre, Marcos",2601,2700,Decreciente,Recoleccion De Contenedores Verdes,184.95,3,11,Villa Del Parque
3RECLDM8401F3,Navarro,3801,3900,Creciente,Recoleccion De Contenedores Verdes,98.31,3,11,Villa Devoto
3RECLDM8402F3,Terrero,3051,3100,Creciente,Recoleccion De Contenedores Verdes,58.99,3,11,Villa Del Parque
3RECLDM8401F3,Chivilcoy Av.,0,3700,Decreciente,Recoleccion De Contenedores Verdes,108.25,3,11,Villa Devoto
3RECLDM8405F3,Warnes Av.,401,500,Decreciente,Recoleccion De Contenedores Verdes,83.94,3,15,Villa Crespo
3RECLDM8405F3,"Drago, Luis Maria",201,300,Decreciente,Recoleccion De Contenedores Verdes,117.65,3,15,Villa Crespo
3RECLDM8402F3,Nogoya,2901,3000,Doble,Recoleccion De Contenedores Verdes,102.57,3,11,Villa Del Parque
3RECLDM8404F3,"Virasoro, Valentin",1701,1800,Creciente,Recoleccion De Contenedores Verdes,156.2,3,15,Villa Crespo
3RECLDM8405F3,Vera,101,200,Creciente,Recoleccion De Contenedores Verdes,117.65,3,15,Villa Crespo
3RECLDM8401F3,Pareja,4401,4500,Creciente,Recoleccion De Contenedores Verdes,145.23,3,11,Villa Devoto
3RECLDM8404F3,"Rodriguez, Manuel A., General",1801,1900,Creciente,Recoleccion De Contenedores Verdes,120.84,3,15,Villa Crespo
3RECLDM8401F3,"Gutierrez, Ricardo",0,4223,Decreciente,Recoleccion De Contenedores Verdes,47.69,3,11,Villa Devoto
3RECLDM8401F3,Habana,4501,4600,Decreciente,Recoleccion De Contenedores Verdes,144.77,3,11,Villa Devoto
3RECLDM8401F3,"Cubas, Jose",4601,4700,Creciente,Recoleccion De Contenedores Verdes,144.95,3,11,Villa Devoto
3RECLDM8404F3,Terrero,2501,2600,Creciente,Recoleccion De Contenedores Verdes,81.96,3,15,Paternal
3RECLDM8405F3,Warnes Av.,301,400,Doble,Recoleccion De Contenedores Verdes,102.91,3,15,Villa Crespo
3RECLDM8404F3,Fragata Pres. Sarmiento,2001,2100,Creciente,Recoleccion De Contenedores Verdes,142.6,3,15,Paternal
3RECLDM8404F3,Miguel Angel,1801,1900,Creciente,Recoleccion De Contenedores Verdes,155.76,3,15,Paternal
3RECLDM8404F3,Olaya,1601,1700,Decreciente,Recoleccion De Contenedores Verdes,145.81,3,15,Villa Crespo
3RECLDM8402F3,"Lamarca, Emilio",3201,3300,Decreciente,Recoleccion De Contenedores Verdes,86.4,3,11,Villa Del Parque
3RECLDM8404F3,"Pueyrredon, Honorio, Dr. Av.",0,1700,Decreciente,Recoleccion De Contenedores Verdes,154.69,3,15,Villa Crespo
3RECLDM8404F3,Hidalgo,1601,1700,Decreciente,Recoleccion De Contenedores Verdes,110.42,3,15,Villa Crespo
3RECLDM8402F3,Condarco,2731,2800,Decreciente,Recoleccion De Contenedores Verdes,109.91,3,11,Villa Del Parque
3RECLDM8404F3,Alvarez Jonte,1801,1900,Creciente,Recoleccion De Contenedores Verdes,135.44,3,11,Villa Gral. Mitre
3RECLDM8404F3,"Repetto, Nicolas, Dr.",1801,1900,Creciente,Recoleccion De Contenedores Verdes,118.57,3,15,Villa Crespo
3RECLDM8402F3,Concordia,3101,3200,Creciente,Recoleccion De Contenedores Verdes,135.67,3,11,Villa Del Parque
3RECLDM8404F3,"Dickman, Adolfo, Dr.",1401,1500,Creciente,Recoleccion De Contenedores Verdes,142.27,3,15,Paternal
3RECLDM8404F3,Paysandu,1901,2000,Decreciente,Recoleccion De Contenedores Verdes,142.78,3,15,Paternal
3RECLDM8405F3,Camargo,201,300,Creciente,Recoleccion De Contenedores Verdes,117.83,3,15,Villa Crespo
3RECLDM8402F3,Helguera,2801,2900,Creciente,Recoleccion De Contenedores Verdes,120.06,3,11,Villa Del Parque
3RECLDM8402F3,"Lozano, Pedro",3401,3500,Decreciente,Recoleccion De Contenedores Verdes,105.12,3,11,Villa Del Parque
3RECLDM8404F3,Biarritz,2001,2100,Creciente,Recoleccion De Contenedores Verdes,138.76,3,15,Paternal
3RECLDM8402F3,"Sastre, Marcos",2801,2900,Decreciente,Recoleccion De Contenedores Verdes,131.99,3,11,Villa Del Parque
3RECLDM8404F3,"Garcia, Juan Agustin",1701,1800,Decreciente,Recoleccion De Contenedores Verdes,147.15,3,11,Villa Gral. Mitre
3RECLDM8402F3,"Carranza, Adolfo P.",2201,2250,Decreciente,Recoleccion De Contenedores Verdes,59.62,3,11,Villa Del Parque
3RECLDM8402F3,Arregui,2551,2600,Creciente,Recoleccion De Contenedores Verdes,64.94,3,11,Villa Del Parque
3RECLDM8404F3,Rojas,1601,1700,Decreciente,Recoleccion De Contenedores Verdes,152.23,3,15,Villa Crespo
3RECLDM8404F3,Acoyte,1401,1500,Creciente,Recoleccion De Contenedores Verdes,101.44,3,15,Villa Crespo
3RECLDM8402F3,Terrero,3201,3300,Creciente,Recoleccion De Contenedores Verdes,143.23,3,11,Villa Del Parque
3RECLDM8402F3,Lascano,2301,2400,Decreciente,Recoleccion De Contenedores Verdes,123.36,3,11,Villa Del Parque
3RECLDM8404F3,"Oroño, Nicasio",2001,2050,Decreciente,Recoleccion De Contenedores Verdes,79.37,3,15,Paternal
3RECLDM8404F3,"Lamas, Andres",2301,2400,Decreciente,Recoleccion De Contenedores Verdes,92.45,3,15,Paternal
3RECLDM8404F3,Paysandu,0,1900,Decreciente,Recoleccion De Contenedores Verdes,90.71,3,15,Paternal
3RECLDM8405F3,"Frias, Eustoquio, Tte. General",101,200,Decreciente,Recoleccion De Contenedores Verdes,151.62,3,15,Villa Crespo
3RECLDM8404F3,San Blas,1601,1700,Creciente,Recoleccion De Contenedores Verdes,142.08,3,11,Villa Gral. Mitre
3RECLDM8402F3,Santo Tome,2701,2800,Creciente,Recoleccion De Contenedores Verdes,130.43,3,11,Villa Del Parque
3RECLDM8402F3,Nazarre,3401,3500,Creciente,Recoleccion De Contenedores Verdes,105.14,3,11,Villa Del Parque
3RECLDM8402F3,Simbron,3701,3800,Creciente,Recoleccion De Contenedores Verdes,149.78,3,11,Villa Del Parque
3RECLDM8404F3,"Virasoro, Valentin",1501,1600,Creciente,Recoleccion De Contenedores Verdes,107.9,3,15,Villa Crespo
3RECLDM8404F3,"Rodriguez, Manuel A., General",1601,1700,Creciente,Recoleccion De Contenedores Verdes,149.61,3,15,Villa Crespo
3RECLDM8404F3,Olaya,1401,1500,Decreciente,Recoleccion De Contenedores Verdes,92.72,3,15,Villa Crespo
3RECLDM8402F3,Melincue,3301,3400,Creciente,Recoleccion De Contenedores Verdes,89.81,3,11,Villa Del Parque
3RECLDM8405F3,Warnes Av.,21,100,Creciente,Recoleccion De Contenedores Verdes,125.68,3,15,Villa Crespo
3RECLDM8404F3,Cucha Cucha,1601,1700,Decreciente,Recoleccion De Contenedores Verdes,102.24,3,15,Villa Crespo
3RECLDM8404F3,"Gandhi, Mahatma",301,400,Creciente,Recoleccion De Contenedores Verdes,139.74,3,15,Villa Crespo
3RECLDM8404F3,Camarones,1501,1600,Decreciente,Recoleccion De Contenedores Verdes,131.75,3,11,Villa Gral. Mitre
3RECLDM8402F3,Tinogasta,3701,3800,Decreciente,Recoleccion De Contenedores Verdes,127.3,3,11,Villa Del Parque
3RECLDM8404F3,"Magariños Cervantes, A.",1301,1400,Decreciente,Recoleccion De Contenedores Verdes,97.1,3,11,Villa Gral. Mitre
3RECLDM8404F3,"Pueyrredon, Honorio, Dr. Av.",0,1500,Decreciente,Recoleccion De Contenedores Verdes,107.0,3,15,Villa Crespo
3RECLDM8404F3,"Garcia, Juan Agustin",1901,2000,Decreciente,Recoleccion De Contenedores Verdes,152.44,3,11,Villa Gral. Mitre
3RECLDM8402F3,Biarritz,2251,2300,Creciente,Recoleccion De Contenedores Verdes,63.38,3,11,Villa Del Parque
3RECLDM8402F3,"Carranza, Adolfo P.",2401,2450,Decreciente,Recoleccion De Contenedores Verdes,75.35,3,11,Villa Del Parque
3RECLDM8402F3,"Sastre, Marcos",3001,3100,Decreciente,Recoleccion De Contenedores Verdes,147.92,3,11,Villa Del Parque
3RECLDM8402F3,Lascano,2551,2600,Decreciente,Recoleccion De Contenedores Verdes,69.73,3,11,Villa Del Parque
3RECLDM8404F3,Hidalgo,1301,1400,Decreciente,Recoleccion De Contenedores Verdes,117.73,3,15,Villa Crespo
3RECLDM8404F3,Camarones,1601,1700,Decreciente,Recoleccion De Contenedores Verdes,141.52,3,11,Villa Gral. Mitre
3RECLDM8402F3,Arregui,2701,2800,Creciente,Recoleccion De Contenedores Verdes,131.34,3,11,Villa Del Parque
3RECLDM8404F3,San Blas,1801,1900,Creciente,Recoleccion De Contenedores Verdes,136.69,3,11,Villa Gral. Mitre
3RECLDM8404F3,"Belaustegui, Luis, Dr.",901,1000,Decreciente,Recoleccion De Contenedores Verdes,151.19,3,15,Villa Crespo
3RECLDM8402F3,"Lozano, Pedro",3701,3800,Decreciente,Recoleccion De Contenedores Verdes,130.16,3,11,Villa Del Parque
3RECLDM8402F3,Melincue,3501,3600,Creciente,Recoleccion De Contenedores Verdes,97.43,3,11,Villa Del Parque
3RECLDM8404F3,Linneo,2101,2200,Creciente,Recoleccion De Contenedores Verdes,202.44,3,15,Paternal
3RECLDM8404F3,Rojas,1401,1500,Decreciente,Recoleccion De Contenedores Verdes,105.07,3,15,Villa Crespo
3RECLDM8402F3,Santo Tome,2901,3000,Creciente,Recoleccion De Contenedores Verdes,123.45,3,11,Villa Del Parque
3RECLDM8404F3,"Virasoro, Valentin",1301,1400,Creciente,Recoleccion De Contenedores Verdes,102.52,3,15,Villa Crespo
3RECLDM8404F3,"Magariños Cervantes, A.",1501,1600,Creciente,Recoleccion De Contenedores Verdes,131.64,3,11,Villa Gral. Mitre
3RECLDM8404F3,"Marechal, Leopoldo",1101,1200,Decreciente,Recoleccion De Contenedores Verdes,138.38,3,15,Villa Crespo
3RECLDM8404F3,"Oroño, Nicasio",1801,1900,Decreciente,Recoleccion De Contenedores Verdes,133.83,3,11,Villa Gral. Mitre
3RECLDM8402F3,"Sastre, Marcos",3101,3200,Decreciente,Recoleccion De Contenedores Verdes,146.54,3,11,Villa Del Parque
3RECLDM8404F3,Hidalgo,1201,1300,Decreciente,Recoleccion De Contenedores Verdes,114.91,3,15,Villa Crespo
3RECLDM8402F3,"Carranza, Adolfo P.",2551,2600,Decreciente,Recoleccion De Contenedores Verdes,70.41,3,11,Villa Del Parque
3RECLDM8404F3,Galicia,701,800,Decreciente,Recoleccion De Contenedores Verdes,112.47,3,15,Villa Crespo
3RECLDM8402F3,"Lozano, Pedro",3801,3900,Decreciente,Recoleccion De Contenedores Verdes,143.96,3,11,Villa Del Parque
3RECLDM8402F3,Melincue,3601,3700,Creciente,Recoleccion De Contenedores Verdes,138.62,3,11,Villa Del Parque
3RECLDM8402F3,Nazarre,3701,3800,Creciente,Recoleccion De Contenedores Verdes,133.21,3,11,Villa Del Parque
3RECLDM8402F3,"Artigas, Jose Gervasio, Gral.",2301,2400,Creciente,Recoleccion De Contenedores Verdes,127.69,3,11,Villa Del Parque
3RECLDM8404F3,Camarones,1801,1900,Decreciente,Recoleccion De Contenedores Verdes,136.81,3,11,Villa Gral. Mitre
3RECLDM8404F3,"Figueroa, D. Apolinario, Coronel",501,600,Decreciente,Recoleccion De Contenedores Verdes,119.95,3,15,Villa Crespo
3RECLDM8402F3,Nogoya,3501,3600,Decreciente,Recoleccion De Contenedores Verdes,105.26,3,11,Villa Del Parque
3RECLDM8404F3,"Magariños Cervantes, A.",1701,1800,Creciente,Recoleccion De Contenedores Verdes,102.24,3,11,Villa Gral. Mitre
3RECLDM8404F3,Olaya,1101,1200,Decreciente,Recoleccion De Contenedores Verdes,127.12,3,15,Villa Crespo
3RECLDM8402F3,Terrada,2451,2500,Creciente,Recoleccion De Contenedores Verdes,58.37,3,11,Villa Del Parque
3RECLDM8404F3,"Lamas, Andres",2001,2100,Decreciente,Recoleccion De Contenedores Verdes,133.11,3,11,Villa Gral. Mitre
3RECLDM8404F3,"Rodriguez, Manuel A., General",1301,1400,Creciente,Recoleccion De Contenedores Verdes,111.71,3,15,Villa Crespo
3RECLDM8402F3,Nazca Av.,2501,2600,Doble,Recoleccion De Contenedores Verdes,160.47,3,11,Villa Del Parque
3RECLDM8402F3,Santo Tome,3101,3200,Creciente,Recoleccion De Contenedores Verdes,143.37,3,11,Villa Del Parque
3RECLDM8404F3,"Virasoro, Valentin",1101,1200,Creciente,Recoleccion De Contenedores Verdes,84.8,3,15,Villa Crespo
3RECLDM8402F3,Baigorria,3501,3600,Creciente,Recoleccion De Contenedores Verdes,113.35,3,11,Villa Del Parque
3RECLDM8404F3,"Pueyrredon, Honorio, Dr. Av.",0,1200,Decreciente,Recoleccion De Contenedores Verdes,116.82,3,15,Villa Crespo
3RECLDM8402F3,"Carranza, Adolfo P.",2701,2800,Decreciente,Recoleccion De Contenedores Verdes,137.08,3,11,Villa Del Parque
3RECLDM8402F3,Arregui,3001,3100,Creciente,Recoleccion De Contenedores Verdes,142.0,3,11,Villa Del Parque
3RECLDM8402F3,"Sastre, Marcos",3401,3500,Decreciente,Recoleccion De Contenedores Verdes,106.01,3,11,Villa Del Parque
3RECLDM8402F3,Melincue,3801,3900,Creciente,Recoleccion De Contenedores Verdes,134.58,3,11,Villa Del Parque
3RECLDM8402F3,Nogoya,3735,3800,Decreciente,Recoleccion De Contenedores Verdes,94.62,3,11,Villa Del Parque
3RECLDM8402F3,Lascano,2901,3000,Decreciente,Recoleccion De Contenedores Verdes,132.68,3,11,Villa Del Parque
3RECLDM8402F3,Baigorria,3601,3700,Creciente,Recoleccion De Contenedores Verdes,101.65,3,11,Villa Del Parque
3RECLDM8404F3,San Martin Av.,1201,1220,Doble,Recoleccion De Contenedores Verdes,75.79,3,15,Villa Crespo
3RECLDM8404F3,"Magariños Cervantes, A.",1901,2000,Creciente,Recoleccion De Contenedores Verdes,151.03,3,11,Villa Gral. Mitre
3RECLDM8402F3,Santo Tome,3301,3400,Creciente,Recoleccion De Contenedores Verdes,92.3,3,11,Villa Del Parque
3RECLDM8404F3,"Diaz, Cesar, Gral.",1833,1900,Decreciente,Recoleccion De Contenedores Verdes,75.95,3,11,Villa Gral. Mitre
3RECLDM8404F3,"Justo, Juan B. Av.",4401,4500,Doble,Recoleccion De Contenedores Verdes,139.45,3,11,Villa Gral. Mitre
3RECLDM8402F3,"Gonzalez, Joaquin v.",2701,2800,Decreciente,Recoleccion De Contenedores Verdes,99.31,3,11,Villa Del Parque
3RECLDM8402F3,Arregui,3201,3300,Creciente,Recoleccion De Contenedores Verdes,140.99,3,11,Villa Del Parque
3RECLDM8402F3,"Sastre, Marcos",3601,3700,Decreciente,Recoleccion De Contenedores Verdes,108.01,3,11,Villa Del Parque
3RECLDM8402F3,Lascano,3101,3200,Decreciente,Recoleccion De Contenedores Verdes,138.43,3,11,Villa Del Parque
3RECLDM8402F3,Baigorria,3801,3900,Creciente,Recoleccion De Contenedores Verdes,123.95,3,11,Villa Del Parque
3RECLDM8402F3,"Sastre, Marcos",3701,3800,Decreciente,Recoleccion De Contenedores Verdes,156.63,3,11,Villa Del Parque
3RECLDM8404F3,"Justo, Juan B. Av.",4611,4700,Doble,Recoleccion De Contenedores Verdes,80.15,3,11,Villa Gral. Mitre
3RECLDM8402F3,Arregui,3501,3550,Creciente,Recoleccion De Contenedores Verdes,71.88,3,11,Villa Del Parque
3RECLDM8402F3,Lascano,3301,3400,Decreciente,Recoleccion De Contenedores Verdes,99.54,3,11,Villa Del Parque
3RECLDM8402F3,"Lamarca, Emilio",2301,2400,Decreciente,Recoleccion De Contenedores Verdes,122.74,3,11,Villa Del Parque
3RECLDM8404F3,Tres Arroyos,1801,1900,Creciente,Recoleccion De Contenedores Verdes,169.94,3,11,Villa Gral. Mitre
3RECLDM8402F3,Martin Pescador,2201,2249,Decreciente,Recoleccion De Contenedores Verdes,62.36,3,11,Villa Del Parque
3RECLDM8404F3,Galicia,1701,1800,Decreciente,Recoleccion De Contenedores Verdes,128.31,3,11,Villa Gral. Mitre
3RECLDM8402F3,Arregui,3701,3800,Creciente,Recoleccion De Contenedores Verdes,144.24,3,11,Villa Del Parque
3RECLDM8404F3,Tres Arroyos,1951,2000,Creciente,Recoleccion De Contenedores Verdes,72.61,3,11,Villa Gral. Mitre
3RECLDM8404F3,Galicia,1901,2000,Decreciente,Recoleccion De Contenedores Verdes,137.36,3,11,Villa Gral. Mitre
3RECLDM8404F3,"Viale, Luis",1801,1900,Creciente,Recoleccion De Contenedores Verdes,143.55,3,11,Villa Gral. Mitre
3RECLDM8402F3,Lascano,3801,3900,Decreciente,Recoleccion De Contenedores Verdes,103.95,3,11,Villa Del Parque
3RECLDM8404F3,"Figueroa, D. Apolinario, Coronel",1901,2000,Decreciente,Recoleccion De Contenedores Verdes,124.64,3,11,Villa Gral. Mitre
3RECLDM8401F3,San Martin Av.,0,6400,Decreciente,Recoleccion De Contenedores Verdes,107.18,3,11,Villa Devoto
3RECLDM8403F3,Triunvirato Av.,2351,2450,Doble,Recoleccion De Contenedores Verdes,120.2,3,15,Chacarita
3RECLDM8403F3,Triunvirato Av.,2601,2650,Doble,Recoleccion De Contenedores Verdes,77.1,3,15,Chacarita
3RECLDM8403F3,Triunvirato Av.,2551,2600,Doble,Recoleccion De Contenedores Verdes,69.36,3,15,Chacarita
3RECLDM8403F3,"Garcia, Teodoro",3917,3990,Decreciente,Recoleccion De Contenedores Verdes,95.64,3,15,Chacarita
3RECLDM8403F3,Triunvirato Av.,2451,2550,Doble,Recoleccion De Contenedores Verdes,119.51,3,15,Chacarita
3RECLDM8403F3,Guevara,1151,1200,Creciente,Recoleccion De Contenedores Verdes,70.46,3,15,Chacarita
3RECLDM8403F3,Guevara,1081,1100,Creciente,Recoleccion De Contenedores Verdes,25.52,3,15,Chacarita
3RECLDM8406F3,Llerena,2401,2500,Creciente,Recoleccion De Contenedores Verdes,120.95,3,15,Parque Chas
3RECLDM8405F3,Montenegro,101,150,Creciente,Recoleccion De Contenedores Verdes,53.84,3,15,Chacarita
3RECLDM8402F3,Fernandez Espiro Diego,2401,2500,Decreciente,Recoleccion De Contenedores Verdes,127.9,3,11,Villa Del Parque
3RECLDM8402F3,"Lamarca, Emilio",2102,2200,Decreciente,Recoleccion De Contenedores Verdes,164.95,3,11,Villa Del Parque
3RECLDM8404F3,Gaona Av.,2401,2500,Creciente,Recoleccion De Contenedores Verdes,120.4,3,11,Villa Gral. Mitre
3RECLDM8402F3,San Martin Av.,4101,4200,Doble,Recoleccion De Contenedores Verdes,106.72,3,11,Villa Del Parque
3RECLDM8402F3,Nazarre,3201,3300,Creciente,Recoleccion De Contenedores Verdes,152.68,3,11,Villa Del Parque
3RECLDM8404F3,Espinosa,2801,2872,Doble,Recoleccion De Contenedores Verdes,86.77,3,15,Paternal
3RECLDM8404F3,"Repetto, Nicolas, Dr.",1601,1700,Creciente,Recoleccion De Contenedores Verdes,146.97,3,15,Villa Crespo
3RECLDM8403F3,Cespedes,3601,3700,Decreciente,Recoleccion De Contenedores Verdes,112.75,3,15,Chacarita
3RECLDT8413F2,Vedia,2401,2600,Creciente,Recoleccion De Contenedores Verdes,186.27,3,12,Saavedra
3RECLDT8413F2,"Malharro, Martin A.",2501,2600,Doble,Recoleccion De Contenedores Verdes,99.31,3,12,Saavedra
3RECLDT8413F2,Argelia,2701,2800,Doble,Recoleccion De Contenedores Verdes,99.1,3,12,Saavedra
3RECLDT8413F2,Quintana,4801,4900,Doble,Recoleccion De Contenedores Verdes,99.82,3,12,Saavedra
3RECLDT8413F2,Deheza,2801,2900,Decreciente,Recoleccion De Contenedores Verdes,98.2,3,12,Saavedra
3RECLDT8413F2,Vidal,4501,4600,Creciente,Recoleccion De Contenedores Verdes,98.54,3,12,Saavedra
3RECLDT8413F2,Pinto,4801,4900,Doble,Recoleccion De Contenedores Verdes,94.67,3,12,Saavedra
3RECLDT8413F2,Zapiola,4701,4800,Decreciente,Recoleccion De Contenedores Verdes,99.6,3,12,Saavedra
3RECLDT8413F2,San Isidro Labrador Av.,0,4600,Decreciente,Recoleccion De Contenedores Verdes,94.99,3,12,Saavedra
3RECLDT8413F2,Quintana,4601,4700,Doble,Recoleccion De Contenedores Verdes,99.12,3,12,Saavedra
3RECLDT8413F2,"Freire, Ramon, Cap. Gral.",4701,4800,Creciente,Recoleccion De Contenedores Verdes,100.86,3,12,Saavedra
3RECLDT8413F2,Superi,4801,4900,Doble,Recoleccion De Contenedores Verdes,101.35,3,12,Saavedra
3RECLDT8413F2,Correa,2501,2700,Creciente,Recoleccion De Contenedores Verdes,187.99,3,12,Saavedra
3RECLDT8413F2,Zapiola,4501,4600,Decreciente,Recoleccion De Contenedores Verdes,97.67,3,12,Saavedra
3RECLDT8413F2,Cramer,4301,4400,Decreciente,Recoleccion De Contenedores Verdes,99.71,3,12,Saavedra
3RECLDT8413F2,Pinto,4501,4600,Creciente,Recoleccion De Contenedores Verdes,99.77,3,12,Saavedra
3RECLDT8413F2,Conde,4601,4700,Decreciente,Recoleccion De Contenedores Verdes,100.27,3,12,Saavedra
3RECLDT8413F2,Ruiz Huidobro,2701,2800,Decreciente,Recoleccion De Contenedores Verdes,97.52,3,12,Saavedra
3RECLDT8413F2,"Perez, Roque",4701,4800,Decreciente,Recoleccion De Contenedores Verdes,101.2,3,12,Saavedra
3RECLDT8413F2,Moldes,4101,4200,Decreciente,Recoleccion De Contenedores Verdes,96.18,3,12,Saavedra
3RECLDT8413F2,Quintana,4401,4500,Doble,Recoleccion De Contenedores Verdes,98.68,3,12,Saavedra
3RECLDT8413F2,Conesa,4301,4400,Creciente,Recoleccion De Contenedores Verdes,99.18,3,12,Saavedra
3RECLDT8413F2,"Freire, Ramon, Cap. Gral.",4401,4500,Creciente,Recoleccion De Contenedores Verdes,102.22,3,12,Saavedra
3RECLDT8413F2,Superi,4501,4600,Creciente,Recoleccion De Contenedores Verdes,100.85,3,12,Saavedra
3RECLDT8413F2,Pinto,4301,4400,Creciente,Recoleccion De Contenedores Verdes,98.13,3,12,Saavedra
3RECLDT8413F2,Ciudad De La Paz,3801,3900,Decreciente,Recoleccion De Contenedores Verdes,103.57,3,12,Saavedra
3RECLDT8413F2,Vilela,2701,2800,Decreciente,Recoleccion De Contenedores Verdes,99.22,3,12,Saavedra
3RECLDT8413F2,Conde,4401,4500,Decreciente,Recoleccion De Contenedores Verdes,101.4,3,12,Saavedra
3RECLDT8413F2,Zapiola,4201,4300,Decreciente,Recoleccion De Contenedores Verdes,99.59,3,12,Saavedra
3RECLDT8413F2,Cramer,4001,4100,Decreciente,Recoleccion De Contenedores Verdes,98.2,3,12,Saavedra
3RECLDT8414F2,Pico,4101,4200,Decreciente,Recoleccion De Contenedores Verdes,67.08,3,12,Saavedra
3RECLDT8413F2,"Perez, Roque",4401,4500,Decreciente,Recoleccion De Contenedores Verdes,99.9,3,12,Saavedra
3RECLDT8413F2,Vilela,3001,3100,Decreciente,Recoleccion De Contenedores Verdes,100.95,3,12,Saavedra
3RECLDT8413F2,Paroissien,2801,2900,Creciente,Recoleccion De Contenedores Verdes,97.93,3,12,Saavedra
3RECLDT8413F2,Superi,4301,4350,Creciente,Recoleccion De Contenedores Verdes,50.44,3,12,Saavedra
3RECLDT8413F2,Pinto,4101,4200,Creciente,Recoleccion De Contenedores Verdes,102.42,3,12,Saavedra
3RECLDT8413F2,Conde,4201,4250,Decreciente,Recoleccion De Contenedores Verdes,51.27,3,12,Saavedra
3RECLDT8414F2,Arias,3711,4000,Creciente,Recoleccion De Contenedores Verdes,316.84,3,12,Saavedra
3RECLDT8414F2,Deheza,4201,4300,Creciente,Recoleccion De Contenedores Verdes,69.69,3,12,Saavedra
3RECLDT8413F2,Moldes,3801,3900,Decreciente,Recoleccion De Contenedores Verdes,137.08,3,12,Saavedra
3RECLDT8414F2,Arias,4101,4200,Doble,Recoleccion De Contenedores Verdes,71.46,3,12,Saavedra
3RECLDT8413F2,Jaramillo,2601,2700,Decreciente,Recoleccion De Contenedores Verdes,93.78,3,12,Saavedra
3RECLDT8414F2,Machain,4771,4800,Decreciente,Recoleccion De Contenedores Verdes,45.73,3,12,Saavedra
3RECLDT8414F2,Correa,3701,3800,Decreciente,Recoleccion De Contenedores Verdes,101.74,3,12,Saavedra
3RECLDT8413F2,Conesa,3901,4000,Creciente,Recoleccion De Contenedores Verdes,91.13,3,12,Saavedra
3RECLDT8413F2,"Perez, Roque",4201,4300,Decreciente,Recoleccion De Contenedores Verdes,99.85,3,12,Saavedra
3RECLDT8414F2,"Acha, Mariano, Gral.",4801,4900,Creciente,Recoleccion De Contenedores Verdes,100.78,3,12,Saavedra
3RECLDT8414F2,Machain,4701,4770,Decreciente,Recoleccion De Contenedores Verdes,55.2,3,12,Saavedra
3RECLDT8413F2,Cramer,3701,3800,Doble,Recoleccion De Contenedores Verdes,102.17,3,12,Saavedra
3RECLDT8414F2,Valdenegro,4901,4970,Decreciente,Recoleccion De Contenedores Verdes,58.12,3,12,Saavedra
3RECLDT8414F2,Tronador,4401,4500,Decreciente,Recoleccion De Contenedores Verdes,100.73,3,12,Saavedra
3RECLDT8414F2,Ramallo,4201,4300,Doble,Recoleccion De Contenedores Verdes,54.61,3,12,Saavedra
3RECLDT8414F2,Miller,4801,4900,Creciente,Recoleccion De Contenedores Verdes,100.83,3,12,Saavedra
3RECLDT8413F2,Vidal,3601,3700,Creciente,Recoleccion De Contenedores Verdes,124.17,3,12,Saavedra
3RECLDT8414F2,Lugones,4701,4800,Decreciente,Recoleccion De Contenedores Verdes,100.93,3,12,Saavedra
3RECLDT8414F2,"Naon, Romulo",4201,4300,Doble,Recoleccion De Contenedores Verdes,102.2,3,12,Saavedra
3RECLDT8413F2,Jaramillo,3001,3100,Decreciente,Recoleccion De Contenedores Verdes,95.33,3,12,Saavedra
3RECLDT8414F2,Washington,4101,4200,Creciente,Recoleccion De Contenedores Verdes,98.79,3,12,Saavedra
3RECLDT8413F2,Pinto,3701,3800,Creciente,Recoleccion De Contenedores Verdes,100.2,3,12,Saavedra
3RECLDT8414F2,Valdenegro,4701,4800,Decreciente,Recoleccion De Contenedores Verdes,100.93,3,12,Saavedra
3RECLDT8414F2,"Acha, Mariano, Gral.",4501,4600,Creciente,Recoleccion De Contenedores Verdes,100.84,3,12,Saavedra
3RECLDT8414F2,Tronador,4201,4300,Decreciente,Recoleccion De Contenedores Verdes,100.43,3,12,Saavedra
3RECLDT8414F2,Holmberg,4301,4400,Creciente,Recoleccion De Contenedores Verdes,91.62,3,12,Saavedra
3RECLDT8414F2,Paroissien,3701,3800,Creciente,Recoleccion De Contenedores Verdes,101.08,3,12,Saavedra
3RECLDT8414F2,Machain,4401,4500,Decreciente,Recoleccion De Contenedores Verdes,100.92,3,12,Saavedra
3RECLDT8414F2,Estomba,4101,4200,Creciente,Recoleccion De Contenedores Verdes,99.63,3,12,Saavedra
3RECLDT8414F2,Miller,4501,4600,Creciente,Recoleccion De Contenedores Verdes,100.96,3,12,Saavedra
3RECLDT8413F2,Jaramillo,3401,3500,Decreciente,Recoleccion De Contenedores Verdes,100.7,3,12,Saavedra
3RECLDT8415F2,"Freire, Ramon, Cap. Gral.",3601,3700,Creciente,Recoleccion De Contenedores Verdes,136.76,3,12,Saavedra
3RECLDT8414F2,Lugones,4401,4500,Decreciente,Recoleccion De Contenedores Verdes,100.79,3,12,Saavedra
3RECLDT8414F2,Garcia Del Rio,3801,3900,Decreciente,Recoleccion De Contenedores Verdes,100.6,3,12,Saavedra
3RECLDT8414F2,Tronador,4001,4100,Decreciente,Recoleccion De Contenedores Verdes,102.0,3,12,Saavedra
3RECLDT8414F2,"Acha, Mariano, Gral.",4301,4400,Creciente,Recoleccion De Contenedores Verdes,90.82,3,12,Saavedra
3RECLDT8414F2,Manzanares,3701,3800,Creciente,Recoleccion De Contenedores Verdes,100.57,3,12,Saavedra
3RECLDT8414F2,Machain,4201,4300,Decreciente,Recoleccion De Contenedores Verdes,85.2,3,12,Saavedra
3RECLDT8413F2,Jaramillo,3601,3700,Decreciente,Recoleccion De Contenedores Verdes,100.39,3,12,Saavedra
3RECLDT8415F2,Nuñez,3201,3300,Decreciente,Recoleccion De Contenedores Verdes,102.35,3,12,Coghlan
3RECLDT8414F2,Valdenegro,4401,4500,Decreciente,Recoleccion De Contenedores Verdes,100.68,3,12,Saavedra
3RECLDT8414F2,Estomba,3801,3900,Creciente,Recoleccion De Contenedores Verdes,101.62,3,12,Saavedra
3RECLDT8415F2,"Larralde, Crisologo Av.",3501,3600,Creciente,Recoleccion De Contenedores Verdes,101.17,3,12,Saavedra
3RECLDT8414F2,Miller,4301,4400,Creciente,Recoleccion De Contenedores Verdes,91.82,3,12,Saavedra
3RECLDT8415F2,Conde,3501,3600,Decreciente,Recoleccion De Contenedores Verdes,147.62,3,12,Saavedra
3RECLDT8415F2,Azurduy Juana,3201,3300,Creciente,Recoleccion De Contenedores Verdes,102.55,3,12,Coghlan
3RECLDT8414F2,Machain,4001,4100,Decreciente,Recoleccion De Contenedores Verdes,76.99,3,12,Saavedra
3RECLDT8414F2,Jaramillo,3921,4000,Decreciente,Recoleccion De Contenedores Verdes,63.84,3,12,Saavedra
3RECLDT8414F2,Lugones,4101,4200,Decreciente,Recoleccion De Contenedores Verdes,76.83,3,12,Saavedra
3RECLDT8415F2,"Larralde, Crisologo Av.",3701,3800,Creciente,Recoleccion De Contenedores Verdes,100.01,3,12,Saavedra
3RECLDT8415F2,Washington,3601,3700,Creciente,Recoleccion De Contenedores Verdes,149.24,3,12,Saavedra
3RECLDT8415F2,Nuñez,3501,3600,Decreciente,Recoleccion De Contenedores Verdes,101.84,3,12,Coghlan
3RECLDT8414F2,"Acha, Mariano, Gral.",4001,4100,Creciente,Recoleccion De Contenedores Verdes,99.94,3,12,Saavedra
3RECLDT8414F2,Tronador,3701,3800,Decreciente,Recoleccion De Contenedores Verdes,100.72,3,12,Saavedra
3RECLDT8415F2,Azurduy Juana,3401,3500,Creciente,Recoleccion De Contenedores Verdes,101.3,3,12,Coghlan
3RECLDT8414F2,Holmberg,3801,3900,Creciente,Recoleccion De Contenedores Verdes,97.96,3,12,Saavedra
3RECLDT8415F2,"Pedraza, Manuela",3301,3400,Decreciente,Recoleccion De Contenedores Verdes,99.03,3,12,Coghlan
3RECLDT8415F2,Pinto,3201,3300,Creciente,Recoleccion De Contenedores Verdes,151.72,3,12,Coghlan
3RECLDT8414F2,Miller,4001,4080,Creciente,Recoleccion De Contenedores Verdes,73.49,3,12,Saavedra
3RECLDT8415F2,"Tamborini, Jose Pascual",3201,3250,Creciente,Recoleccion De Contenedores Verdes,71.37,3,12,Coghlan
3RECLDT8414F2,Machain,3801,3900,Decreciente,Recoleccion De Contenedores Verdes,97.99,3,12,Saavedra
3RECLDT8415F2,Nuñez,3801,3900,Decreciente,Recoleccion De Contenedores Verdes,100.46,3,12,Coghlan
3RECLDT8415F2,Ibera,3101,3200,Creciente,Recoleccion De Contenedores Verdes,100.36,3,12,Coghlan
3RECLDT8415F2,Estomba,3501,3600,Creciente,Recoleccion De Contenedores Verdes,159.48,3,12,Saavedra
3RECLDT8415F2,Superi,3201,3300,Creciente,Recoleccion De Contenedores Verdes,149.89,3,12,Coghlan
3RECLDT8414F2,Donado,3651,3700,Decreciente,Recoleccion De Contenedores Verdes,69.51,3,12,Saavedra
3RECLDT8414F2,Lugones,3801,3900,Decreciente,Recoleccion De Contenedores Verdes,97.81,3,12,Saavedra
3RECLDT8415F2,"Balbin, Ricardo, Dr. Av.",3201,3250,Doble,Recoleccion De Contenedores Verdes,67.08,3,12,Coghlan
3RECLDT8414F2,"Acha, Mariano, Gral.",3701,3800,Creciente,Recoleccion De Contenedores Verdes,101.15,3,12,Saavedra
3RECLDT8415F2,"Pedraza, Manuela",3801,3900,Decreciente,Recoleccion De Contenedores Verdes,100.58,3,12,Coghlan
3RECLDT8415F2,Quesada,3201,3273,Decreciente,Recoleccion De Contenedores Verdes,117.71,3,12,Coghlan
3RECLDT8415F2,Nuñez,4101,4200,Decreciente,Recoleccion De Contenedores Verdes,106.36,3,12,Coghlan
3RECLDT8414F2,Valdenegro,3801,3870,Decreciente,Recoleccion De Contenedores Verdes,73.3,3,12,Saavedra
3RECLDT8414F2,Miller,3701,3800,Creciente,Recoleccion De Contenedores Verdes,101.31,3,12,Saavedra
3RECLDT8415F2,"Perez, Roque",3101,3200,Decreciente,Recoleccion De Contenedores Verdes,120.98,3,12,Coghlan
3RECLDT8415F2,"Tamborini, Jose Pascual",3601,3700,Creciente,Recoleccion De Contenedores Verdes,103.01,3,12,Coghlan
3RECLDT8414F2,Holmberg,3501,3600,Creciente,Recoleccion De Contenedores Verdes,173.75,3,12,Saavedra
3RECLDT8415F2,Superi,3001,3100,Creciente,Recoleccion De Contenedores Verdes,121.1,3,12,Coghlan
3RECLDT8415F2,"Pedraza, Manuela",4001,4100,Decreciente,Recoleccion De Contenedores Verdes,102.02,3,12,Coghlan
3RECLDT8415F2,Congreso Av.,3201,3300,Doble,Recoleccion De Contenedores Verdes,143.71,3,12,Coghlan
3RECLDT8415F2,"Ugarte, Manuel",3101,3200,Decreciente,Recoleccion De Contenedores Verdes,102.0,3,12,Coghlan
3RECLDT8415F2,"Tamborini, Jose Pascual",3801,3900,Creciente,Recoleccion De Contenedores Verdes,102.1,3,12,Coghlan
3RECLDT8414F2,Valdenegro,3601,3650,Decreciente,Recoleccion De Contenedores Verdes,75.36,3,12,Saavedra
3RECLDT8415F2,Melian Av.,3001,3100,Creciente,Recoleccion De Contenedores Verdes,119.53,3,12,Coghlan
3RECLDT8414F2,Lugones,3501,3600,Decreciente,Recoleccion De Contenedores Verdes,173.23,3,12,Saavedra
3RECLDT8415F2,"Perez, Roque",2901,3000,Decreciente,Recoleccion De Contenedores Verdes,130.54,3,12,Coghlan
3RECLDT8416F2,Holmberg,3352,3400,Creciente,Recoleccion De Contenedores Verdes,69.73,3,12,Villa Urquiza
3RECLDT8415F2,Superi,2801,2900,Creciente,Recoleccion De Contenedores Verdes,104.43,3,12,Coghlan
3RECLDT8415F2,"Tamborini, Jose Pascual",4001,4100,Creciente,Recoleccion De Contenedores Verdes,113.97,3,12,Coghlan
3RECLDT8416F2,"Pedraza, Manuela",4401,4500,Decreciente,Recoleccion De Contenedores Verdes,99.67,3,12,Villa Urquiza
3RECLDT8415F2,"Naon, Romulo",3001,3100,Decreciente,Recoleccion De Contenedores Verdes,118.47,3,12,Coghlan
3RECLDT8415F2,Conde,2701,2800,Decreciente,Recoleccion De Contenedores Verdes,120.83,3,12,Coghlan
3RECLDT8415F2,Ibera,3951,4000,Creciente,Recoleccion De Contenedores Verdes,52.01,3,12,Coghlan
3RECLDT8415F2,"Freire, Ramon, Cap. Gral.",2601,2700,Creciente,Recoleccion De Contenedores Verdes,110.26,3,12,Coghlan
3RECLDT8418F2,Rastreador Fournier,5651,5700,Decreciente,Recoleccion De Contenedores Verdes,57.98,3,12,Saavedra
3RECLDT8415F2,Washington,2901,3000,Creciente,Recoleccion De Contenedores Verdes,124.19,3,12,Coghlan
3RECLDT8414F2,"Larralde, Crisologo Av.",5101,5200,Creciente,Recoleccion De Contenedores Verdes,148.77,3,12,Saavedra
3RECLDT8415F2,Melian Av.,2801,2900,Creciente,Recoleccion De Contenedores Verdes,111.41,3,12,Coghlan
3RECLDT8416F2,"Pedraza, Manuela",4601,4700,Decreciente,Recoleccion De Contenedores Verdes,102.14,3,12,Villa Urquiza
3RECLDT8414F2,Galvan,3501,3600,Creciente,Recoleccion De Contenedores Verdes,172.89,3,12,Saavedra
3RECLDT8416F2,"Tamborini, Jose Pascual",4301,4400,Creciente,Recoleccion De Contenedores Verdes,103.56,3,12,Villa Urquiza
3RECLDT8415F2,Quesada,3951,4000,Decreciente,Recoleccion De Contenedores Verdes,52.53,3,12,Coghlan
3RECLDT8416F2,Ibera,4121,4200,Decreciente,Recoleccion De Contenedores Verdes,70.95,3,12,Villa Urquiza
3RECLDT8418F2,Andonaegui,3751,3800,Doble,Recoleccion De Contenedores Verdes,66.11,3,12,Saavedra
3RECLDT8415F2,"Perez, Roque",2701,2800,Decreciente,Recoleccion De Contenedores Verdes,137.0,3,12,Coghlan
3RECLDT8415F2,Superi,2601,2700,Creciente,Recoleccion De Contenedores Verdes,112.97,3,12,Coghlan
3RECLDT8416F2,"Pedraza, Manuela",4801,4900,Decreciente,Recoleccion De Contenedores Verdes,100.83,3,12,Villa Urquiza
3RECLDT8415F2,Conde,2501,2600,Creciente,Recoleccion De Contenedores Verdes,132.54,3,12,Coghlan
3RECLDT8418F2,Andonaegui,3701,3750,Doble,Recoleccion De Contenedores Verdes,89.18,3,12,Saavedra
3RECLDT8415F2,"Naon, Romulo",2801,2900,Decreciente,Recoleccion De Contenedores Verdes,130.43,3,12,Coghlan
3RECLDT8416F2,"Tamborini, Jose Pascual",4601,4700,Creciente,Recoleccion De Contenedores Verdes,102.41,3,12,Villa Urquiza
3RECLDT8415F2,Washington,2701,2800,Creciente,Recoleccion De Contenedores Verdes,130.28,3,12,Coghlan
3RECLDT8418F2,"Yrurtia, Rogelio",6001,6030,Decreciente,Recoleccion De Contenedores Verdes,58.46,3,12,Saavedra
3RECLDT8416F2,Nuñez,5201,5300,Decreciente,Recoleccion De Contenedores Verdes,119.87,3,12,Villa Urquiza
3RECLDT8418F2,"Williams, Alberto",5851,5900,Creciente,Recoleccion De Contenedores Verdes,71.54,3,12,Saavedra
3RECLDT8418F2,"Pellegrini, Carlos E.",6001,6024,Creciente,Recoleccion De Contenedores Verdes,57.1,3,12,Saavedra
3RECLDT8416F2,Plaza,3001,3100,Decreciente,Recoleccion De Contenedores Verdes,122.48,3,12,Villa Urquiza
3RECLDT8416F2,"Pedraza, Manuela",5001,5100,Decreciente,Recoleccion De Contenedores Verdes,99.97,3,12,Villa Urquiza
3RECLDT8416F2,Ibera,4501,4600,Decreciente,Recoleccion De Contenedores Verdes,102.66,3,12,Villa Urquiza
3RECLDT8416F2,Quesada,4301,4400,Creciente,Recoleccion De Contenedores Verdes,104.57,3,12,Villa Urquiza
3RECLDT8416F2,Islandia,5401,5500,Doble,Recoleccion De Contenedores Verdes,144.12,3,12,Villa Urquiza
3RECLDT8418F2,20 De Febrero,5601,5700,Creciente,Recoleccion De Contenedores Verdes,161.4,3,12,Saavedra
3RECLDT8418F2,"Fernandez, Macedonio",5801,5900,Decreciente,Recoleccion De Contenedores Verdes,68.77,3,12,Saavedra
3RECLDT8416F2,Triunvirato Av.,5752,5800,Decreciente,Recoleccion De Contenedores Verdes,79.27,3,12,Villa Urquiza
3RECLDT8416F2,Nahuel Huapi,4001,4100,Doble,Recoleccion De Contenedores Verdes,79.54,3,12,Villa Urquiza
3RECLDT8416F2,"Pedraza, Manuela",5201,5300,Decreciente,Recoleccion De Contenedores Verdes,119.85,3,12,Villa Urquiza
3RECLDT8416F2,"Acha, Mariano, Gral.",3001,3100,Creciente,Recoleccion De Contenedores Verdes,123.78,3,12,Villa Urquiza
3RECLDT8416F2,Galvan,3201,3300,Creciente,Recoleccion De Contenedores Verdes,142.3,3,12,Villa Urquiza
3RECLDT8418F2,Burela,3601,3650,Decreciente,Recoleccion De Contenedores Verdes,58.51,3,12,Saavedra
3RECLDT8416F2,"Rivera, Pedro I., Dr.",3901,4000,Decreciente,Recoleccion De Contenedores Verdes,114.34,3,12,Coghlan
3RECLDT8416F2,Quesada,4601,4700,Creciente,Recoleccion De Contenedores Verdes,103.32,3,12,Villa Urquiza
3RECLDT8418F2,Aizpurua,3701,3750,Doble,Recoleccion De Contenedores Verdes,73.4,3,12,Saavedra
3RECLDT8416F2,"Tamborini, Jose Pascual",5001,5100,Creciente,Recoleccion De Contenedores Verdes,141.86,3,12,Villa Urquiza
3RECLDT8416F2,Holmberg,2801,2900,Creciente,Recoleccion De Contenedores Verdes,130.05,3,12,Villa Urquiza
3RECLDT8418F2,Nuñez,5601,5650,Decreciente,Recoleccion De Contenedores Verdes,60.31,3,12,Villa Urquiza
3RECLDT8416F2,Valdenegro,3101,3200,Decreciente,Recoleccion De Contenedores Verdes,135.57,3,12,Villa Urquiza
3RECLDT8418F2,Piran,5501,5600,Creciente,Recoleccion De Contenedores Verdes,121.87,3,12,Villa Urquiza
3RECLDT8416F2,Lugones,2901,3000,Decreciente,Recoleccion De Contenedores Verdes,60.59,3,12,Villa Urquiza
3RECLDT8418F2,"Larralde, Crisologo Av.",5901,5999,Creciente,Recoleccion De Contenedores Verdes,82.18,3,12,Saavedra
3RECLDT8416F2,Roosevelt Franklin D.,3901,4000,Creciente,Recoleccion De Contenedores Verdes,120.21,3,12,Coghlan
3RECLDT8416F2,"Pedraza, Manuela",5401,5500,Decreciente,Recoleccion De Contenedores Verdes,131.48,3,12,Villa Urquiza
3RECLDT8416F2,"Acha, Mariano, Gral.",2801,2900,Creciente,Recoleccion De Contenedores Verdes,130.01,3,12,Villa Urquiza
3RECLDT8416F2,"Tamborini, Jose Pascual",5201,5300,Creciente,Recoleccion De Contenedores Verdes,123.75,3,12,Villa Urquiza
3RECLDT8416F2,Quesada,4901,4950,Creciente,Recoleccion De Contenedores Verdes,73.42,3,12,Villa Urquiza
3RECLDT8416F2,Plaza,2601,2700,Decreciente,Recoleccion De Contenedores Verdes,131.23,3,12,Villa Urquiza
3RECLDT8418F2,Nuñez,5801,5850,Decreciente,Recoleccion De Contenedores Verdes,62.6,3,12,Villa Urquiza
3RECLDT8416F2,Donado,2701,2800,Decreciente,Recoleccion De Contenedores Verdes,130.06,3,12,Villa Urquiza
3RECLDT8418F2,Nuñez,5851,5900,Decreciente,Recoleccion De Contenedores Verdes,55.01,3,12,Villa Urquiza
3RECLDT8418F2,Beethoven,3451,3500,Creciente,Recoleccion De Contenedores Verdes,110.22,3,12,Villa Urquiza
3RECLDT8416F2,Valdenegro,2901,3000,Decreciente,Recoleccion De Contenedores Verdes,75.23,3,12,Villa Urquiza
3RECLDT8416F2,Holmberg,2631,2700,Creciente,Recoleccion De Contenedores Verdes,87.46,3,12,Villa Urquiza
3RECLDT8416F2,Miller,2801,2900,Creciente,Recoleccion De Contenedores Verdes,130.08,3,12,Villa Urquiza
3RECLDT8418F2,Andonaegui,3301,3400,Decreciente,Recoleccion De Contenedores Verdes,135.04,3,12,Villa Urquiza
3RECLDT8416F2,Lugones,2701,2800,Decreciente,Recoleccion De Contenedores Verdes,130.02,3,12,Villa Urquiza
3RECLDT8418F2,Nuñez,6001,6050,Decreciente,Recoleccion De Contenedores Verdes,59.37,3,12,Villa Urquiza
3RECLDT8418F2,"Pedraza, Manuela",5751,5800,Decreciente,Recoleccion De Contenedores Verdes,61.1,3,12,Villa Urquiza
3RECLDT8417F2,"Larralde, Crisologo Av.",6201,6300,Doble,Recoleccion De Contenedores Verdes,112.37,3,12,Saavedra
3RECLDT8416F2,"Acha, Mariano, Gral.",2601,2700,Doble,Recoleccion De Contenedores Verdes,130.39,3,12,Villa Urquiza
3RECLDT8416F2,Quesada,5101,5200,Creciente,Recoleccion De Contenedores Verdes,120.48,3,12,Villa Urquiza
3RECLDT8416F2,Capdevila,3101,3200,Creciente,Recoleccion De Contenedores Verdes,147.28,3,12,Villa Urquiza
3RECLDT8418F2,Nuñez,6051,6100,Decreciente,Recoleccion De Contenedores Verdes,58.79,3,12,Villa Urquiza
3RECLDT8418F2,Piran,5901,5950,Creciente,Recoleccion De Contenedores Verdes,83.61,3,12,Villa Urquiza
3RECLDT8418F2,De La Tecnica,5401,5500,Creciente,Recoleccion De Contenedores Verdes,121.5,3,12,Villa Urquiza
3RECLDT8416F2,Pacheco,2901,3000,Creciente,Recoleccion De Contenedores Verdes,102.17,3,12,Villa Urquiza
3RECLDT8418F2,"Tamborini, Jose Pascual",5601,5700,Creciente,Recoleccion De Contenedores Verdes,122.68,3,12,Villa Urquiza
3RECLDT8416F2,Valdenegro,2701,2800,Decreciente,Recoleccion De Contenedores Verdes,129.98,3,12,Villa Urquiza
3RECLDT8416F2,Miller,2609,2700,Doble,Recoleccion De Contenedores Verdes,94.79,3,12,Villa Urquiza
3RECLDT8416F2,Diaz Colodrero,2901,3000,Creciente,Recoleccion De Contenedores Verdes,102.86,3,12,Villa Urquiza
3RECLDT8418F2,Quesada,5351,5400,Creciente,Recoleccion De Contenedores Verdes,46.89,3,12,Villa Urquiza
3RECLDT8416F2,Alvarez Thomas Av.,3402,3500,Doble,Recoleccion De Contenedores Verdes,87.42,3,12,Villa Urquiza
3RECLDT8417F2,Zado,3501,3600,Decreciente,Recoleccion De Contenedores Verdes,122.44,3,12,Villa Urquiza
3RECLDT8416F2,Capdevila,2901,3000,Creciente,Recoleccion De Contenedores Verdes,104.62,3,12,Villa Urquiza
3RECLDT8418F2,Andonaegui,3101,3200,Decreciente,Recoleccion De Contenedores Verdes,146.44,3,12,Villa Urquiza
3RECLDT8417F2,De Los Constituyentes Av.,6201,6300,Doble,Recoleccion De Contenedores Verdes,132.39,3,12,Villa Pueyrredon
3RECLDT8418F2,"Tamborini, Jose Pascual",5801,5850,Creciente,Recoleccion De Contenedores Verdes,82.85,3,12,Villa Urquiza
3RECLDT8418F2,Ibera,5601,5700,Decreciente,Recoleccion De Contenedores Verdes,121.89,3,12,Villa Urquiza
3RECLDT8417F2,Nuñez,6301,6400,Decreciente,Recoleccion De Contenedores Verdes,163.12,3,12,Villa Urquiza
3RECLDT8416F2,Nahuel Huapi,4901,5000,Creciente,Recoleccion De Contenedores Verdes,139.96,3,12,Villa Urquiza
3RECLDT8418F2,"Bonorino, Martiniano",3101,3200,Decreciente,Recoleccion De Contenedores Verdes,146.34,3,12,Villa Urquiza
3RECLDT8416F2,Bauness,2901,2950,Decreciente,Recoleccion De Contenedores Verdes,71.47,3,12,Villa Urquiza
3RECLDT8418F2,Ibera,5701,5800,Decreciente,Recoleccion De Contenedores Verdes,119.23,3,12,Villa Urquiza
3RECLDT8417F2,De Los Constituyentes Av.,6126,6200,Doble,Recoleccion De Contenedores Verdes,112.55,3,12,Villa Pueyrredon
3RECLDT8417F2,"Pedraza, Manuela",6101,6200,Decreciente,Recoleccion De Contenedores Verdes,112.39,3,12,Villa Urquiza
3RECLDT8416F2,Pacheco,2601,2700,Creciente,Recoleccion De Contenedores Verdes,100.04,3,12,Villa Urquiza
3RECLDT8418F2,"Tamborini, Jose Pascual",5901,6000,Creciente,Recoleccion De Contenedores Verdes,116.99,3,12,Villa Urquiza
3RECLDT8418F2,Quesada,5601,5700,Creciente,Recoleccion De Contenedores Verdes,120.61,3,12,Villa Urquiza
3RECLDT8417F2,De Los Constituyentes Av.,6001,6100,Doble,Recoleccion De Contenedores Verdes,147.35,3,12,Villa Pueyrredon
3RECLDT8418F2,Ceretti,3101,3200,Creciente,Recoleccion De Contenedores Verdes,146.33,3,12,Villa Urquiza
3RECLDT8418F2,Andonaegui,2901,3000,Decreciente,Recoleccion De Contenedores Verdes,111.33,3,12,Villa Urquiza
3RECLDT8418F2,Bucarelli,2801,2900,Creciente,Recoleccion De Contenedores Verdes,100.16,3,12,Villa Urquiza
3RECLDT8417F2,"Alvarez Prado, Manuel",2551,2600,Doble,Recoleccion De Contenedores Verdes,61.65,3,12,Villa Pueyrredon
3RECLDT8418F2,Ibera,5901,6000,Decreciente,Recoleccion De Contenedores Verdes,116.95,3,12,Villa Urquiza
3RECLDT8417F2,"Tamborini, Jose Pascual",6101,6200,Creciente,Recoleccion De Contenedores Verdes,122.99,3,12,Villa Urquiza
3RECLDT8416F2,Diaz Colodrero,2501,2600,Creciente,Recoleccion De Contenedores Verdes,101.78,3,12,Villa Urquiza
3RECLDT8418F2,Aizpurua,3101,3200,Decreciente,Recoleccion De Contenedores Verdes,147.43,3,12,Villa Urquiza
3RECLDT8418F2,"Rivera, Pedro I., Dr.",5201,5300,Decreciente,Recoleccion De Contenedores Verdes,121.74,3,12,Villa Urquiza
3RECLDT8418F2,Burela,2901,3000,Decreciente,Recoleccion De Contenedores Verdes,116.37,3,12,Villa Urquiza
3RECLDT8418F2,Congreso Av.,5701,5750,Doble,Recoleccion De Contenedores Verdes,83.12,3,12,Villa Urquiza
3RECLDT8418F2,Altolaguirre,2801,2900,Decreciente,Recoleccion De Contenedores Verdes,99.99,3,12,Villa Urquiza
3RECLDT8418F2,Andonaegui,2701,2800,Decreciente,Recoleccion De Contenedores Verdes,100.02,3,12,Villa Urquiza
3RECLDT8416F2,Bauness,2501,2600,Decreciente,Recoleccion De Contenedores Verdes,101.14,3,12,Villa Urquiza
3RECLDT8417F2,Albarellos Av.,2301,2400,Doble,Recoleccion De Contenedores Verdes,140.99,3,12,Villa Pueyrredon
3RECLDT8418F2,Cullen,5301,5400,Creciente,Recoleccion De Contenedores Verdes,121.96,3,12,Villa Urquiza
3RECLDT8417F2,Escobar,2301,2400,Decreciente,Recoleccion De Contenedores Verdes,157.21,3,12,Villa Pueyrredon
3RECLDT8417F2,Albarellos Av.,2401,2500,Doble,Recoleccion De Contenedores Verdes,130.01,3,12,Villa Pueyrredon
3RECLDT8418F2,Ceretti,2801,2900,Creciente,Recoleccion De Contenedores Verdes,99.93,3,12,Villa Urquiza
3RECLDT8418F2,Burela,2701,2800,Decreciente,Recoleccion De Contenedores Verdes,99.99,3,12,Villa Urquiza
3RECLDT8417F2,Congreso Av.,5901,6000,Doble,Recoleccion De Contenedores Verdes,120.45,3,12,Villa Urquiza
3RECLDT8417F2,Caracas,5501,5600,Decreciente,Recoleccion De Contenedores Verdes,100.08,3,12,Villa Pueyrredon
3RECLDT8418F2,Nahuel Huapi,5701,5800,Creciente,Recoleccion De Contenedores Verdes,166.22,3,12,Villa Urquiza
3RECLDT8418F2,Aizpurua,2801,2900,Decreciente,Recoleccion De Contenedores Verdes,99.72,3,12,Villa Urquiza
3RECLDT8418F2,Roosevelt Franklin D. Av.,0,5499,Creciente,Recoleccion De Contenedores Verdes,120.04,3,12,Villa Urquiza
3RECLDT8417F2,Ezeiza,2801,2806,Decreciente,Recoleccion De Contenedores Verdes,7.41,3,12,Villa Pueyrredon
3RECLDT8418F2,Ceretti,2601,2700,Creciente,Recoleccion De Contenedores Verdes,100.07,3,12,Villa Urquiza
3RECLDT8418F2,Aizpurua,2701,2800,Decreciente,Recoleccion De Contenedores Verdes,99.84,3,12,Villa Urquiza
3RECLDT8417F2,De Los Constituyentes Av.,5301,5400,Doble,Recoleccion De Contenedores Verdes,102.22,3,12,Villa Pueyrredon
3RECLDT8417F2,Albarellos Av.,2751,2800,Doble,Recoleccion De Contenedores Verdes,64.55,3,12,Villa Pueyrredon
3RECLDT8417F2,Estado Plurinacional De Bolivia,5601,5700,Creciente,Recoleccion De Contenedores Verdes,99.86,3,12,Villa Pueyrredon
3RECLDT8417F2,Bazurco,2301,2400,Decreciente,Recoleccion De Contenedores Verdes,129.94,3,12,Villa Pueyrredon
3RECLDT8417F2,Albarellos Av.,2851,2900,Doble,Recoleccion De Contenedores Verdes,63.98,3,12,Villa Pueyrredon
3RECLDT8417F2,Escobar,2701,2800,Decreciente,Recoleccion De Contenedores Verdes,129.81,3,12,Villa Pueyrredon
3RECLDT8417F2,Cochrane,2501,2600,Creciente,Recoleccion De Contenedores Verdes,129.23,3,12,Villa Pueyrredon
3RECLDT8417F2,De Los Constituyentes Av.,5101,5200,Doble,Recoleccion De Contenedores Verdes,103.08,3,12,Villa Pueyrredon
3RECLDT8418F2,Aizpurua,2501,2600,Doble,Recoleccion De Contenedores Verdes,102.01,3,12,Villa Urquiza
3RECLDT8417F2,De Los Constituyentes Av.,0,5099,Decreciente,Recoleccion De Contenedores Verdes,114.58,3,12,Villa Urquiza
3RECLDT8417F2,"Artigas, Jose Gervasio, Gral.",5301,5400,Doble,Recoleccion De Contenedores Verdes,101.1,3,12,Villa Pueyrredon
3RECLDT8417F2,Obispo San Alberto,2301,2400,Decreciente,Recoleccion De Contenedores Verdes,130.26,3,12,Villa Pueyrredon
3RECLDT8417F2,Larsen,2801,2900,Creciente,Recoleccion De Contenedores Verdes,129.33,3,12,Villa Pueyrredon
3RECLDT8417F2,Cochrane,2701,2800,Creciente,Recoleccion De Contenedores Verdes,129.72,3,12,Villa Pueyrredon
3RECLDT8417F2,Escobar,2901,3000,Decreciente,Recoleccion De Contenedores Verdes,147.27,3,12,Villa Pueyrredon
3RECLDT8417F2,Obispo San Alberto,2401,2500,Decreciente,Recoleccion De Contenedores Verdes,129.8,3,12,Villa Pueyrredon
3RECLDT8417F2,Caracas,5001,5100,Decreciente,Recoleccion De Contenedores Verdes,108.21,3,12,Villa Pueyrredon
3RECLDT8417F2,Albarellos Av.,3101,3200,Doble,Recoleccion De Contenedores Verdes,112.38,3,12,Villa Pueyrredon
3RECLDT8417F2,Bazurco,2701,2800,Decreciente,Recoleccion De Contenedores Verdes,129.84,3,12,Villa Pueyrredon
3RECLDT8417F2,Del Fomentista Av.,3101,3155,Doble,Recoleccion De Contenedores Verdes,67.4,3,12,Villa Pueyrredon
3RECLDT8417F2,Cochrane,2901,3000,Creciente,Recoleccion De Contenedores Verdes,147.35,3,12,Villa Pueyrredon
3RECLDT8417F2,Bazurco,2801,2900,Decreciente,Recoleccion De Contenedores Verdes,129.07,3,12,Villa Pueyrredon
3RECLDT8417F2,Larsen,3001,3100,Creciente,Recoleccion De Contenedores Verdes,154.47,3,12,Villa Pueyrredon
3RECLDT8413F2,Garcia Del Rio Av.,0,2499,Creciente,Recoleccion De Contenedores Verdes,128.19,3,12,Saavedra
3RECLDT8413F2,San Isidro Labrador Av.,0,4299,Creciente,Recoleccion De Contenedores Verdes,109.01,3,12,Saavedra
3RECLDT8414F2,Ruiz Huidobro Av.,0,3999,Creciente,Recoleccion De Contenedores Verdes,89.49,3,12,Saavedra
3RECLDT8417F2,"Alvarez Prado, Manuel",2411,2430,Doble,Recoleccion De Contenedores Verdes,41.84,3,12,Villa Pueyrredon
3RECLDT8417F2,"Alvarez Prado, Manuel",2471,2500,Doble,Recoleccion De Contenedores Verdes,36.49,3,12,Villa Pueyrredon
3RECLDT8417F2,"Paz, Gral. Av.",0,5050,Decreciente,Recoleccion De Contenedores Verdes,49.54,3,12,Villa Pueyrredon
3RECLDT8417F2,Estrella Federal,2641,2660,Doble,Recoleccion De Contenedores Verdes,22.59,3,12,Villa Pueyrredon
3RECLDT8417F2,Estrella Federal,2741,2760,Doble,Recoleccion De Contenedores Verdes,16.96,3,12,Villa Pueyrredon
3RECLDT8417F2,El Gaucho,6051,6070,Decreciente,Recoleccion De Contenedores Verdes,19.08,3,12,Villa Pueyrredon
3RECLDT8417F2,"Paz, Gral. Av.",0,5230,Decreciente,Recoleccion De Contenedores Verdes,57.36,3,12,Villa Pueyrredon
3RECLDT8417F2,"Paz, Gral. Av.",0,5250,Decreciente,Recoleccion De Contenedores Verdes,37.85,3,12,Villa Pueyrredon
3RECLDT8417F2,"Paz, Gral. Av.",0,5360,Decreciente,Recoleccion De Contenedores Verdes,39.23,3,12,Villa Pueyrredon
3RECLDT8417F2,Ezeiza,2651,2690,Decreciente,Recoleccion De Contenedores Verdes,53.54,3,12,Villa Pueyrredon
3RECLDT8417F2,Ezeiza,2727,2750,Decreciente,Recoleccion De Contenedores Verdes,36.38,3,12,Villa Pueyrredon
3RECLDT8417F2,Ezeiza,2807,2840,Decreciente,Recoleccion De Contenedores Verdes,32.45,3,12,Villa Pueyrredon
3RECLDT8417F2,Ezeiza,2857,2900,Decreciente,Recoleccion De Contenedores Verdes,58.81,3,12,Villa Pueyrredon
3RECLDT8417F2,Ezeiza,2951,3000,Decreciente,Recoleccion De Contenedores Verdes,74.89,3,12,Villa Pueyrredon
3RECLDT8418F2,Roosevelt Franklin D. Av.,0,5700,Decreciente,Recoleccion De Contenedores Verdes,119.5,3,12,Villa Urquiza
3RECLDT8418F2,Aizpurua,3601,3630,Doble,Recoleccion De Contenedores Verdes,69.0,3,12,Saavedra
3RECLDT8418F2,Cullen,5501,5600,Creciente,Recoleccion De Contenedores Verdes,120.03,3,12,Villa Urquiza
3RECLDT8414F2,Nuñez,4801,4900,Decreciente,Recoleccion De Contenedores Verdes,101.33,3,12,Saavedra
3RECLDT8414F2,Manzanares,4301,4400,Creciente,Recoleccion De Contenedores Verdes,82.78,3,12,Saavedra
3RECLDT8418F2,"Larralde, Crisologo Av.",5501,5600,Creciente,Recoleccion De Contenedores Verdes,112.65,3,12,Saavedra
4RECLDT8404F3,Bahia Blanca,1101,1200,Creciente,Recoleccion De Contenedores Verdes,136.26,4,10,Floresta
4RECLDT8410F3,Larrazabal Av.,0,699,Creciente,Recoleccion De Contenedores Verdes,147.17,4,9,Liniers
4RECLDT8406F3,Remedios,0,5399,Creciente,Recoleccion De Contenedores Verdes,103.3,4,9,Mataderos
4RECLDT8406F3,Remedios,0,5400,Decreciente,Recoleccion De Contenedores Verdes,103.19,4,9,Mataderos
4RECLDT8406F3,Oliden,2601,2700,Decreciente,Recoleccion De Contenedores Verdes,157.26,4,9,Mataderos
4RECLDT8406F3,Pieres,1901,2000,Creciente,Recoleccion De Contenedores Verdes,115.58,4,9,Mataderos
4RECLDT8408F3,"Peron, Eva Av.",7401,7500,Doble,Recoleccion De Contenedores Verdes,104.86,4,9,Mataderos
4RECLDT8411F3,"Alvarez, Crisostomo",4801,4850,Doble,Recoleccion De Contenedores Verdes,52.83,4,8,Villa Lugano
4RECLDT8411F3,"Alvarez, Crisostomo",4851,4900,Doble,Recoleccion De Contenedores Verdes,50.66,4,8,Villa Lugano
4RECLDT8411F3,"Alvarez, Crisostomo",5301,5400,Doble,Recoleccion De Contenedores Verdes,103.3,4,8,Villa Lugano
4RECLDT8411F3,"Alvarez, Crisostomo",5431,5470,Doble,Recoleccion De Contenedores Verdes,47.33,4,8,Villa Lugano
4RECLDT8411F3,Argentina Av.,0,7000,Doble,Recoleccion De Contenedores Verdes,75.06,4,8,Villa Lugano
4RECLDT8411F3,Argentina Av.,6501,6600,Doble,Recoleccion De Contenedores Verdes,124.9,4,8,Villa Lugano
4RECLDT8411F3,Piedra Buena Av.,3201,3300,Doble,Recoleccion De Contenedores Verdes,161.46,4,8,Villa Lugano
4RECLDT8408F3,Pizarro,6701,6800,Decreciente,Recoleccion De Contenedores Verdes,97.15,4,9,Mataderos
4RECLDT8408F3,"Schmidl, Ulrico",7001,7050,Creciente,Recoleccion De Contenedores Verdes,48.62,4,9,Mataderos
4RECLDT8408F3,Cañada De Gomez,1601,1700,Creciente,Recoleccion De Contenedores Verdes,134.27,4,9,Mataderos
4RECLDT8408F3,Guamini,1501,1600,Creciente,Recoleccion De Contenedores Verdes,167.46,4,9,Mataderos
4RECLDT8408F3,Artigas Manuel De,6801,6900,Decreciente,Recoleccion De Contenedores Verdes,101.45,4,9,Mataderos
4RECLDT8408F3,Montiel,1601,1700,Decreciente,Recoleccion De Contenedores Verdes,167.51,4,9,Mataderos
4RECLDT8408F3,"Garcia Grande De Zequeira, Severo",7001,7100,Creciente,Recoleccion De Contenedores Verdes,104.63,4,9,Mataderos
4RECLDT8408F3,Bragado,6501,6600,Decreciente,Recoleccion De Contenedores Verdes,96.85,4,9,Mataderos
4RECLDT8408F3,"Garcia Grande De Zequeira, Severo",7346,7400,Creciente,Recoleccion De Contenedores Verdes,52.25,4,9,Mataderos
4RECLDT8408F3,"Rodo, Jose E.",6601,6700,Decreciente,Recoleccion De Contenedores Verdes,103.36,4,9,Mataderos
4RECLDT8408F3,Carhue,2101,2200,Decreciente,Recoleccion De Contenedores Verdes,157.12,4,9,Mataderos
4RECLDT8408F3,"Garcia Grande De Zequeira, Severo",7601,7658,Creciente,Recoleccion De Contenedores Verdes,48.12,4,9,Mataderos
4RECLDT8408F3,Directorio Av.,6601,6700,Creciente,Recoleccion De Contenedores Verdes,103.54,4,9,Mataderos
4RECLDT8408F3,"Rodo, Jose E.",6801,6900,Decreciente,Recoleccion De Contenedores Verdes,103.87,4,9,Mataderos
4RECLDT8408F3,"Garcia Grande De Zequeira, Severo",7659,7700,Creciente,Recoleccion De Contenedores Verdes,54.54,4,9,Mataderos
4RECLDT8408F3,Bragado,7291,7300,Decreciente,Recoleccion De Contenedores Verdes,36.57,4,9,Mataderos
4RECLDT8408F3,"Rodo, Jose E.",7001,7100,Decreciente,Recoleccion De Contenedores Verdes,103.98,4,9,Mataderos
4RECLDT8408F3,"Rodo, Jose E.",7201,7300,Doble,Recoleccion De Contenedores Verdes,112.66,4,9,Mataderos
4RECLDT8408F3,Directorio Av.,7301,7400,Creciente,Recoleccion De Contenedores Verdes,120.23,4,9,Mataderos
4RECLDT8408F3,Guamini,2701,2800,Creciente,Recoleccion De Contenedores Verdes,122.96,4,9,Mataderos
4RECLDT8408F3,Saladillo,2651,2700,Decreciente,Recoleccion De Contenedores Verdes,95.58,4,9,Mataderos
4RECLDT8408F3,"Suarez, Jose Leon",2701,2800,Creciente,Recoleccion De Contenedores Verdes,124.73,4,9,Mataderos
4RECLDT8408F3,Saladillo,2801,2900,Decreciente,Recoleccion De Contenedores Verdes,122.21,4,9,Mataderos
4RECLDT8408F3,"Suarez, Jose Leon",2901,3000,Creciente,Recoleccion De Contenedores Verdes,116.18,4,9,Mataderos
4RECLDT8408F3,Montiel,3001,3100,Decreciente,Recoleccion De Contenedores Verdes,158.09,4,9,Mataderos
4RECLDT8408F3,Montiel,3201,3300,Decreciente,Recoleccion De Contenedores Verdes,173.25,4,9,Mataderos
4RECLDT8408F3,Saladillo,3101,3200,Decreciente,Recoleccion De Contenedores Verdes,157.35,4,9,Mataderos
4RECLDT8408F3,"Schmidl, Ulrico",7301,7350,Doble,Recoleccion De Contenedores Verdes,52.67,4,9,Mataderos
4RECLDT8408F3,"Alberdi, Juan Bautista Av.",6501,6600,Doble,Recoleccion De Contenedores Verdes,92.28,4,9,Mataderos
4RECLDT8408F3,"Schmidl, Ulrico",7351,7400,Doble,Recoleccion De Contenedores Verdes,52.14,4,9,Mataderos
4RECLDT8408F3,Saladillo,1401,1420,Creciente,Recoleccion De Contenedores Verdes,33.13,4,9,Mataderos
4RECLDT8408F3,Pizarro,7301,7350,Doble,Recoleccion De Contenedores Verdes,52.46,4,9,Mataderos
4RECLDT8408F3,Ercilla,0,7560,Doble,Recoleccion De Contenedores Verdes,50.86,4,9,Mataderos
4RECLDT8408F3,"Alberdi, Juan Bautista Av.",6801,6900,Doble,Recoleccion De Contenedores Verdes,104.67,4,9,Mataderos
4RECLDT8408F3,Pizarro,7451,7472,Doble,Recoleccion De Contenedores Verdes,51.4,4,9,Mataderos
4RECLDT8408F3,Zelada,7474,7500,Doble,Recoleccion De Contenedores Verdes,48.24,4,9,Mataderos
4RECLDT8408F3,Pizarro,7601,7700,Doble,Recoleccion De Contenedores Verdes,101.71,4,9,Mataderos
4RECLDT8408F3,Fragata Trinidad,2001,2100,Doble,Recoleccion De Contenedores Verdes,104.05,4,9,Mataderos
4RECLDT8408F3,"Alberdi, Juan Bautista Av.",7251,7300,Doble,Recoleccion De Contenedores Verdes,66.88,4,9,Mataderos
4RECLDT8408F3,Cosquin,2201,2300,Decreciente,Recoleccion De Contenedores Verdes,188.25,4,9,Mataderos
4RECLDT8408F3,"Bianchi, Andres",7401,7500,Doble,Recoleccion De Contenedores Verdes,102.62,4,9,Mataderos
4RECLDT8408F3,Cañada De Gomez,2501,2600,Creciente,Recoleccion De Contenedores Verdes,121.75,4,9,Mataderos
4RECLDT8408F3,Monte,6801,6900,Doble,Recoleccion De Contenedores Verdes,136.1,4,9,Mataderos
4RECLDT8408F3,Garzon Eugenio General,7401,7500,Creciente,Recoleccion De Contenedores Verdes,99.9,4,9,Mataderos
4RECLDT8408F3,"Peron, Eva Av.",6601,6800,Doble,Recoleccion De Contenedores Verdes,198.67,4,9,Mataderos
4RECLDT8408F3,Andalgala,1502,1600,Creciente,Recoleccion De Contenedores Verdes,134.0,4,9,Mataderos
4RECLDT8408F3,"Schmidl, Ulrico",6951,7000,Creciente,Recoleccion De Contenedores Verdes,60.73,4,9,Mataderos
4RECLDT8408F3,Carhue,1401,1500,Decreciente,Recoleccion De Contenedores Verdes,128.19,4,9,Mataderos
4RECLDT8408F3,Zelada,6701,6800,Creciente,Recoleccion De Contenedores Verdes,97.55,4,9,Mataderos
4RECLDT8408F3,Pizarro,6901,7000,Decreciente,Recoleccion De Contenedores Verdes,126.46,4,9,Mataderos
4RECLDT8408F3,"Garcia Grande De Zequeira, Severo",6701,6800,Creciente,Recoleccion De Contenedores Verdes,97.49,4,9,Mataderos
4RECLDT8408F3,Fragata Hercules,1572,1641,Decreciente,Recoleccion De Contenedores Verdes,68.25,4,9,Mataderos
4RECLDT8408F3,Cañada De Gomez,1801,1900,Creciente,Recoleccion De Contenedores Verdes,76.7,4,9,Mataderos
4RECLDT8408F3,Zelada,7201,7300,Creciente,Recoleccion De Contenedores Verdes,102.13,4,9,Mataderos
4RECLDT8408F3,"Garcia Grande De Zequeira, Severo",7101,7200,Creciente,Recoleccion De Contenedores Verdes,95.71,4,9,Mataderos
4RECLDT8408F3,Tapalque,6501,6600,Creciente,Recoleccion De Contenedores Verdes,97.02,4,9,Mataderos
4RECLDT8408F3,Bragado,6801,6900,Decreciente,Recoleccion De Contenedores Verdes,103.88,4,9,Mataderos
4RECLDT8408F3,Cosquin,2101,2200,Decreciente,Recoleccion De Contenedores Verdes,157.21,4,9,Mataderos
4RECLDT8408F3,"Garcia Grande De Zequeira, Severo",7546,7600,Creciente,Recoleccion De Contenedores Verdes,52.87,4,9,Mataderos
4RECLDT8408F3,Montiel,2101,2200,Decreciente,Recoleccion De Contenedores Verdes,220.02,4,9,Mataderos
4RECLDT8408F3,Saladillo,2017,2100,Decreciente,Recoleccion De Contenedores Verdes,166.46,4,9,Mataderos
4RECLDT8408F3,Montiel,2301,2400,Decreciente,Recoleccion De Contenedores Verdes,157.31,4,9,Mataderos
4RECLDT8408F3,Saladillo,2201,2300,Decreciente,Recoleccion De Contenedores Verdes,157.54,4,9,Mataderos
4RECLDT8408F3,Directorio Av.,7101,7200,Creciente,Recoleccion De Contenedores Verdes,104.32,4,9,Mataderos
4RECLDT8408F3,Guamini,2401,2500,Creciente,Recoleccion De Contenedores Verdes,185.47,4,9,Mataderos
4RECLDT8408F3,"Rodo, Jose E.",7401,7500,Doble,Recoleccion De Contenedores Verdes,101.42,4,9,Mataderos
4RECLDT8408F3,Andalgala,2531,2600,Creciente,Recoleccion De Contenedores Verdes,48.13,4,9,Mataderos
4RECLDT8408F3,Guamini,2901,3000,Creciente,Recoleccion De Contenedores Verdes,157.96,4,9,Mataderos
4RECLDT8408F3,Carhue,3101,3200,Creciente,Recoleccion De Contenedores Verdes,191.48,4,9,Mataderos
4RECLDT8408F3,"Suarez, Jose Leon",2601,2650,Creciente,Recoleccion De Contenedores Verdes,95.72,4,9,Mataderos
4RECLDT8408F3,Pizarro,7101,7200,Doble,Recoleccion De Contenedores Verdes,82.38,4,9,Mataderos
4RECLDT8408F3,Andalgala,1601,1700,Creciente,Recoleccion De Contenedores Verdes,135.09,4,9,Mataderos
4RECLDT8408F3,"Alberdi, Juan Bautista Av.",6701,6800,Doble,Recoleccion De Contenedores Verdes,103.42,4,9,Mataderos
4RECLDT8408F3,"Schmidl, Ulrico",7545,7600,Doble,Recoleccion De Contenedores Verdes,56.82,4,9,Mataderos
4RECLDT8408F3,Fragata Cefiro,1701,1800,Doble,Recoleccion De Contenedores Verdes,160.18,4,9,Mataderos
4RECLDT8408F3,Zelada,7401,7430,Doble,Recoleccion De Contenedores Verdes,52.47,4,9,Mataderos
4RECLDT8408F3,"Alberdi, Juan Bautista Av.",7231,7250,Doble,Recoleccion De Contenedores Verdes,42.07,4,9,Mataderos
4RECLDT8408F3,"Alberdi, Juan Bautista Av.",7301,7400,Doble,Recoleccion De Contenedores Verdes,105.73,4,9,Mataderos
4RECLDT8408F3,"Alberdi, Juan Bautista Av.",7401,7500,Doble,Recoleccion De Contenedores Verdes,86.54,4,9,Mataderos
4RECLDT8408F3,Tandil,6601,6700,Decreciente,Recoleccion De Contenedores Verdes,103.74,4,9,Mataderos
4RECLDT8408F3,Andalgala,2201,2300,Creciente,Recoleccion De Contenedores Verdes,188.39,4,9,Mataderos
4RECLDT8408F3,Tandil,6901,7000,Decreciente,Recoleccion De Contenedores Verdes,102.74,4,9,Mataderos
4RECLDT8408F3,Andalgala,2401,2500,Creciente,Recoleccion De Contenedores Verdes,193.41,4,9,Mataderos
4RECLDT8408F3,"Suarez, Justo Antonio",6601,6700,Creciente,Recoleccion De Contenedores Verdes,103.89,4,9,Mataderos
4RECLDT8408F3,Cañada De Gomez,2701,2800,Creciente,Recoleccion De Contenedores Verdes,120.13,4,9,Mataderos
4RECLDT8408F3,Tandil,7301,7400,Decreciente,Recoleccion De Contenedores Verdes,121.79,4,9,Mataderos
4RECLDT8408F3,"Suarez, Justo Antonio",6801,6900,Creciente,Recoleccion De Contenedores Verdes,105.57,4,9,Mataderos
4RECLDT8408F3,Monte,6501,6700,Doble,Recoleccion De Contenedores Verdes,176.98,4,9,Mataderos
4RECLDT8408F3,Yrupe,6701,6750,Doble,Recoleccion De Contenedores Verdes,92.74,4,9,Mataderos
4RECLDT8408F3,"Peron, Eva Av.",6801,7000,Doble,Recoleccion De Contenedores Verdes,216.84,4,9,Mataderos
4RECLDT8408F3,De Los Corrales Av.,0,6600,Decreciente,Recoleccion De Contenedores Verdes,100.16,4,9,Mataderos
4RECLDT8408F3,"De La Torre, Lisandro Av.",2801,2900,Doble,Recoleccion De Contenedores Verdes,132.11,4,9,Mataderos
4RECLDT8408F3,De Los Corrales Av.,0,7199,Creciente,Recoleccion De Contenedores Verdes,104.45,4,9,Mataderos
4RECLDT8408F3,Carhue,2601,2700,Decreciente,Recoleccion De Contenedores Verdes,124.53,4,9,Mataderos
4RECLDT8408F3,"Suarez, Jose Leon",3101,3200,Creciente,Recoleccion De Contenedores Verdes,157.16,4,9,Mataderos
4RECLDT8408F3,Cosquin,2701,2800,Decreciente,Recoleccion De Contenedores Verdes,119.46,4,9,Mataderos
4RECLDT8406F3,Araujo,1301,1330,Creciente,Recoleccion De Contenedores Verdes,42.69,4,9,Mataderos
4RECLDT8406F3,Chascomus,5201,5250,Creciente,Recoleccion De Contenedores Verdes,44.81,4,9,Mataderos
4RECLDT8406F3,Guardia Nacional,2101,2200,Creciente,Recoleccion De Contenedores Verdes,131.38,4,9,Mataderos
4RECLDT8406F3,Primera Junta,5151,5200,Doble,Recoleccion De Contenedores Verdes,68.27,4,9,Mataderos
4RECLDT8406F3,"Laferrere, Gregorio De",5001,5100,Decreciente,Recoleccion De Contenedores Verdes,102.84,4,9,Mataderos
4RECLDT8406F3,Primera Junta,5101,5150,Doble,Recoleccion De Contenedores Verdes,61.96,4,9,Mataderos
4RECLDT8406F3,Basualdo,801,900,Decreciente,Recoleccion De Contenedores Verdes,149.97,4,9,Mataderos
4RECLDT8406F3,Guardia Nacional,901,1000,Creciente,Recoleccion De Contenedores Verdes,168.94,4,9,Mataderos
4RECLDT8406F3,Albariño,951,1000,Creciente,Recoleccion De Contenedores Verdes,72.53,4,9,Mataderos
4RECLDT8406F3,Araujo,1001,1100,Creciente,Recoleccion De Contenedores Verdes,158.49,4,9,Mataderos
4RECLDT8406F3,Pola,1001,1050,Creciente,Recoleccion De Contenedores Verdes,72.33,4,9,Mataderos
4RECLDT8406F3,Tapalque,5301,5400,Creciente,Recoleccion De Contenedores Verdes,101.63,4,9,Mataderos
4RECLDT8406F3,Miralla,1201,1250,Decreciente,Recoleccion De Contenedores Verdes,63.76,4,9,Mataderos
4RECLDT8406F3,Corvalan,1244,1300,Decreciente,Recoleccion De Contenedores Verdes,90.27,4,9,Mataderos
4RECLDT8406F3,Bragado,5601,5700,Decreciente,Recoleccion De Contenedores Verdes,103.74,4,9,Mataderos
4RECLDT8406F3,"Rodo, Jose E.",5301,5400,Decreciente,Recoleccion De Contenedores Verdes,103.83,4,9,Mataderos
4RECLDT8406F3,Corvalan,1401,1500,Decreciente,Recoleccion De Contenedores Verdes,124.8,4,9,Mataderos
4RECLDT8406F3,Chascomus,5301,5400,Creciente,Recoleccion De Contenedores Verdes,104.05,4,9,Mataderos
4RECLDT8406F3,Bragado,5801,5900,Decreciente,Recoleccion De Contenedores Verdes,123.97,4,9,Mataderos
4RECLDT8406F3,Fonrouge,1521,1600,Decreciente,Recoleccion De Contenedores Verdes,108.22,4,9,Mataderos
4RECLDT8406F3,Artigas Manuel De,6301,6400,Decreciente,Recoleccion De Contenedores Verdes,121.92,4,9,Mataderos
4RECLDT8406F3,Chascomus,5501,5600,Creciente,Recoleccion De Contenedores Verdes,103.98,4,9,Mataderos
4RECLDT8406F3,Bragado,6001,6100,Decreciente,Recoleccion De Contenedores Verdes,95.04,4,9,Mataderos
4RECLDT8406F3,"Rodo, Jose E.",5801,5900,Decreciente,Recoleccion De Contenedores Verdes,100.0,4,9,Mataderos
4RECLDT8406F3,Larraya,1701,1800,Creciente,Recoleccion De Contenedores Verdes,126.63,4,9,Mataderos
4RECLDT8406F3,Tapalque,6001,6100,Creciente,Recoleccion De Contenedores Verdes,110.58,4,9,Mataderos
4RECLDT8406F3,Bragado,6201,6300,Decreciente,Recoleccion De Contenedores Verdes,95.62,4,9,Mataderos
4RECLDT8406F3,"Rodo, Jose E.",6001,6100,Decreciente,Recoleccion De Contenedores Verdes,126.92,4,9,Mataderos
4RECLDT8406F3,Tapalque,6201,6300,Creciente,Recoleccion De Contenedores Verdes,95.61,4,9,Mataderos
4RECLDT8406F3,"Garzon, Eugenio, Gral. Av.",0,5700,Decreciente,Recoleccion De Contenedores Verdes,103.31,4,9,Mataderos
4RECLDT8406F3,Fonrouge,2101,2200,Decreciente,Recoleccion De Contenedores Verdes,144.49,4,9,Mataderos
4RECLDT8406F3,"Bilbao, Francisco",5501,5600,Creciente,Recoleccion De Contenedores Verdes,103.08,4,9,Mataderos
4RECLDT8406F3,"Laferrere, Gregorio De",5401,5500,Decreciente,Recoleccion De Contenedores Verdes,103.33,4,9,Mataderos
4RECLDT8406F3,"Garzon, Eugenio, Gral. Av.",0,5900,Decreciente,Recoleccion De Contenedores Verdes,118.45,4,9,Mataderos
4RECLDT8406F3,"Bilbao, Francisco",5701,5800,Creciente,Recoleccion De Contenedores Verdes,103.66,4,9,Mataderos
4RECLDT8406F3,Pola,2301,2400,Creciente,Recoleccion De Contenedores Verdes,157.11,4,9,Mataderos
4RECLDT8406F3,Larraya,2501,2600,Creciente,Recoleccion De Contenedores Verdes,156.71,4,9,Mataderos
4RECLDT8406F3,"Alberdi, Juan Bautista Av.",5301,5400,Doble,Recoleccion De Contenedores Verdes,102.68,4,9,Mataderos
4RECLDT8406F3,Corvalan,1601,1700,Doble,Recoleccion De Contenedores Verdes,114.73,4,9,Mataderos
4RECLDT8406F3,Albariño,1701,1800,Doble,Recoleccion De Contenedores Verdes,114.6,4,9,Mataderos
4RECLDT8406F3,Larrazabal,1501,1600,Doble,Recoleccion De Contenedores Verdes,158.94,4,9,Mataderos
4RECLDT8406F3,"Alberdi, Juan Bautista Av.",6101,6200,Doble,Recoleccion De Contenedores Verdes,133.46,4,9,Mataderos
4RECLDT8406F3,Directorio Av.,5501,5600,Doble,Recoleccion De Contenedores Verdes,103.57,4,9,Mataderos
4RECLDT8406F3,Araujo,1801,1900,Doble,Recoleccion De Contenedores Verdes,148.5,4,9,Mataderos
4RECLDT8406F3,"Alberdi, Juan Bautista Av.",6301,6400,Doble,Recoleccion De Contenedores Verdes,86.15,4,9,Mataderos
4RECLDT8406F3,Araujo,1901,2000,Doble,Recoleccion De Contenedores Verdes,147.62,4,9,Mataderos
4RECLDT8406F3,Directorio Av.,5801,5900,Doble,Recoleccion De Contenedores Verdes,76.69,4,9,Mataderos
4RECLDT8406F3,Albariño,2001,2100,Doble,Recoleccion De Contenedores Verdes,146.03,4,9,Mataderos
4RECLDT8406F3,Corvalan,2001,2100,Doble,Recoleccion De Contenedores Verdes,157.66,4,9,Mataderos
4RECLDT8406F3,Araujo,2201,2300,Doble,Recoleccion De Contenedores Verdes,135.18,4,9,Mataderos
4RECLDT8406F3,Albariño,2301,2400,Doble,Recoleccion De Contenedores Verdes,157.37,4,9,Mataderos
4RECLDT8406F3,Primera Junta,5501,5600,Doble,Recoleccion De Contenedores Verdes,103.46,4,9,Mataderos
4RECLDT8406F3,Artigas Manuel De,5401,5500,Decreciente,Recoleccion De Contenedores Verdes,104.63,4,9,Mataderos
4RECLDT8406F3,Basualdo,1001,1100,Decreciente,Recoleccion De Contenedores Verdes,156.81,4,9,Mataderos
4RECLDT8406F3,Corvalan,1001,1100,Decreciente,Recoleccion De Contenedores Verdes,153.26,4,9,Mataderos
4RECLDT8406F3,Artigas Manuel De,5701,5800,Decreciente,Recoleccion De Contenedores Verdes,102.54,4,9,Mataderos
4RECLDT8406F3,Araujo,1101,1200,Creciente,Recoleccion De Contenedores Verdes,156.87,4,9,Mataderos
4RECLDT8406F3,Basualdo,1201,1300,Decreciente,Recoleccion De Contenedores Verdes,131.13,4,9,Mataderos
4RECLDT8406F3,Basualdo,1301,1400,Decreciente,Recoleccion De Contenedores Verdes,122.11,4,9,Mataderos
4RECLDT8406F3,Artigas Manuel De,6101,6200,Decreciente,Recoleccion De Contenedores Verdes,127.3,4,9,Mataderos
4RECLDT8406F3,Artigas Manuel De,6501,6600,Decreciente,Recoleccion De Contenedores Verdes,86.52,4,9,Mataderos
4RECLDT8406F3,Tandil,5401,5500,Creciente,Recoleccion De Contenedores Verdes,103.43,4,9,Mataderos
4RECLDT8406F3,San Pedro,5301,5400,Decreciente,Recoleccion De Contenedores Verdes,103.28,4,9,Mataderos
4RECLDT8406F3,Chascomus,5901,6000,Creciente,Recoleccion De Contenedores Verdes,127.33,4,9,Mataderos
4RECLDT8406F3,Larraya,1901,2000,Creciente,Recoleccion De Contenedores Verdes,115.05,4,9,Mataderos
4RECLDT8406F3,Miralla,2201,2300,Decreciente,Recoleccion De Contenedores Verdes,156.93,4,9,Mataderos
4RECLDT8406F3,Fonrouge,2401,2500,Decreciente,Recoleccion De Contenedores Verdes,157.04,4,9,Mataderos
4RECLDT8406F3,"Alberdi, Juan Bautista Av.",5601,5700,Doble,Recoleccion De Contenedores Verdes,103.85,4,9,Mataderos
4RECLDT8406F3,Larrazabal Av.,1201,1300,Doble,Recoleccion De Contenedores Verdes,149.71,4,9,Mataderos
4RECLDT8406F3,Basualdo,1501,1600,Doble,Recoleccion De Contenedores Verdes,122.09,4,9,Mataderos
4RECLDT8406F3,Araujo,1601,1700,Doble,Recoleccion De Contenedores Verdes,115.39,4,9,Mataderos
4RECLDT8406F3,Directorio Av.,5401,5500,Doble,Recoleccion De Contenedores Verdes,103.34,4,9,Mataderos
4RECLDT8406F3,Basualdo,1701,1800,Doble,Recoleccion De Contenedores Verdes,149.23,4,9,Mataderos
4RECLDT8406F3,Pieres,1501,1600,Creciente,Recoleccion De Contenedores Verdes,157.97,4,9,Mataderos
4RECLDT8406F3,Basualdo,1901,1950,Doble,Recoleccion De Contenedores Verdes,78.67,4,9,Mataderos
4RECLDT8406F3,Albariño,1901,2000,Doble,Recoleccion De Contenedores Verdes,146.99,4,9,Mataderos
4RECLDT8406F3,Corvalan,2201,2300,Doble,Recoleccion De Contenedores Verdes,157.24,4,9,Mataderos
4RECLDT8406F3,"Peron, Eva Av.",5701,5800,Doble,Recoleccion De Contenedores Verdes,115.52,4,9,Mataderos
4RECLDT8406F3,Remedios,0,5600,Decreciente,Recoleccion De Contenedores Verdes,102.44,4,9,Mataderos
4RECLDT8406F3,"Alberdi, Juan Bautista Av.",0,6000,Decreciente,Recoleccion De Contenedores Verdes,127.77,4,9,Mataderos
4RECLDT8410F3,Guardia Nacional,701,800,Creciente,Recoleccion De Contenedores Verdes,125.94,4,9,Mataderos
4RECLDT8406F3,Tapalque,6401,6500,Creciente,Recoleccion De Contenedores Verdes,93.87,4,9,Mataderos
4RECLDT8411F3,"Dellepiane, Luis, Tte. Gral.",0,4400,Decreciente,Recoleccion De Contenedores Verdes,109.38,4,8,Villa Lugano
4RECLDT8411F3,Basualdo,2601,2650,Decreciente,Recoleccion De Contenedores Verdes,93.44,4,8,Villa Lugano
4RECLDT8411F3,Basualdo,2701,2800,Decreciente,Recoleccion De Contenedores Verdes,134.15,4,8,Villa Lugano
4RECLDT8411F3,Larrazabal,2701,2800,Decreciente,Recoleccion De Contenedores Verdes,157.16,4,8,Villa Lugano
4RECLDT8411F3,Miralla,2851,2900,Decreciente,Recoleccion De Contenedores Verdes,103.52,4,8,Villa Lugano
4RECLDT8411F3,Fonrouge,2901,3000,Decreciente,Recoleccion De Contenedores Verdes,147.51,4,8,Villa Lugano
4RECLDT8411F3,Pola,2951,3000,Creciente,Recoleccion De Contenedores Verdes,103.45,4,8,Villa Lugano
4RECLDT8411F3,"De La Rosa, Jose I., Dr.",6101,6200,Decreciente,Recoleccion De Contenedores Verdes,127.45,4,8,Villa Lugano
4RECLDT8411F3,Larrazabal,2901,3000,Decreciente,Recoleccion De Contenedores Verdes,147.4,4,8,Villa Lugano
4RECLDT8411F3,Oliden,3001,3100,Decreciente,Recoleccion De Contenedores Verdes,157.51,4,8,Villa Lugano
4RECLDT8411F3,Oliden,3245,3260,Decreciente,Recoleccion De Contenedores Verdes,46.86,4,8,Villa Lugano
4RECLDT8411F3,"Leguizamon, Martiniano",3201,3250,Decreciente,Recoleccion De Contenedores Verdes,92.05,4,8,Villa Lugano
4RECLDT8411F3,Oliden,3261,3300,Decreciente,Recoleccion De Contenedores Verdes,75.71,4,8,Villa Lugano
4RECLDT8411F3,Larrazabal,3201,3300,Decreciente,Recoleccion De Contenedores Verdes,127.84,4,8,Villa Lugano
4RECLDT8411F3,Larrazabal,3301,3350,Decreciente,Recoleccion De Contenedores Verdes,59.69,4,8,Villa Lugano
4RECLDT8411F3,Murguiondo,3401,3500,Creciente,Recoleccion De Contenedores Verdes,123.51,4,8,Villa Lugano
4RECLDT8411F3,Larrazabal,3501,3600,Decreciente,Recoleccion De Contenedores Verdes,116.88,4,8,Villa Lugano
4RECLDT8411F3,Murguiondo,3601,3700,Creciente,Recoleccion De Contenedores Verdes,128.63,4,8,Villa Lugano
4RECLDT8411F3,"Leguizamon, Martiniano",3801,3900,Decreciente,Recoleccion De Contenedores Verdes,119.18,4,8,Villa Lugano
4RECLDT8411F3,Goleta Santa Cruz,6701,7000,Creciente,Recoleccion De Contenedores Verdes,286.73,4,8,Villa Lugano
4RECLDT8411F3,Barca Cabo De Hornos,6701,7000,Decreciente,Recoleccion De Contenedores Verdes,257.96,4,8,Villa Lugano
4RECLDT8411F3,Albariño,2501,2600,Doble,Recoleccion De Contenedores Verdes,137.1,4,8,Villa Lugano
4RECLDT8411F3,Echeandia,4901,5000,Doble,Recoleccion De Contenedores Verdes,103.38,4,8,Villa Lugano
4RECLDT8411F3,Guardia Nacional,2651,2700,Doble,Recoleccion De Contenedores Verdes,104.02,4,8,Villa Lugano
4RECLDT8411F3,Araujo,2701,2750,Doble,Recoleccion De Contenedores Verdes,93.56,4,8,Villa Lugano
4RECLDT8411F3,Corvalan,2601,2700,Doble,Recoleccion De Contenedores Verdes,147.67,4,8,Villa Lugano
4RECLDT8411F3,Albariño,2901,2950,Doble,Recoleccion De Contenedores Verdes,65.64,4,8,Villa Lugano
4RECLDT8411F3,Santander,4901,5000,Doble,Recoleccion De Contenedores Verdes,103.5,4,8,Villa Lugano
4RECLDT8411F3,Albariño,2951,3000,Doble,Recoleccion De Contenedores Verdes,65.37,4,8,Villa Lugano
4RECLDT8411F3,Cosquin,4001,4050,Doble,Recoleccion De Contenedores Verdes,65.92,4,8,Villa Lugano
4RECLDT8411F3,Saraza,5501,5600,Doble,Recoleccion De Contenedores Verdes,146.81,4,8,Villa Lugano
4RECLDT8411F3,Echeandia,6801,6900,Doble,Recoleccion De Contenedores Verdes,103.18,4,8,Villa Lugano
4RECLDT8411F3,"Rucci, Jose Ignacio",3901,4000,Doble,Recoleccion De Contenedores Verdes,197.62,4,8,Villa Lugano
4RECLDT8411F3,Montiel,3801,3900,Doble,Recoleccion De Contenedores Verdes,190.22,4,8,Villa Lugano
4RECLDT8411F3,"Alvarez, Crisostomo",6701,6800,Doble,Recoleccion De Contenedores Verdes,101.94,4,8,Villa Lugano
4RECLDT8411F3,2 De Abril De 1982,6401,6750,Doble,Recoleccion De Contenedores Verdes,252.08,4,8,Villa Lugano
4RECLDT8411F3,"Gordillo, Timoteo",4101,4200,Doble,Recoleccion De Contenedores Verdes,198.23,4,8,Villa Lugano
4RECLDT8411F3,2 De Abril De 1982,6901,7000,Doble,Recoleccion De Contenedores Verdes,301.82,4,8,Villa Lugano
4RECLDT8411F3,Castañares Av.,6709,6800,Doble,Recoleccion De Contenedores Verdes,118.31,4,8,Villa Lugano
4RECLDT8411F3,Basualdo,2301,2400,Decreciente,Recoleccion De Contenedores Verdes,93.87,4,8,Villa Lugano
4RECLDT8411F3,Guardia Nacional,2401,2500,Creciente,Recoleccion De Contenedores Verdes,157.15,4,8,Villa Lugano
4RECLDT8411F3,Basualdo,2651,2700,Decreciente,Recoleccion De Contenedores Verdes,103.98,4,8,Villa Lugano
4RECLDT8411F3,Pola,2601,2700,Creciente,Recoleccion De Contenedores Verdes,166.65,4,8,Villa Lugano
4RECLDT8411F3,Miralla,2633,2700,Decreciente,Recoleccion De Contenedores Verdes,103.28,4,8,Villa Lugano
4RECLDT8411F3,Fonrouge,2701,2800,Decreciente,Recoleccion De Contenedores Verdes,157.68,4,8,Villa Lugano
4RECLDT8411F3,Larraya,2701,2800,Creciente,Recoleccion De Contenedores Verdes,157.63,4,8,Villa Lugano
4RECLDT8411F3,Miralla,2801,2850,Decreciente,Recoleccion De Contenedores Verdes,94.83,4,8,Villa Lugano
4RECLDT8411F3,Pola,2801,2900,Creciente,Recoleccion De Contenedores Verdes,147.47,4,8,Villa Lugano
4RECLDT8411F3,Oliden,2801,2900,Decreciente,Recoleccion De Contenedores Verdes,147.38,4,8,Villa Lugano
4RECLDT8411F3,Miralla,2951,3000,Decreciente,Recoleccion De Contenedores Verdes,64.29,4,8,Villa Lugano
4RECLDT8411F3,Fonrouge,3151,3200,Decreciente,Recoleccion De Contenedores Verdes,63.11,4,8,Villa Lugano
4RECLDT8411F3,Miralla,3101,3200,Decreciente,Recoleccion De Contenedores Verdes,132.15,4,8,Villa Lugano
4RECLDT8411F3,Larraya,3101,3150,Creciente,Recoleccion De Contenedores Verdes,62.28,4,8,Villa Lugano
4RECLDT8411F3,Larraya,3201,3300,Creciente,Recoleccion De Contenedores Verdes,127.75,4,8,Villa Lugano
4RECLDT8411F3,Pola,3301,3400,Creciente,Recoleccion De Contenedores Verdes,91.34,4,8,Villa Lugano
4RECLDT8411F3,Murguiondo,3351,3400,Creciente,Recoleccion De Contenedores Verdes,74.82,4,8,Villa Lugano
4RECLDT8411F3,"Leguizamon, Martiniano",3401,3500,Decreciente,Recoleccion De Contenedores Verdes,123.26,4,8,Villa Lugano
4RECLDT8411F3,Oliden,3501,3600,Decreciente,Recoleccion De Contenedores Verdes,132.52,4,8,Villa Lugano
4RECLDT8411F3,"Leguizamon, Martiniano",3501,3600,Decreciente,Recoleccion De Contenedores Verdes,130.04,4,8,Villa Lugano
4RECLDT8411F3,"Leguizamon, Martiniano",3901,4000,Decreciente,Recoleccion De Contenedores Verdes,185.19,4,8,Villa Lugano
4RECLDT8411F3,Zuviria,6801,6900,Decreciente,Recoleccion De Contenedores Verdes,104.76,4,8,Villa Lugano
4RECLDT8411F3,Goleta Santa Cruz,6511,6600,Creciente,Recoleccion De Contenedores Verdes,141.27,4,8,Villa Lugano
4RECLDT8411F3,Barca Cabo De Hornos,6601,6700,Decreciente,Recoleccion De Contenedores Verdes,70.86,4,8,Villa Lugano
4RECLDT8411F3,"Dellepiane, Luis, Tte. Gral.",0,5089,Creciente,Recoleccion De Contenedores Verdes,339.16,4,8,Villa Lugano
4RECLDT8411F3,"Dellepiane, Luis, Tte. Gral.",0,6699,Creciente,Recoleccion De Contenedores Verdes,178.56,4,8,Villa Lugano
4RECLDT8411F3,Guardia Nacional,2601,2650,Doble,Recoleccion De Contenedores Verdes,93.29,4,8,Villa Lugano
4RECLDT8411F3,Hubac,5401,5500,Doble,Recoleccion De Contenedores Verdes,103.3,4,8,Villa Lugano
4RECLDT8411F3,Araujo,2601,2700,Doble,Recoleccion De Contenedores Verdes,147.63,4,8,Villa Lugano
4RECLDT8411F3,Santander,4701,4800,Doble,Recoleccion De Contenedores Verdes,103.02,4,8,Villa Lugano
4RECLDT8411F3,Albariño,2851,2900,Doble,Recoleccion De Contenedores Verdes,103.6,4,8,Villa Lugano
4RECLDT8411F3,Balbastro,5101,5200,Doble,Recoleccion De Contenedores Verdes,103.07,4,8,Villa Lugano
4RECLDT8411F3,"Rucci, Jose Ignacio",3251,3300,Doble,Recoleccion De Contenedores Verdes,66.58,4,8,Villa Lugano
4RECLDT8411F3,"Rucci, Jose Ignacio",3401,3500,Doble,Recoleccion De Contenedores Verdes,122.82,4,8,Villa Lugano
4RECLDT8411F3,Carhue,3301,3400,Creciente,Recoleccion De Contenedores Verdes,150.0,4,8,Villa Lugano
4RECLDT8411F3,Saraza,5801,5900,Doble,Recoleccion De Contenedores Verdes,143.24,4,8,Villa Lugano
4RECLDT8411F3,Murguiondo,3901,4000,Doble,Recoleccion De Contenedores Verdes,142.49,4,8,Villa Lugano
4RECLDT8411F3,Zuviria,6501,6700,Doble,Recoleccion De Contenedores Verdes,290.59,4,8,Villa Lugano
4RECLDT8411F3,Echeandia,6901,7000,Doble,Recoleccion De Contenedores Verdes,99.21,4,8,Villa Lugano
4RECLDT8411F3,Piedra Buena Av.,3801,3900,Doble,Recoleccion De Contenedores Verdes,207.55,4,8,Villa Lugano
4RECLDT8411F3,"De La Torre, Lisandro",4001,4100,Decreciente,Recoleccion De Contenedores Verdes,198.02,4,8,Villa Lugano
4RECLDT8411F3,Cañada De Gomez,4001,4100,Doble,Recoleccion De Contenedores Verdes,120.13,4,8,Villa Lugano
4RECLDT8411F3,Montiel,3901,4000,Doble,Recoleccion De Contenedores Verdes,133.3,4,8,Villa Lugano
4RECLDT8411F3,Cosquin,4051,4100,Doble,Recoleccion De Contenedores Verdes,54.72,4,8,Villa Lugano
4RECLDT8411F3,Pailebot Davison,3851,4000,Doble,Recoleccion De Contenedores Verdes,87.3,4,8,Villa Lugano
4RECLDT8411F3,"Gordillo, Timoteo",4201,4287,Doble,Recoleccion De Contenedores Verdes,127.13,4,8,Villa Lugano
4RECLDT8411F3,"Cuter, Luisito",4001,4050,Doble,Recoleccion De Contenedores Verdes,86.65,4,8,Villa Lugano
4RECLDT8411F3,"Dellepiane, Luis, Tte. Gral.",0,4900,Decreciente,Recoleccion De Contenedores Verdes,68.31,4,8,Villa Lugano
4RECLDT8411F3,"Dellepiane, Luis, Tte. Gral.",0,4700,Decreciente,Recoleccion De Contenedores Verdes,134.98,4,8,Villa Lugano
4RECLDT8411F3,"Dellepiane, Luis, Tte. Gral.",0,4800,Decreciente,Recoleccion De Contenedores Verdes,95.23,4,8,Villa Lugano
4RECLDT8411F3,"Dellepiane, Luis, Tte. Gral.",0,4400,Decreciente,Recoleccion De Contenedores Verdes,109.38,4,8,Villa Lugano
4RECLDT8411F3,"Paz, Gral. Av.",0,15420,Doble,Recoleccion De Contenedores Verdes,97.24,4,8,Villa Lugano
4RECLDT8406F3,Zelada,6201,6300,Creciente,Recoleccion De Contenedores Verdes,144.37,4,9,Mataderos
4RECLDT8406F3,Zelada,6401,6500,Creciente,Recoleccion De Contenedores Verdes,95.67,4,9,Mataderos
4RECLDT8406F3,"Garcia Grande De Zequeira, Severo",5601,5700,Doble,Recoleccion De Contenedores Verdes,105.13,4,9,Mataderos
4RECLDT8406F3,"Garcia Grande De Zequeira, Severo",5901,6000,Doble,Recoleccion De Contenedores Verdes,118.51,4,9,Mataderos
4RECLDT8406F3,"Garcia Grande De Zequeira, Severo",6101,6200,Doble,Recoleccion De Contenedores Verdes,128.85,4,9,Mataderos
4RECLDT8406F3,"Garcia Grande De Zequeira, Severo",6301,6400,Doble,Recoleccion De Contenedores Verdes,110.76,4,9,Mataderos
4RECLDT8406F3,"Garcia Grande De Zequeira, Severo",6501,6600,Doble,Recoleccion De Contenedores Verdes,85.96,4,9,Mataderos
4RECLDT8409F3,Murguiondo,101,200,Creciente,Recoleccion De Contenedores Verdes,122.72,4,9,Liniers
4RECLDT8409F3,Palmar,6401,6500,Decreciente,Recoleccion De Contenedores Verdes,136.16,4,9,Liniers
4RECLDT8409F3,Murguiondo,401,500,Creciente,Recoleccion De Contenedores Verdes,104.91,4,9,Liniers
4RECLDT8410F3,Miralla,801,850,Decreciente,Recoleccion De Contenedores Verdes,63.11,4,9,Mataderos
4RECLDT8410F3,Murguiondo,1101,1200,Creciente,Recoleccion De Contenedores Verdes,138.91,4,9,Mataderos
4RECLDT8410F3,Pizarro,6301,6400,Decreciente,Recoleccion De Contenedores Verdes,104.8,4,9,Mataderos
4RECLDT8410F3,Larrazabal Av.,901,1000,Doble,Recoleccion De Contenedores Verdes,138.28,4,9,Mataderos
4RECLDT8410F3,Pieres,901,1000,Creciente,Recoleccion De Contenedores Verdes,142.43,4,9,Mataderos
4RECLDT8410F3,Zelada,5801,5900,Creciente,Recoleccion De Contenedores Verdes,103.72,4,9,Mataderos
4RECLDT8410F3,Oliden,1051,1100,Decreciente,Recoleccion De Contenedores Verdes,79.69,4,9,Mataderos
4RECLDT8410F3,"Schmidl, Ulrico",6401,6500,Creciente,Recoleccion De Contenedores Verdes,95.78,4,9,Mataderos
4RECLDT8410F3,"Schmidl, Ulrico",6601,6700,Creciente,Recoleccion De Contenedores Verdes,89.11,4,9,Mataderos
4RECLDT8410F3,Pizarro,6601,6700,Decreciente,Recoleccion De Contenedores Verdes,89.36,4,9,Mataderos
4RECLDT8410F3,Miralla,701,750,Decreciente,Recoleccion De Contenedores Verdes,63.45,4,9,Liniers
4RECLDT8410F3,"Falcon, Ramon L.,cnel. Av.",0,5900,Decreciente,Recoleccion De Contenedores Verdes,128.73,4,10,Villa Luro
4RECLDT8410F3,Yerbal,5701,5800,Creciente,Recoleccion De Contenedores Verdes,132.73,4,10,Villa Luro
4RECLDT8410F3,Esteves Sagui,1,100,Decreciente,Recoleccion De Contenedores Verdes,106.52,4,9,Liniers
4RECLDT8410F3,"Falcon, Ramon L.,cnel. Av.",0,5599,Creciente,Recoleccion De Contenedores Verdes,132.29,4,10,Villa Luro
4RECLDT8410F3,"Falcon, Ramon L.,cnel. Av.",0,5799,Creciente,Recoleccion De Contenedores Verdes,126.17,4,10,Villa Luro
4RECLDT8410F3,Fonrouge,1,73,Decreciente,Recoleccion De Contenedores Verdes,116.89,4,9,Liniers
4RECLDT8410F3,"Falcon, Ramon L.,cnel.",6101,6207,Decreciente,Recoleccion De Contenedores Verdes,66.96,4,9,Liniers
4RECLDT8410F3,Miralla,101,200,Decreciente,Recoleccion De Contenedores Verdes,146.13,4,9,Liniers
4RECLDT8410F3,Patron,5501,5600,Decreciente,Recoleccion De Contenedores Verdes,103.44,4,10,Villa Luro
4RECLDT8410F3,Oliden,101,200,Decreciente,Recoleccion De Contenedores Verdes,119.55,4,9,Liniers
4RECLDT8410F3,Larrazabal,101,200,Decreciente,Recoleccion De Contenedores Verdes,168.38,4,9,Liniers
4RECLDT8410F3,Araujo,301,400,Creciente,Recoleccion De Contenedores Verdes,147.87,4,10,Villa Luro
4RECLDT8410F3,Basualdo,301,400,Decreciente,Recoleccion De Contenedores Verdes,143.19,4,10,Villa Luro
4RECLDT8410F3,Patron,5651,5700,Decreciente,Recoleccion De Contenedores Verdes,52.01,4,9,Liniers
4RECLDT8410F3,Guardia Nacional,401,500,Creciente,Recoleccion De Contenedores Verdes,148.93,4,10,Villa Luro
4RECLDT8410F3,Pola,401,500,Creciente,Recoleccion De Contenedores Verdes,147.69,4,9,Liniers
4RECLDT8410F3,Miralla,401,500,Decreciente,Recoleccion De Contenedores Verdes,147.45,4,9,Liniers
4RECLDT8410F3,Miralla,501,600,Decreciente,Recoleccion De Contenedores Verdes,147.77,4,9,Liniers
4RECLDT8410F3,Garcia De Cossio,6201,6245,Creciente,Recoleccion De Contenedores Verdes,77.62,4,9,Liniers
4RECLDT8410F3,Ercilla,5901,6000,Decreciente,Recoleccion De Contenedores Verdes,106.46,4,9,Liniers
4RECLDT8410F3,Patron,6201,6230,Decreciente,Recoleccion De Contenedores Verdes,77.7,4,9,Liniers
4RECLDT8410F3,Oliden,701,800,Decreciente,Recoleccion De Contenedores Verdes,146.63,4,9,Liniers
4RECLDT8410F3,Rivadavia Av.,10001,10100,Doble,Recoleccion De Contenedores Verdes,132.26,4,10,Villa Luro
4RECLDT8410F3,Rivadavia Av.,10501,10600,Doble,Recoleccion De Contenedores Verdes,144.85,4,9,Liniers
4RECLDT8410F3,Caaguazu,6101,6200,Doble,Recoleccion De Contenedores Verdes,126.94,4,9,Liniers
4RECLDT8410F3,Pieres,401,500,Creciente,Recoleccion De Contenedores Verdes,147.16,4,9,Liniers
4RECLDT8410F3,Pieres,601,700,Creciente,Recoleccion De Contenedores Verdes,147.57,4,9,Liniers
4RECLDT8410F3,Yerbal,5801,5900,Creciente,Recoleccion De Contenedores Verdes,126.2,4,10,Villa Luro
4RECLDT8410F3,Yerbal,6201,6300,Creciente,Recoleccion De Contenedores Verdes,116.71,4,9,Liniers
4RECLDT8410F3,"Bedoya, Elias",1,100,Creciente,Recoleccion De Contenedores Verdes,114.27,4,9,Liniers
4RECLDT8410F3,Guardia Nacional,201,300,Creciente,Recoleccion De Contenedores Verdes,148.29,4,10,Villa Luro
4RECLDT8410F3,"Falcon, Ramon L.,cnel.",6352,6400,Decreciente,Recoleccion De Contenedores Verdes,99.64,4,9,Liniers
4RECLDT8410F3,Albariño,201,300,Creciente,Recoleccion De Contenedores Verdes,146.96,4,10,Liniers
4RECLDT8410F3,Fonrouge,301,400,Decreciente,Recoleccion De Contenedores Verdes,146.38,4,9,Liniers
4RECLDT8410F3,Oliden,301,400,Decreciente,Recoleccion De Contenedores Verdes,98.34,4,9,Liniers
4RECLDT8410F3,Corvalan,401,500,Decreciente,Recoleccion De Contenedores Verdes,147.77,4,10,Villa Luro
4RECLDT8410F3,Araujo,501,600,Creciente,Recoleccion De Contenedores Verdes,145.72,4,10,Villa Luro
4RECLDT8410F3,Garcia De Cossio,6001,6100,Creciente,Recoleccion De Contenedores Verdes,117.61,4,9,Liniers
4RECLDT8410F3,Albariño,501,600,Creciente,Recoleccion De Contenedores Verdes,147.77,4,10,Liniers
4RECLDT8410F3,Patron,5901,6000,Decreciente,Recoleccion De Contenedores Verdes,104.33,4,9,Liniers
4RECLDT8410F3,Pola,601,700,Creciente,Recoleccion De Contenedores Verdes,147.78,4,9,Liniers
4RECLDT8410F3,Murguiondo,601,700,Creciente,Recoleccion De Contenedores Verdes,150.11,4,9,Liniers
4RECLDT8410F3,Fonrouge,801,850,Decreciente,Recoleccion De Contenedores Verdes,71.28,4,9,Liniers
4RECLDT8410F3,Ercilla,6101,6200,Decreciente,Recoleccion De Contenedores Verdes,127.24,4,9,Liniers
4RECLDT8410F3,"Schmidl, Ulrico",6101,6200,Creciente,Recoleccion De Contenedores Verdes,127.26,4,9,Liniers
4RECLDT8410F3,Ercilla,6245,6300,Decreciente,Recoleccion De Contenedores Verdes,98.72,4,9,Liniers
4RECLDT8410F3,Rivadavia Av.,10201,10300,Doble,Recoleccion De Contenedores Verdes,126.37,4,10,Villa Luro
4RECLDT8410F3,Larrazabal Av.,0,700,Decreciente,Recoleccion De Contenedores Verdes,146.72,4,9,Liniers
4RECLDT8410F3,Albariño,701,750,Creciente,Recoleccion De Contenedores Verdes,63.32,4,10,Liniers
4RECLDT8410F3,"Castro, Emilio Av.",5401,5500,Doble,Recoleccion De Contenedores Verdes,108.06,4,10,Mataderos
4RECLDT8410F3,Miralla,651,700,Decreciente,Recoleccion De Contenedores Verdes,63.96,4,9,Liniers
4RECLDT8410F3,"Castro, Emilio Av.",5201,5300,Doble,Recoleccion De Contenedores Verdes,109.06,4,10,Mataderos
4RECLDT8409F3,Murguiondo,101,200,Creciente,Recoleccion De Contenedores Verdes,122.72,4,9,Liniers
4RECLDT8409F3,"Bosch, Ventura",6501,6600,Decreciente,Recoleccion De Contenedores Verdes,78.77,4,9,Liniers
4RECLDT8409F3,Ibarrola,6601,6700,Creciente,Recoleccion De Contenedores Verdes,143.61,4,9,Liniers
4RECLDT8409F3,Palmar,6501,6600,Creciente,Recoleccion De Contenedores Verdes,77.35,4,9,Liniers
4RECLDT8409F3,"Leguizamon, Martiniano",301,400,Decreciente,Recoleccion De Contenedores Verdes,102.58,4,9,Liniers
4RECLDT8409F3,Murguiondo,401,500,Creciente,Recoleccion De Contenedores Verdes,104.91,4,9,Liniers
4RECLDT8409F3,Tuyuti,6601,6700,Decreciente,Recoleccion De Contenedores Verdes,136.3,4,9,Liniers
4RECLDT8409F3,"Castro, Emilio Av.",7101,7200,Doble,Recoleccion De Contenedores Verdes,106.58,4,9,Liniers
4RECLDT8409F3,"Castro, Emilio Av.",7301,7350,Doble,Recoleccion De Contenedores Verdes,54.37,4,9,Liniers
4RECLDT8409F3,Cosquin,1,100,Decreciente,Recoleccion De Contenedores Verdes,139.25,4,9,Liniers
4RECLDT8409F3,Ibarrola,6901,7000,Creciente,Recoleccion De Contenedores Verdes,130.91,4,9,Liniers
4RECLDT8409F3,"Suarez, Jose Leon",101,200,Creciente,Recoleccion De Contenedores Verdes,146.35,4,9,Liniers
4RECLDT8409F3,Cosquin,217,236,Decreciente,Recoleccion De Contenedores Verdes,27.51,4,9,Liniers
4RECLDT8409F3,Montiel,201,300,Decreciente,Recoleccion De Contenedores Verdes,138.3,4,9,Liniers
4RECLDT8409F3,"Bosch, Ventura",7201,7300,Decreciente,Recoleccion De Contenedores Verdes,132.77,4,9,Liniers
4RECLDT8409F3,El Rastreador,301,400,Decreciente,Recoleccion De Contenedores Verdes,98.68,4,9,Liniers
4RECLDT8409F3,"Gordillo, Timoteo",401,500,Decreciente,Recoleccion De Contenedores Verdes,110.62,4,9,Liniers
4RECLDT8409F3,Cosquin,401,500,Decreciente,Recoleccion De Contenedores Verdes,110.53,4,9,Liniers
4RECLDT8409F3,Tuyuti,7172,7200,Decreciente,Recoleccion De Contenedores Verdes,28.88,4,9,Liniers
4RECLDT8409F3,"De La Torre, Lisandro",501,600,Creciente,Recoleccion De Contenedores Verdes,124.22,4,9,Liniers
4RECLDT8409F3,Carhue,501,600,Creciente,Recoleccion De Contenedores Verdes,123.17,4,9,Liniers
4RECLDT8409F3,"Gordillo, Timoteo",701,800,Decreciente,Recoleccion De Contenedores Verdes,109.7,4,9,Liniers
4RECLDT8409F3,Cosquin,701,800,Decreciente,Recoleccion De Contenedores Verdes,107.41,4,9,Liniers
4RECLDT8409F3,Cosquin,801,900,Decreciente,Recoleccion De Contenedores Verdes,125.5,4,9,Liniers
4RECLDT8409F3,"Suarez, Jose Leon",801,900,Creciente,Recoleccion De Contenedores Verdes,125.39,4,9,Liniers
4RECLDT8409F3,Garcia De Cossio,6701,6800,Creciente,Recoleccion De Contenedores Verdes,87.86,4,9,Liniers
4RECLDT8409F3,Cañada De Gomez,901,1000,Creciente,Recoleccion De Contenedores Verdes,153.98,4,9,Liniers
4RECLDT8409F3,Patron,6801,6900,Decreciente,Recoleccion De Contenedores Verdes,67.2,4,9,Liniers
4RECLDT8409F3,Garcia De Cossio,7001,7100,Creciente,Recoleccion De Contenedores Verdes,103.66,4,9,Liniers
4RECLDT8409F3,Patron,7001,7100,Decreciente,Recoleccion De Contenedores Verdes,103.59,4,9,Liniers
4RECLDT8409F3,Acassuso,6901,7000,Creciente,Recoleccion De Contenedores Verdes,107.23,4,9,Liniers
4RECLDT8409F3,Carhue,1201,1300,Decreciente,Recoleccion De Contenedores Verdes,147.61,4,9,Liniers
4RECLDT8409F3,Montiel,1201,1300,Decreciente,Recoleccion De Contenedores Verdes,147.26,4,9,Liniers
4RECLDT8409F3,Garcia De Cossio,7451,7500,Creciente,Recoleccion De Contenedores Verdes,103.38,4,9,Liniers
4RECLDT8409F3,"Suarez, Jose Leon",1351,1400,Creciente,Recoleccion De Contenedores Verdes,73.73,4,9,Liniers
4RECLDT8409F3,Patron,7431,7500,Decreciente,Recoleccion De Contenedores Verdes,103.33,4,9,Liniers
4RECLDT8409F3,Rivadavia Av.,11052,11091,Doble,Recoleccion De Contenedores Verdes,71.93,4,9,Liniers
4RECLDT8409F3,Caaguazu,6601,6700,Doble,Recoleccion De Contenedores Verdes,104.02,4,9,Liniers
4RECLDT8409F3,Caaguazu,6801,6900,Doble,Recoleccion De Contenedores Verdes,67.02,4,9,Liniers
4RECLDT8409F3,Estero Bellaco,7251,7300,Decreciente,Recoleccion De Contenedores Verdes,65.43,4,9,Liniers
4RECLDT8409F3,Caaguazu,7001,7050,Doble,Recoleccion De Contenedores Verdes,45.63,4,9,Liniers
4RECLDT8409F3,Caaguazu,7301,7400,Doble,Recoleccion De Contenedores Verdes,103.35,4,9,Liniers
4RECLDT8409F3,Urien,7251,7300,Doble,Recoleccion De Contenedores Verdes,66.7,4,9,Liniers
4RECLDT8409F3,Saladillo,1151,1200,Creciente,Recoleccion De Contenedores Verdes,73.58,4,9,Liniers
4RECLDT8409F3,Saladillo,1251,1300,Creciente,Recoleccion De Contenedores Verdes,73.75,4,9,Liniers
4RECLDT8409F3,"Gordillo, Timoteo",1,50,Decreciente,Recoleccion De Contenedores Verdes,79.97,4,9,Liniers
4RECLDT8409F3,Carhue,1,100,Creciente,Recoleccion De Contenedores Verdes,119.44,4,9,Liniers
4RECLDT8409F3,Montiel,1,100,Decreciente,Recoleccion De Contenedores Verdes,122.84,4,9,Liniers
4RECLDT8409F3,"Falcon, Ramon L.,cnel.",7201,7300,Decreciente,Recoleccion De Contenedores Verdes,129.96,4,9,Liniers
4RECLDT8409F3,"De La Torre, Lisandro",101,200,Creciente,Recoleccion De Contenedores Verdes,124.03,4,9,Liniers
4RECLDT8409F3,Ibarrola,7021,7100,Creciente,Recoleccion De Contenedores Verdes,92.35,4,9,Liniers
4RECLDT8409F3,"Bosch, Ventura",6831,6850,Decreciente,Recoleccion De Contenedores Verdes,27.37,4,9,Liniers
4RECLDT8409F3,"Bosch, Ventura",6851,6870,Decreciente,Recoleccion De Contenedores Verdes,27.32,4,9,Liniers
4RECLDT8409F3,El Rastreador,401,500,Decreciente,Recoleccion De Contenedores Verdes,110.52,4,9,Liniers
4RECLDT8409F3,Montiel,428,500,Decreciente,Recoleccion De Contenedores Verdes,75.66,4,9,Liniers
4RECLDT8409F3,Tuyuti,7151,7183,Decreciente,Recoleccion De Contenedores Verdes,19.8,4,9,Liniers
4RECLDT8409F3,"Gordillo, Timoteo",501,600,Decreciente,Recoleccion De Contenedores Verdes,123.9,4,9,Liniers
4RECLDT8409F3,Humaita,7051,7075,Creciente,Recoleccion De Contenedores Verdes,31.45,4,9,Liniers
4RECLDT8409F3,Humaita,7076,7100,Creciente,Recoleccion De Contenedores Verdes,37.57,4,9,Liniers
4RECLDT8409F3,Humaita,7171,7200,Creciente,Recoleccion De Contenedores Verdes,33.34,4,9,Liniers
4RECLDT8409F3,"Paz, Gral. Av.",0,11200,Decreciente,Recoleccion De Contenedores Verdes,121.99,4,9,Liniers
4RECLDT8409F3,Boqueron,7101,7150,Decreciente,Recoleccion De Contenedores Verdes,64.77,4,9,Liniers
4RECLDT8409F3,"De La Torre, Lisandro",701,780,Creciente,Recoleccion De Contenedores Verdes,111.73,4,9,Liniers
4RECLDT8409F3,Carhue,801,900,Creciente,Recoleccion De Contenedores Verdes,125.18,4,9,Liniers
4RECLDT8409F3,Montiel,801,900,Decreciente,Recoleccion De Contenedores Verdes,125.21,4,9,Liniers
4RECLDT8409F3,Patron,6901,7000,Decreciente,Recoleccion De Contenedores Verdes,107.28,4,9,Liniers
4RECLDT8409F3,Carhue,1101,1200,Decreciente,Recoleccion De Contenedores Verdes,147.42,4,9,Liniers
4RECLDT8409F3,Garcia De Cossio,7201,7300,Creciente,Recoleccion De Contenedores Verdes,103.31,4,9,Liniers
4RECLDT8409F3,"Suarez, Jose Leon",1201,1250,Creciente,Recoleccion De Contenedores Verdes,67.24,4,9,Liniers
4RECLDT8409F3,Acassuso,7001,7100,Creciente,Recoleccion De Contenedores Verdes,103.48,4,9,Liniers
4RECLDT8409F3,Molina,1201,1266,Creciente,Recoleccion De Contenedores Verdes,73.47,4,9,Liniers
4RECLDT8409F3,Patron,7301,7400,Decreciente,Recoleccion De Contenedores Verdes,103.33,4,9,Liniers
4RECLDT8409F3,Rivadavia Av.,11201,11300,Doble,Recoleccion De Contenedores Verdes,107.19,4,9,Liniers
4RECLDT8409F3,Tonelero,6501,6600,Doble,Recoleccion De Contenedores Verdes,91.5,4,9,Liniers
4RECLDT8409F3,Tonelero,6801,6900,Doble,Recoleccion De Contenedores Verdes,67.25,4,9,Liniers
4RECLDT8409F3,Tonelero,7023,7113,Doble,Recoleccion De Contenedores Verdes,56.87,4,9,Liniers
4RECLDT8409F3,"Chavez, Jorge",7001,7100,Creciente,Recoleccion De Contenedores Verdes,94.09,4,9,Liniers
4RECLDT8409F3,"Chavez, Jorge",7181,7200,Creciente,Recoleccion De Contenedores Verdes,48.33,4,9,Liniers
4RECLDT8409F3,Martinez De Hoz,7252,7300,Doble,Recoleccion De Contenedores Verdes,66.29,4,9,Liniers
4RECLDT8409F3,Tonelero,7331,7400,Doble,Recoleccion De Contenedores Verdes,71.84,4,9,Liniers
4RECLDT8409F3,"Paula y Rodriguez Alves, Jose De",1001,1100,Doble,Recoleccion De Contenedores Verdes,148.67,4,9,Liniers
4RECLDT8409F3,Urien,7201,7250,Doble,Recoleccion De Contenedores Verdes,70.37,4,9,Liniers
4RECLDT8409F3,Caaguazu,7601,7700,Doble,Recoleccion De Contenedores Verdes,71.42,4,9,Liniers
4RECLDT8410F3,Patron,6501,6600,Decreciente,Recoleccion De Contenedores Verdes,86.41,4,9,Liniers
4RECLDT8410F3,Ercilla,6401,6500,Decreciente,Recoleccion De Contenedores Verdes,96.81,4,9,Liniers
4RECLDT8410F3,Ercilla,6601,6700,Decreciente,Recoleccion De Contenedores Verdes,89.87,4,9,Liniers
4RECLDT8410F3,"Leguizamon, Martiniano",801,850,Doble,Recoleccion De Contenedores Verdes,73.12,4,9,Liniers
4RECLDT8410F3,Cafayate,1001,1100,Doble,Recoleccion De Contenedores Verdes,147.32,4,9,Liniers
4RECLDT8410F3,Murguiondo,601,700,Creciente,Recoleccion De Contenedores Verdes,150.11,4,9,Liniers
4RECLDT8410F3,Garcia De Cossio,6501,6600,Creciente,Recoleccion De Contenedores Verdes,86.47,4,9,Liniers
4RECLDT8410F3,Acassuso,6301,6400,Creciente,Recoleccion De Contenedores Verdes,105.18,4,9,Liniers
4RECLDT8410F3,Acassuso,6701,6800,Creciente,Recoleccion De Contenedores Verdes,94.41,4,9,Liniers
4RECLDT8410F3,Caaguazu,6401,6500,Doble,Recoleccion De Contenedores Verdes,95.78,4,9,Liniers
4RECLDT8410F3,"Leguizamon, Martiniano",1101,1190,Doble,Recoleccion De Contenedores Verdes,120.91,4,9,Liniers
4RECLDT8407F3,Homero,601,700,Creciente,Recoleccion De Contenedores Verdes,135.59,4,9,Parque Avellaneda
4RECLDT8407F3,Tapalque,4651,4700,Decreciente,Recoleccion De Contenedores Verdes,69.92,4,9,Parque Avellaneda
4RECLDT8407F3,Escalada Av.,801,900,Decreciente,Recoleccion De Contenedores Verdes,177.76,4,9,Mataderos
4RECLDT8407F3,"Rodo, Jose E.",4601,4650,Creciente,Recoleccion De Contenedores Verdes,58.65,4,9,Parque Avellaneda
4RECLDT8407F3,Bruix Av.,4601,4700,Decreciente,Recoleccion De Contenedores Verdes,175.69,4,9,Parque Avellaneda
4RECLDT8407F3,White,701,800,Decreciente,Recoleccion De Contenedores Verdes,140.28,4,9,Parque Avellaneda
4RECLDT8407F3,Mozart,601,700,Creciente,Recoleccion De Contenedores Verdes,166.07,4,9,Parque Avellaneda
4RECLDT8407F3,Bragado,4801,4850,Decreciente,Recoleccion De Contenedores Verdes,72.91,4,9,Parque Avellaneda
4RECLDT8407F3,"Falcon, Ramon L.,cnel.",4901,5000,Decreciente,Recoleccion De Contenedores Verdes,136.94,4,10,Villa Luro
4RECLDT8407F3,Rafaela,4801,4900,Creciente,Recoleccion De Contenedores Verdes,135.63,4,10,Villa Luro
4RECLDT8407F3,White,301,400,Decreciente,Recoleccion De Contenedores Verdes,136.44,4,10,Villa Luro
4RECLDT8407F3,"Castro, Emilio",4801,4900,Creciente,Recoleccion De Contenedores Verdes,135.66,4,10,Villa Luro
4RECLDT8407F3,"Castro, Emilio",5001,5090,Creciente,Recoleccion De Contenedores Verdes,128.82,4,10,Villa Luro
4RECLDT8407F3,Escalada Av.,622,699,Decreciente,Recoleccion De Contenedores Verdes,32.45,4,10,Mataderos
4RECLDT8407F3,"Alberdi, Juan Bautista Av.",4801,4890,Creciente,Recoleccion De Contenedores Verdes,148.5,4,10,Parque Avellaneda
4RECLDT8407F3,Zelada,4801,4900,Doble,Recoleccion De Contenedores Verdes,137.11,4,10,Villa Luro
4RECLDT8407F3,Donizetti,1,100,Decreciente,Recoleccion De Contenedores Verdes,144.73,4,10,Villa Luro
4RECLDT8407F3,Cajaravilla,4701,4800,Decreciente,Recoleccion De Contenedores Verdes,136.46,4,10,Villa Luro
4RECLDT8407F3,Cajaravilla,4901,5000,Decreciente,Recoleccion De Contenedores Verdes,135.33,4,10,Villa Luro
4RECLDT8407F3,"Alberdi, Juan Bautista Av.",4651,4700,Creciente,Recoleccion De Contenedores Verdes,73.64,4,10,Parque Avellaneda
4RECLDT8407F3,Escalada Av.,601,657,Decreciente,Recoleccion De Contenedores Verdes,58.15,4,10,Mataderos
4RECLDT8407F3,Rivadavia Av.,9401,9500,Doble,Recoleccion De Contenedores Verdes,134.57,4,10,Villa Luro
4RECLDT8407F3,Yerbal,5201,5300,Creciente,Recoleccion De Contenedores Verdes,135.66,4,10,Villa Luro
4RECLDT8407F3,"Falcon, Ramon L.,cnel.",5101,5200,Decreciente,Recoleccion De Contenedores Verdes,134.83,4,10,Villa Luro
4RECLDT8407F3,Rafaela,5001,5100,Creciente,Recoleccion De Contenedores Verdes,134.17,4,10,Villa Luro
4RECLDT8407F3,Rivadavia Av.,9601,9700,Doble,Recoleccion De Contenedores Verdes,135.77,4,10,Villa Luro
4RECLDT8407F3,Rivadavia Av.,9801,9899,Doble,Recoleccion De Contenedores Verdes,127.39,4,10,Villa Luro
4RECLDT8407F3,Escalada Av.,102,199,Decreciente,Recoleccion De Contenedores Verdes,97.84,4,10,Villa Luro
4RECLDT8407F3,Escalada Av.,401,500,Decreciente,Recoleccion De Contenedores Verdes,119.7,4,10,Villa Luro
4RECLDT8407F3,Zelada,5001,5100,Doble,Recoleccion De Contenedores Verdes,134.49,4,10,Villa Luro
4RECLDT8407F3,Moreto,1201,1300,Creciente,Recoleccion De Contenedores Verdes,152.54,4,9,Parque Avellaneda
4RECLDT8407F3,Remedios,4601,4654,Decreciente,Recoleccion De Contenedores Verdes,68.4,4,9,Parque Avellaneda
4RECLDT8407F3,Moreto,1401,1500,Creciente,Recoleccion De Contenedores Verdes,156.87,4,9,Parque Avellaneda
4RECLDT8407F3,Zinny,1531,1570,Decreciente,Recoleccion De Contenedores Verdes,68.89,4,9,Parque Avellaneda
4RECLDT8407F3,Medina,1601,1700,Decreciente,Recoleccion De Contenedores Verdes,146.21,4,9,Parque Avellaneda
4RECLDT8407F3,La Facultad,1601,1800,Creciente,Recoleccion De Contenedores Verdes,213.68,4,9,Parque Avellaneda
4RECLDT8407F3,Escalada Av.,1601,1650,Decreciente,Recoleccion De Contenedores Verdes,77.05,4,9,Mataderos
4RECLDT8407F3,Homero,1501,1600,Creciente,Recoleccion De Contenedores Verdes,149.65,4,9,Parque Avellaneda
4RECLDT8407F3,Escalada Av.,1651,1700,Decreciente,Recoleccion De Contenedores Verdes,64.33,4,9,Mataderos
4RECLDT8407F3,Echeandia,3801,3900,Decreciente,Recoleccion De Contenedores Verdes,167.85,4,9,Parque Avellaneda
4RECLDT8407F3,Guardia Nacional,1701,1800,Creciente,Recoleccion De Contenedores Verdes,150.57,4,9,Mataderos
4RECLDT8407F3,Guardia Nacional,1801,1900,Creciente,Recoleccion De Contenedores Verdes,149.15,4,9,Mataderos
4RECLDT8407F3,Homero,2051,2100,Creciente,Recoleccion De Contenedores Verdes,105.58,4,9,Parque Avellaneda
4RECLDT8407F3,Mozart,1501,1570,Creciente,Recoleccion De Contenedores Verdes,67.14,4,9,Parque Avellaneda
4RECLDT8407F3,Garzon Eugenio General,4501,4600,Doble,Recoleccion De Contenedores Verdes,66.61,4,9,Parque Avellaneda
4RECLDT8407F3,Fernandez,1562,1600,Doble,Recoleccion De Contenedores Verdes,74.86,4,9,Parque Avellaneda
4RECLDT8407F3,Garzon Eugenio General,4701,4800,Doble,Recoleccion De Contenedores Verdes,135.31,4,9,Parque Avellaneda
4RECLDT8407F3,"Bilbao, Francisco",4501,4550,Doble,Recoleccion De Contenedores Verdes,71.13,4,9,Parque Avellaneda
4RECLDT8407F3,"Peron, Eva Av.",4254,4300,Doble,Recoleccion De Contenedores Verdes,75.14,4,9,Parque Avellaneda
4RECLDT8407F3,Padre Montes Carballo,1581,1590,Doble,Recoleccion De Contenedores Verdes,67.71,4,9,Parque Avellaneda
4RECLDT8407F3,"Peron, Eva Av.",4351,4400,Doble,Recoleccion De Contenedores Verdes,56.46,4,9,Parque Avellaneda
4RECLDT8407F3,Medina,1901,1920,Doble,Recoleccion De Contenedores Verdes,54.14,4,9,Parque Avellaneda
4RECLDT8407F3,Santander,3701,3800,Doble,Recoleccion De Contenedores Verdes,161.99,4,9,Parque Avellaneda
4RECLDT8407F3,Zuviria,4101,4150,Doble,Recoleccion De Contenedores Verdes,64.19,4,9,Parque Avellaneda
4RECLDT8407F3,Santander,3901,4000,Doble,Recoleccion De Contenedores Verdes,144.42,4,9,Parque Avellaneda
4RECLDT8407F3,Zinny,1401,1500,Decreciente,Recoleccion De Contenedores Verdes,144.04,4,9,Parque Avellaneda
4RECLDT8407F3,White,1601,1700,Decreciente,Recoleccion De Contenedores Verdes,157.35,4,9,Parque Avellaneda
4RECLDT8407F3,Zinny,1701,1800,Decreciente,Recoleccion De Contenedores Verdes,153.67,4,9,Parque Avellaneda
4RECLDT8407F3,Moreto,1741,1800,Creciente,Recoleccion De Contenedores Verdes,124.05,4,9,Parque Avellaneda
4RECLDT8407F3,Monte,4701,4800,Decreciente,Recoleccion De Contenedores Verdes,68.68,4,9,Parque Avellaneda
4RECLDT8407F3,"Laferrere, Gregorio De",4801,4900,Decreciente,Recoleccion De Contenedores Verdes,168.12,4,9,Parque Avellaneda
4RECLDT8407F3,Homero,1901,2000,Creciente,Recoleccion De Contenedores Verdes,187.36,4,9,Parque Avellaneda
4RECLDT8407F3,Escalada Av.,2102,2200,Creciente,Recoleccion De Contenedores Verdes,170.8,4,9,Mataderos
4RECLDT8407F3,San Pedro,4501,4600,Doble,Recoleccion De Contenedores Verdes,110.3,4,9,Parque Avellaneda
4RECLDT8407F3,Monte,4401,4500,Doble,Recoleccion De Contenedores Verdes,88.72,4,9,Parque Avellaneda
4RECLDT8407F3,Escalada Av.,1701,1800,Doble,Recoleccion De Contenedores Verdes,136.87,4,9,Mataderos
4RECLDT8407F3,Padre Montes Carballo,1661,1700,Doble,Recoleccion De Contenedores Verdes,60.1,4,9,Parque Avellaneda
4RECLDT8407F3,"Ameghino, Florentino, Dr.",1801,1900,Doble,Recoleccion De Contenedores Verdes,211.08,4,9,Parque Avellaneda
4RECLDT8407F3,"Alvarez, Crisostomo",3801,3900,Doble,Recoleccion De Contenedores Verdes,168.0,4,9,Parque Avellaneda
4RECLDT8407F3,Escalada Av.,1901,1950,Doble,Recoleccion De Contenedores Verdes,70.96,4,9,Mataderos
4RECLDT8407F3,White,1901,2000,Doble,Recoleccion De Contenedores Verdes,196.02,4,9,Parque Avellaneda
4RECLDT8407F3,Echeandia,4206,4300,Doble,Recoleccion De Contenedores Verdes,111.58,4,9,Parque Avellaneda
4RECLDT8407F3,Olivera Av.,1401,1500,Doble,Recoleccion De Contenedores Verdes,172.35,4,9,Parque Avellaneda
4RECLDT8407F3,Santander,4101,4150,Doble,Recoleccion De Contenedores Verdes,71.38,4,9,Parque Avellaneda
4RECLDT8407F3,Homero,1601,1700,Creciente,Recoleccion De Contenedores Verdes,131.04,4,9,Parque Avellaneda
4RECLDT8407F3,Escalada Av.,1001,1100,Decreciente,Recoleccion De Contenedores Verdes,153.53,4,9,Mataderos
4RECLDT8407F3,Tandil,4501,4600,Creciente,Recoleccion De Contenedores Verdes,142.08,4,9,Parque Avellaneda
4RECLDT8407F3,Homero,1001,1100,Creciente,Recoleccion De Contenedores Verdes,118.88,4,9,Parque Avellaneda
4RECLDT8407F3,Guardia Nacional,1101,1200,Creciente,Recoleccion De Contenedores Verdes,154.17,4,9,Mataderos
4RECLDT8407F3,Escalada Av.,1101,1200,Decreciente,Recoleccion De Contenedores Verdes,136.34,4,9,Mataderos
4RECLDT8407F3,Guardia Nacional,1201,1300,Creciente,Recoleccion De Contenedores Verdes,133.83,4,9,Mataderos
4RECLDT8407F3,Tandil,4701,4750,Creciente,Recoleccion De Contenedores Verdes,82.05,4,9,Parque Avellaneda
4RECLDT8407F3,Escalada Av.,1301,1400,Decreciente,Recoleccion De Contenedores Verdes,126.7,4,9,Mataderos
4RECLDT8407F3,Escalada Av.,1401,1500,Decreciente,Recoleccion De Contenedores Verdes,121.0,4,9,Mataderos
4RECLDT8407F3,Directorio Av.,4401,4500,Decreciente,Recoleccion De Contenedores Verdes,98.09,4,9,Parque Avellaneda
4RECLDT8407F3,Moreto,1001,1100,Decreciente,Recoleccion De Contenedores Verdes,121.04,4,9,Parque Avellaneda
4RECLDT8407F3,Chascomus,4701,4750,Creciente,Recoleccion De Contenedores Verdes,65.16,4,9,Parque Avellaneda
4RECLDT8407F3,Guardia Nacional,1501,1600,Creciente,Recoleccion De Contenedores Verdes,121.53,4,9,Mataderos
4RECLDT8405F3,Tapalque,4543,4600,Decreciente,Recoleccion De Contenedores Verdes,130.83,4,9,Parque Avellaneda
4RECLDT8405F3,Olivera Av.,427,500,Doble,Recoleccion De Contenedores Verdes,156.74,4,9,Parque Avellaneda
4RECLDT8405F3,"Ameghino, Florentino, Dr.",601,700,Doble,Recoleccion De Contenedores Verdes,168.63,4,9,Parque Avellaneda
4RECLDT8405F3,Olivera Av.,417,450,Doble,Recoleccion De Contenedores Verdes,43.06,4,9,Parque Avellaneda
4RECLDT8405F3,Olivera Av.,521,600,Doble,Recoleccion De Contenedores Verdes,79.24,4,9,Parque Avellaneda
4RECLDT8405F3,Rivadavia Av.,7901,8000,Doble,Recoleccion De Contenedores Verdes,104.31,4,10,Floresta
4RECLDT8405F3,Rivadavia Av.,8301,8399,Doble,Recoleccion De Contenedores Verdes,127.87,4,10,Floresta
4RECLDT8405F3,Yerbal,3401,3500,Creciente,Recoleccion De Contenedores Verdes,103.08,4,10,Floresta
4RECLDT8405F3,"Falcon, Ramon L.,cnel.",3401,3500,Decreciente,Recoleccion De Contenedores Verdes,106.37,4,10,Floresta
4RECLDT8405F3,"Falcon, Ramon L.,cnel.",3701,3800,Decreciente,Recoleccion De Contenedores Verdes,139.67,4,10,Floresta
4RECLDT8405F3,Yerbal,4801,4850,Creciente,Recoleccion De Contenedores Verdes,87.95,4,10,Velez Sarsfield
4RECLDT8405F3,"Alberdi, Juan Bautista Av.",3701,3800,Creciente,Recoleccion De Contenedores Verdes,122.79,4,10,Floresta
4RECLDT8405F3,"Falcon, Ramon L.,cnel.",4401,4500,Decreciente,Recoleccion De Contenedores Verdes,149.27,4,10,Velez Sarsfield
4RECLDT8405F3,Rafaela,4151,4200,Creciente,Recoleccion De Contenedores Verdes,63.99,4,10,Velez Sarsfield
4RECLDT8405F3,"Benedetti, Osvaldo E., Dip.nac.",201,250,Creciente,Recoleccion De Contenedores Verdes,83.08,4,10,Velez Sarsfield
4RECLDT8405F3,"Alberdi, Juan Bautista Av.",3911,4000,Creciente,Recoleccion De Contenedores Verdes,111.05,4,10,Parque Avellaneda
4RECLDT8405F3,Rafaela,4501,4549,Creciente,Recoleccion De Contenedores Verdes,58.61,4,10,Velez Sarsfield
4RECLDT8405F3,"Alberdi, Juan Bautista Av.",4151,4170,Creciente,Recoleccion De Contenedores Verdes,74.43,4,10,Parque Avellaneda
4RECLDT8405F3,"Carreras, Santiago De Las",301,400,Creciente,Recoleccion De Contenedores Verdes,149.91,4,10,Velez Sarsfield
4RECLDT8405F3,Mozart,301,400,Decreciente,Recoleccion De Contenedores Verdes,135.59,4,10,Villa Luro
4RECLDT8405F3,Olivera Av.,1,100,Creciente,Recoleccion De Contenedores Verdes,145.07,4,10,Velez Sarsfield
4RECLDT8405F3,Rivadavia Av.,0,8557,Creciente,Recoleccion De Contenedores Verdes,86.36,4,10,Velez Sarsfield
4RECLDT8405F3,Rivadavia Av.,0,8899,Creciente,Recoleccion De Contenedores Verdes,165.61,4,10,Velez Sarsfield
4RECLDT8405F3,Rivadavia Av.,8101,8200,Doble,Recoleccion De Contenedores Verdes,103.57,4,10,Floresta
4RECLDT8405F3,Yerbal,3701,3800,Creciente,Recoleccion De Contenedores Verdes,135.77,4,10,Floresta
4RECLDT8405F3,"Falcon, Ramon L.,cnel.",3201,3300,Decreciente,Recoleccion De Contenedores Verdes,106.64,4,10,Floresta
4RECLDT8405F3,Yerbal,4201,4300,Creciente,Recoleccion De Contenedores Verdes,118.52,4,10,Velez Sarsfield
4RECLDT8405F3,"Acosta, Mariano Av.",1,100,Decreciente,Recoleccion De Contenedores Verdes,175.51,4,10,Floresta
4RECLDT8405F3,Rafaela,3501,3600,Creciente,Recoleccion De Contenedores Verdes,102.25,4,10,Floresta
4RECLDT8405F3,"Alberdi, Juan Bautista Av.",3301,3400,Creciente,Recoleccion De Contenedores Verdes,98.4,4,10,Floresta
4RECLDT8405F3,Yerbal,4601,4700,Creciente,Recoleccion De Contenedores Verdes,96.34,4,10,Velez Sarsfield
4RECLDT8405F3,Rafaela,3701,3800,Creciente,Recoleccion De Contenedores Verdes,141.22,4,10,Floresta
4RECLDT8405F3,"Acosta, Mariano Av.",101,200,Decreciente,Recoleccion De Contenedores Verdes,137.93,4,10,Floresta
4RECLDT8405F3,"Alberdi, Juan Bautista Av.",3501,3600,Creciente,Recoleccion De Contenedores Verdes,102.18,4,10,Floresta
4RECLDT8405F3,"Falcon, Ramon L.,cnel.",4101,4200,Decreciente,Recoleccion De Contenedores Verdes,182.57,4,10,Velez Sarsfield
4RECLDT8405F3,"Acosta, Mariano Av.",221,250,Decreciente,Recoleccion De Contenedores Verdes,63.15,4,10,Floresta
4RECLDT8405F3,"Acosta, Mariano Av.",251,280,Decreciente,Recoleccion De Contenedores Verdes,37.81,4,10,Floresta
4RECLDT8405F3,"Benedetti, Osvaldo E., Dip.nac.",151,200,Creciente,Recoleccion De Contenedores Verdes,66.37,4,10,Velez Sarsfield
4RECLDT8405F3,"Falcon, Ramon L.,cnel.",4621,4700,Decreciente,Recoleccion De Contenedores Verdes,102.89,4,10,Villa Luro
4RECLDT8405F3,Rafaela,4301,4353,Creciente,Recoleccion De Contenedores Verdes,95.45,4,10,Velez Sarsfield
4RECLDT8405F3,"Carreras, Santiago De Las",201,250,Creciente,Recoleccion De Contenedores Verdes,65.96,4,10,Velez Sarsfield
4RECLDT8405F3,Cajaravilla,4351,4400,Decreciente,Recoleccion De Contenedores Verdes,72.24,4,10,Velez Sarsfield
4RECLDT8405F3,"Alberdi, Juan Bautista Av.",4171,4200,Creciente,Recoleccion De Contenedores Verdes,28.86,4,10,Parque Avellaneda
4RECLDT8405F3,Cajaravilla,4501,4600,Decreciente,Recoleccion De Contenedores Verdes,135.86,4,10,Villa Luro
4RECLDT8405F3,Rivadavia Av.,7701,7800,Doble,Recoleccion De Contenedores Verdes,106.87,4,10,Floresta
4RECLDT8405F3,Olivera Av.,251,300,Doble,Recoleccion De Contenedores Verdes,77.03,4,10,Velez Sarsfield
4RECLDT8405F3,Rivadavia Av.,0,8700,Decreciente,Recoleccion De Contenedores Verdes,118.64,4,10,Velez Sarsfield
4RECLDT8405F3,"Bonifacio, Jose",3201,3300,Creciente,Recoleccion De Contenedores Verdes,107.92,4,10,Floresta
4RECLDT8405F3,Martinez Castro,301,400,Creciente,Recoleccion De Contenedores Verdes,120.1,4,9,Parque Avellaneda
4RECLDT8405F3,Martinez Castro,401,500,Creciente,Recoleccion De Contenedores Verdes,103.09,4,9,Parque Avellaneda
4RECLDT8405F3,Laguna,501,600,Decreciente,Recoleccion De Contenedores Verdes,130.39,4,9,Parque Avellaneda
4RECLDT8405F3,Pergamino,601,700,Creciente,Recoleccion De Contenedores Verdes,127.61,4,9,Parque Avellaneda
4RECLDT8405F3,"Acosta, Mariano Av.",801,900,Decreciente,Recoleccion De Contenedores Verdes,141.57,4,9,Parque Avellaneda
4RECLDT8405F3,Lacarra Av.,801,900,Creciente,Recoleccion De Contenedores Verdes,130.98,4,9,Parque Avellaneda
4RECLDT8405F3,"Laferrere, Gregorio De",3501,3600,Decreciente,Recoleccion De Contenedores Verdes,112.34,4,9,Parque Avellaneda
4RECLDT8405F3,"Bilbao, Francisco Av.",0,3699,Creciente,Recoleccion De Contenedores Verdes,150.14,4,9,Parque Avellaneda
4RECLDT8405F3,"Acosta, Mariano Av.",1201,1300,Decreciente,Recoleccion De Contenedores Verdes,160.9,4,9,Parque Avellaneda
4RECLDT8405F3,Pergamino,1101,1200,Creciente,Recoleccion De Contenedores Verdes,141.27,4,9,Parque Avellaneda
4RECLDT8405F3,Lacarra Av.,1101,1184,Creciente,Recoleccion De Contenedores Verdes,107.51,4,9,Parque Avellaneda
4RECLDT8405F3,Directorio Av.,4101,4300,Decreciente,Recoleccion De Contenedores Verdes,341.68,4,9,Parque Avellaneda
4RECLDT8405F3,Laguna,1101,1200,Decreciente,Recoleccion De Contenedores Verdes,159.17,4,9,Parque Avellaneda
4RECLDT8405F3,"Fernandez Moreno, Baldomero",3801,3900,Creciente,Recoleccion De Contenedores Verdes,141.95,4,9,Parque Avellaneda
4RECLDT8405F3,Lacarra Av.,1501,1599,Creciente,Recoleccion De Contenedores Verdes,146.39,4,9,Parque Avellaneda
4RECLDT8405F3,"Peron, Eva Av.",3601,3700,Doble,Recoleccion De Contenedores Verdes,126.16,4,9,Parque Avellaneda
4RECLDT8405F3,"Acosta, Mariano",1551,1600,Doble,Recoleccion De Contenedores Verdes,71.11,4,9,Parque Avellaneda
4RECLDT8405F3,Directorio Av.,3201,3300,Decreciente,Recoleccion De Contenedores Verdes,108.41,4,10,Floresta
4RECLDT8405F3,"Bonifacio, Jose",3501,3600,Creciente,Recoleccion De Contenedores Verdes,100.77,4,10,Floresta
4RECLDT8405F3,Directorio Av.,3401,3500,Decreciente,Recoleccion De Contenedores Verdes,108.22,4,10,Floresta
4RECLDT8405F3,Tandil,3301,3400,Decreciente,Recoleccion De Contenedores Verdes,104.75,4,9,Parque Avellaneda
4RECLDT8405F3,"Bonifacio, Jose",4001,4100,Creciente,Recoleccion De Contenedores Verdes,147.98,4,9,Parque Avellaneda
4RECLDT8405F3,Directorio Av.,3701,3800,Decreciente,Recoleccion De Contenedores Verdes,152.56,4,9,Parque Avellaneda
4RECLDT8405F3,Remedios,3401,3500,Creciente,Recoleccion De Contenedores Verdes,103.25,4,9,Parque Avellaneda
4RECLDT8405F3,Azul,801,900,Decreciente,Recoleccion De Contenedores Verdes,127.52,4,9,Parque Avellaneda
4RECLDT8405F3,Remedios,3701,3800,Creciente,Recoleccion De Contenedores Verdes,143.81,4,9,Parque Avellaneda
4RECLDT8405F3,Laguna,801,900,Decreciente,Recoleccion De Contenedores Verdes,141.4,4,9,Parque Avellaneda
4RECLDT8405F3,"Recuero, Casimiro, Tte. Cnel.",3401,3500,Decreciente,Recoleccion De Contenedores Verdes,117.87,4,9,Parque Avellaneda
4RECLDT8405F3,Martinez Castro,1201,1300,Creciente,Recoleccion De Contenedores Verdes,141.21,4,9,Parque Avellaneda
4RECLDT8405F3,"Acosta, Mariano",1421,1470,Decreciente,Recoleccion De Contenedores Verdes,88.01,4,9,Parque Avellaneda
4RECLDT8405F3,"Recuero, Casimiro, Tte. Cnel.",3651,3700,Decreciente,Recoleccion De Contenedores Verdes,69.15,4,9,Parque Avellaneda
4RECLDT8405F3,San Pedro,3801,3900,Doble,Recoleccion De Contenedores Verdes,150.41,4,9,Parque Avellaneda
4RECLDT8405F3,San Pedro,4001,4100,Doble,Recoleccion De Contenedores Verdes,142.79,4,9,Parque Avellaneda
4RECLDT8405F3,Monte,3951,4000,Doble,Recoleccion De Contenedores Verdes,57.35,4,9,Parque Avellaneda
4RECLDT8405F3,Laguna,1501,1550,Doble,Recoleccion De Contenedores Verdes,77.44,4,9,Parque Avellaneda
4RECLDT8405F3,Chascomus,4302,4400,Decreciente,Recoleccion De Contenedores Verdes,91.71,4,9,Parque Avellaneda
4RECLDT8403F3,Miranda,5382,5423,Decreciente,Recoleccion De Contenedores Verdes,31.21,4,10,Villa Luro
4RECLDT8403F3,Lascano,5401,5500,Decreciente,Recoleccion De Contenedores Verdes,130.06,4,10,Monte Castro
4RECLDT8403F3,Lascano,5501,5550,Decreciente,Recoleccion De Contenedores Verdes,69.14,4,10,Monte Castro
4RECLDT8403F3,"Hugo, Victor",1501,1550,Creciente,Recoleccion De Contenedores Verdes,68.17,4,10,Monte Castro
4RECLDT8403F3,Lascano,5701,5800,Decreciente,Recoleccion De Contenedores Verdes,128.9,4,10,Monte Castro
4RECLDT8403F3,Lope De Vega Av.,1801,1850,Doble,Recoleccion De Contenedores Verdes,68.02,4,10,Monte Castro
4RECLDT8403F3,Lope De Vega Av.,1751,1800,Doble,Recoleccion De Contenedores Verdes,67.96,4,10,Monte Castro
4RECLDT8403F3,Alvarez Jonte Av.,5301,5400,Creciente,Recoleccion De Contenedores Verdes,129.53,4,10,Monte Castro
4RECLDT8403F3,Alvarez Jonte Av.,5501,5550,Creciente,Recoleccion De Contenedores Verdes,73.22,4,10,Monte Castro
4RECLDT8403F3,Alvarez Jonte Av.,5551,5600,Creciente,Recoleccion De Contenedores Verdes,60.9,4,10,Monte Castro
4RECLDT8403F3,"Gonzalez, Elpidio",5301,5400,Creciente,Recoleccion De Contenedores Verdes,120.97,4,10,Villa Luro
4RECLDT8403F3,"Hugo, Victor",1201,1300,Creciente,Recoleccion De Contenedores Verdes,152.29,4,10,Villa Luro
4RECLDT8403F3,"Gonzalez, Elpidio",5401,5450,Creciente,Recoleccion De Contenedores Verdes,64.14,4,10,Villa Luro
4RECLDT8403F3,"Garcia, Juan Agustin",5401,5500,Decreciente,Recoleccion De Contenedores Verdes,121.41,4,10,Villa Luro
4RECLDT8403F3,"Gonzalez, Elpidio",5451,5500,Creciente,Recoleccion De Contenedores Verdes,63.32,4,10,Villa Luro
4RECLDT8403F3,"Gonzalez, Elpidio",5501,5600,Creciente,Recoleccion De Contenedores Verdes,133.0,4,10,Villa Luro
4RECLDT8403F3,Miranda,5701,5800,Decreciente,Recoleccion De Contenedores Verdes,127.89,4,10,Villa Luro
4RECLDT8403F3,"Garcia, Juan Agustin",5601,5700,Decreciente,Recoleccion De Contenedores Verdes,135.46,4,10,Villa Luro
4RECLDT8403F3,Lope De Vega Av.,1601,1659,Doble,Recoleccion De Contenedores Verdes,81.49,4,10,Monte Castro
4RECLDT8403F3,Lope De Vega Av.,1501,1570,Doble,Recoleccion De Contenedores Verdes,103.0,4,10,Monte Castro
4RECLDT8403F3,Lope De Vega Av.,1301,1400,Doble,Recoleccion De Contenedores Verdes,126.1,4,10,Monte Castro
4RECLDT8403F3,Lope De Vega Av.,1101,1200,Doble,Recoleccion De Contenedores Verdes,116.29,4,10,Velez Sarsfield
4RECLDT8403F3,Alcaraz,0,5499,Creciente,Recoleccion De Contenedores Verdes,124.22,4,10,Villa Luro
4RECLDT8403F3,Miranda,5402,5449,Decreciente,Recoleccion De Contenedores Verdes,43.83,4,10,Villa Luro
4RECLDT8403F3,Alvarez Jonte Av.,5601,5700,Creciente,Recoleccion De Contenedores Verdes,115.32,4,10,Monte Castro
4RECLDT8403F3,Alcaraz,5651,5700,Creciente,Recoleccion De Contenedores Verdes,63.57,4,10,Villa Luro
4RECLDT8403F3,Camarones,5201,5300,Decreciente,Recoleccion De Contenedores Verdes,128.46,4,10,Villa Luro
4RECLDT8403F3,San Blas,5201,5300,Creciente,Recoleccion De Contenedores Verdes,121.68,4,10,Villa Luro
4RECLDT8403F3,"Magariños Cervantes, A.",5201,5300,Creciente,Recoleccion De Contenedores Verdes,121.44,4,10,Villa Luro
4RECLDT8403F3,Camarones,5401,5500,Decreciente,Recoleccion De Contenedores Verdes,127.02,4,10,Villa Luro
4RECLDT8403F3,Lope De Vega Av.,901,1000,Doble,Recoleccion De Contenedores Verdes,139.48,4,10,Velez Sarsfield
4RECLDT8403F3,Alvarez Jonte Av.,5701,5800,Creciente,Recoleccion De Contenedores Verdes,128.56,4,10,Monte Castro
4RECLDT8403F3,"Diaz, Cesar, Gral.",5301,5400,Creciente,Recoleccion De Contenedores Verdes,132.24,4,10,Villa Luro
4RECLDT8403F3,"Diaz, Cesar, Gral.",5401,5500,Creciente,Recoleccion De Contenedores Verdes,120.9,4,10,Villa Luro
4RECLDT8403F3,"Hugo, Victor",601,700,Creciente,Recoleccion De Contenedores Verdes,143.66,4,10,Villa Luro
4RECLDT8403F3,"Magariños Cervantes, A.",5501,5600,Creciente,Recoleccion De Contenedores Verdes,125.68,4,10,Villa Luro
4RECLDT8403F3,Murature,5201,5300,Decreciente,Recoleccion De Contenedores Verdes,121.18,4,10,Villa Luro
4RECLDT8403F3,San Blas,5501,5600,Creciente,Recoleccion De Contenedores Verdes,126.54,4,10,Villa Luro
4RECLDT8403F3,Camarones,5601,5700,Decreciente,Recoleccion De Contenedores Verdes,126.13,4,10,Villa Luro
4RECLDT8403F3,Bacacay,5601,5700,Decreciente,Recoleccion De Contenedores Verdes,134.03,4,10,Villa Luro
4RECLDT8403F3,Bacacay Av.,5701,5900,Decreciente,Recoleccion De Contenedores Verdes,352.97,4,10,Villa Luro
4RECLDT8403F3,"Justo, Juan B. Av.",8307,8400,Doble,Recoleccion De Contenedores Verdes,136.83,4,10,Villa Luro
4RECLDT8403F3,"Justo, Juan B. Av.",8401,8500,Doble,Recoleccion De Contenedores Verdes,154.47,4,10,Villa Luro
4RECLDT8403F3,"Diaz, Cesar, Gral. Av.",5701,5800,Doble,Recoleccion De Contenedores Verdes,90.72,4,10,Villa Luro
4RECLDT8403F3,"Justo, Juan B. Av.",8301,8324,Doble,Recoleccion De Contenedores Verdes,31.43,4,10,Villa Luro
4RECLDT8403F3,Lascano,5901,6000,Decreciente,Recoleccion De Contenedores Verdes,136.82,4,10,Versalles
4RECLDT8403F3,Alcaraz,6101,6300,Decreciente,Recoleccion De Contenedores Verdes,239.28,4,10,Versalles
4RECLDT8403F3,"Justo, Juan B. Av.",0,9199,Creciente,Recoleccion De Contenedores Verdes,157.97,4,10,Liniers
4RECLDT8403F3,Alvarez Jonte Av.,6001,6100,Doble,Recoleccion De Contenedores Verdes,104.86,4,10,Versalles
4RECLDT8403F3,"Gamboa, Marcelo",6101,6200,Creciente,Recoleccion De Contenedores Verdes,114.31,4,10,Versalles
4RECLDT8403F3,"Gamboa, Marcelo",6301,6400,Creciente,Recoleccion De Contenedores Verdes,115.11,4,10,Versalles
4RECLDT8403F3,"Gamboa, Marcelo",6501,6600,Creciente,Recoleccion De Contenedores Verdes,104.35,4,10,Versalles
4RECLDT8403F3,"Gamboa, Marcelo",6751,6800,Creciente,Recoleccion De Contenedores Verdes,49.95,4,10,Versalles
4RECLDT8403F3,"Gamboa, Marcelo",6901,7000,Creciente,Recoleccion De Contenedores Verdes,91.2,4,10,Versalles
4RECLDT8403F3,Alvarez Jonte Av.,6201,6300,Doble,Recoleccion De Contenedores Verdes,150.51,4,10,Versalles
4RECLDT8403F3,Barragan,601,650,Decreciente,Recoleccion De Contenedores Verdes,80.07,4,10,Versalles
4RECLDT8403F3,Aguaribay,6701,6800,Doble,Recoleccion De Contenedores Verdes,120.3,4,10,Versalles
4RECLDT8403F3,Viena,6601,6700,Doble,Recoleccion De Contenedores Verdes,88.83,4,10,Versalles
4RECLDT8403F3,"Justo, Juan B. Av.",0,9400,Decreciente,Recoleccion De Contenedores Verdes,182.83,4,10,Liniers
4RECLDT8403F3,Lascano,6101,6200,Decreciente,Recoleccion De Contenedores Verdes,114.13,4,10,Versalles
4RECLDT8403F3,Lascano,6301,6400,Decreciente,Recoleccion De Contenedores Verdes,114.31,4,10,Versalles
4RECLDT8403F3,Lascano,6501,6550,Decreciente,Recoleccion De Contenedores Verdes,51.91,4,10,Versalles
4RECLDT8403F3,Gana,651,700,Decreciente,Recoleccion De Contenedores Verdes,67.28,4,10,Versalles
4RECLDT8403F3,Madrid,6801,6900,Creciente,Recoleccion De Contenedores Verdes,120.73,4,10,Versalles
4RECLDT8403F3,Gallardo,301,400,Decreciente,Recoleccion De Contenedores Verdes,130.21,4,9,Liniers
4RECLDT8403F3,Lascano,6901,7000,Doble,Recoleccion De Contenedores Verdes,83.34,4,10,Versalles
4RECLDT8403F3,"Gamboa, Marcelo",6701,6750,Creciente,Recoleccion De Contenedores Verdes,57.72,4,10,Versalles
4RECLDT8403F3,"Justo, Juan B. Av.",9501,9600,Doble,Recoleccion De Contenedores Verdes,120.02,4,10,Liniers
4RECLDT8403F3,"Justo, Juan B. Av.",0,9800,Decreciente,Recoleccion De Contenedores Verdes,119.99,4,9,Liniers
4RECLDT8403F3,Fragueiro,301,400,Creciente,Recoleccion De Contenedores Verdes,186.03,4,9,Liniers
4RECLDT8403F3,Gana,201,300,Decreciente,Recoleccion De Contenedores Verdes,117.4,4,9,Liniers
4RECLDT8403F3,"Jacques, Amadeo",6801,6850,Decreciente,Recoleccion De Contenedores Verdes,59.19,4,9,Liniers
4RECLDT8403F3,Bynon,6601,6700,Decreciente,Recoleccion De Contenedores Verdes,107.05,4,9,Liniers
4RECLDT8403F3,Madero,101,200,Creciente,Recoleccion De Contenedores Verdes,116.4,4,9,Liniers
4RECLDT8403F3,Camarones,5801,5900,Decreciente,Recoleccion De Contenedores Verdes,96.55,4,10,Versalles
4RECLDT8403F3,Bacacay Av.,5701,5900,Decreciente,Recoleccion De Contenedores Verdes,352.97,4,10,Villa Luro
4RECLDT8403F3,Alcaraz,5901,6000,Decreciente,Recoleccion De Contenedores Verdes,103.2,4,10,Versalles
4RECLDT8403F3,Miranda,6001,6100,Decreciente,Recoleccion De Contenedores Verdes,102.82,4,10,Versalles
4RECLDT8403F3,Dupuy,786,800,Creciente,Recoleccion De Contenedores Verdes,37.74,4,10,Versalles
4RECLDT8403F3,"Justo, Juan B. Av.",8901,9000,Doble,Recoleccion De Contenedores Verdes,91.57,4,10,Versalles
4RECLDT8403F3,"Gonzalez, Elpidio",5801,5900,Creciente,Recoleccion De Contenedores Verdes,102.59,4,10,Versalles
4RECLDT8403F3,Alvarez Jonte Av.,5801,5900,Doble,Recoleccion De Contenedores Verdes,85.05,4,10,Versalles
4RECLDT8403F3,"Garcia, Juan Agustin",5801,5900,Doble,Recoleccion De Contenedores Verdes,83.89,4,10,Versalles
4RECLDT8403F3,"Justo, Juan B. Av.",0,0,Doble,Recoleccion De Contenedores Verdes,46.51,4,10,Versalles
4RECLDT8402F3,"Magariños Cervantes, A.",4901,4970,Creciente,Recoleccion De Contenedores Verdes,109.93,4,10,Velez Sarsfield
4RECLDT8402F3,Camarones,4901,5000,Decreciente,Recoleccion De Contenedores Verdes,176.17,4,10,Velez Sarsfield
4RECLDT8402F3,Murature,4801,4900,Decreciente,Recoleccion De Contenedores Verdes,177.87,4,10,Velez Sarsfield
4RECLDT8402F3,San Blas,4801,4900,Creciente,Recoleccion De Contenedores Verdes,176.05,4,10,Velez Sarsfield
4RECLDT8402F3,"Magariños Cervantes, A.",4801,4900,Creciente,Recoleccion De Contenedores Verdes,177.49,4,10,Velez Sarsfield
4RECLDT8402F3,Segurola Av.,2451,2500,Decreciente,Recoleccion De Contenedores Verdes,66.06,4,10,Monte Castro
4RECLDT8402F3,Santo Tome,4201,4300,Creciente,Recoleccion De Contenedores Verdes,131.81,4,10,Monte Castro
4RECLDT8402F3,Bahia Blanca,2201,2300,Creciente,Recoleccion De Contenedores Verdes,152.47,4,10,Monte Castro
4RECLDT8402F3,Arregui,4101,4200,Creciente,Recoleccion De Contenedores Verdes,112.27,4,10,Monte Castro
4RECLDT8402F3,Lascano,4001,4100,Decreciente,Recoleccion De Contenedores Verdes,119.84,4,10,Monte Castro
4RECLDT8402F3,"Paz, Marcos",2601,2700,Decreciente,Recoleccion De Contenedores Verdes,134.52,4,10,Monte Castro
4RECLDT8402F3,Segurola Av.,2201,2250,Decreciente,Recoleccion De Contenedores Verdes,66.65,4,10,Monte Castro
4RECLDT8402F3,Alvarez Jonte Av.,4101,4200,Creciente,Recoleccion De Contenedores Verdes,120.99,4,10,Monte Castro
4RECLDT8402F3,Allende,2601,2700,Decreciente,Recoleccion De Contenedores Verdes,139.45,4,10,Monte Castro
4RECLDT8402F3,Santo Tome,4651,4700,Creciente,Recoleccion De Contenedores Verdes,59.56,4,10,Monte Castro
4RECLDT8402F3,Arregui,4501,4600,Creciente,Recoleccion De Contenedores Verdes,125.3,4,10,Monte Castro
4RECLDT8402F3,Santo Tome,4801,4899,Creciente,Recoleccion De Contenedores Verdes,111.91,4,10,Monte Castro
4RECLDT8402F3,Segurola Av.,2001,2100,Decreciente,Recoleccion De Contenedores Verdes,130.77,4,10,Monte Castro
4RECLDT8402F3,Miranda,4201,4300,Decreciente,Recoleccion De Contenedores Verdes,113.14,4,10,Monte Castro
4RECLDT8402F3,"Gonzalez, Elpidio",4101,4200,Creciente,Recoleccion De Contenedores Verdes,120.85,4,10,Monte Castro
4RECLDT8402F3,"Garcia, Juan Agustin",4001,4100,Decreciente,Recoleccion De Contenedores Verdes,115.88,4,10,Floresta
4RECLDT8402F3,Lascano,4701,4800,Decreciente,Recoleccion De Contenedores Verdes,133.42,4,10,Monte Castro
4RECLDT8402F3,Alvarez Jonte Av.,4601,4680,Creciente,Recoleccion De Contenedores Verdes,90.4,4,10,Monte Castro
4RECLDT8402F3,Lascano,4801,4900,Decreciente,Recoleccion De Contenedores Verdes,107.89,4,10,Monte Castro
4RECLDT8402F3,"Garcia, Juan Agustin",4201,4300,Decreciente,Recoleccion De Contenedores Verdes,113.08,4,10,Floresta
4RECLDT8402F3,Camarones,4201,4220,Decreciente,Recoleccion De Contenedores Verdes,31.21,4,10,Floresta
4RECLDT8402F3,Segurola Av.,1701,1800,Decreciente,Recoleccion De Contenedores Verdes,121.44,4,10,Monte Castro
4RECLDT8402F3,San Blas,4201,4220,Creciente,Recoleccion De Contenedores Verdes,31.0,4,10,Floresta
4RECLDT8402F3,San Blas,4221,4250,Creciente,Recoleccion De Contenedores Verdes,27.42,4,10,Floresta
4RECLDT8402F3,"Garcia, Juan Agustin",4401,4500,Decreciente,Recoleccion De Contenedores Verdes,126.97,4,10,Floresta
4RECLDT8402F3,Alcaraz,4901,5000,Creciente,Recoleccion De Contenedores Verdes,144.14,4,10,Monte Castro
4RECLDT8402F3,Camarones,4221,4250,Decreciente,Recoleccion De Contenedores Verdes,27.42,4,10,Floresta
4RECLDT8402F3,San Blas,4301,4400,Creciente,Recoleccion De Contenedores Verdes,126.79,4,10,Floresta
4RECLDT8402F3,Segurola Av.,1501,1550,Decreciente,Recoleccion De Contenedores Verdes,68.81,4,10,Floresta
4RECLDT8402F3,Bernaldes,1601,1700,Decreciente,Recoleccion De Contenedores Verdes,130.77,4,10,Monte Castro
4RECLDT8402F3,Camarones,4301,4400,Decreciente,Recoleccion De Contenedores Verdes,126.5,4,10,Floresta
4RECLDT8402F3,Segurola Av.,1351,1400,Decreciente,Recoleccion De Contenedores Verdes,68.27,4,10,Floresta
4RECLDT8402F3,"Garcia, Juan Agustin",4901,5000,Decreciente,Recoleccion De Contenedores Verdes,84.66,4,10,Monte Castro
4RECLDT8402F3,Camarones,4501,4600,Decreciente,Recoleccion De Contenedores Verdes,128.27,4,10,Velez Sarsfield
4RECLDT8402F3,Camarones,4701,4800,Decreciente,Recoleccion De Contenedores Verdes,128.41,4,10,Velez Sarsfield
4RECLDT8402F3,"Magariños Cervantes, A.",4501,4600,Creciente,Recoleccion De Contenedores Verdes,128.9,4,10,Velez Sarsfield
4RECLDT8402F3,"Magariños Cervantes, A.",4701,4790,Creciente,Recoleccion De Contenedores Verdes,128.74,4,10,Velez Sarsfield
4RECLDT8402F3,"Magariños Cervantes, A.",4791,4800,Creciente,Recoleccion De Contenedores Verdes,31.61,4,10,Velez Sarsfield
4RECLDT8402F3,"Sastre, Marcos",4201,4300,Decreciente,Recoleccion De Contenedores Verdes,138.38,4,10,Monte Castro
4RECLDT8402F3,Santo Tome,3901,4000,Creciente,Recoleccion De Contenedores Verdes,139.46,4,10,Monte Castro
4RECLDT8402F3,Alvarez Jonte Av.,3901,4000,Creciente,Recoleccion De Contenedores Verdes,133.78,4,10,Monte Castro
4RECLDT8402F3,Arregui,4301,4400,Creciente,Recoleccion De Contenedores Verdes,101.68,4,10,Monte Castro
4RECLDT8402F3,Santo Tome,4401,4500,Creciente,Recoleccion De Contenedores Verdes,176.24,4,10,Monte Castro
4RECLDT8402F3,Miranda,4001,4100,Decreciente,Recoleccion De Contenedores Verdes,116.97,4,10,Monte Castro
4RECLDT8402F3,"Gonzalez, Elpidio",3901,4000,Creciente,Recoleccion De Contenedores Verdes,131.67,4,10,Monte Castro
4RECLDT8402F3,Gualeguaychu,2001,2100,Decreciente,Recoleccion De Contenedores Verdes,135.09,4,10,Monte Castro
4RECLDT8402F3,Lascano,4451,4500,Decreciente,Recoleccion De Contenedores Verdes,72.63,4,10,Monte Castro
4RECLDT8402F3,Gualeguaychu,1967,2000,Decreciente,Recoleccion De Contenedores Verdes,88.39,4,10,Monte Castro
4RECLDT8402F3,Alvarez Jonte Av.,4301,4400,Creciente,Recoleccion De Contenedores Verdes,119.72,4,10,Monte Castro
4RECLDT8402F3,Alvarez Jonte Av.,4401,4500,Creciente,Recoleccion De Contenedores Verdes,133.4,4,10,Monte Castro
4RECLDT8402F3,Segurola Av.,1901,1974,Decreciente,Recoleccion De Contenedores Verdes,114.29,4,10,Monte Castro
4RECLDT8402F3,Mercedes,1701,1750,Creciente,Recoleccion De Contenedores Verdes,68.02,4,10,Monte Castro
4RECLDT8402F3,Camarones,3801,3900,Decreciente,Recoleccion De Contenedores Verdes,130.9,4,10,Floresta
4RECLDT8402F3,Bahia Blanca,1601,1700,Creciente,Recoleccion De Contenedores Verdes,136.91,4,10,Floresta
4RECLDT8402F3,Camarones,4101,4120,Decreciente,Recoleccion De Contenedores Verdes,27.23,4,10,Floresta
4RECLDT8402F3,San Blas,4001,4100,Creciente,Recoleccion De Contenedores Verdes,120.81,4,10,Floresta
4RECLDT8402F3,Alcaraz,4701,4800,Creciente,Recoleccion De Contenedores Verdes,127.94,4,10,Monte Castro
4RECLDT8402F3,Alvarez Jonte Av.,4801,4900,Creciente,Recoleccion De Contenedores Verdes,100.1,4,10,Monte Castro
4RECLDT8402F3,Miranda,4701,4800,Decreciente,Recoleccion De Contenedores Verdes,123.46,4,10,Monte Castro
4RECLDT8402F3,Bermudez,1801,1900,Creciente,Recoleccion De Contenedores Verdes,115.79,4,10,Monte Castro
4RECLDT8402F3,Camarones,4181,4200,Decreciente,Recoleccion De Contenedores Verdes,30.98,4,10,Floresta
4RECLDT8402F3,Bermudez,1701,1760,Creciente,Recoleccion De Contenedores Verdes,53.73,4,10,Monte Castro
4RECLDT8402F3,Bermudez,1681,1730,Creciente,Recoleccion De Contenedores Verdes,46.42,4,10,Monte Castro
4RECLDT8402F3,"Gonzalez, Elpidio",4701,4800,Creciente,Recoleccion De Contenedores Verdes,121.56,4,10,Monte Castro
4RECLDT8402F3,"Garcia, Juan Agustin",4701,4800,Decreciente,Recoleccion De Contenedores Verdes,140.41,4,10,Monte Castro
4RECLDT8402F3,San Blas,4501,4600,Creciente,Recoleccion De Contenedores Verdes,126.22,4,10,Velez Sarsfield
4RECLDT8402F3,Delambre,4701,4800,Creciente,Recoleccion De Contenedores Verdes,129.25,4,10,Velez Sarsfield
4RECLDT8402F3,Murature,4601,4700,Decreciente,Recoleccion De Contenedores Verdes,128.89,4,10,Velez Sarsfield
4RECLDT8402F3,"Sastre, Marcos",4001,4100,Decreciente,Recoleccion De Contenedores Verdes,106.33,4,10,Monte Castro
4RECLDT8402F3,"Sastre, Marcos",4671,4700,Decreciente,Recoleccion De Contenedores Verdes,56.76,4,10,Monte Castro
4RECLDT8402F3,"Sastre, Marcos",4901,5000,Decreciente,Recoleccion De Contenedores Verdes,134.3,4,10,Monte Castro
4RECLDT8402F3,Bermudez,0,0,Creciente,Recoleccion De Contenedores Verdes,14.25,4,10,Velez Sarsfield
4RECLDT8402F3,Alvarez Jonte Av.,5101,5150,Creciente,Recoleccion De Contenedores Verdes,83.26,4,10,Monte Castro
4RECLDT8402F3,Alvarez Jonte Av.,5221,5250,Creciente,Recoleccion De Contenedores Verdes,48.0,4,10,Monte Castro
4RECLDT8402F3,"Gonzalez, Elpidio",4951,5000,Creciente,Recoleccion De Contenedores Verdes,88.06,4,10,Monte Castro
4RECLDT8402F3,Miranda,5101,5200,Decreciente,Recoleccion De Contenedores Verdes,166.36,4,10,Monte Castro
4RECLDT8402F3,"Garcia, Juan Agustin",5101,5200,Decreciente,Recoleccion De Contenedores Verdes,166.7,4,10,Monte Castro
4RECLDT8402F3,"Magariños Cervantes, A.",5001,5050,Creciente,Recoleccion De Contenedores Verdes,75.5,4,10,Velez Sarsfield
4RECLDT8402F3,Cervantes,1701,1750,Decreciente,Recoleccion De Contenedores Verdes,101.2,4,10,Monte Castro
4RECLDT8402F3,Alcaraz,5221,5256,Creciente,Recoleccion De Contenedores Verdes,48.33,4,10,Monte Castro
4RECLDT8402F3,"Calderon De La Barca, Pedro",1501,1600,Creciente,Recoleccion De Contenedores Verdes,127.22,4,10,Monte Castro
4RECLDT8402F3,San Blas,5001,5050,Creciente,Recoleccion De Contenedores Verdes,77.98,4,10,Velez Sarsfield
4RECLDT8402F3,Camarones,5101,5150,Decreciente,Recoleccion De Contenedores Verdes,77.93,4,10,Velez Sarsfield
4RECLDT8402F3,"Calderon De La Barca, Pedro",1001,1100,Creciente,Recoleccion De Contenedores Verdes,143.64,4,10,Velez Sarsfield
4RECLDT8402F3,Murature,5051,5100,Decreciente,Recoleccion De Contenedores Verdes,99.72,4,10,Velez Sarsfield
4RECLDT8401F3,Santo Tome,5042,5100,Creciente,Recoleccion De Contenedores Verdes,86.62,4,10,Monte Castro
4RECLDT8401F3,Santo Tome,5101,5154,Creciente,Recoleccion De Contenedores Verdes,96.74,4,10,Monte Castro
4RECLDT8401F3,Lascano,5101,5154,Decreciente,Recoleccion De Contenedores Verdes,120.76,4,10,Monte Castro
4RECLDT8401F3,Arregui,5001,5100,Creciente,Recoleccion De Contenedores Verdes,169.92,4,10,Monte Castro
4RECLDT8401F3,"Sastre, Marcos",5101,5150,Decreciente,Recoleccion De Contenedores Verdes,94.44,4,10,Monte Castro
4RECLDT8401F3,Arregui,4951,5000,Creciente,Recoleccion De Contenedores Verdes,64.41,4,10,Monte Castro
4RECLDT8401F3,Santo Tome,5201,5258,Creciente,Recoleccion De Contenedores Verdes,97.1,4,10,Monte Castro
4RECLDT8401F3,Arregui,5201,5250,Creciente,Recoleccion De Contenedores Verdes,83.12,4,10,Monte Castro
4RECLDT8401F3,Lascano,5201,5250,Decreciente,Recoleccion De Contenedores Verdes,83.09,4,10,Monte Castro
4RECLDT8401F3,"Sastre, Marcos",5201,5250,Decreciente,Recoleccion De Contenedores Verdes,96.85,4,10,Monte Castro
4RECLDT8401F3,Virgilio,1801,1850,Creciente,Recoleccion De Contenedores Verdes,84.91,4,10,Monte Castro
4RECLDT8401F3,Arregui,5401,5500,Creciente,Recoleccion De Contenedores Verdes,133.39,4,10,Monte Castro
4RECLDT8401F3,Lope De Vega Av.,1951,2000,Doble,Recoleccion De Contenedores Verdes,66.98,4,10,Monte Castro
4RECLDT8401F3,"Hugo, Victor",1801,1900,Creciente,Recoleccion De Contenedores Verdes,123.91,4,10,Monte Castro
4RECLDT8401F3,Santo Tome,5501,5600,Creciente,Recoleccion De Contenedores Verdes,136.64,4,10,Monte Castro
4RECLDT8401F3,Lope De Vega Av.,2101,2200,Doble,Recoleccion De Contenedores Verdes,126.32,4,10,Monte Castro
4RECLDT8401F3,Virgilio,1901,2000,Creciente,Recoleccion De Contenedores Verdes,125.46,4,10,Monte Castro
4RECLDT8401F3,Arregui,5601,5700,Creciente,Recoleccion De Contenedores Verdes,104.76,4,10,Monte Castro
4RECLDT8401F3,Santo Tome,5701,5800,Creciente,Recoleccion De Contenedores Verdes,129.58,4,10,Monte Castro
4RECLDT8401F3,"Sastre, Marcos",5401,5500,Decreciente,Recoleccion De Contenedores Verdes,132.16,4,10,Monte Castro
4RECLDT8401F3,"Sastre, Marcos",5651,5700,Decreciente,Recoleccion De Contenedores Verdes,53.97,4,10,Monte Castro
4RECLDT8401F3,"Sastre, Marcos",5701,5750,Decreciente,Recoleccion De Contenedores Verdes,63.63,4,10,Monte Castro
4RECLDT8401F3,"Cantilo, Jose Luis",5371,5400,Creciente,Recoleccion De Contenedores Verdes,61.97,4,10,Villa Real
4RECLDT8401F3,"Cantilo, Jose Luis",5501,5550,Creciente,Recoleccion De Contenedores Verdes,62.65,4,10,Villa Real
4RECLDT8401F3,Virgilio,2601,2700,Decreciente,Recoleccion De Contenedores Verdes,144.39,4,10,Villa Real
4RECLDT8401F3,Tinogasta,5331,5370,Decreciente,Recoleccion De Contenedores Verdes,46.94,4,10,Villa Real
4RECLDT8401F3,Moliere,2301,2400,Creciente,Recoleccion De Contenedores Verdes,98.56,4,10,Villa Real
4RECLDT8401F3,"Lozano, Pedro",5601,5700,Creciente,Recoleccion De Contenedores Verdes,113.85,4,10,Villa Real
4RECLDT8401F3,"Varela, Jose Pedro",6002,6100,Decreciente,Recoleccion De Contenedores Verdes,61.28,4,10,Villa Real
4RECLDT8401F3,Simbron,5901,6000,Creciente,Recoleccion De Contenedores Verdes,137.42,4,10,Villa Real
4RECLDT8401F3,"Lozano, Pedro",5801,5900,Creciente,Recoleccion De Contenedores Verdes,117.36,4,10,Villa Real
4RECLDT8401F3,Irigoyen,1801,1900,Creciente,Recoleccion De Contenedores Verdes,149.67,4,10,Versalles
4RECLDT8401F3,Nogoya,5902,6000,Decreciente,Recoleccion De Contenedores Verdes,119.77,4,10,Versalles
4RECLDT8401F3,Nazarre,6101,6200,Creciente,Recoleccion De Contenedores Verdes,122.81,4,10,Villa Real
4RECLDT8401F3,"Sastre, Marcos",6051,6100,Decreciente,Recoleccion De Contenedores Verdes,56.93,4,10,Versalles
4RECLDT8401F3,Santo Tome,6001,6100,Creciente,Recoleccion De Contenedores Verdes,114.21,4,10,Versalles
4RECLDT8401F3,Santo Tome,6501,6555,Creciente,Recoleccion De Contenedores Verdes,51.61,4,10,Versalles
4RECLDT8401F3,Santo Tome,6552,6600,Creciente,Recoleccion De Contenedores Verdes,51.65,4,10,Versalles
4RECLDT8401F3,Arregui Av.,6001,6100,Creciente,Recoleccion De Contenedores Verdes,115.29,4,10,Versalles
4RECLDT8401F3,Arregui Av.,6301,6400,Creciente,Recoleccion De Contenedores Verdes,114.08,4,10,Versalles
4RECLDT8401F3,Arregui,6601,6650,Creciente,Recoleccion De Contenedores Verdes,51.55,4,10,Versalles
4RECLDT8401F3,Arregui,6651,6700,Creciente,Recoleccion De Contenedores Verdes,51.67,4,10,Versalles
4RECLDT8401F3,Gana,801,880,Decreciente,Recoleccion De Contenedores Verdes,127.35,4,10,Versalles
4RECLDT8401F3,Virgilio,3101,3150,Doble,Recoleccion De Contenedores Verdes,49.12,4,10,Villa Real
4RECLDT8401F3,"Beiro, Francisco Av.",5401,5450,Doble,Recoleccion De Contenedores Verdes,68.68,4,10,Villa Real
4RECLDT8401F3,"Beiro, Francisco Av.",5501,5550,Doble,Recoleccion De Contenedores Verdes,60.89,4,10,Villa Real
4RECLDT8401F3,"Beiro, Francisco Av.",5551,5600,Doble,Recoleccion De Contenedores Verdes,57.1,4,10,Villa Real
4RECLDT8401F3,"Beiro, Francisco Av.",5651,5700,Doble,Recoleccion De Contenedores Verdes,63.68,4,10,Villa Real
4RECLDT8401F3,Curuzu Cuatia,2401,2500,Decreciente,Recoleccion De Contenedores Verdes,147.01,4,10,Villa Real
4RECLDT8401F3,De La Economia,6101,6200,Doble,Recoleccion De Contenedores Verdes,118.68,4,10,Villa Real
4RECLDT8401F3,Asuncion,5301,5400,Decreciente,Recoleccion De Contenedores Verdes,85.87,4,10,Villa Real
4RECLDT8401F3,"Echevarria, Vicente A. De",5301,5400,Creciente,Recoleccion De Contenedores Verdes,136.1,4,10,Villa Real
4RECLDT8401F3,"Varela, Jose Pedro",5372,5400,Decreciente,Recoleccion De Contenedores Verdes,50.45,4,10,Villa Real
4RECLDT8401F3,"Lista, Ramon, Coronel",5401,5500,Decreciente,Recoleccion De Contenedores Verdes,137.44,4,10,Villa Real
4RECLDT8401F3,Tinogasta,5371,5400,Decreciente,Recoleccion De Contenedores Verdes,50.47,4,10,Villa Real
4RECLDT8401F3,"Hugo, Victor",2601,2700,Creciente,Recoleccion De Contenedores Verdes,145.22,4,10,Villa Real
4RECLDT8401F3,Moliere,2601,2700,Creciente,Recoleccion De Contenedores Verdes,143.86,4,10,Villa Real
4RECLDT8401F3,"Lista, Ramon, Coronel",5701,5750,Decreciente,Recoleccion De Contenedores Verdes,55.07,4,10,Villa Real
4RECLDT8401F3,"Varela, Jose Pedro",5642,5700,Decreciente,Recoleccion De Contenedores Verdes,59.63,4,10,Villa Real
4RECLDT8401F3,Simbron,5551,5600,Creciente,Recoleccion De Contenedores Verdes,57.08,4,10,Villa Real
4RECLDT8401F3,"Lozano, Pedro",5451,5500,Creciente,Recoleccion De Contenedores Verdes,71.57,4,10,Villa Real
4RECLDT8401F3,Tinogasta,5601,5700,Decreciente,Recoleccion De Contenedores Verdes,115.53,4,10,Villa Real
4RECLDT8401F3,Simbron,5701,5800,Creciente,Recoleccion De Contenedores Verdes,113.75,4,10,Villa Real
4RECLDT8401F3,Nogoya,5401,5450,Decreciente,Recoleccion De Contenedores Verdes,66.27,4,10,Villa Real
4RECLDT8401F3,"Varela, Jose Pedro",5901,5949,Decreciente,Recoleccion De Contenedores Verdes,46.78,4,10,Villa Real
4RECLDT8401F3,Melincue,5521,5600,Creciente,Recoleccion De Contenedores Verdes,78.51,4,10,Villa Real
4RECLDT8401F3,Tinogasta,5801,5900,Decreciente,Recoleccion De Contenedores Verdes,117.51,4,10,Villa Real
4RECLDT8401F3,Nazarre,5741,5800,Creciente,Recoleccion De Contenedores Verdes,63.21,4,10,Villa Real
4RECLDT8401F3,Nogoya,5651,5700,Decreciente,Recoleccion De Contenedores Verdes,58.95,4,10,Villa Real
4RECLDT8401F3,Nogoya,5751,5800,Decreciente,Recoleccion De Contenedores Verdes,65.56,4,10,Villa Real
4RECLDT8401F3,Nazarre,5901,6000,Creciente,Recoleccion De Contenedores Verdes,141.51,4,10,Villa Real
4RECLDT8401F3,Tinogasta,6001,6100,Decreciente,Recoleccion De Contenedores Verdes,147.32,4,10,Villa Real
4RECLDT8401F3,"Sastre, Marcos",6001,6050,Decreciente,Recoleccion De Contenedores Verdes,57.2,4,10,Versalles
4RECLDT8401F3,"Sastre, Marcos",6351,6400,Decreciente,Recoleccion De Contenedores Verdes,51.56,4,10,Versalles
4RECLDT8401F3,Ruiz De Los Llanos,1351,1400,Decreciente,Recoleccion De Contenedores Verdes,85.89,4,10,Versalles
4RECLDT8401F3,Santo Tome,6201,6300,Creciente,Recoleccion De Contenedores Verdes,114.1,4,10,Versalles
4RECLDT8401F3,Arregui,6853,6900,Creciente,Recoleccion De Contenedores Verdes,50.68,4,10,Versalles
4RECLDT8401F3,"Beiro, Francisco Av.",5331,5400,Doble,Recoleccion De Contenedores Verdes,61.58,4,10,Villa Real
4RECLDT8401F3,"Beiro, Francisco Av.",5701,5750,Doble,Recoleccion De Contenedores Verdes,52.16,4,10,Villa Real
4RECLDT8401F3,Nogoya,6201,6250,Doble,Recoleccion De Contenedores Verdes,54.22,4,10,Versalles
4RECLDT8401F3,Nogoya,6237,6300,Doble,Recoleccion De Contenedores Verdes,54.18,4,10,Versalles
4RECLDT8401F3,Nogoya,6351,6400,Doble,Recoleccion De Contenedores Verdes,46.97,4,10,Versalles
4RECLDT8401F3,Barragan,901,1000,Decreciente,Recoleccion De Contenedores Verdes,158.99,4,10,Versalles
4RECLDT8401F3,Baigorria,5501,5550,Doble,Recoleccion De Contenedores Verdes,66.51,4,10,Monte Castro
4RECLDT8404F3,"Diaz, Cesar, Gral.",4501,4600,Creciente,Recoleccion De Contenedores Verdes,108.35,4,10,Velez Sarsfield
4RECLDT8404F3,"Diaz, Cesar, Gral.",4601,4700,Creciente,Recoleccion De Contenedores Verdes,34.96,4,10,Velez Sarsfield
4RECLDT8404F3,Gaona Av.,4801,4900,Creciente,Recoleccion De Contenedores Verdes,114.72,4,10,Velez Sarsfield
4RECLDT8404F3,"Belaustegui, Luis, Dr.",4601,4700,Creciente,Recoleccion De Contenedores Verdes,117.1,4,10,Velez Sarsfield
4RECLDT8404F3,Gaona Av.,5001,5090,Creciente,Recoleccion De Contenedores Verdes,89.42,4,10,Velez Sarsfield
4RECLDT8404F3,"Belaustegui, Luis, Dr.",4831,4900,Creciente,Recoleccion De Contenedores Verdes,112.55,4,10,Velez Sarsfield
4RECLDT8404F3,Sarachaga,4201,4300,Creciente,Recoleccion De Contenedores Verdes,116.27,4,10,Velez Sarsfield
4RECLDT8404F3,Moron,4801,4900,Decreciente,Recoleccion De Contenedores Verdes,175.16,4,10,Velez Sarsfield
4RECLDT8404F3,Sarachaga,5001,5100,Creciente,Recoleccion De Contenedores Verdes,136.11,4,10,Velez Sarsfield
4RECLDT8404F3,Goya,101,200,Creciente,Recoleccion De Contenedores Verdes,132.77,4,10,Velez Sarsfield
4RECLDT8404F3,"Justo, Juan B. Av.",7101,7200,Doble,Recoleccion De Contenedores Verdes,95.16,4,10,Velez Sarsfield
4RECLDT8404F3,Carrasco Av.,751,800,Doble,Recoleccion De Contenedores Verdes,59.2,4,10,Velez Sarsfield
4RECLDT8404F3,"Justo, Juan B. Av.",7501,7550,Doble,Recoleccion De Contenedores Verdes,100.27,4,10,Velez Sarsfield
4RECLDT8404F3,El Fuerte,4601,4700,Doble,Recoleccion De Contenedores Verdes,160.28,4,10,Velez Sarsfield
4RECLDT8404F3,"Justo, Juan B. Av.",7701,7800,Doble,Recoleccion De Contenedores Verdes,181.35,4,10,Velez Sarsfield
4RECLDT8404F3,Carrasco Av.,201,300,Doble,Recoleccion De Contenedores Verdes,90.01,4,10,Velez Sarsfield
4RECLDT8404F3,Bacacay,4601,4700,Doble,Recoleccion De Contenedores Verdes,92.0,4,10,Velez Sarsfield
4RECLDT8404F3,Bacacay,4801,4900,Doble,Recoleccion De Contenedores Verdes,135.73,4,10,Velez Sarsfield
4RECLDT8404F3,Moron,4401,4500,Decreciente,Recoleccion De Contenedores Verdes,114.37,4,10,Velez Sarsfield
4RECLDT8404F3,Moron,4701,4733,Decreciente,Recoleccion De Contenedores Verdes,59.6,4,10,Velez Sarsfield
4RECLDT8404F3,Sarachaga,4601,4700,Creciente,Recoleccion De Contenedores Verdes,105.92,4,10,Velez Sarsfield
4RECLDT8404F3,Bogota,4301,4367,Creciente,Recoleccion De Contenedores Verdes,66.34,4,10,Velez Sarsfield
4RECLDT8404F3,Sarachaga,4851,4900,Creciente,Recoleccion De Contenedores Verdes,77.16,4,10,Velez Sarsfield
4RECLDT8404F3,"Aranguren, Juan F., Dr.",4401,4500,Doble,Recoleccion De Contenedores Verdes,111.96,4,10,Velez Sarsfield
4RECLDT8404F3,"Aranguren, Juan F., Dr.",4801,4900,Doble,Recoleccion De Contenedores Verdes,134.72,4,10,Velez Sarsfield
4RECLDT8404F3,"Diaz, Cesar, Gral.",5101,5160,Creciente,Recoleccion De Contenedores Verdes,107.79,4,10,Velez Sarsfield
4RECLDT8404F3,"Diaz, Cesar, Gral.",5001,5100,Creciente,Recoleccion De Contenedores Verdes,178.61,4,10,Velez Sarsfield
4RECLDT8404F3,"Escalada De San Martin, R.",4410,4500,Decreciente,Recoleccion De Contenedores Verdes,105.52,4,10,Velez Sarsfield
4RECLDT8404F3,Carrasco Av.,901,1000,Doble,Recoleccion De Contenedores Verdes,70.47,4,10,Velez Sarsfield
4RECLDT8404F3,"Diaz, Cesar, Gral.",5201,5249,Creciente,Recoleccion De Contenedores Verdes,68.72,4,10,Velez Sarsfield
4RECLDT8404F3,"Justo, Juan B. Av.",0,8200,Decreciente,Recoleccion De Contenedores Verdes,122.65,4,10,Villa Luro
4RECLDT8404F3,Sarachaga,5201,5300,Creciente,Recoleccion De Contenedores Verdes,135.13,4,10,Villa Luro
4RECLDT8404F3,Bacacay,5201,5300,Decreciente,Recoleccion De Contenedores Verdes,134.72,4,10,Villa Luro
4RECLDT8404F3,Bacacay,5401,5500,Decreciente,Recoleccion De Contenedores Verdes,125.6,4,10,Villa Luro
4RECLDT8404F3,Lope De Vega Av.,642,800,Doble,Recoleccion De Contenedores Verdes,63.37,4,10,Velez Sarsfield
4RECLDT8404F3,"Hugo, Victor",301,350,Doble,Recoleccion De Contenedores Verdes,68.04,4,10,Villa Luro
4RECLDT8404F3,"Corro, Miguel C. Del, Canonigo Av.",601,700,Decreciente,Recoleccion De Contenedores Verdes,94.31,4,10,Velez Sarsfield
4RECLDT8404F3,Sarachaga,5401,5500,Creciente,Recoleccion De Contenedores Verdes,113.17,4,10,Villa Luro
4RECLDT8404F3,Bacacay,5001,5100,Decreciente,Recoleccion De Contenedores Verdes,134.88,4,10,Villa Luro
4RECLDT8404F3,Lope De Vega,401,500,Doble,Recoleccion De Contenedores Verdes,135.43,4,10,Villa Luro
4RECLDT8404F3,"Hugo, Victor",351,400,Doble,Recoleccion De Contenedores Verdes,67.9,4,10,Villa Luro
4RECLDT8404F3,"Magariños Cervantes, A.",4001,4100,Creciente,Recoleccion De Contenedores Verdes,121.12,4,10,Floresta
4RECLDT8404F3,Chivilcoy,1301,1400,Decreciente,Recoleccion De Contenedores Verdes,135.72,4,10,Floresta
4RECLDT8404F3,Bahia Blanca,1201,1300,Creciente,Recoleccion De Contenedores Verdes,137.85,4,10,Floresta
4RECLDT8404F3,"Diaz, Cesar, Gral.",4152,4176,Decreciente,Recoleccion De Contenedores Verdes,27.76,4,10,Floresta
4RECLDT8404F3,Gualeguaychu,1301,1400,Decreciente,Recoleccion De Contenedores Verdes,136.99,4,10,Floresta
4RECLDT8404F3,"Diaz, Cesar, Gral.",4216,4247,Decreciente,Recoleccion De Contenedores Verdes,27.41,4,10,Floresta
4RECLDT8404F3,"Diaz, Cesar, Gral.",4349,4375,Decreciente,Recoleccion De Contenedores Verdes,27.3,4,10,Floresta
4RECLDT8404F3,"Belaustegui, Luis, Dr.",4001,4050,Decreciente,Recoleccion De Contenedores Verdes,56.22,4,10,Floresta
4RECLDT8404F3,"Escalada De San Martin, R.",4101,4200,Creciente,Recoleccion De Contenedores Verdes,117.31,4,10,Floresta
4RECLDT8404F3,Segurola Av.,1144,1199,Decreciente,Recoleccion De Contenedores Verdes,68.35,4,10,Floresta
4RECLDT8404F3,"Belaustegui, Luis, Dr.",4151,4200,Decreciente,Recoleccion De Contenedores Verdes,58.75,4,10,Floresta
4RECLDT8404F3,Bahia Blanca,1401,1500,Creciente,Recoleccion De Contenedores Verdes,136.71,4,10,Floresta
4RECLDT8404F3,"Magariños Cervantes, A.",4151,4170,Creciente,Recoleccion De Contenedores Verdes,27.32,4,10,Floresta
4RECLDT8404F3,"Magariños Cervantes, A.",4251,4270,Creciente,Recoleccion De Contenedores Verdes,27.67,4,10,Floresta
4RECLDT8404F3,"Escalada De San Martin, R.",3901,4000,Creciente,Recoleccion De Contenedores Verdes,121.85,4,10,Floresta
4RECLDT8404F3,"Belaustegui, Luis, Dr.",3801,3900,Decreciente,Recoleccion De Contenedores Verdes,113.91,4,10,Floresta
4RECLDT8404F3,"Diaz, Cesar, Gral.",4242,4270,Decreciente,Recoleccion De Contenedores Verdes,27.74,4,10,Floresta
4RECLDT8404F3,Segurola Av.,801,900,Decreciente,Recoleccion De Contenedores Verdes,110.95,4,10,Floresta
4RECLDT8404F3,"Aranguren, Juan F., Dr.",4191,4200,Creciente,Recoleccion De Contenedores Verdes,26.42,4,10,Floresta
4RECLDT8404F3,Segurola Av.,601,700,Decreciente,Recoleccion De Contenedores Verdes,133.91,4,10,Floresta
4RECLDT8404F3,Segurola Av.,101,200,Decreciente,Recoleccion De Contenedores Verdes,153.65,4,10,Floresta
4RECLDT8404F3,"Justo, Juan B. Av.",6948,7000,Doble,Recoleccion De Contenedores Verdes,63.52,4,10,Floresta
4RECLDT8404F3,Gaona Av.,4601,4700,Creciente,Recoleccion De Contenedores Verdes,117.25,4,10,Floresta
4RECLDT8404F3,Moron,4101,4150,Decreciente,Recoleccion De Contenedores Verdes,117.3,4,10,Floresta
4RECLDT8404F3,Segurola Av.,595,600,Decreciente,Recoleccion De Contenedores Verdes,19.17,4,10,Floresta
4RECLDT8404F3,Segurola Av.,302,400,Decreciente,Recoleccion De Contenedores Verdes,106.24,4,10,Floresta
4RECLDT8404F3,Mercedes,651,700,Creciente,Recoleccion De Contenedores Verdes,62.84,4,10,Floresta
4RECLDT8404F3,"Justo, Juan B. Av.",6751,6800,Doble,Recoleccion De Contenedores Verdes,66.61,4,10,Floresta
4RECLDT8404F3,Gaona Av.,4401,4500,Creciente,Recoleccion De Contenedores Verdes,119.48,4,10,Floresta
4RECLDT8404F3,Mercedes,401,500,Creciente,Recoleccion De Contenedores Verdes,142.77,4,10,Floresta
4RECLDT8404F3,Avellaneda Av.,4001,4100,Decreciente,Recoleccion De Contenedores Verdes,118.2,4,10,Floresta
4RECLDT8404F3,Gaona Av.,4201,4300,Creciente,Recoleccion De Contenedores Verdes,137.35,4,10,Floresta
4RECLDT8404F3,San Nicolas,601,700,Creciente,Recoleccion De Contenedores Verdes,118.09,4,10,Floresta
4RECLDT8404F3,Moron,3601,3700,Decreciente,Recoleccion De Contenedores Verdes,102.05,4,10,Floresta
4RECLDT8404F3,Bahia Blanca,601,700,Creciente,Recoleccion De Contenedores Verdes,118.91,4,10,Floresta
4RECLDT8404F3,"Aranguren, Juan F., Dr.",3701,3800,Creciente,Recoleccion De Contenedores Verdes,136.4,4,10,Floresta
4RECLDT8404F3,Avellaneda Av.,3501,3600,Decreciente,Recoleccion De Contenedores Verdes,103.16,4,10,Floresta
4RECLDT8404F3,Bacacay,3501,3600,Creciente,Recoleccion De Contenedores Verdes,103.7,4,10,Floresta
4RECLDT8404F3,Campana,601,700,Creciente,Recoleccion De Contenedores Verdes,118.48,4,10,Floresta
4RECLDT8404F3,Concordia,501,600,Creciente,Recoleccion De Contenedores Verdes,118.22,4,10,Floresta
4RECLDT8404F3,"Aranguren, Juan F., Dr.",3501,3600,Creciente,Recoleccion De Contenedores Verdes,102.89,4,10,Floresta
4RECLDT8404F3,Campana,401,500,Creciente,Recoleccion De Contenedores Verdes,145.92,4,10,Floresta
4RECLDT8404F3,Bogota,3301,3400,Decreciente,Recoleccion De Contenedores Verdes,99.77,4,10,Floresta
4RECLDT8404F3,Avellaneda Av.,3701,3800,Decreciente,Recoleccion De Contenedores Verdes,135.65,4,10,Floresta
4RECLDT8404F3,Bogota,3601,3700,Decreciente,Recoleccion De Contenedores Verdes,102.68,4,10,Floresta
4RECLDT8404F3,Bacacay,3701,3800,Creciente,Recoleccion De Contenedores Verdes,134.77,4,10,Floresta
4RECLDT8404F3,Bahia Blanca,201,300,Creciente,Recoleccion De Contenedores Verdes,118.6,4,10,Floresta
4RECLDT8404F3,"Justo, Juan B. Av.",6501,6600,Doble,Recoleccion De Contenedores Verdes,137.05,4,10,Floresta
4RECLDT8404F3,Moron,3901,4000,Decreciente,Recoleccion De Contenedores Verdes,120.17,4,10,Floresta
4RECLDT8404F3,Chivilcoy,401,500,Decreciente,Recoleccion De Contenedores Verdes,142.21,4,10,Floresta
4RECLDT8404F3,Bogota,3901,4000,Decreciente,Recoleccion De Contenedores Verdes,118.84,4,10,Floresta
4RECLDT8404F3,Bacacay,3901,4000,Creciente,Recoleccion De Contenedores Verdes,118.71,4,10,Floresta
4RECLDT8402F3,"Gonzalez, Elpidio",4201,4300,Creciente,Recoleccion De Contenedores Verdes,113.14,4,10,Monte Castro
4RECLDT8409F3,Cosquin,237,258,Decreciente,Recoleccion De Contenedores Verdes,27.35,4,9,Liniers
4RECLDT8409F3,"Paz, Gral. Av.",0,10900,Decreciente,Recoleccion De Contenedores Verdes,138.04,4,9,Liniers
4RECLDT8405F3,Laguna,1401,1500,Decreciente,Recoleccion De Contenedores Verdes,170.5,4,9,Parque Avellaneda
4RECLDT8409F3,"Suarez, Jose Leon",1051,1100,Creciente,Recoleccion De Contenedores Verdes,80.85,4,9,Liniers
4RECLDT8405F3,Rivadavia Av.,0,8641,Creciente,Recoleccion De Contenedores Verdes,55.9,4,10,Velez Sarsfield
4RECLDT8408F3,"De La Torre, Lisandro Av.",2901,3100,Doble,Recoleccion De Contenedores Verdes,188.64,4,9,Mataderos
4RECLDT8406F3,Remedios,0,5300,Decreciente,Recoleccion De Contenedores Verdes,103.87,4,9,Mataderos
4RECLDT8401F3,Nazarre,5351,5400,Decreciente,Recoleccion De Contenedores Verdes,71.66,4,10,Villa Real
4RECLDT8402F3,"Gonzalez, Elpidio",4501,4529,Creciente,Recoleccion De Contenedores Verdes,52.41,4,10,Monte Castro
4RECLDT8402F3,"Gonzalez, Elpidio",4522,4600,Creciente,Recoleccion De Contenedores Verdes,110.62,4,10,Monte Castro
4RECLDT8401F3,Nogoya,5601,5650,Decreciente,Recoleccion De Contenedores Verdes,54.88,4,10,Villa Real
4RECLDT8409F3,"Leguizamon, Martiniano",1,100,Decreciente,Recoleccion De Contenedores Verdes,149.37,4,9,Liniers
4RECLDT8410F3,Larrazabal,201,300,Decreciente,Recoleccion De Contenedores Verdes,145.26,4,9,Liniers
4RECLDT8409F3,Carhue,401,500,Creciente,Recoleccion De Contenedores Verdes,110.46,4,9,Liniers
4RECLDT8409F3,Humaita,7281,7300,Creciente,Recoleccion De Contenedores Verdes,52.88,4,9,Liniers
4RECLDT8410F3,"Schmidl, Ulrico",6501,6600,Creciente,Recoleccion De Contenedores Verdes,86.6,4,9,Mataderos
4RECLDT8410F3,"Gordillo, Timoteo",1301,1400,Decreciente,Recoleccion De Contenedores Verdes,178.04,4,9,Mataderos
4RECLDT8406F3,Remedios,0,5299,Creciente,Recoleccion De Contenedores Verdes,103.92,4,9,Mataderos
4RECLDT8406F3,Oliden,1601,1700,Decreciente,Recoleccion De Contenedores Verdes,157.31,4,9,Mataderos
4RECLDT8406F3,Fonrouge,2601,2700,Decreciente,Recoleccion De Contenedores Verdes,71.53,4,9,Mataderos
4RECLDT8404F3,Carrasco Av.,701,750,Doble,Recoleccion De Contenedores Verdes,69.92,4,10,Velez Sarsfield
4RECLDT8405F3,Rivadavia Av.,0,8603,Creciente,Recoleccion De Contenedores Verdes,63.34,4,10,Velez Sarsfield
4RECLDT8409F3,Caaguazu,7201,7300,Doble,Recoleccion De Contenedores Verdes,103.42,4,9,Liniers
4RECLDT8407F3,"Peron, Eva Av.",4248,4253,Doble,Recoleccion De Contenedores Verdes,19.02,4,9,Parque Avellaneda
4RECLDT8409F3,"Castro, Emilio Av.",7001,7100,Doble,Recoleccion De Contenedores Verdes,108.71,4,9,Liniers
4RECLDT8407F3,Escalada Av.,2084,2105,Doble,Recoleccion De Contenedores Verdes,30.24,4,9,Mataderos
4RECLDT8408F3,"Alberdi, Juan Bautista Av.",7001,7100,Doble,Recoleccion De Contenedores Verdes,104.62,4,9,Mataderos
4RECLDT8405F3,Rivadavia Av.,0,8640,Decreciente,Recoleccion De Contenedores Verdes,54.95,4,10,Velez Sarsfield
4RECLDT8411F3,"Dellepiane, Luis, Tte. Gral.",0,6799,Doble,Recoleccion De Contenedores Verdes,105.56,4,8,Villa Lugano
4RECLDT8411F3,"Dellepiane, Luis, Tte. Gral.",0,4779,Creciente,Recoleccion De Contenedores Verdes,87.78,4,8,Villa Lugano
4RECLDT8405F3,"Alberdi, Juan Bautista Av.",4401,4450,Creciente,Recoleccion De Contenedores Verdes,95.6,4,10,Parque Avellaneda
4RECLDT8407F3,Escalada Av.,2501,2650,Doble,Recoleccion De Contenedores Verdes,88.34,4,9,Parque Avellaneda
4RECLDT8407F3,Escalada Av.,2601,2700,Doble,Recoleccion De Contenedores Verdes,81.29,4,9,Parque Avellaneda
4RECLDT8406F3,Oliden,1501,1600,Decreciente,Recoleccion De Contenedores Verdes,98.47,4,9,Mataderos
4RECLDT8406F3,"Rodo, Jose E.",5401,5500,Decreciente,Recoleccion De Contenedores Verdes,103.11,4,9,Mataderos
4RECLDT8406F3,Fonrouge,1101,1150,Decreciente,Recoleccion De Contenedores Verdes,70.44,4,9,Mataderos
4RECLDT8406F3,Tapalque,5501,5600,Creciente,Recoleccion De Contenedores Verdes,103.73,4,9,Mataderos
4RECLDT8407F3,"Peron, Eva Av.",4301,4350,Doble,Recoleccion De Contenedores Verdes,57.01,4,9,Parque Avellaneda
4RECLDT8408F3,De Los Corrales Av.,0,7200,Decreciente,Recoleccion De Contenedores Verdes,104.43,4,9,Mataderos
4RECLDT8410F3,Oliden,1,50,Decreciente,Recoleccion De Contenedores Verdes,75.71,4,9,Liniers
4RECLDT8410F3,Araujo,801,850,Creciente,Recoleccion De Contenedores Verdes,78.3,4,9,Mataderos
4RECLDT8410F3,"Falcon, Ramon L.,cnel. Av.",0,5800,Decreciente,Recoleccion De Contenedores Verdes,134.39,4,10,Villa Luro
4RECLDT8410F3,Corvalan,721,800,Decreciente,Recoleccion De Contenedores Verdes,80.33,4,9,Mataderos
4RECLDT8411F3,Corvalan,2501,2550,Doble,Recoleccion De Contenedores Verdes,53.88,4,8,Villa Lugano
4RECLDT8411F3,"Dellepiane, Luis, Tte. Gral.",0,4950,Decreciente,Recoleccion De Contenedores Verdes,67.24,4,8,Villa Lugano
4RECLDT8411F3,"Dellepiane, Luis, Tte. Gral.",0,4990,Decreciente,Recoleccion De Contenedores Verdes,84.6,4,8,Villa Lugano
4RECLDT8411F3,"Cuter, Luisito",4201,4300,Doble,Recoleccion De Contenedores Verdes,72.75,4,8,Villa Lugano
4RECLDT8411F3,"Cuter, Luisito",0,0,Doble,Recoleccion De Contenedores Verdes,22.6,4,8,Villa Lugano
4RECLDT8411F3,Castañares Av.,6611,6700,Doble,Recoleccion De Contenedores Verdes,105.07,4,8,Villa Lugano
4RECLDT8411F3,Castañares Av.,6501,6610,Doble,Recoleccion De Contenedores Verdes,41.22,4,8,Villa Lugano
4RECLDT8411F3,Castañares Av.,6501,6610,Doble,Recoleccion De Contenedores Verdes,41.22,4,8,Villa Lugano
4RECLDT8406F3,Murguiondo,2101,2200,Creciente,Recoleccion De Contenedores Verdes,125.39,4,9,Mataderos
4RECLDT8406F3,Murguiondo,2801,2900,Creciente,Recoleccion De Contenedores Verdes,122.22,4,9,Mataderos
4RECLDT8403F3,Bruselas,501,600,Creciente,Recoleccion De Contenedores Verdes,184.42,4,10,Versalles
4RECLDT8405F3,Rivadavia Av.,9001,9070,Doble,Recoleccion De Contenedores Verdes,67.84,4,10,Velez Sarsfield
4RECLDT8405F3,"Alberdi, Juan Bautista Av.",4451,4500,Creciente,Recoleccion De Contenedores Verdes,87.86,4,10,Parque Avellaneda
4RECLDT8405F3,"Acosta, Mariano",1471,1500,Decreciente,Recoleccion De Contenedores Verdes,63.09,4,9,Parque Avellaneda
4RECLDT8405F3,Martinez Castro,1501,1549,Doble,Recoleccion De Contenedores Verdes,65.69,4,9,Parque Avellaneda
4RECLDT8405F3,Rivadavia Av.,9071,9100,Doble,Recoleccion De Contenedores Verdes,34.05,4,10,Velez Sarsfield
6RECLDT8600F4,Franklin,1701,1800,Decreciente,Recoleccion De Contenedores Verdes,124.76,6,7,Flores
6RECLDT8600F4,"Trelles, Manuel R.",1001,1100,Decreciente,Recoleccion De Contenedores Verdes,96.04,6,7,Flores
6RECLDT8600F4,Franklin,1901,2000,Decreciente,Recoleccion De Contenedores Verdes,117.43,6,7,Flores
6RECLDT8600F4,"Lamas, Andres",1001,1100,Decreciente,Recoleccion De Contenedores Verdes,86.36,6,7,Flores
6RECLDT8600F4,Neuquen,1901,2000,Decreciente,Recoleccion De Contenedores Verdes,120.11,6,7,Flores
6RECLDT8600F4,Franklin,2101,2200,Decreciente,Recoleccion De Contenedores Verdes,146.63,6,7,Flores
6RECLDT8600F4,Gavilan,1101,1200,Decreciente,Recoleccion De Contenedores Verdes,81.19,6,7,Flores
6RECLDT8600F4,Paez,1701,1800,Creciente,Recoleccion De Contenedores Verdes,124.48,6,7,Flores
6RECLDT8600F4,Neuquen,2101,2150,Decreciente,Recoleccion De Contenedores Verdes,99.82,6,7,Flores
6RECLDT8600F4,Franklin,2301,2400,Decreciente,Recoleccion De Contenedores Verdes,134.5,6,7,Flores
6RECLDT8600F4,Neuquen,2197,2250,Decreciente,Recoleccion De Contenedores Verdes,98.66,6,7,Flores
6RECLDT8600F4,Paez,1901,2000,Creciente,Recoleccion De Contenedores Verdes,115.41,6,7,Flores
6RECLDT8600F4,Fray Cayetano Rodriguez,1101,1200,Decreciente,Recoleccion De Contenedores Verdes,76.25,6,7,Flores
6RECLDT8600F4,"Vallese, Felipe",1801,1900,Creciente,Recoleccion De Contenedores Verdes,133.5,6,7,Flores
6RECLDT8600F4,Paez,2101,2200,Creciente,Recoleccion De Contenedores Verdes,99.97,6,7,Flores
6RECLDT8600F4,Neuquen,2401,2450,Decreciente,Recoleccion De Contenedores Verdes,72.21,6,7,Flores
6RECLDT8600F4,Mendez De Andes,1852,1900,Decreciente,Recoleccion De Contenedores Verdes,54.85,6,7,Flores
6RECLDT8600F4,"Vallese, Felipe",2001,2100,Creciente,Recoleccion De Contenedores Verdes,106.99,6,7,Flores
6RECLDT8600F4,Neuquen,2501,2600,Decreciente,Recoleccion De Contenedores Verdes,137.39,6,7,Flores
6RECLDT8600F4,Estado Plurinacional De Bolivia,1001,1100,Decreciente,Recoleccion De Contenedores Verdes,167.4,6,7,Flores
6RECLDT8600F4,Paez,2301,2400,Creciente,Recoleccion De Contenedores Verdes,136.56,6,7,Flores
6RECLDT8600F4,"Vallese, Felipe",2201,2300,Creciente,Recoleccion De Contenedores Verdes,96.17,6,7,Flores
6RECLDT8600F4,Neuquen,2701,2800,Decreciente,Recoleccion De Contenedores Verdes,137.0,6,7,Flores
6RECLDT8600F4,Terrada,1001,1100,Creciente,Recoleccion De Contenedores Verdes,108.31,6,7,Flores
6RECLDT8600F4,"Aranguren, Juan F., Dr.",1901,1928,Creciente,Recoleccion De Contenedores Verdes,56.43,6,7,Flores
6RECLDT8600F4,Paez,2501,2600,Creciente,Recoleccion De Contenedores Verdes,137.91,6,7,Flores
6RECLDT8600F4,"Vallese, Felipe",2301,2370,Creciente,Recoleccion De Contenedores Verdes,122.38,6,7,Flores
6RECLDT8600F4,Paez,2601,2700,Creciente,Recoleccion De Contenedores Verdes,131.2,6,7,Flores
6RECLDT8600F4,Neuquen,2901,2950,Decreciente,Recoleccion De Contenedores Verdes,81.9,6,7,Flores
6RECLDT8600F4,Neuquen,2951,3000,Decreciente,Recoleccion De Contenedores Verdes,80.23,6,7,Flores
6RECLDT8600F4,"Aranguren, Juan F., Dr.",2001,2100,Creciente,Recoleccion De Contenedores Verdes,139.52,6,7,Flores
6RECLDT8600F4,Moron,2301,2370,Decreciente,Recoleccion De Contenedores Verdes,108.85,6,7,Flores
6RECLDT8600F4,"Vallese, Felipe",2501,2600,Creciente,Recoleccion De Contenedores Verdes,137.72,6,7,Flores
6RECLDT8600F4,Paez,2801,2900,Creciente,Recoleccion De Contenedores Verdes,132.32,6,7,Flores
6RECLDT8600F4,Avellaneda Av.,1931,2000,Decreciente,Recoleccion De Contenedores Verdes,133.71,6,7,Flores
6RECLDT8600F4,"Aranguren, Juan F., Dr.",2201,2300,Creciente,Recoleccion De Contenedores Verdes,99.66,6,7,Flores
6RECLDT8600F4,"Vallese, Felipe",2701,2800,Creciente,Recoleccion De Contenedores Verdes,136.37,6,7,Flores
6RECLDT8600F4,Bogota,1801,1900,Decreciente,Recoleccion De Contenedores Verdes,142.73,6,7,Flores
6RECLDT8600F4,Paez,3001,3100,Creciente,Recoleccion De Contenedores Verdes,108.54,6,7,Flores
6RECLDT8600F4,Condarco,701,800,Decreciente,Recoleccion De Contenedores Verdes,117.99,6,7,Flores
6RECLDT8600F4,Avellaneda Av.,2101,2200,Decreciente,Recoleccion De Contenedores Verdes,101.04,6,7,Flores
6RECLDT8600F4,Calcena,201,300,Decreciente,Recoleccion De Contenedores Verdes,136.64,6,7,Flores
6RECLDT8600F4,"Aranguren, Juan F., Dr.",2501,2600,Creciente,Recoleccion De Contenedores Verdes,137.92,6,7,Flores
6RECLDT8600F4,Avellaneda Av.,2301,2400,Decreciente,Recoleccion De Contenedores Verdes,108.5,6,7,Flores
6RECLDT8600F4,Bacacay,1801,1900,Creciente,Recoleccion De Contenedores Verdes,133.85,6,7,Flores
6RECLDT8600F4,Moron,2901,3000,Decreciente,Recoleccion De Contenedores Verdes,158.5,6,7,Flores
6RECLDT8600F4,Bogota,2201,2300,Decreciente,Recoleccion De Contenedores Verdes,110.16,6,7,Flores
6RECLDT8601F4,Yerbal,1701,1800,Creciente,Recoleccion De Contenedores Verdes,156.56,6,7,Flores
6RECLDT8600F4,Avellaneda Av.,2501,2600,Decreciente,Recoleccion De Contenedores Verdes,137.93,6,7,Flores
6RECLDT8600F4,"Aranguren, Juan F., Dr.",2801,2900,Creciente,Recoleccion De Contenedores Verdes,130.45,6,7,Flores
6RECLDT8600F4,Moron,3101,3200,Decreciente,Recoleccion De Contenedores Verdes,108.5,6,7,Flores
6RECLDT8600F4,Condarco,501,600,Doble,Recoleccion De Contenedores Verdes,141.28,6,7,Flores
6RECLDT8601F4,Bacacay,2101,2200,Creciente,Recoleccion De Contenedores Verdes,104.68,6,7,Flores
6RECLDT8600F4,Bogota,2401,2500,Decreciente,Recoleccion De Contenedores Verdes,142.75,6,7,Flores
6RECLDT8600F4,"Aranguren, Juan F., Dr.",3001,3100,Creciente,Recoleccion De Contenedores Verdes,112.15,6,7,Flores
6RECLDT8600F4,Avellaneda Av.,2701,2800,Doble,Recoleccion De Contenedores Verdes,135.44,6,7,Flores
6RECLDT8601F4,Yerbal,2001,2100,Creciente,Recoleccion De Contenedores Verdes,103.81,6,7,Flores
6RECLDT8601F4,Bacacay,2301,2400,Creciente,Recoleccion De Contenedores Verdes,139.3,6,7,Flores
6RECLDT8600F4,Bogota,2601,2700,Decreciente,Recoleccion De Contenedores Verdes,131.37,6,7,Flores
6RECLDT8601F4,Rivadavia Av.,6401,6500,Doble,Recoleccion De Contenedores Verdes,115.41,6,7,Flores
6RECLDT8601F4,Yerbal,2201,2300,Creciente,Recoleccion De Contenedores Verdes,121.28,6,7,Flores
6RECLDT8601F4,Bacacay,2501,2600,Creciente,Recoleccion De Contenedores Verdes,137.15,6,7,Flores
6RECLDT8605F4,Directorio Av.,101,200,Decreciente,Recoleccion De Contenedores Verdes,136.9,6,6,Caballito
6RECLDT8600F4,Bogota,2901,3000,Decreciente,Recoleccion De Contenedores Verdes,153.39,6,7,Flores
6RECLDT8600F4,Argerich,401,500,Decreciente,Recoleccion De Contenedores Verdes,126.43,6,7,Flores
6RECLDT8601F4,Rivadavia Av.,6601,6700,Doble,Recoleccion De Contenedores Verdes,102.36,6,7,Flores
6RECLDT8605F4,Directorio Av.,401,500,Decreciente,Recoleccion De Contenedores Verdes,137.95,6,6,Caballito
6RECLDT8601F4,Bacacay,2701,2800,Creciente,Recoleccion De Contenedores Verdes,135.12,6,7,Flores
6RECLDT8601F4,"Falcon, Ramon L.,cnel.",1801,1900,Decreciente,Recoleccion De Contenedores Verdes,148.93,6,7,Flores
6RECLDT8600F4,Bogota,3101,3200,Decreciente,Recoleccion De Contenedores Verdes,107.49,6,7,Flores
6RECLDT8605F4,Directorio Av.,601,700,Decreciente,Recoleccion De Contenedores Verdes,141.44,6,6,Caballito
6RECLDT8605F4,Zuviria,1,100,Creciente,Recoleccion De Contenedores Verdes,130.72,6,7,Parque Chacabuco
6RECLDT8601F4,"Falcon, Ramon L.,cnel.",2001,2100,Decreciente,Recoleccion De Contenedores Verdes,104.7,6,7,Flores
6RECLDT8601F4,Rivadavia Av.,6801,6900,Doble,Recoleccion De Contenedores Verdes,145.91,6,7,Flores
6RECLDT8601F4,"Goyena, Pedro Av.",1701,1800,Doble,Recoleccion De Contenedores Verdes,147.8,6,7,Flores
6RECLDT8605F4,Zuviria,201,300,Creciente,Recoleccion De Contenedores Verdes,121.58,6,7,Parque Chacabuco
6RECLDT8601F4,Yerbal,2741,2800,Creciente,Recoleccion De Contenedores Verdes,81.02,6,7,Flores
6RECLDT8605F4,Directorio Av.,901,1000,Decreciente,Recoleccion De Contenedores Verdes,207.39,6,6,Caballito
6RECLDT8605F4,Zuviria,401,500,Creciente,Recoleccion De Contenedores Verdes,138.01,6,7,Parque Chacabuco
6RECLDT8601F4,Yerbal,2801,2900,Creciente,Recoleccion De Contenedores Verdes,128.38,6,7,Flores
6RECLDT8601F4,"Alberdi, Juan Bautista Av.",1901,1950,Creciente,Recoleccion De Contenedores Verdes,56.85,6,7,Flores
6RECLDT8601F4,"Falcon, Ramon L.,cnel.",2201,2300,Decreciente,Recoleccion De Contenedores Verdes,130.99,6,7,Flores
6RECLDT8601F4,Rivadavia Av.,7001,7100,Doble,Recoleccion De Contenedores Verdes,136.28,6,7,Flores
6RECLDT8605F4,Tejedor,101,200,Decreciente,Recoleccion De Contenedores Verdes,128.54,6,7,Parque Chacabuco
6RECLDT8605F4,Directorio Av.,1201,1300,Decreciente,Recoleccion De Contenedores Verdes,147.21,6,6,Caballito
6RECLDT8605F4,Zuviria,701,800,Creciente,Recoleccion De Contenedores Verdes,142.65,6,7,Parque Chacabuco
6RECLDT8605F4,Tejedor,301,350,Decreciente,Recoleccion De Contenedores Verdes,62.04,6,7,Parque Chacabuco
6RECLDT8603F4,Directorio Av.,1401,1500,Decreciente,Recoleccion De Contenedores Verdes,65.92,6,6,Caballito
6RECLDT8601F4,"Alberdi, Juan Bautista Av.",2101,2200,Creciente,Recoleccion De Contenedores Verdes,113.66,6,7,Flores
6RECLDT8601F4,Rivadavia Av.,7251,7300,Doble,Recoleccion De Contenedores Verdes,82.24,6,7,Flores
6RECLDT8601F4,"Bonifacio, Jose",1801,1900,Creciente,Recoleccion De Contenedores Verdes,114.9,6,7,Flores
6RECLDT8601F4,Yerbal,3101,3200,Creciente,Recoleccion De Contenedores Verdes,108.41,6,7,Flores
6RECLDT8605F4,"Laferrere, Gregorio De",1101,1200,Decreciente,Recoleccion De Contenedores Verdes,129.11,6,7,Parque Chacabuco
6RECLDT8603F4,Directorio Av.,1651,1700,Decreciente,Recoleccion De Contenedores Verdes,100.23,6,6,Caballito
6RECLDT8605F4,Estrada,1,100,Decreciente,Recoleccion De Contenedores Verdes,132.07,6,7,Parque Chacabuco
6RECLDT8605F4,Tejedor,582,700,Decreciente,Recoleccion De Contenedores Verdes,82.11,6,7,Parque Chacabuco
6RECLDT8605F4,Zuviria,971,986,Creciente,Recoleccion De Contenedores Verdes,27.37,6,7,Parque Chacabuco
6RECLDT8605F4,"Peron, Eva Av.",1101,1200,Doble,Recoleccion De Contenedores Verdes,140.83,6,7,Parque Chacabuco
6RECLDT8605F4,Viel,1101,1200,Creciente,Recoleccion De Contenedores Verdes,119.32,6,7,Parque Chacabuco
6RECLDT8605F4,Tejedor,801,900,Decreciente,Recoleccion De Contenedores Verdes,129.29,6,7,Parque Chacabuco
6RECLDT8601F4,"Bonifacio, Jose",2001,2100,Creciente,Recoleccion De Contenedores Verdes,104.42,6,7,Flores
6RECLDT8605F4,Zuviria,1021,1040,Creciente,Recoleccion De Contenedores Verdes,27.22,6,7,Parque Chacabuco
6RECLDT8601F4,"Alberdi, Juan Bautista Av.",2301,2400,Creciente,Recoleccion De Contenedores Verdes,160.95,6,7,Flores
6RECLDT8603F4,"Laferrere, Gregorio De",1301,1353,Decreciente,Recoleccion De Contenedores Verdes,89.55,6,7,Parque Chacabuco
6RECLDT8601F4,"Falcon, Ramon L.,cnel.",2601,2700,Decreciente,Recoleccion De Contenedores Verdes,133.23,6,7,Flores
6RECLDT8603F4,"Bilbao, Francisco",1401,1500,Creciente,Recoleccion De Contenedores Verdes,103.89,6,7,Parque Chacabuco
6RECLDT8605F4,Estrada,401,450,Decreciente,Recoleccion De Contenedores Verdes,61.63,6,7,Parque Chacabuco
6RECLDT8601F4,Rivadavia Av.,7501,7600,Doble,Recoleccion De Contenedores Verdes,114.54,6,7,Flores
6RECLDT8605F4,Tejedor,927,940,Decreciente,Recoleccion De Contenedores Verdes,27.54,6,7,Parque Chacabuco
6RECLDT8601F4,Pedernera,101,200,Decreciente,Recoleccion De Contenedores Verdes,138.2,6,7,Flores
6RECLDT8605F4,Estrada,602,700,Decreciente,Recoleccion De Contenedores Verdes,111.3,6,7,Parque Chacabuco
6RECLDT8601F4,Rivadavia Av.,7601,7700,Doble,Recoleccion De Contenedores Verdes,107.63,6,7,Flores
6RECLDT8603F4,"Bilbao, Francisco",1601,1700,Creciente,Recoleccion De Contenedores Verdes,58.09,6,7,Parque Chacabuco
6RECLDT8601F4,Directorio Av.,1901,2000,Decreciente,Recoleccion De Contenedores Verdes,108.73,6,7,Flores
6RECLDT8601F4,"Bonifacio, Jose",2201,2300,Creciente,Recoleccion De Contenedores Verdes,128.85,6,7,Flores
6RECLDT8605F4,Cachimayo,901,1000,Creciente,Recoleccion De Contenedores Verdes,125.37,6,7,Parque Chacabuco
6RECLDT8605F4,Estrada,701,800,Decreciente,Recoleccion De Contenedores Verdes,146.18,6,7,Parque Chacabuco
6RECLDT8601F4,"Alberdi, Juan Bautista Av.",2501,2600,Creciente,Recoleccion De Contenedores Verdes,130.79,6,7,Flores
6RECLDT8601F4,"Falcon, Ramon L.,cnel.",2801,2900,Decreciente,Recoleccion De Contenedores Verdes,127.24,6,7,Flores
6RECLDT8605F4,Salas,301,350,Creciente,Recoleccion De Contenedores Verdes,76.3,6,7,Parque Chacabuco
6RECLDT8601F4,Camacua,301,400,Decreciente,Recoleccion De Contenedores Verdes,129.36,6,7,Flores
6RECLDT8603F4,"Fernandez Moreno, Baldomero",1301,1400,Creciente,Recoleccion De Contenedores Verdes,88.09,6,7,Parque Chacabuco
6RECLDT8603F4,"Laferrere, Gregorio De",1501,1634,Decreciente,Recoleccion De Contenedores Verdes,103.9,6,7,Parque Chacabuco
6RECLDT8605F4,Estrada,901,930,Creciente,Recoleccion De Contenedores Verdes,50.91,6,7,Parque Chacabuco
6RECLDT8605F4,Salas,401,450,Creciente,Recoleccion De Contenedores Verdes,54.72,6,7,Parque Chacabuco
6RECLDT8601F4,Rivera Indarte Av.,201,300,Creciente,Recoleccion De Contenedores Verdes,134.75,6,7,Flores
6RECLDT8603F4,"Bilbao, Francisco",1801,1900,Creciente,Recoleccion De Contenedores Verdes,110.77,6,7,Parque Chacabuco
6RECLDT8605F4,Tejedor,1081,1100,Decreciente,Recoleccion De Contenedores Verdes,54.51,6,7,Parque Chacabuco
6RECLDT8605F4,Vernet Av.,1,100,Creciente,Recoleccion De Contenedores Verdes,131.41,6,7,Parque Chacabuco
6RECLDT8605F4,Estrada,975,1000,Creciente,Recoleccion De Contenedores Verdes,27.26,6,7,Parque Chacabuco
6RECLDT8605F4,Salas,0,598,Decreciente,Recoleccion De Contenedores Verdes,59.67,6,7,Parque Chacabuco
6RECLDT8603F4,"Laferrere, Gregorio De",1701,1800,Decreciente,Recoleccion De Contenedores Verdes,99.38,6,7,Parque Chacabuco
6RECLDT8601F4,"Falcon, Ramon L.,cnel.",3001,3100,Decreciente,Recoleccion De Contenedores Verdes,115.65,6,7,Flores
6RECLDT8601F4,"Alberdi, Juan Bautista Av.",2701,2800,Creciente,Recoleccion De Contenedores Verdes,135.35,6,7,Flores
6RECLDT8605F4,Salas,636,675,Creciente,Recoleccion De Contenedores Verdes,71.93,6,7,Parque Chacabuco
6RECLDT8603F4,"Fernandez Moreno, Baldomero",1501,1600,Creciente,Recoleccion De Contenedores Verdes,103.95,6,7,Parque Chacabuco
6RECLDT8605F4,Vernet Av.,201,300,Creciente,Recoleccion De Contenedores Verdes,117.06,6,7,Parque Chacabuco
6RECLDT8605F4,Estrada,1029,1048,Creciente,Recoleccion De Contenedores Verdes,27.26,6,7,Parque Chacabuco
6RECLDT8605F4,"Moreno, Jose Maria Av.",1201,1270,Doble,Recoleccion De Contenedores Verdes,100.26,6,7,Parque Chacabuco
6RECLDT8605F4,Salas,741,760,Creciente,Recoleccion De Contenedores Verdes,27.19,6,7,Parque Chacabuco
6RECLDT8601F4,Directorio Av.,2301,2400,Decreciente,Recoleccion De Contenedores Verdes,169.92,6,7,Flores
6RECLDT8605F4,Estrada,1071,1100,Creciente,Recoleccion De Contenedores Verdes,54.44,6,7,Parque Chacabuco
6RECLDT8603F4,"Bilbao, Francisco",2101,2200,Creciente,Recoleccion De Contenedores Verdes,115.75,6,7,Flores
6RECLDT8601F4,"Bonifacio, Jose",2601,2700,Creciente,Recoleccion De Contenedores Verdes,131.34,6,7,Flores
6RECLDT8603F4,Primera Junta,1401,1500,Creciente,Recoleccion De Contenedores Verdes,103.58,6,7,Parque Chacabuco
6RECLDT8601F4,"Alberdi, Juan Bautista Av.",2901,3000,Creciente,Recoleccion De Contenedores Verdes,148.94,6,7,Flores
6RECLDT8603F4,"Fernandez Moreno, Baldomero",1701,1800,Creciente,Recoleccion De Contenedores Verdes,144.56,6,7,Parque Chacabuco
6RECLDT8603F4,"Laferrere, Gregorio De",2001,2100,Decreciente,Recoleccion De Contenedores Verdes,111.52,6,7,Flores
6RECLDT8605F4,Salas,825,850,Creciente,Recoleccion De Contenedores Verdes,27.29,6,7,Parque Chacabuco
6RECLDT8605F4,Santander,401,500,Decreciente,Recoleccion De Contenedores Verdes,115.56,6,7,Parque Chacabuco
6RECLDT8605F4,Asamblea Av.,552,600,Doble,Recoleccion De Contenedores Verdes,44.85,6,7,Parque Chacabuco
6RECLDT8601F4,Directorio Av.,2501,2600,Decreciente,Recoleccion De Contenedores Verdes,127.16,6,7,Flores
6RECLDT8605F4,Salas,871,900,Creciente,Recoleccion De Contenedores Verdes,54.39,6,7,Parque Chacabuco
6RECLDT8601F4,"Bonifacio, Jose",2801,2900,Creciente,Recoleccion De Contenedores Verdes,125.37,6,7,Flores
6RECLDT8605F4,Bell Ville,1201,1300,Creciente,Recoleccion De Contenedores Verdes,183.33,6,7,Parque Chacabuco
6RECLDT8601F4,"Alberdi, Juan Bautista Av.",3101,3200,Creciente,Recoleccion De Contenedores Verdes,106.79,6,7,Flores
6RECLDT8603F4,"Fernandez Moreno, Baldomero",1901,2000,Creciente,Recoleccion De Contenedores Verdes,109.76,6,7,Parque Chacabuco
6RECLDT8605F4,Santander,601,700,Decreciente,Recoleccion De Contenedores Verdes,87.07,6,7,Parque Chacabuco
6RECLDT8603F4,"Laferrere, Gregorio De",2201,2300,Decreciente,Recoleccion De Contenedores Verdes,116.55,6,7,Flores
6RECLDT8603F4,"Bilbao, Francisco",2355,2368,Creciente,Recoleccion De Contenedores Verdes,31.7,6,7,Flores
6RECLDT8603F4,Membrillar,501,551,Decreciente,Recoleccion De Contenedores Verdes,78.17,6,7,Flores
6RECLDT8603F4,Malvinas Argentinas,901,1000,Decreciente,Recoleccion De Contenedores Verdes,94.01,6,7,Parque Chacabuco
6RECLDT8605F4,Asamblea Av.,857,880,Doble,Recoleccion De Contenedores Verdes,28.7,6,7,Parque Chacabuco
6RECLDT8605F4,Santander,801,900,Decreciente,Recoleccion De Contenedores Verdes,118.34,6,7,Parque Chacabuco
6RECLDT8605F4,"Diaz, Avelino",301,400,Doble,Recoleccion De Contenedores Verdes,127.76,6,7,Parque Chacabuco
6RECLDT8601F4,Directorio Av.,2701,2800,Decreciente,Recoleccion De Contenedores Verdes,137.29,6,7,Flores
6RECLDT8603F4,"Fernandez Moreno, Baldomero",2101,2200,Creciente,Recoleccion De Contenedores Verdes,103.23,6,7,Flores
6RECLDT8605F4,Asamblea Av.,933,1000,Doble,Recoleccion De Contenedores Verdes,86.01,6,7,Parque Chacabuco
6RECLDT8601F4,"Bonifacio, Jose",3001,3100,Creciente,Recoleccion De Contenedores Verdes,115.89,6,7,Flores
6RECLDT8604F4,Santander,1101,1200,Creciente,Recoleccion De Contenedores Verdes,145.91,6,7,Parque Chacabuco
6RECLDT8603F4,"Laferrere, Gregorio De",2363,2369,Decreciente,Recoleccion De Contenedores Verdes,27.9,6,7,Flores
6RECLDT8604F4,Asamblea Av.,1101,1150,Doble,Recoleccion De Contenedores Verdes,84.95,6,7,Parque Chacabuco
6RECLDT8603F4,Primera Junta,2001,2100,Decreciente,Recoleccion De Contenedores Verdes,114.56,6,7,Flores
6RECLDT8601F4,Tandil,2601,2700,Decreciente,Recoleccion De Contenedores Verdes,118.61,6,7,Flores
6RECLDT8605F4,"Diaz, Avelino",701,800,Creciente,Recoleccion De Contenedores Verdes,118.16,6,7,Parque Chacabuco
6RECLDT8604F4,Castañares Av.,1131,1200,Doble,Recoleccion De Contenedores Verdes,95.1,6,7,Parque Chacabuco
6RECLDT8601F4,Directorio Av.,2901,3000,Decreciente,Recoleccion De Contenedores Verdes,148.92,6,7,Flores
6RECLDT8603F4,"Fernandez Moreno, Baldomero",2332,2338,Creciente,Recoleccion De Contenedores Verdes,20.43,6,7,Flores
6RECLDT8603F4,Pumacahua,801,900,Decreciente,Recoleccion De Contenedores Verdes,117.85,6,7,Parque Chacabuco
6RECLDT8605F4,Balbastro,501,600,Decreciente,Recoleccion De Contenedores Verdes,115.32,6,7,Parque Chacabuco
6RECLDT8604F4,Santander,1364,1400,Doble,Recoleccion De Contenedores Verdes,51.93,6,7,Parque Chacabuco
6RECLDT8604F4,Barco Centenera Del,1401,1500,Decreciente,Recoleccion De Contenedores Verdes,125.53,6,7,Parque Chacabuco
6RECLDT8604F4,"Diaz, Avelino",1001,1100,Creciente,Recoleccion De Contenedores Verdes,136.63,6,7,Parque Chacabuco
6RECLDT8604F4,Santander,1433,1464,Doble,Recoleccion De Contenedores Verdes,41.43,6,7,Parque Chacabuco
6RECLDT8603F4,Primera Junta,2201,2300,Decreciente,Recoleccion De Contenedores Verdes,89.04,6,7,Flores
6RECLDT8604F4,Balbastro,701,800,Decreciente,Recoleccion De Contenedores Verdes,95.74,6,7,Parque Chacabuco
6RECLDT8602F4,"Bilbao, Francisco",2501,2600,Creciente,Recoleccion De Contenedores Verdes,71.77,6,7,Flores
6RECLDT8601F4,Directorio Av.,3101,3200,Decreciente,Recoleccion De Contenedores Verdes,106.31,6,7,Flores
6RECLDT8601F4,Tandil,2801,2900,Decreciente,Recoleccion De Contenedores Verdes,122.72,6,7,Flores
6RECLDT8604F4,Asamblea Av.,1401,1500,Doble,Recoleccion De Contenedores Verdes,168.72,6,7,Parque Chacabuco
6RECLDT8603F4,Primera Junta,2321,2325,Decreciente,Recoleccion De Contenedores Verdes,13.27,6,7,Flores
6RECLDT8603F4,"Peron, Eva Av.",1901,2000,Doble,Recoleccion De Contenedores Verdes,112.52,6,7,Parque Chacabuco
6RECLDT8604F4,"Moreno, Jose Maria Av.",1501,1600,Doble,Recoleccion De Contenedores Verdes,94.45,6,7,Parque Chacabuco
6RECLDT8604F4,Saraza,401,500,Decreciente,Recoleccion De Contenedores Verdes,132.84,6,7,Parque Chacabuco
6RECLDT8604F4,Santander,1601,1700,Doble,Recoleccion De Contenedores Verdes,120.07,6,7,Parque Chacabuco
6RECLDT8602F4,"Laferrere, Gregorio De",2401,2500,Decreciente,Recoleccion De Contenedores Verdes,135.9,6,7,Flores
6RECLDT8603F4,"Fernandez Moreno, Baldomero",2375,2400,Creciente,Recoleccion De Contenedores Verdes,33.28,6,7,Flores
6RECLDT8604F4,"Diaz, Avelino",1301,1359,Decreciente,Recoleccion De Contenedores Verdes,86.33,6,7,Parque Chacabuco
6RECLDT8604F4,Balbastro,1101,1200,Decreciente,Recoleccion De Contenedores Verdes,147.52,6,7,Parque Chacabuco
6RECLDT8603F4,Membrillar,701,800,Decreciente,Recoleccion De Contenedores Verdes,124.44,6,7,Flores
6RECLDT8602F4,Remedios,2701,2800,Creciente,Recoleccion De Contenedores Verdes,139.15,6,7,Flores
6RECLDT8601F4,Tandil,3001,3100,Decreciente,Recoleccion De Contenedores Verdes,116.94,6,7,Flores
6RECLDT8604F4,Saraza,601,700,Decreciente,Recoleccion De Contenedores Verdes,117.31,6,7,Parque Chacabuco
6RECLDT8604F4,Picheuta,1601,1650,Creciente,Recoleccion De Contenedores Verdes,65.55,6,7,Parque Chacabuco
6RECLDT8604F4,Saraza,801,900,Decreciente,Recoleccion De Contenedores Verdes,118.2,6,7,Parque Chacabuco
6RECLDT8603F4,Asamblea Av.,1601,1700,Doble,Recoleccion De Contenedores Verdes,119.91,6,7,Parque Chacabuco
6RECLDT8603F4,Primera Junta,2373,2400,Decreciente,Recoleccion De Contenedores Verdes,32.5,6,7,Flores
6RECLDT8604F4,"Diaz, Avelino",1561,1600,Decreciente,Recoleccion De Contenedores Verdes,44.94,6,7,Parque Chacabuco
6RECLDT8603F4,"Peron, Eva Av.",2101,2200,Doble,Recoleccion De Contenedores Verdes,120.86,6,7,Flores
6RECLDT8602F4,"Laferrere, Gregorio De",2601,2700,Decreciente,Recoleccion De Contenedores Verdes,90.04,6,7,Flores
6RECLDT8604F4,Balbastro,1301,1400,Decreciente,Recoleccion De Contenedores Verdes,147.76,6,7,Parque Chacabuco
6RECLDT8602F4,Remedios,2901,3000,Creciente,Recoleccion De Contenedores Verdes,148.57,6,7,Flores
6RECLDT8604F4,Santander,1801,1900,Creciente,Recoleccion De Contenedores Verdes,138.98,6,7,Parque Chacabuco
6RECLDT8603F4,Zuviria,2001,2100,Decreciente,Recoleccion De Contenedores Verdes,112.82,6,7,Parque Chacabuco
6RECLDT8604F4,Saraza,1001,1100,Decreciente,Recoleccion De Contenedores Verdes,66.07,6,7,Parque Chacabuco
6RECLDT8603F4,"Recuero, Casimiro, Tte. Cnel.",0,2380,Creciente,Recoleccion De Contenedores Verdes,31.56,6,7,Flores
6RECLDT8602F4,"Fernandez Moreno, Baldomero",2501,2600,Creciente,Recoleccion De Contenedores Verdes,96.38,6,7,Flores
6RECLDT8604F4,"Diaz, Avelino",1701,1800,Decreciente,Recoleccion De Contenedores Verdes,126.66,6,7,Parque Chacabuco
6RECLDT8604F4,Zañartu,501,600,Creciente,Recoleccion De Contenedores Verdes,115.56,6,7,Parque Chacabuco
6RECLDT8602F4,Remedios,3101,3200,Creciente,Recoleccion De Contenedores Verdes,105.01,6,7,Flores
6RECLDT8602F4,Primera Junta,2401,2500,Decreciente,Recoleccion De Contenedores Verdes,113.6,6,7,Flores
6RECLDT8603F4,"Peron, Eva Av.",2301,2312,Doble,Recoleccion De Contenedores Verdes,31.73,6,7,Flores
6RECLDT8604F4,Zañartu,701,800,Creciente,Recoleccion De Contenedores Verdes,105.86,6,7,Parque Chacabuco
6RECLDT8602F4,"Laferrere, Gregorio De",2801,2900,Decreciente,Recoleccion De Contenedores Verdes,73.11,6,7,Flores
6RECLDT8602F4,"Bilbao, Francisco Av.",0,3099,Creciente,Recoleccion De Contenedores Verdes,129.23,6,7,Flores
6RECLDT8604F4,Saraza,1301,1400,Decreciente,Recoleccion De Contenedores Verdes,147.32,6,7,Parque Chacabuco
6RECLDT8604F4,Balbastro,1601,1650,Creciente,Recoleccion De Contenedores Verdes,79.63,6,7,Parque Chacabuco
6RECLDT8602F4,"Recuero, Casimiro, Tte. Cnel.",2441,2470,Creciente,Recoleccion De Contenedores Verdes,27.93,6,7,Flores
6RECLDT8604F4,Zelarrayan,501,600,Doble,Recoleccion De Contenedores Verdes,132.37,6,7,Parque Chacabuco
6RECLDT8604F4,Zañartu,901,1000,Creciente,Recoleccion De Contenedores Verdes,118.26,6,7,Parque Chacabuco
6RECLDT8602F4,"Fernandez Moreno, Baldomero",2701,2800,Creciente,Recoleccion De Contenedores Verdes,70.9,6,7,Flores
6RECLDT8603F4,Asamblea Av.,1801,1900,Decreciente,Recoleccion De Contenedores Verdes,116.26,6,7,Flores
6RECLDT8603F4,"Diaz, Avelino",1901,2000,Decreciente,Recoleccion De Contenedores Verdes,121.05,6,7,Parque Chacabuco
6RECLDT8603F4,Santander,2001,2100,Creciente,Recoleccion De Contenedores Verdes,119.91,6,7,Parque Chacabuco
6RECLDT8604F4,Zañartu,1201,1300,Creciente,Recoleccion De Contenedores Verdes,149.16,6,7,Parque Chacabuco
6RECLDT8603F4,Zuviria,2201,2300,Decreciente,Recoleccion De Contenedores Verdes,127.92,6,7,Flores
6RECLDT8604F4,Zelarrayan,747,800,Doble,Recoleccion De Contenedores Verdes,61.23,6,7,Parque Chacabuco
6RECLDT8604F4,Balbastro,1801,1900,Creciente,Recoleccion De Contenedores Verdes,103.41,6,7,Parque Chacabuco
6RECLDT8604F4,Saraza,1501,1600,Decreciente,Recoleccion De Contenedores Verdes,141.87,6,7,Parque Chacabuco
6RECLDT8602F4,"Bilbao, Francisco Av.",0,3199,Creciente,Recoleccion De Contenedores Verdes,156.29,6,7,Flores
6RECLDT8602F4,Primera Junta,2601,2700,Decreciente,Recoleccion De Contenedores Verdes,84.66,6,7,Flores
6RECLDT8604F4,Zelarrayan,901,1000,Doble,Recoleccion De Contenedores Verdes,122.98,6,7,Parque Chacabuco
6RECLDT8602F4,"Peron, Eva Av.",2451,2500,Doble,Recoleccion De Contenedores Verdes,31.57,6,7,Flores
6RECLDT8604F4,Saraza,1701,1800,Doble,Recoleccion De Contenedores Verdes,119.71,6,7,Parque Chacabuco
6RECLDT8604F4,Zañartu,1401,1500,Creciente,Recoleccion De Contenedores Verdes,142.26,6,7,Parque Chacabuco
6RECLDT8602F4,"Marti, Jose",701,800,Decreciente,Recoleccion De Contenedores Verdes,129.79,6,7,Flores
6RECLDT8602F4,"Peron, Eva Av.",2521,2550,Doble,Recoleccion De Contenedores Verdes,27.22,6,7,Flores
6RECLDT8603F4,Zuviria,2371,2390,Decreciente,Recoleccion De Contenedores Verdes,27.72,6,7,Flores
6RECLDT8604F4,Zelarrayan,1201,1300,Doble,Recoleccion De Contenedores Verdes,100.31,6,7,Parque Chacabuco
6RECLDT8604F4,"Moreno, Jose Maria Av.",1901,1950,Doble,Recoleccion De Contenedores Verdes,56.11,6,7,Parque Chacabuco
6RECLDT8602F4,"Laferrere, Gregorio De",3201,3300,Decreciente,Recoleccion De Contenedores Verdes,172.89,6,7,Flores
6RECLDT8602F4,"Fernandez Moreno, Baldomero",3001,3100,Creciente,Recoleccion De Contenedores Verdes,128.37,6,7,Flores
6RECLDT8602F4,Primera Junta,2901,3000,Decreciente,Recoleccion De Contenedores Verdes,72.91,6,7,Flores
6RECLDT8604F4,Zañartu,1601,1700,Creciente,Recoleccion De Contenedores Verdes,120.1,6,7,Parque Chacabuco
6RECLDT8603F4,Zuviria,2401,2430,Decreciente,Recoleccion De Contenedores Verdes,34.37,6,7,Flores
6RECLDT8603F4,"Diaz, Avelino",2101,2200,Decreciente,Recoleccion De Contenedores Verdes,116.94,6,7,Flores
6RECLDT8603F4,"Bonorino, Esteban, Cnel. Av.",1201,1300,Doble,Recoleccion De Contenedores Verdes,156.53,6,7,Flores
6RECLDT8604F4,Zelarrayan,1401,1500,Doble,Recoleccion De Contenedores Verdes,147.44,6,7,Parque Chacabuco
6RECLDT8603F4,Robertson,1101,1200,Decreciente,Recoleccion De Contenedores Verdes,158.86,6,7,Flores
6RECLDT8603F4,Saraza,2001,2100,Decreciente,Recoleccion De Contenedores Verdes,125.99,6,7,Parque Chacabuco
6RECLDT8604F4,Zelarrayan,1601,1700,Doble,Recoleccion De Contenedores Verdes,137.35,6,7,Parque Chacabuco
6RECLDT8604F4,Cobo Av.,1301,1400,Doble,Recoleccion De Contenedores Verdes,146.76,6,7,Parque Chacabuco
6RECLDT8602F4,Zuviria,2561,2580,Decreciente,Recoleccion De Contenedores Verdes,27.4,6,7,Flores
6RECLDT8602F4,"Laferrere, Gregorio De",3401,3500,Decreciente,Recoleccion De Contenedores Verdes,108.66,6,7,Flores
6RECLDT8604F4,Zelarrayan,1801,1891,Doble,Recoleccion De Contenedores Verdes,119.73,6,7,Parque Chacabuco
6RECLDT8603F4,Asamblea Av.,2141,2166,Creciente,Recoleccion De Contenedores Verdes,28.42,6,7,Flores
6RECLDT8603F4,Santander,2384,2400,Creciente,Recoleccion De Contenedores Verdes,33.06,6,7,Flores
6RECLDT8604F4,Cobo Av.,1501,1600,Doble,Recoleccion De Contenedores Verdes,144.85,6,7,Parque Chacabuco
6RECLDT8602F4,"Fernandez Moreno, Baldomero",3201,3300,Creciente,Recoleccion De Contenedores Verdes,126.99,6,7,Flores
6RECLDT8603F4,Saraza,2101,2200,Decreciente,Recoleccion De Contenedores Verdes,125.09,6,7,Flores
6RECLDT8602F4,"Peron, Eva Av.",3001,3100,Doble,Recoleccion De Contenedores Verdes,135.87,6,7,Flores
6RECLDT8603F4,Balbastro,2201,2300,Creciente,Recoleccion De Contenedores Verdes,122.02,6,7,Flores
6RECLDT8602F4,Echeandia,2701,2800,Decreciente,Recoleccion De Contenedores Verdes,148.99,6,7,Flores
6RECLDT8602F4,Primera Junta,3201,3300,Decreciente,Recoleccion De Contenedores Verdes,124.0,6,7,Flores
6RECLDT8602F4,Zuviria,2601,2700,Decreciente,Recoleccion De Contenedores Verdes,116.67,6,7,Flores
6RECLDT8604F4,Cobo Av.,1751,1800,Doble,Recoleccion De Contenedores Verdes,60.33,6,7,Parque Chacabuco
6RECLDT8603F4,Santander,2401,2500,Creciente,Recoleccion De Contenedores Verdes,93.86,6,7,Flores
6RECLDT8603F4,"Diaz, Avelino",2301,2400,Decreciente,Recoleccion De Contenedores Verdes,200.59,6,7,Flores
6RECLDT8604F4,Somellera,1601,1700,Doble,Recoleccion De Contenedores Verdes,147.47,6,7,Parque Chacabuco
6RECLDT8602F4,Primera Junta,3401,3500,Decreciente,Recoleccion De Contenedores Verdes,108.16,6,7,Flores
6RECLDT8604F4,Somellera,1857,1900,Doble,Recoleccion De Contenedores Verdes,54.41,6,7,Parque Chacabuco
6RECLDT8602F4,Echeandia,2901,3000,Decreciente,Recoleccion De Contenedores Verdes,116.87,6,7,Flores
6RECLDT8604F4,Salvigny,1501,1600,Doble,Recoleccion De Contenedores Verdes,157.69,6,7,Parque Chacabuco
6RECLDT8602F4,Zuviria,2801,2900,Decreciente,Recoleccion De Contenedores Verdes,127.78,6,7,Flores
6RECLDT8603F4,Saraza,2301,2400,Decreciente,Recoleccion De Contenedores Verdes,183.8,6,7,Flores
6RECLDT8604F4,"Vedia, Agustin De",2101,2200,Decreciente,Recoleccion De Contenedores Verdes,131.75,6,7,Parque Chacabuco
6RECLDT8602F4,"Alvarez, Crisostomo",2701,2800,Creciente,Recoleccion De Contenedores Verdes,149.31,6,7,Flores
6RECLDT8602F4,"Diaz, Avelino",2501,2600,Decreciente,Recoleccion De Contenedores Verdes,147.74,6,7,Flores
6RECLDT8604F4,Salvigny,1701,1800,Doble,Recoleccion De Contenedores Verdes,186.77,6,7,Parque Chacabuco
6RECLDT8602F4,"Alvarez, Crisostomo",2801,2900,Creciente,Recoleccion De Contenedores Verdes,127.7,6,7,Flores
6RECLDT8602F4,Zuviria,3001,3050,Decreciente,Recoleccion De Contenedores Verdes,89.18,6,7,Flores
6RECLDT8604F4,"Vedia, Agustin De",2201,2300,Decreciente,Recoleccion De Contenedores Verdes,151.48,6,7,Parque Chacabuco
6RECLDT8602F4,"Alvarez, Crisostomo",2901,3000,Creciente,Recoleccion De Contenedores Verdes,123.91,6,7,Flores
6RECLDT8602F4,Saraza,2501,2600,Decreciente,Recoleccion De Contenedores Verdes,112.62,6,7,Flores
6RECLDT8602F4,Balbastro,2601,2700,Doble,Recoleccion De Contenedores Verdes,116.89,6,7,Flores
6RECLDT8602F4,Balbastro,2701,2800,Doble,Recoleccion De Contenedores Verdes,173.16,6,7,Flores
6RECLDT8602F4,"Marti, Jose",1401,1500,Doble,Recoleccion De Contenedores Verdes,154.98,6,7,Flores
6RECLDT8602F4,Balbastro,2801,2850,Doble,Recoleccion De Contenedores Verdes,107.96,6,7,Flores
6RECLDT8602F4,Balbastro,2851,2900,Doble,Recoleccion De Contenedores Verdes,55.55,6,7,Flores
6RECLDT8602F4,San Pedrito,1401,1600,Creciente,Recoleccion De Contenedores Verdes,235.42,6,7,Flores
6RECLDT8603F4,"Bonorino, Esteban, Cnel. Av.",2001,2100,Doble,Recoleccion De Contenedores Verdes,131.57,6,7,Flores
6RECLDT8602F4,"Alvarez, Crisostomo",3101,3200,Creciente,Recoleccion De Contenedores Verdes,102.19,6,7,Flores
6RECLDT8602F4,Zuviria,3235,3300,Decreciente,Recoleccion De Contenedores Verdes,62.94,6,7,Flores
6RECLDT8602F4,Manco Capac,1501,1600,Doble,Recoleccion De Contenedores Verdes,137.61,6,7,Flores
6RECLDT8602F4,Santander,3101,3200,Doble,Recoleccion De Contenedores Verdes,101.85,6,7,Flores
6RECLDT8602F4,Balbastro,2901,3000,Doble,Recoleccion De Contenedores Verdes,179.13,6,7,Flores
6RECLDT8602F4,"Alvarez, Crisostomo",3301,3350,Creciente,Recoleccion De Contenedores Verdes,60.01,6,7,Flores
6RECLDT8602F4,Velazquez,3101,3200,Doble,Recoleccion De Contenedores Verdes,101.64,6,7,Flores
6RECLDT8602F4,Pergamino,1801,1900,Doble,Recoleccion De Contenedores Verdes,87.59,6,7,Flores
6RECLDT8602F4,Lafuente Av.,1501,1600,Doble,Recoleccion De Contenedores Verdes,137.55,6,7,Flores
6RECLDT8603F4,"Laferrere, Gregorio De",2370,2374,Decreciente,Recoleccion De Contenedores Verdes,9.86,6,7,Flores
6RECLDT8603F4,Charrua,2201,2300,Doble,Recoleccion De Contenedores Verdes,91.61,6,7,Flores
6RECLDT8603F4,Riestra Av.,0,2300,Decreciente,Recoleccion De Contenedores Verdes,121.03,6,7,Flores
6RECLDT8608F2,Tucuman,3801,3900,Creciente,Recoleccion De Contenedores Verdes,119.21,6,5,Almagro
6RECLDT8608F2,Rocamora,4201,4300,Decreciente,Recoleccion De Contenedores Verdes,143.27,6,5,Almagro
6RECLDT8608F2,Rocamora,4401,4500,Decreciente,Recoleccion De Contenedores Verdes,133.96,6,5,Almagro
6RECLDT8608F2,Tucuman,3601,3700,Creciente,Recoleccion De Contenedores Verdes,138.63,6,5,Almagro
6RECLDT8608F2,Gallo,901,1000,Creciente,Recoleccion De Contenedores Verdes,145.0,6,5,Almagro
6RECLDT8608F2,San Luis,3301,3400,Decreciente,Recoleccion De Contenedores Verdes,130.36,6,5,Almagro
6RECLDT8608F2,"Acuña De Figueroa, Francisco",1001,1100,Decreciente,Recoleccion De Contenedores Verdes,129.4,6,5,Almagro
6RECLDT8608F2,Billinghurst,917,1000,Creciente,Recoleccion De Contenedores Verdes,174.39,6,5,Almagro
6RECLDT8608F2,Tucuman,3401,3500,Creciente,Recoleccion De Contenedores Verdes,117.1,6,5,Almagro
6RECLDT8608F2,Guardia Vieja,4501,4600,Creciente,Recoleccion De Contenedores Verdes,140.68,6,5,Almagro
6RECLDT8608F2,Guardia Vieja,4301,4400,Creciente,Recoleccion De Contenedores Verdes,135.03,6,5,Almagro
6RECLDT8608F2,Guardia Vieja,4101,4200,Creciente,Recoleccion De Contenedores Verdes,141.59,6,5,Almagro
6RECLDT8608F2,Lavalle,3501,3600,Creciente,Recoleccion De Contenedores Verdes,98.53,6,5,Almagro
6RECLDT8608F2,Guardia Vieja,3901,4000,Creciente,Recoleccion De Contenedores Verdes,132.12,6,5,Almagro
6RECLDT8608F2,Humahuaca,4401,4500,Decreciente,Recoleccion De Contenedores Verdes,134.49,6,5,Almagro
6RECLDT8608F2,Guardia Vieja,3701,3800,Creciente,Recoleccion De Contenedores Verdes,143.81,6,5,Almagro
6RECLDT8608F2,Humahuaca,4201,4300,Decreciente,Recoleccion De Contenedores Verdes,142.18,6,5,Almagro
6RECLDT8608F2,Gallo,701,800,Creciente,Recoleccion De Contenedores Verdes,153.73,6,5,Almagro
6RECLDT8608F2,Lavalle,3301,3400,Creciente,Recoleccion De Contenedores Verdes,138.26,6,5,Almagro
6RECLDT8608F2,Humahuaca,4001,4100,Decreciente,Recoleccion De Contenedores Verdes,147.37,6,5,Almagro
6RECLDT8608F2,Guardia Vieja,3501,3600,Creciente,Recoleccion De Contenedores Verdes,111.99,6,5,Almagro
6RECLDT8608F2,Corrientes Av.,4651,4690,Decreciente,Recoleccion De Contenedores Verdes,76.14,6,5,Almagro
6RECLDT8608F2,Humahuaca,3801,3900,Decreciente,Recoleccion De Contenedores Verdes,132.43,6,5,Almagro
6RECLDT8608F2,Corrientes Av.,4501,4600,Decreciente,Recoleccion De Contenedores Verdes,147.5,6,5,Almagro
6RECLDT8608F2,Humahuaca,3601,3700,Decreciente,Recoleccion De Contenedores Verdes,100.04,6,5,Almagro
6RECLDT8608F2,Corrientes Av.,4301,4400,Decreciente,Recoleccion De Contenedores Verdes,134.51,6,5,Almagro
6RECLDT8608F2,Corrientes Av.,4101,4200,Decreciente,Recoleccion De Contenedores Verdes,142.38,6,5,Almagro
6RECLDT8608F2,Corrientes Av.,3901,4000,Decreciente,Recoleccion De Contenedores Verdes,133.16,6,5,Almagro
6RECLDT8608F2,Corrientes Av.,3701,3800,Decreciente,Recoleccion De Contenedores Verdes,118.49,6,5,Almagro
6RECLDT8608F2,Corrientes Av.,3501,3600,Decreciente,Recoleccion De Contenedores Verdes,107.53,6,5,Almagro
6RECLDT8608F2,Sarmiento,4601,4650,Creciente,Recoleccion De Contenedores Verdes,82.94,6,5,Almagro
6RECLDT8608F2,Sarmiento,4401,4500,Creciente,Recoleccion De Contenedores Verdes,136.64,6,5,Almagro
6RECLDT8611F2,"Machado, Antonio",1,100,Creciente,Recoleccion De Contenedores Verdes,91.29,6,6,Caballito
6RECLDT8611F2,"Ibarbourou, Juana De",1001,1100,Decreciente,Recoleccion De Contenedores Verdes,102.57,6,6,Caballito
6RECLDT8608F2,Sarmiento,4201,4300,Creciente,Recoleccion De Contenedores Verdes,141.97,6,5,Almagro
6RECLDT8608F2,Sarmiento,4001,4100,Creciente,Recoleccion De Contenedores Verdes,149.47,6,5,Almagro
6RECLDT8608F2,Sarmiento,3601,3700,Creciente,Recoleccion De Contenedores Verdes,95.76,6,5,Almagro
6RECLDT8610F2,Pujol,1501,1600,Decreciente,Recoleccion De Contenedores Verdes,74.36,6,6,Caballito
6RECLDT8608F2,Lambare,801,860,Decreciente,Recoleccion De Contenedores Verdes,113.95,6,5,Almagro
6RECLDT8608F2,Yatay,501,600,Creciente,Recoleccion De Contenedores Verdes,104.55,6,5,Almagro
6RECLDT8608F2,"Peron, Juan Domingo, Tte. General",4201,4300,Creciente,Recoleccion De Contenedores Verdes,134.08,6,5,Almagro
6RECLDT8610F2,"Belaustegui, Luis, Dr.",1101,1200,Decreciente,Recoleccion De Contenedores Verdes,123.83,6,6,Caballito
6RECLDT8608F2,"Peron, Juan Domingo, Tte. General",4001,4100,Creciente,Recoleccion De Contenedores Verdes,159.28,6,5,Almagro
6RECLDT8608F2,Sarmiento,3401,3500,Creciente,Recoleccion De Contenedores Verdes,122.42,6,5,Almagro
6RECLDT8611F2,"Machado, Antonio",601,700,Decreciente,Recoleccion De Contenedores Verdes,134.24,6,6,Caballito
6RECLDT8611F2,Cangallo,1,100,Creciente,Recoleccion De Contenedores Verdes,143.32,6,6,Caballito
6RECLDT8610F2,Fragata Pres. Sarmiento,1601,1800,Creciente,Recoleccion De Contenedores Verdes,173.09,6,6,Caballito
6RECLDT8608F2,"Peron, Juan Domingo, Tte. General",3601,3700,Creciente,Recoleccion De Contenedores Verdes,123.17,6,5,Almagro
6RECLDT8610F2,Tres Arroyos,1101,1200,Creciente,Recoleccion De Contenedores Verdes,125.89,6,6,Caballito
6RECLDT8610F2,"Belaustegui, Luis, Dr.",1301,1400,Decreciente,Recoleccion De Contenedores Verdes,116.99,6,6,Caballito
6RECLDT8610F2,Cucha Cucha,1301,1400,Decreciente,Recoleccion De Contenedores Verdes,98.87,6,6,Caballito
6RECLDT8608F2,"Peron, Juan Domingo, Tte. General",3401,3500,Creciente,Recoleccion De Contenedores Verdes,142.7,6,5,Almagro
6RECLDT8608F2,Potosi,3901,4000,Creciente,Recoleccion De Contenedores Verdes,137.36,6,5,Almagro
6RECLDT8608F2,Potosi,4001,4100,Creciente,Recoleccion De Contenedores Verdes,156.84,6,5,Almagro
6RECLDT8608F2,Potosi,4301,4400,Creciente,Recoleccion De Contenedores Verdes,136.63,6,5,Almagro
6RECLDT8610F2,"Segui, F. J., Alte.",1601,1700,Creciente,Recoleccion De Contenedores Verdes,131.02,6,6,Caballito
6RECLDT8611F2,"Marechal, Leopoldo",901,1000,Doble,Recoleccion De Contenedores Verdes,128.71,6,6,Caballito
6RECLDT8611F2,Acoyte,901,950,Creciente,Recoleccion De Contenedores Verdes,73.07,6,6,Caballito
6RECLDT8611F2,Olaya,1021,1100,Decreciente,Recoleccion De Contenedores Verdes,130.78,6,6,Caballito
6RECLDT8611F2,Estivao,101,136,Creciente,Recoleccion De Contenedores Verdes,78.94,6,6,Caballito
6RECLDT8610F2,Galicia,1001,1100,Decreciente,Recoleccion De Contenedores Verdes,131.93,6,6,Caballito
6RECLDT8610F2,Espinosa,1401,1500,Creciente,Recoleccion De Contenedores Verdes,172.57,6,6,Caballito
6RECLDT8610F2,"Belaustegui, Luis, Dr.",1501,1550,Decreciente,Recoleccion De Contenedores Verdes,69.77,6,6,Caballito
6RECLDT8610F2,"Figueroa, D. Apolinario, Coronel",801,900,Decreciente,Recoleccion De Contenedores Verdes,114.93,6,6,Caballito
6RECLDT8611F2,Diaz Velez Av.,5501,5600,Decreciente,Recoleccion De Contenedores Verdes,136.41,6,6,Caballito
6RECLDT8611F2,Diaz Velez Av.,5401,5500,Decreciente,Recoleccion De Contenedores Verdes,124.75,6,6,Caballito
6RECLDT8611F2,Diaz Velez Av.,5301,5400,Decreciente,Recoleccion De Contenedores Verdes,75.66,6,6,Caballito
6RECLDT8608F2,Diaz Velez Av.,3701,3800,Decreciente,Recoleccion De Contenedores Verdes,116.43,6,5,Almagro
6RECLDT8608F2,"Salguero, Jeronimo",201,300,Creciente,Recoleccion De Contenedores Verdes,140.99,6,5,Almagro
6RECLDT8608F2,Diaz Velez Av.,3901,4000,Decreciente,Recoleccion De Contenedores Verdes,137.13,6,5,Almagro
6RECLDT8608F2,Diaz Velez Av.,4101,4200,Decreciente,Recoleccion De Contenedores Verdes,143.76,6,5,Almagro
6RECLDT8608F2,Rawson,301,400,Decreciente,Recoleccion De Contenedores Verdes,154.72,6,5,Almagro
6RECLDT8610F2,Pujol,1201,1300,Creciente,Recoleccion De Contenedores Verdes,126.36,6,6,Caballito
6RECLDT8610F2,Tres Arroyos,1401,1500,Creciente,Recoleccion De Contenedores Verdes,126.27,6,6,Caballito
6RECLDT8608F2,Diaz Velez Av.,4301,4400,Decreciente,Recoleccion De Contenedores Verdes,132.87,6,5,Almagro
6RECLDT8611F2,Diaz Velez Av.,4601,4700,Decreciente,Recoleccion De Contenedores Verdes,74.73,6,6,Caballito
6RECLDT8611F2,Diaz Velez Av.,0,4900,Decreciente,Recoleccion De Contenedores Verdes,127.62,6,6,Caballito
6RECLDT8611F2,Diaz Velez Av.,5001,5100,Decreciente,Recoleccion De Contenedores Verdes,128.48,6,6,Caballito
6RECLDT8611F2,Diaz Velez Av.,5201,5300,Decreciente,Recoleccion De Contenedores Verdes,121.76,6,6,Caballito
6RECLDT8610F2,Gaona Av.,1301,1400,Creciente,Recoleccion De Contenedores Verdes,116.83,6,6,Caballito
6RECLDT8610F2,Galicia,1201,1300,Decreciente,Recoleccion De Contenedores Verdes,127.82,6,6,Caballito
6RECLDT8610F2,Fragata Pres. Sarmiento,1401,1500,Creciente,Recoleccion De Contenedores Verdes,172.59,6,6,Caballito
6RECLDT8611F2,"Pueyrredon, Honorio, Dr. Av.",0,1050,Decreciente,Recoleccion De Contenedores Verdes,80.87,6,6,Caballito
6RECLDT8610F2,"Viale, Luis",1101,1200,Creciente,Recoleccion De Contenedores Verdes,130.0,6,6,Caballito
6RECLDT8611F2,Franklin,842,875,Decreciente,Recoleccion De Contenedores Verdes,39.79,6,6,Caballito
6RECLDT8610F2,Galicia,1301,1400,Decreciente,Recoleccion De Contenedores Verdes,117.08,6,6,Caballito
6RECLDT8610F2,"Figueroa, D. Apolinario, Coronel",1041,1100,Decreciente,Recoleccion De Contenedores Verdes,76.24,6,6,Caballito
6RECLDT8610F2,Tres Arroyos,1601,1700,Creciente,Recoleccion De Contenedores Verdes,96.09,6,6,Caballito
6RECLDT8608F2,"Mitre, Bartolome",3601,3700,Decreciente,Recoleccion De Contenedores Verdes,114.32,6,5,Almagro
6RECLDT8611F2,"Jauretche, Arturo",24,100,Decreciente,Recoleccion De Contenedores Verdes,104.04,6,6,Caballito
6RECLDT8610F2,"Gainza, Martin De, Gral.",1001,1050,Decreciente,Recoleccion De Contenedores Verdes,122.58,6,6,Caballito
6RECLDT8610F2,Gaona Av.,1501,1600,Creciente,Recoleccion De Contenedores Verdes,113.31,6,6,Caballito
6RECLDT8610F2,"Segui, F. J., Alte.",1401,1500,Creciente,Recoleccion De Contenedores Verdes,173.43,6,6,Caballito
6RECLDT8608F2,"Mitre, Bartolome",4001,4100,Decreciente,Recoleccion De Contenedores Verdes,163.09,6,5,Almagro
6RECLDT8611F2,Hidalgo,802,887,Decreciente,Recoleccion De Contenedores Verdes,126.86,6,6,Caballito
6RECLDT8610F2,"Viale, Luis",1301,1400,Creciente,Recoleccion De Contenedores Verdes,117.28,6,6,Caballito
6RECLDT8611F2,"Aranguren, Juan F., Dr.",41,100,Creciente,Recoleccion De Contenedores Verdes,109.81,6,6,Caballito
6RECLDT8610F2,Galicia,1501,1600,Decreciente,Recoleccion De Contenedores Verdes,74.68,6,6,Caballito
6RECLDT8611F2,Planes,808,850,Creciente,Recoleccion De Contenedores Verdes,69.56,6,6,Caballito
6RECLDT8611F2,"Virasoro, Valentin",801,900,Creciente,Recoleccion De Contenedores Verdes,124.08,6,6,Caballito
6RECLDT8608F2,"Mitre, Bartolome",4201,4300,Decreciente,Recoleccion De Contenedores Verdes,133.21,6,5,Almagro
6RECLDT8611F2,"Jauretche, Arturo",201,246,Decreciente,Recoleccion De Contenedores Verdes,99.98,6,6,Caballito
6RECLDT8611F2,Rojas,901,1000,Decreciente,Recoleccion De Contenedores Verdes,127.96,6,6,Caballito
6RECLDT8610F2,"Figueroa, D. Apolinario, Coronel",1201,1300,Decreciente,Recoleccion De Contenedores Verdes,130.57,6,6,Caballito
6RECLDT8611F2,Acoyte Av.,701,800,Doble,Recoleccion De Contenedores Verdes,234.82,6,6,Caballito
6RECLDT8610F2,Franklin,1001,1050,Decreciente,Recoleccion De Contenedores Verdes,115.63,6,6,Caballito
6RECLDT8608F2,Billinghurst,1,100,Creciente,Recoleccion De Contenedores Verdes,153.62,6,5,Almagro
6RECLDT8611F2,"Pueyrredon, Honorio, Dr. Av.",0,900,Decreciente,Recoleccion De Contenedores Verdes,124.43,6,6,Caballito
6RECLDT8608F2,"Mitre, Bartolome",4401,4500,Decreciente,Recoleccion De Contenedores Verdes,131.44,6,5,Almagro
6RECLDT8610F2,"Guido y Spano, Carlos",1101,1200,Creciente,Recoleccion De Contenedores Verdes,152.1,6,6,Caballito
6RECLDT8610F2,"Gainza, Martin De, Gral.",901,1000,Decreciente,Recoleccion De Contenedores Verdes,141.34,6,6,Caballito
6RECLDT8608F2,"Salguero, Jeronimo",1,100,Creciente,Recoleccion De Contenedores Verdes,158.02,6,5,Almagro
6RECLDT8611F2,Escribano,101,150,Creciente,Recoleccion De Contenedores Verdes,76.56,6,6,Caballito
6RECLDT8611F2,"Aranguren, Juan F., Dr.",201,250,Creciente,Recoleccion De Contenedores Verdes,87.48,6,6,Caballito
6RECLDT8611F2,"Vallese, Felipe",401,500,Creciente,Recoleccion De Contenedores Verdes,154.32,6,6,Caballito
6RECLDT8611F2,Avellaneda,1,100,Decreciente,Recoleccion De Contenedores Verdes,139.89,6,6,Caballito
6RECLDT8610F2,Franklin,1101,1200,Decreciente,Recoleccion De Contenedores Verdes,136.61,6,6,Caballito
6RECLDT8610F2,Espinosa,1001,1100,Creciente,Recoleccion De Contenedores Verdes,135.31,6,6,Caballito
6RECLDT8610F2,"Segui, F. J., Alte.",1201,1300,Creciente,Recoleccion De Contenedores Verdes,127.58,6,6,Caballito
6RECLDT8611F2,Arengreen,871,900,Decreciente,Recoleccion De Contenedores Verdes,52.65,6,6,Caballito
6RECLDT8608F2,Don Bosco,3401,3500,Decreciente,Recoleccion De Contenedores Verdes,126.16,6,5,Almagro
6RECLDT8608F2,Querandies,4401,4500,Creciente,Recoleccion De Contenedores Verdes,137.42,6,5,Almagro
6RECLDT8610F2,Gaona Av.,1901,2000,Creciente,Recoleccion De Contenedores Verdes,62.22,6,6,Caballito
6RECLDT8608F2,Maza,1,100,Decreciente,Recoleccion De Contenedores Verdes,152.43,6,5,Almagro
6RECLDT8610F2,Planes,1101,1150,Creciente,Recoleccion De Contenedores Verdes,108.91,6,6,Caballito
6RECLDT8610F2,"Repetto, Nicolas, Dr.",801,900,Creciente,Recoleccion De Contenedores Verdes,126.19,6,6,Caballito
6RECLDT8610F2,"Oroño, Nicasio",1101,1200,Decreciente,Recoleccion De Contenedores Verdes,158.95,6,6,Caballito
6RECLDT8611F2,"Aranguren, Juan F., Dr.",401,470,Creciente,Recoleccion De Contenedores Verdes,99.94,6,6,Caballito
6RECLDT8610F2,Franklin,1301,1348,Decreciente,Recoleccion De Contenedores Verdes,63.73,6,6,Caballito
6RECLDT8608F2,Gascon,1,80,Creciente,Recoleccion De Contenedores Verdes,129.73,6,5,Almagro
6RECLDT8608F2,Lezica,4201,4300,Decreciente,Recoleccion De Contenedores Verdes,129.49,6,5,Almagro
6RECLDT8611F2,Acoyte Av.,501,700,Doble,Recoleccion De Contenedores Verdes,236.56,6,6,Caballito
6RECLDT8608F2,Colombres,1,100,Decreciente,Recoleccion De Contenedores Verdes,195.49,6,5,Almagro
6RECLDT8610F2,"Vallese, Felipe",701,800,Creciente,Recoleccion De Contenedores Verdes,148.43,6,6,Caballito
6RECLDT8610F2,Gaona Av.,2001,2100,Creciente,Recoleccion De Contenedores Verdes,120.48,6,6,Caballito
6RECLDT8611F2,"Pueyrredon, Honorio, Dr. Av.",0,700,Decreciente,Recoleccion De Contenedores Verdes,138.46,6,6,Caballito
6RECLDT8611F2,Otamendi,301,400,Decreciente,Recoleccion De Contenedores Verdes,101.35,6,6,Caballito
6RECLDT8610F2,Franklin,1401,1500,Decreciente,Recoleccion De Contenedores Verdes,67.32,6,6,Caballito
6RECLDT8608F2,Castro Barros Av.,1,100,Creciente,Recoleccion De Contenedores Verdes,191.17,6,5,Almagro
6RECLDT8610F2,Espinosa,847,900,Creciente,Recoleccion De Contenedores Verdes,64.4,6,6,Caballito
6RECLDT8610F2,Arengreen,1101,1200,Decreciente,Recoleccion De Contenedores Verdes,108.89,6,6,Caballito
6RECLDT8611F2,Avellaneda,301,400,Decreciente,Recoleccion De Contenedores Verdes,144.26,6,6,Caballito
6RECLDT8607F2,Sanchez De Loria,201,300,Creciente,Recoleccion De Contenedores Verdes,93.96,6,5,Almagro
6RECLDT8610F2,"Gainza, Martin De, Gral.",701,800,Decreciente,Recoleccion De Contenedores Verdes,131.51,6,6,Caballito
6RECLDT8610F2,Mendez De Andes,501,600,Decreciente,Recoleccion De Contenedores Verdes,133.36,6,6,Caballito
6RECLDT8611F2,"Aranguren, Juan F., Dr.",501,600,Creciente,Recoleccion De Contenedores Verdes,175.54,6,6,Caballito
6RECLDT8611F2,"Acevedo, Eduardo",201,300,Creciente,Recoleccion De Contenedores Verdes,148.75,6,6,Caballito
6RECLDT8610F2,Planes,1351,1400,Creciente,Recoleccion De Contenedores Verdes,59.45,6,6,Caballito
6RECLDT8610F2,Paysandu,851,900,Decreciente,Recoleccion De Contenedores Verdes,64.78,6,6,Caballito
6RECLDT8608F2,Don Bosco,4101,4200,Decreciente,Recoleccion De Contenedores Verdes,136.34,6,5,Almagro
6RECLDT8608F2,Boedo,101,200,Creciente,Recoleccion De Contenedores Verdes,162.68,6,5,Almagro
6RECLDT8610F2,Rojas,601,700,Decreciente,Recoleccion De Contenedores Verdes,140.55,6,6,Caballito
6RECLDT8611F2,Acoyte Av.,401,500,Doble,Recoleccion De Contenedores Verdes,152.4,6,6,Caballito
6RECLDT8611F2,Campichuelo,251,300,Creciente,Recoleccion De Contenedores Verdes,110.54,6,6,Caballito
6RECLDT8607F2,Liniers Virrey,201,300,Decreciente,Recoleccion De Contenedores Verdes,139.38,6,5,Almagro
6RECLDT8611F2,Bogota,301,350,Creciente,Recoleccion De Contenedores Verdes,110.31,6,6,Caballito
6RECLDT8610F2,Arengreen,1301,1400,Decreciente,Recoleccion De Contenedores Verdes,127.46,6,6,Caballito
6RECLDT8610F2,"Vallese, Felipe",951,1000,Creciente,Recoleccion De Contenedores Verdes,114.37,6,6,Caballito
6RECLDT8608F2,Yatay,1,100,Creciente,Recoleccion De Contenedores Verdes,138.2,6,5,Almagro
6RECLDT8608F2,"Yrigoyen, Hipolito Av.",3701,3800,Doble,Recoleccion De Contenedores Verdes,158.63,6,5,Almagro
6RECLDT8610F2,"Repetto, Nicolas, Dr.",601,700,Creciente,Recoleccion De Contenedores Verdes,145.38,6,6,Caballito
6RECLDT8608F2,Yapeyu,101,200,Creciente,Recoleccion De Contenedores Verdes,147.07,6,5,Almagro
6RECLDT8611F2,"Pueyrredon, Honorio, Dr. Av.",0,500,Decreciente,Recoleccion De Contenedores Verdes,102.89,6,6,Caballito
6RECLDT8611F2,"Flores, Venancio, Gral.",101,200,Decreciente,Recoleccion De Contenedores Verdes,140.06,6,6,Caballito
6RECLDT8608F2,"Yrigoyen, Hipolito Av.",4101,4200,Doble,Recoleccion De Contenedores Verdes,128.5,6,5,Almagro
6RECLDT8608F2,"Marmol, Jose",1,100,Decreciente,Recoleccion De Contenedores Verdes,132.71,6,5,Almagro
6RECLDT8610F2,"Aranguren, Juan F., Dr.",701,800,Creciente,Recoleccion De Contenedores Verdes,134.7,6,6,Caballito
6RECLDT8610F2,"Oroño, Nicasio",801,900,Decreciente,Recoleccion De Contenedores Verdes,127.49,6,6,Caballito
6RECLDT8611F2,"Araoz Alfaro, Gregorio, Dr",301,400,Decreciente,Recoleccion De Contenedores Verdes,109.02,6,6,Caballito
6RECLDT8607F2,Belgrano Av.,3301,3400,Decreciente,Recoleccion De Contenedores Verdes,142.5,6,5,Almagro
6RECLDT8610F2,"Gainza, Martin De, Gral.",563,600,Decreciente,Recoleccion De Contenedores Verdes,68.17,6,6,Caballito
6RECLDT8607F2,Maza,301,400,Decreciente,Recoleccion De Contenedores Verdes,132.63,6,5,Almagro
6RECLDT8610F2,Neuquen,1401,1449,Decreciente,Recoleccion De Contenedores Verdes,65.07,6,6,Caballito
6RECLDT8610F2,"Biedma, Jose Juan",801,950,Creciente,Recoleccion De Contenedores Verdes,221.89,6,6,Caballito
6RECLDT8610F2,Fragata Pres. Sarmiento,701,800,Creciente,Recoleccion De Contenedores Verdes,120.14,6,6,Caballito
6RECLDT8610F2,Neuquen,1167,1220,Decreciente,Recoleccion De Contenedores Verdes,40.98,6,6,Caballito
6RECLDT8611F2,Rivadavia Av.,4602,4636,Creciente,Recoleccion De Contenedores Verdes,54.36,6,6,Caballito
6RECLDT8607F2,Colombres,201,300,Decreciente,Recoleccion De Contenedores Verdes,118.3,6,5,Almagro
6RECLDT8607F2,Belgrano,3901,4000,Decreciente,Recoleccion De Contenedores Verdes,119.55,6,5,Almagro
6RECLDT8607F2,"Bocayuva, Quintino",201,300,Decreciente,Recoleccion De Contenedores Verdes,117.52,6,5,Almagro
6RECLDT8610F2,Neuquen,1601,1700,Decreciente,Recoleccion De Contenedores Verdes,104.91,6,6,Caballito
6RECLDT8610F2,Mendez De Andes,901,960,Decreciente,Recoleccion De Contenedores Verdes,72.02,6,6,Caballito
6RECLDT8611F2,Acoyte Av.,201,300,Doble,Recoleccion De Contenedores Verdes,141.18,6,6,Caballito
6RECLDT8611F2,Hidalgo,301,400,Decreciente,Recoleccion De Contenedores Verdes,144.37,6,6,Caballito
6RECLDT8610F2,Neuquen,701,744,Decreciente,Recoleccion De Contenedores Verdes,111.8,6,6,Caballito
6RECLDT8610F2,Neuquen,801,900,Creciente,Recoleccion De Contenedores Verdes,156.13,6,6,Caballito
6RECLDT8610F2,Neuquen,1001,1049,Creciente,Recoleccion De Contenedores Verdes,91.82,6,6,Caballito
6RECLDT8607F2,Muñiz,101,200,Decreciente,Recoleccion De Contenedores Verdes,121.75,6,5,Almagro
6RECLDT8611F2,Otamendi,1,100,Decreciente,Recoleccion De Contenedores Verdes,138.43,6,6,Caballito
6RECLDT8607F2,Castro Barros Av.,301,400,Doble,Recoleccion De Contenedores Verdes,93.78,6,5,Almagro
6RECLDT8611F2,Rivadavia Av.,4742,4800,Creciente,Recoleccion De Contenedores Verdes,67.53,6,6,Caballito
6RECLDT8607F2,Treinta y Tres Orientales,201,300,Creciente,Recoleccion De Contenedores Verdes,114.96,6,5,Almagro
6RECLDT8607F2,"Marmol, Jose",201,300,Creciente,Recoleccion De Contenedores Verdes,115.03,6,5,Almagro
6RECLDT8610F2,Mendez De Andes,1201,1300,Decreciente,Recoleccion De Contenedores Verdes,112.24,6,6,Caballito
6RECLDT8611F2,Bacacay,601,700,Creciente,Recoleccion De Contenedores Verdes,119.91,6,6,Caballito
6RECLDT8610F2,"Vallese, Felipe",1501,1600,Creciente,Recoleccion De Contenedores Verdes,101.19,6,6,Caballito
6RECLDT8607F2,La Plata Av.,1,200,Doble,Recoleccion De Contenedores Verdes,218.08,6,5,Almagro
6RECLDT8611F2,Senillosa,1,100,Creciente,Recoleccion De Contenedores Verdes,197.36,6,6,Caballito
6RECLDT8607F2,Maza,401,500,Decreciente,Recoleccion De Contenedores Verdes,182.08,6,5,Almagro
6RECLDT8610F2,"Aranguren, Juan F., Dr.",1101,1200,Creciente,Recoleccion De Contenedores Verdes,86.44,6,6,Caballito
6RECLDT8610F2,"Biedma, Jose Juan",601,700,Creciente,Recoleccion De Contenedores Verdes,128.79,6,6,Caballito
6RECLDT8610F2,Avellaneda,1051,1100,Decreciente,Recoleccion De Contenedores Verdes,92.56,6,6,Caballito
6RECLDT8611F2,Chaco,152,200,Doble,Recoleccion De Contenedores Verdes,59.07,6,6,Caballito
6RECLDT8607F2,Republica Bolivariana De Venezuela,3801,3900,Decreciente,Recoleccion De Contenedores Verdes,77.99,6,5,Almagro
6RECLDT8607F2,Yapeyu,401,500,Creciente,Recoleccion De Contenedores Verdes,104.66,6,5,Almagro
6RECLDT8610F2,Bogota,801,900,Doble,Recoleccion De Contenedores Verdes,143.03,6,6,Caballito
6RECLDT8610F2,Mendez De Andes,1401,1500,Decreciente,Recoleccion De Contenedores Verdes,127.87,6,6,Caballito
6RECLDT8607F2,Republica Bolivariana De Venezuela,4201,4250,Decreciente,Recoleccion De Contenedores Verdes,60.04,6,5,Almagro
6RECLDT8607F2,Muñiz,301,400,Decreciente,Recoleccion De Contenedores Verdes,120.01,6,5,Almagro
6RECLDT8609F2,Yerbal,501,600,Creciente,Recoleccion De Contenedores Verdes,126.45,6,6,Caballito
6RECLDT8607F2,Liniers Virrey,537,600,Decreciente,Recoleccion De Contenedores Verdes,121.45,6,5,Almagro
6RECLDT8611F2,La Plata Av.,201,300,Doble,Recoleccion De Contenedores Verdes,125.15,6,5,Almagro
6RECLDT8609F2,Acoyte Av.,1,100,Doble,Recoleccion De Contenedores Verdes,147.57,6,6,Caballito
6RECLDT8610F2,Avellaneda Av.,1201,1240,Decreciente,Recoleccion De Contenedores Verdes,98.21,6,6,Caballito
6RECLDT8610F2,"Aranguren, Juan F., Dr.",1301,1400,Creciente,Recoleccion De Contenedores Verdes,124.0,6,6,Caballito
6RECLDT8607F2,Boedo Av.,401,500,Creciente,Recoleccion De Contenedores Verdes,134.65,6,5,Almagro
6RECLDT8607F2,Colombres,401,500,Decreciente,Recoleccion De Contenedores Verdes,134.2,6,5,Almagro
6RECLDT8610F2,"Alvarez, Donato, Tte. Gral.",501,600,Doble,Recoleccion De Contenedores Verdes,156.42,6,6,Caballito
6RECLDT8609F2,Yerbal,601,700,Creciente,Recoleccion De Contenedores Verdes,127.98,6,6,Caballito
6RECLDT8607F2,Agrelo,3901,3950,Creciente,Recoleccion De Contenedores Verdes,91.82,6,5,Almagro
6RECLDT8607F2,"Bocayuva, Quintino",501,600,Decreciente,Recoleccion De Contenedores Verdes,134.02,6,5,Almagro
6RECLDT8607F2,Agrelo,4151,4200,Creciente,Recoleccion De Contenedores Verdes,61.96,6,5,Almagro
6RECLDT8610F2,"Aranguren, Juan F., Dr.",1501,1600,Creciente,Recoleccion De Contenedores Verdes,129.51,6,6,Caballito
6RECLDT8607F2,Muñiz,401,500,Decreciente,Recoleccion De Contenedores Verdes,129.36,6,5,Almagro
6RECLDT8609F2,"Moreno, Jose Maria Av.",1,100,Doble,Recoleccion De Contenedores Verdes,128.2,6,6,Caballito
6RECLDT8607F2,Sanchez De Loria,701,800,Creciente,Recoleccion De Contenedores Verdes,147.35,6,5,Almagro
6RECLDT8607F2,La Plata Av.,301,400,Doble,Recoleccion De Contenedores Verdes,127.5,6,5,Almagro
6RECLDT8609F2,Rivadavia Av.,5101,5200,Creciente,Recoleccion De Contenedores Verdes,131.76,6,6,Caballito
6RECLDT8611F2,Guayaquil,1,100,Creciente,Recoleccion De Contenedores Verdes,130.93,6,6,Caballito
6RECLDT8611F2,Senillosa,201,300,Creciente,Recoleccion De Contenedores Verdes,128.44,6,6,Caballito
6RECLDT8610F2,Morelos,501,600,Decreciente,Recoleccion De Contenedores Verdes,170.13,6,6,Caballito
6RECLDT8610F2,"Garcia Lorca, Federico",107,300,Creciente,Recoleccion De Contenedores Verdes,145.99,6,6,Caballito
6RECLDT8607F2,Maza,601,700,Decreciente,Recoleccion De Contenedores Verdes,150.22,6,5,Almagro
6RECLDT8607F2,Castro Barros,601,700,Creciente,Recoleccion De Contenedores Verdes,137.2,6,5,Almagro
6RECLDT8611F2,Guayaquil,201,300,Creciente,Recoleccion De Contenedores Verdes,154.99,6,6,Caballito
6RECLDT8611F2,Viel,201,300,Creciente,Recoleccion De Contenedores Verdes,129.66,6,6,Caballito
6RECLDT8607F2,"Bocayuva, Quintino",601,700,Decreciente,Recoleccion De Contenedores Verdes,135.17,6,5,Almagro
6RECLDT8610F2,Avellaneda Av.,1501,1550,Decreciente,Recoleccion De Contenedores Verdes,68.51,6,6,Caballito
6RECLDT8607F2,Treinta y Tres Orientales,501,600,Creciente,Recoleccion De Contenedores Verdes,137.53,6,5,Almagro
6RECLDT8609F2,"Moreno, Jose Maria Av.",101,200,Doble,Recoleccion De Contenedores Verdes,122.13,6,6,Caballito
6RECLDT8609F2,Rivadavia Av.,5301,5400,Creciente,Recoleccion De Contenedores Verdes,99.69,6,6,Caballito
6RECLDT8609F2,Yerbal,952,1000,Creciente,Recoleccion De Contenedores Verdes,93.07,6,6,Caballito
6RECLDT8607F2,Mexico,4301,4400,Decreciente,Recoleccion De Contenedores Verdes,109.84,6,5,Almagro
6RECLDT8611F2,La Plata Av.,401,500,Doble,Recoleccion De Contenedores Verdes,141.79,6,5,Almagro
6RECLDT8607F2,Independencia Av.,3301,3400,Creciente,Recoleccion De Contenedores Verdes,117.72,6,5,Almagro
6RECLDT8610F2,Avellaneda Av.,1601,1700,Decreciente,Recoleccion De Contenedores Verdes,104.01,6,6,Caballito
6RECLDT8607F2,Independencia Av.,3501,3600,Creciente,Recoleccion De Contenedores Verdes,130.26,6,5,Almagro
6RECLDT8609F2,Riglos,101,200,Creciente,Recoleccion De Contenedores Verdes,145.32,6,6,Caballito
6RECLDT8611F2,Formosa,201,300,Decreciente,Recoleccion De Contenedores Verdes,140.69,6,6,Caballito
6RECLDT8607F2,Colombres,601,700,Decreciente,Recoleccion De Contenedores Verdes,131.95,6,5,Almagro
6RECLDT8609F2,"Repetto, Nicolas, Dr.",1,100,Creciente,Recoleccion De Contenedores Verdes,141.02,6,6,Caballito
6RECLDT8607F2,Independencia Av.,3701,3800,Creciente,Recoleccion De Contenedores Verdes,124.98,6,5,Almagro
6RECLDT8609F2,"Moreno, Jose Maria Av.",201,300,Doble,Recoleccion De Contenedores Verdes,100.69,6,6,Caballito
6RECLDT8607F2,Yapeyu,701,800,Creciente,Recoleccion De Contenedores Verdes,134.27,6,5,Almagro
6RECLDT8609F2,Guayaquil,601,638,Decreciente,Recoleccion De Contenedores Verdes,75.34,6,6,Caballito
6RECLDT8607F2,Independencia Av.,3949,4000,Creciente,Recoleccion De Contenedores Verdes,70.15,6,5,Almagro
6RECLDT8609F2,Guayaquil,639,700,Decreciente,Recoleccion De Contenedores Verdes,60.14,6,6,Caballito
6RECLDT8609F2,San Jose De Calasanz,101,200,Decreciente,Recoleccion De Contenedores Verdes,161.43,6,6,Caballito
6RECLDT8607F2,Independencia Av.,4101,4200,Creciente,Recoleccion De Contenedores Verdes,104.14,6,5,Almagro
6RECLDT8607F2,"Marmol, Jose",601,700,Creciente,Recoleccion De Contenedores Verdes,139.44,6,5,Almagro
6RECLDT8609F2,Yerbal,1101,1200,Creciente,Recoleccion De Contenedores Verdes,117.0,6,6,Caballito
6RECLDT8609F2,Guayaquil,781,900,Decreciente,Recoleccion De Contenedores Verdes,165.47,6,6,Caballito
6RECLDT8610F2,Morelos,301,400,Decreciente,Recoleccion De Contenedores Verdes,135.49,6,6,Caballito
6RECLDT8607F2,Independencia Av.,4301,4400,Creciente,Recoleccion De Contenedores Verdes,109.65,6,5,Almagro
6RECLDT8607F2,La Plata Av.,546,600,Doble,Recoleccion De Contenedores Verdes,83.71,6,5,Almagro
6RECLDT8609F2,Rivadavia Av.,0,5649,Creciente,Recoleccion De Contenedores Verdes,86.9,6,6,Caballito
6RECLDT8609F2,Formosa,601,650,Creciente,Recoleccion De Contenedores Verdes,70.35,6,6,Caballito
6RECLDT8607F2,Maza,801,900,Decreciente,Recoleccion De Contenedores Verdes,158.22,6,5,Boedo
6RECLDT8611F2,Senillosa,401,500,Creciente,Recoleccion De Contenedores Verdes,168.7,6,6,Caballito
6RECLDT8607F2,Boedo Av.,701,800,Creciente,Recoleccion De Contenedores Verdes,163.89,6,5,Boedo
6RECLDT8611F2,"Alberdi, Juan Bautista Av.",101,200,Creciente,Recoleccion De Contenedores Verdes,145.49,6,6,Caballito
6RECLDT8607F2,Colombres,701,800,Decreciente,Recoleccion De Contenedores Verdes,167.14,6,5,Boedo
6RECLDT8611F2,"Alberdi, Juan Bautista Av.",201,300,Creciente,Recoleccion De Contenedores Verdes,130.0,6,6,Caballito
6RECLDT8609F2,"Alberdi, Juan Bautista Av.",951,1000,Creciente,Recoleccion De Contenedores Verdes,61.56,6,6,Caballito
6RECLDT8609F2,Rivadavia Av.,5701,5799,Doble,Recoleccion De Contenedores Verdes,124.2,6,6,Caballito
6RECLDT8607F2,Estados Unidos,3901,3966,Decreciente,Recoleccion De Contenedores Verdes,71.71,6,5,Boedo
6RECLDT8607F2,"Bocayuva, Quintino",851,900,Decreciente,Recoleccion De Contenedores Verdes,81.84,6,5,Boedo
6RECLDT8609F2,"Alberdi, Juan Bautista Av.",1001,1100,Creciente,Recoleccion De Contenedores Verdes,162.91,6,6,Caballito
6RECLDT8609F2,"Alberdi, Juan Bautista Av.",801,900,Creciente,Recoleccion De Contenedores Verdes,130.03,6,6,Caballito
6RECLDT8611F2,"Alberdi, Juan Bautista Av.",401,500,Creciente,Recoleccion De Contenedores Verdes,114.67,6,6,Caballito
6RECLDT8609F2,"Moreno, Jose Maria Av.",301,400,Doble,Recoleccion De Contenedores Verdes,203.06,6,6,Caballito
6RECLDT8609F2,"Alberdi, Juan Bautista Av.",701,750,Creciente,Recoleccion De Contenedores Verdes,71.18,6,6,Caballito
6RECLDT8609F2,"Alberdi, Juan Bautista Av.",501,600,Creciente,Recoleccion De Contenedores Verdes,147.97,6,6,Caballito
6RECLDT8609F2,"Alberdi, Juan Bautista Av.",601,650,Creciente,Recoleccion De Contenedores Verdes,61.71,6,6,Caballito
6RECLDT8607F2,"Marmol, Jose",701,800,Creciente,Recoleccion De Contenedores Verdes,181.47,6,5,Boedo
6RECLDT8609F2,Fragata Pres. Sarmiento,1,100,Decreciente,Recoleccion De Contenedores Verdes,140.07,6,6,Caballito
6RECLDT8607F2,Liniers Virrey,901,1000,Decreciente,Recoleccion De Contenedores Verdes,138.88,6,5,Boedo
6RECLDT8607F2,Muñiz,701,800,Decreciente,Recoleccion De Contenedores Verdes,176.64,6,5,Boedo
6RECLDT8607F2,San Ignacio,3601,3700,Creciente,Recoleccion De Contenedores Verdes,145.79,6,5,Boedo
6RECLDT8611F2,La Plata Av.,601,700,Doble,Recoleccion De Contenedores Verdes,172.72,6,5,Boedo
6RECLDT8609F2,"Alberdi, Juan Bautista Av.",1101,1200,Creciente,Recoleccion De Contenedores Verdes,152.75,6,6,Caballito
6RECLDT8609F2,Hortiguera,1,100,Creciente,Recoleccion De Contenedores Verdes,102.22,6,6,Caballito
6RECLDT8609F2,Hualfin,901,1000,Creciente,Recoleccion De Contenedores Verdes,94.49,6,6,Caballito
6RECLDT8611F2,Valle,101,200,Decreciente,Recoleccion De Contenedores Verdes,141.42,6,6,Caballito
6RECLDT8607F2,Boedo Av.,901,930,Creciente,Recoleccion De Contenedores Verdes,57.82,6,5,Boedo
6RECLDT8609F2,Yerbal,1501,1650,Creciente,Recoleccion De Contenedores Verdes,236.57,6,6,Caballito
6RECLDT8609F2,Hualfin,1101,1200,Creciente,Recoleccion De Contenedores Verdes,125.5,6,6,Caballito
6RECLDT8607F2,Humberto 1??,3301,3400,Creciente,Recoleccion De Contenedores Verdes,133.4,6,5,Boedo
6RECLDT8611F2,Valle,301,400,Decreciente,Recoleccion De Contenedores Verdes,122.83,6,6,Caballito
6RECLDT8607F2,Maza,1001,1100,Decreciente,Recoleccion De Contenedores Verdes,86.89,6,5,Boedo
6RECLDT8609F2,"Falcon, Ramon L.,cnel.",1361,1400,Decreciente,Recoleccion De Contenedores Verdes,50.06,6,6,Caballito
6RECLDT8609F2,"Moreno, Jose Maria Av.",401,500,Doble,Recoleccion De Contenedores Verdes,157.91,6,6,Caballito
6RECLDT8607F2,Castro Barros,901,1000,Creciente,Recoleccion De Contenedores Verdes,211.13,6,5,Boedo
6RECLDT8607F2,"Calvo, Carlos Av.",3801,3900,Creciente,Recoleccion De Contenedores Verdes,133.43,6,5,Boedo
6RECLDT8609F2,Valle,601,700,Decreciente,Recoleccion De Contenedores Verdes,136.67,6,6,Caballito
6RECLDT8609F2,"Alberdi, Juan Bautista Av.",1251,1300,Creciente,Recoleccion De Contenedores Verdes,96.04,6,6,Caballito
6RECLDT8609F2,Rivadavia Av.,6044,6107,Doble,Recoleccion De Contenedores Verdes,133.85,6,6,Caballito
6RECLDT8607F2,"Calvo, Carlos Av.",4051,4100,Creciente,Recoleccion De Contenedores Verdes,63.52,6,5,Boedo
6RECLDT8607F2,Treinta y Tres Orientales,801,900,Creciente,Recoleccion De Contenedores Verdes,193.13,6,5,Boedo
6RECLDT8609F2,Valle,801,900,Decreciente,Recoleccion De Contenedores Verdes,125.23,6,6,Caballito
6RECLDT8609F2,Miro,1,100,Creciente,Recoleccion De Contenedores Verdes,116.45,6,6,Caballito
6RECLDT8607F2,"Calvo, Carlos Av.",4201,4300,Doble,Recoleccion De Contenedores Verdes,133.94,6,5,Boedo
6RECLDT8607F2,La Plata Av.,701,800,Doble,Recoleccion De Contenedores Verdes,172.26,6,5,Boedo
6RECLDT8609F2,"Alberdi, Juan Bautista Av.",1301,1370,Creciente,Recoleccion De Contenedores Verdes,97.49,6,6,Caballito
6RECLDT8609F2,Valle,1001,1050,Decreciente,Recoleccion De Contenedores Verdes,83.28,6,6,Caballito
6RECLDT8609F2,"Mitre, Emilio",201,300,Decreciente,Recoleccion De Contenedores Verdes,137.73,6,6,Caballito
6RECLDT8607F2,San Juan Av.,3401,3500,Decreciente,Recoleccion De Contenedores Verdes,103.31,6,5,Boedo
6RECLDT8611F2,"Goyena, Pedro Av.",1,100,Doble,Recoleccion De Contenedores Verdes,129.78,6,6,Caballito
6RECLDT8611F2,"Goyena, Pedro Av.",101,200,Doble,Recoleccion De Contenedores Verdes,138.35,6,6,Caballito
6RECLDT8611F2,"Goyena, Pedro Av.",201,300,Doble,Recoleccion De Contenedores Verdes,122.37,6,6,Caballito
6RECLDT8607F2,San Juan Av.,3601,3700,Decreciente,Recoleccion De Contenedores Verdes,146.96,6,5,Boedo
6RECLDT8609F2,Barco Centenera Del,501,550,Creciente,Recoleccion De Contenedores Verdes,78.22,6,6,Caballito
6RECLDT8611F2,"Goyena, Pedro Av.",301,400,Doble,Recoleccion De Contenedores Verdes,129.65,6,6,Caballito
6RECLDT8611F2,"Goyena, Pedro Av.",401,500,Doble,Recoleccion De Contenedores Verdes,137.37,6,6,Caballito
6RECLDT8609F2,Hortiguera,201,300,Creciente,Recoleccion De Contenedores Verdes,135.72,6,6,Caballito
6RECLDT8609F2,"Martinez, Victor",301,340,Decreciente,Recoleccion De Contenedores Verdes,70.22,6,6,Caballito
6RECLDT8609F2,"Goyena, Pedro Av.",551,600,Doble,Recoleccion De Contenedores Verdes,86.14,6,6,Caballito
6RECLDT8609F2,"Alberdi, Juan Bautista Av.",1401,1500,Creciente,Recoleccion De Contenedores Verdes,130.67,6,6,Caballito
6RECLDT8607F2,San Juan Av.,3801,3900,Decreciente,Recoleccion De Contenedores Verdes,132.26,6,5,Boedo
6RECLDT8607F2,Castro,1001,1100,Decreciente,Recoleccion De Contenedores Verdes,152.69,6,5,Boedo
6RECLDT8609F2,"Goyena, Pedro Av.",601,700,Doble,Recoleccion De Contenedores Verdes,135.72,6,6,Caballito
6RECLDT8609F2,"Goyena, Pedro Av.",701,731,Doble,Recoleccion De Contenedores Verdes,49.56,6,6,Caballito
6RECLDT8611F2,"Bonifacio, Jose",201,300,Creciente,Recoleccion De Contenedores Verdes,120.94,6,6,Caballito
6RECLDT8609F2,"Goyena, Pedro Av.",801,899,Doble,Recoleccion De Contenedores Verdes,125.49,6,6,Caballito
6RECLDT8609F2,Barco Centenera Del,551,600,Creciente,Recoleccion De Contenedores Verdes,81.98,6,6,Caballito
6RECLDT8607F2,San Juan Av.,4001,4100,Decreciente,Recoleccion De Contenedores Verdes,123.34,6,5,Boedo
6RECLDT8609F2,"Alberdi, Juan Bautista Av.",1501,1550,Creciente,Recoleccion De Contenedores Verdes,100.94,6,6,Caballito
6RECLDT8607F2,"Marmol, Jose",961,1000,Creciente,Recoleccion De Contenedores Verdes,94.48,6,5,Boedo
6RECLDT8609F2,"Goyena, Pedro Av.",1001,1052,Doble,Recoleccion De Contenedores Verdes,73.8,6,6,Caballito
6RECLDT8609F2,"Moreno, Jose Maria Av.",601,700,Doble,Recoleccion De Contenedores Verdes,101.33,6,6,Caballito
6RECLDT8609F2,"Falcon, Ramon L.,cnel.",1601,1700,Decreciente,Recoleccion De Contenedores Verdes,204.92,6,6,Caballito
6RECLDT8609F2,"Mitre, Emilio",351,400,Decreciente,Recoleccion De Contenedores Verdes,87.18,6,6,Caballito
6RECLDT8606F2,Cochabamba,3401,3500,Creciente,Recoleccion De Contenedores Verdes,106.76,6,5,Boedo
6RECLDT8606F2,Maza,1201,1300,Decreciente,Recoleccion De Contenedores Verdes,170.06,6,5,Boedo
6RECLDT8609F2,Valle,1401,1500,Decreciente,Recoleccion De Contenedores Verdes,128.97,6,6,Caballito
6RECLDT8607F2,San Juan Av.,4201,4300,Decreciente,Recoleccion De Contenedores Verdes,132.25,6,5,Boedo
6RECLDT8609F2,"Bonifacio, Jose",501,550,Creciente,Recoleccion De Contenedores Verdes,86.31,6,6,Caballito
6RECLDT8609F2,"Goyena, Pedro Av.",1101,1200,Doble,Recoleccion De Contenedores Verdes,105.38,6,6,Caballito
6RECLDT8606F2,Cochabamba,3601,3700,Creciente,Recoleccion De Contenedores Verdes,133.2,6,5,Boedo
6RECLDT8609F2,Barco Centenera Del,601,650,Creciente,Recoleccion De Contenedores Verdes,84.94,6,6,Caballito
6RECLDT8611F2,Senillosa,801,900,Creciente,Recoleccion De Contenedores Verdes,142.65,6,6,Caballito
6RECLDT8606F2,Castro Barros,1101,1200,Creciente,Recoleccion De Contenedores Verdes,159.76,6,5,Boedo
6RECLDT8609F2,"Bonifacio, Jose",701,800,Creciente,Recoleccion De Contenedores Verdes,131.96,6,6,Caballito
6RECLDT8609F2,"Goyena, Pedro Av.",1301,1400,Doble,Recoleccion De Contenedores Verdes,143.66,6,6,Caballito
6RECLDT8609F2,La Nave,1041,1100,Doble,Recoleccion De Contenedores Verdes,97.3,6,6,Caballito
6RECLDT8606F2,"Bocayuva, Quintino",1101,1200,Decreciente,Recoleccion De Contenedores Verdes,150.61,6,5,Boedo
6RECLDT8609F2,"Goyena, Pedro Av.",1401,1500,Doble,Recoleccion De Contenedores Verdes,130.23,6,6,Caballito
6RECLDT8611F2,Beauchef,801,900,Decreciente,Recoleccion De Contenedores Verdes,142.14,6,6,Caballito
6RECLDT8609F2,"Bonifacio, Jose",901,1000,Creciente,Recoleccion De Contenedores Verdes,98.34,6,6,Caballito
6RECLDT8606F2,Constitucion,3501,3600,Decreciente,Recoleccion De Contenedores Verdes,125.09,6,5,Boedo
6RECLDT8609F2,"Alberdi, Juan Bautista Av.",1601,1700,Creciente,Recoleccion De Contenedores Verdes,205.56,6,6,Caballito
6RECLDT8609F2,"Goyena, Pedro Av.",1501,1541,Doble,Recoleccion De Contenedores Verdes,84.96,6,6,Caballito
6RECLDT8609F2,"Moreno, Jose Maria Av.",701,800,Doble,Recoleccion De Contenedores Verdes,142.06,6,6,Caballito
6RECLDT8609F2,"Goyena, Pedro Av.",1542,1600,Doble,Recoleccion De Contenedores Verdes,101.5,6,6,Caballito
6RECLDT8606F2,Cochabamba,4301,4400,Creciente,Recoleccion De Contenedores Verdes,111.0,6,5,Boedo
6RECLDT8609F2,"Goyena, Pedro Av.",1601,1653,Doble,Recoleccion De Contenedores Verdes,104.32,6,6,Caballito
6RECLDT8609F2,"Bonifacio, Jose",1201,1300,Creciente,Recoleccion De Contenedores Verdes,84.99,6,6,Caballito
6RECLDT8606F2,Castro,1201,1300,Decreciente,Recoleccion De Contenedores Verdes,119.13,6,5,Boedo
6RECLDT8609F2,San Jose De Calasanz,701,800,Decreciente,Recoleccion De Contenedores Verdes,141.97,6,6,Caballito
6RECLDT8606F2,Liniers Virrey,1401,1500,Decreciente,Recoleccion De Contenedores Verdes,117.28,6,5,Boedo
6RECLDT8606F2,Treinta y Tres Orientales,1101,1200,Creciente,Recoleccion De Contenedores Verdes,125.1,6,5,Boedo
6RECLDT8606F2,Boedo Av.,1201,1300,Creciente,Recoleccion De Contenedores Verdes,119.75,6,5,Boedo
6RECLDT8609F2,"Bonifacio, Jose",1551,1600,Creciente,Recoleccion De Contenedores Verdes,103.51,6,6,Caballito
6RECLDT8606F2,Castro,1301,1400,Decreciente,Recoleccion De Contenedores Verdes,92.98,6,5,Boedo
6RECLDT8609F2,Puan,501,600,Decreciente,Recoleccion De Contenedores Verdes,143.38,6,6,Caballito
6RECLDT8606F2,Maza,1501,1600,Decreciente,Recoleccion De Contenedores Verdes,111.86,6,5,Boedo
6RECLDT8606F2,Tarija,4101,4200,Decreciente,Recoleccion De Contenedores Verdes,121.74,6,5,Boedo
6RECLDT8606F2,"Marmol, Jose",1201,1300,Creciente,Recoleccion De Contenedores Verdes,101.51,6,5,Boedo
6RECLDT8606F2,Colombres,1301,1400,Decreciente,Recoleccion De Contenedores Verdes,140.15,6,5,Boedo
6RECLDT8606F2,Pavon Av.,3701,3800,Doble,Recoleccion De Contenedores Verdes,122.02,6,5,Boedo
6RECLDT8606F2,Castro Barros,1401,1500,Creciente,Recoleccion De Contenedores Verdes,142.62,6,5,Boedo
6RECLDT8606F2,La Plata Av.,1201,1300,Doble,Recoleccion De Contenedores Verdes,119.47,6,5,Boedo
6RECLDT8609F2,Thorne,401,500,Creciente,Recoleccion De Contenedores Verdes,136.76,6,6,Caballito
6RECLDT8606F2,"Garay, Juan De Av.",3301,3342,Creciente,Recoleccion De Contenedores Verdes,50.61,6,5,Boedo
6RECLDT8606F2,Pavon Av.,3851,3900,Doble,Recoleccion De Contenedores Verdes,72.89,6,5,Boedo
6RECLDT8606F2,"Bocayuva, Quintino",1401,1500,Decreciente,Recoleccion De Contenedores Verdes,144.33,6,5,Boedo
6RECLDT8606F2,Boedo Av.,1401,1450,Creciente,Recoleccion De Contenedores Verdes,65.03,6,5,Boedo
6RECLDT8606F2,Pavon Av.,4001,4100,Doble,Recoleccion De Contenedores Verdes,126.21,6,5,Boedo
6RECLDT8606F2,"Garay, Juan De Av.",3401,3500,Creciente,Recoleccion De Contenedores Verdes,136.75,6,5,Boedo
6RECLDT8606F2,Pavon Av.,4201,4300,Doble,Recoleccion De Contenedores Verdes,122.45,6,5,Boedo
6RECLDT8606F2,Muñiz,1401,1500,Decreciente,Recoleccion De Contenedores Verdes,124.72,6,5,Boedo
6RECLDT8606F2,"Garay, Juan De Av.",3701,3800,Creciente,Recoleccion De Contenedores Verdes,113.0,6,5,Boedo
6RECLDT8606F2,Castro,1501,1600,Decreciente,Recoleccion De Contenedores Verdes,133.92,6,5,Boedo
6RECLDT8606F2,"Garay, Juan De Av.",3901,4000,Creciente,Recoleccion De Contenedores Verdes,120.02,6,5,Boedo
6RECLDT8606F2,Treinta y Tres Orientales,1401,1500,Creciente,Recoleccion De Contenedores Verdes,122.74,6,5,Boedo
6RECLDT8606F2,Liniers Virrey,1751,1800,Decreciente,Recoleccion De Contenedores Verdes,77.97,6,5,Boedo
6RECLDT8606F2,"Marmol, Jose",1401,1500,Creciente,Recoleccion De Contenedores Verdes,115.02,6,5,Boedo
6RECLDT8606F2,"Garay, Juan De Av.",4301,4400,Creciente,Recoleccion De Contenedores Verdes,121.0,6,5,Boedo
6RECLDT8606F2,Colombres,1501,1600,Decreciente,Recoleccion De Contenedores Verdes,151.86,6,5,Boedo
6RECLDT8606F2,Inclan,3901,4000,Decreciente,Recoleccion De Contenedores Verdes,119.62,6,5,Boedo
6RECLDT8606F2,Salcedo,3301,3400,Creciente,Recoleccion De Contenedores Verdes,147.85,6,5,Boedo
6RECLDT8606F2,"Marmol, Jose",1501,1600,Creciente,Recoleccion De Contenedores Verdes,151.17,6,5,Boedo
6RECLDT8606F2,Maza,1801,1900,Decreciente,Recoleccion De Contenedores Verdes,143.63,6,5,Boedo
6RECLDT8606F2,Castro Barros,1701,1800,Creciente,Recoleccion De Contenedores Verdes,146.09,6,5,Boedo
6RECLDT8606F2,Liniers Virrey,1901,2000,Decreciente,Recoleccion De Contenedores Verdes,108.99,6,5,Boedo
6RECLDT8606F2,"Bocayuva, Quintino",1701,1800,Decreciente,Recoleccion De Contenedores Verdes,145.04,6,5,Boedo
6RECLDT8606F2,Salcedo,4101,4200,Doble,Recoleccion De Contenedores Verdes,98.75,6,5,Boedo
6RECLDT8606F2,Las Casas,3501,3550,Decreciente,Recoleccion De Contenedores Verdes,101.24,6,5,Boedo
6RECLDT8606F2,Chiclana Av.,3301,3400,Doble,Recoleccion De Contenedores Verdes,170.03,6,5,Boedo
6RECLDT8606F2,Boedo Av.,1701,1800,Creciente,Recoleccion De Contenedores Verdes,140.27,6,5,Boedo
6RECLDT8606F2,Las Casas,3630,3700,Creciente,Recoleccion De Contenedores Verdes,104.62,6,5,Boedo
6RECLDT8606F2,Castro,1801,1900,Decreciente,Recoleccion De Contenedores Verdes,140.92,6,5,Boedo
6RECLDT8606F2,Liniers Virrey,2101,2200,Decreciente,Recoleccion De Contenedores Verdes,91.66,6,5,Boedo
6RECLDT8606F2,Alzaga,2041,2100,Decreciente,Recoleccion De Contenedores Verdes,87.41,6,5,Boedo
6RECLDT8606F2,Treinta y Tres Orientales,1901,2000,Creciente,Recoleccion De Contenedores Verdes,77.82,6,5,Boedo
6RECLDT8606F2,Maza,2101,2200,Decreciente,Recoleccion De Contenedores Verdes,119.37,6,5,Boedo
6RECLDT8606F2,Chiclana Av.,0,3650,Decreciente,Recoleccion De Contenedores Verdes,114.06,6,5,Boedo
6RECLDT8606F2,Rondeau,3601,3700,Creciente,Recoleccion De Contenedores Verdes,130.28,6,5,Boedo
6RECLDT8606F2,Castro Barros,2001,2100,Creciente,Recoleccion De Contenedores Verdes,113.45,6,5,Boedo
6RECLDT8606F2,Muñiz,1901,2000,Decreciente,Recoleccion De Contenedores Verdes,106.01,6,5,Boedo
6RECLDT8606F2,Liniers Virrey,2301,2400,Decreciente,Recoleccion De Contenedores Verdes,124.45,6,5,Boedo
6RECLDT8606F2,Castro,2101,2200,Decreciente,Recoleccion De Contenedores Verdes,122.11,6,5,Boedo
6RECLDT8606F2,Treinta y Tres Orientales,2101,2200,Creciente,Recoleccion De Contenedores Verdes,120.98,6,5,Boedo
6RECLDT8606F2,"Jantin, Juan Bautista",2101,2200,Decreciente,Recoleccion De Contenedores Verdes,169.22,6,5,Boedo
6RECLDT8606F2,"Marmol, Jose",2001,2100,Creciente,Recoleccion De Contenedores Verdes,120.63,6,5,Boedo
6RECLDT8606F2,Boedo Av.,2001,2100,Creciente,Recoleccion De Contenedores Verdes,157.64,6,5,Boedo
6RECLDT8606F2,Muñiz,2001,2100,Decreciente,Recoleccion De Contenedores Verdes,120.85,6,5,Boedo
6RECLDT8606F2,Castro Barros,2201,2300,Creciente,Recoleccion De Contenedores Verdes,88.72,6,5,Boedo
6RECLDT8606F2,La Plata Av.,2101,2200,Doble,Recoleccion De Contenedores Verdes,117.31,6,5,Boedo
6RECLDT8609F2,Yerbal,1411,1500,Creciente,Recoleccion De Contenedores Verdes,102.38,6,6,Caballito
6RECLDT8611F2,"Pueyrredon, Honorio, Dr. Av.",0,599,Creciente,Recoleccion De Contenedores Verdes,117.07,6,6,Caballito
6RECLDT8611F2,"Pueyrredon, Honorio, Dr. Av.",0,799,Creciente,Recoleccion De Contenedores Verdes,128.45,6,6,Caballito
6RECLDT8611F2,"Pueyrredon, Honorio, Dr. Av.",0,999,Creciente,Recoleccion De Contenedores Verdes,128.24,6,6,Caballito
6RECLDT8606F2,Alzaga,0,0,Peatonal,Recoleccion De Contenedores Verdes,11.5,6,5,Boedo
6RECLDN8453F2,"Machado, Antonio",1,100,Creciente,Recoleccion De Contenedores Verdes,91.29,6,6,Caballito
6RECLDN8453F2,"Ibarbourou, Juana De",1001,1100,Decreciente,Recoleccion De Contenedores Verdes,102.57,6,6,Caballito
6RECLDN8452F2,Pujol,1501,1600,Decreciente,Recoleccion De Contenedores Verdes,74.36,6,6,Caballito
6RECLDN8452F2,"Belaustegui, Luis, Dr.",1101,1200,Decreciente,Recoleccion De Contenedores Verdes,123.83,6,6,Caballito
6RECLDN8453F2,"Machado, Antonio",601,700,Decreciente,Recoleccion De Contenedores Verdes,134.24,6,6,Caballito
6RECLDN8453F2,Cangallo,1,100,Creciente,Recoleccion De Contenedores Verdes,143.32,6,6,Caballito
6RECLDN8452F2,Fragata Pres. Sarmiento,1601,1800,Creciente,Recoleccion De Contenedores Verdes,173.09,6,6,Caballito
6RECLDN8452F2,Tres Arroyos,1101,1200,Creciente,Recoleccion De Contenedores Verdes,125.89,6,6,Caballito
6RECLDN8452F2,"Belaustegui, Luis, Dr.",1301,1400,Decreciente,Recoleccion De Contenedores Verdes,116.99,6,6,Caballito
6RECLDN8452F2,Cucha Cucha,1301,1400,Decreciente,Recoleccion De Contenedores Verdes,98.87,6,6,Caballito
6RECLDN8452F2,"Segui, F. J., Alte.",1601,1700,Creciente,Recoleccion De Contenedores Verdes,131.02,6,6,Caballito
6RECLDN8453F2,"Marechal, Leopoldo",901,1000,Doble,Recoleccion De Contenedores Verdes,128.71,6,6,Caballito
6RECLDN8453F2,Acoyte,901,950,Creciente,Recoleccion De Contenedores Verdes,73.07,6,6,Caballito
6RECLDN8453F2,Olaya,1021,1100,Decreciente,Recoleccion De Contenedores Verdes,130.78,6,6,Caballito
6RECLDN8453F2,Estivao,101,136,Creciente,Recoleccion De Contenedores Verdes,78.94,6,6,Caballito
6RECLDN8452F2,Galicia,1001,1100,Decreciente,Recoleccion De Contenedores Verdes,131.93,6,6,Caballito
6RECLDN8452F2,Espinosa,1401,1500,Creciente,Recoleccion De Contenedores Verdes,172.57,6,6,Caballito
6RECLDN8452F2,"Belaustegui, Luis, Dr.",1501,1550,Decreciente,Recoleccion De Contenedores Verdes,69.77,6,6,Caballito
6RECLDN8452F2,"Figueroa, D. Apolinario, Coronel",801,900,Decreciente,Recoleccion De Contenedores Verdes,114.93,6,6,Caballito
6RECLDN8453F2,Diaz Velez Av.,5501,5600,Decreciente,Recoleccion De Contenedores Verdes,136.41,6,6,Caballito
6RECLDN8453F2,Diaz Velez Av.,5401,5500,Decreciente,Recoleccion De Contenedores Verdes,124.75,6,6,Caballito
6RECLDN8453F2,Diaz Velez Av.,5301,5400,Decreciente,Recoleccion De Contenedores Verdes,75.66,6,6,Caballito
6RECLDN8452F2,Pujol,1201,1300,Creciente,Recoleccion De Contenedores Verdes,126.36,6,6,Caballito
6RECLDN8452F2,Tres Arroyos,1401,1500,Creciente,Recoleccion De Contenedores Verdes,126.27,6,6,Caballito
6RECLDN8453F2,Diaz Velez Av.,4601,4700,Decreciente,Recoleccion De Contenedores Verdes,74.73,6,6,Caballito
6RECLDN8453F2,Diaz Velez Av.,0,4900,Decreciente,Recoleccion De Contenedores Verdes,127.62,6,6,Caballito
6RECLDN8453F2,Diaz Velez Av.,5001,5100,Decreciente,Recoleccion De Contenedores Verdes,128.48,6,6,Caballito
6RECLDN8453F2,Diaz Velez Av.,5201,5300,Decreciente,Recoleccion De Contenedores Verdes,121.76,6,6,Caballito
6RECLDN8452F2,Gaona Av.,1301,1400,Creciente,Recoleccion De Contenedores Verdes,116.83,6,6,Caballito
6RECLDN8452F2,Galicia,1201,1300,Decreciente,Recoleccion De Contenedores Verdes,127.82,6,6,Caballito
6RECLDN8452F2,Fragata Pres. Sarmiento,1401,1500,Creciente,Recoleccion De Contenedores Verdes,172.59,6,6,Caballito
6RECLDN8453F2,"Pueyrredon, Honorio, Dr. Av.",0,1050,Decreciente,Recoleccion De Contenedores Verdes,80.87,6,6,Caballito
6RECLDN8452F2,"Viale, Luis",1101,1200,Creciente,Recoleccion De Contenedores Verdes,130.0,6,6,Caballito
6RECLDN8453F2,Franklin,842,875,Decreciente,Recoleccion De Contenedores Verdes,39.79,6,6,Caballito
6RECLDN8452F2,Galicia,1301,1400,Decreciente,Recoleccion De Contenedores Verdes,117.08,6,6,Caballito
6RECLDN8452F2,"Figueroa, D. Apolinario, Coronel",1041,1100,Decreciente,Recoleccion De Contenedores Verdes,76.24,6,6,Caballito
6RECLDN8452F2,Tres Arroyos,1601,1700,Creciente,Recoleccion De Contenedores Verdes,96.09,6,6,Caballito
6RECLDN8453F2,"Jauretche, Arturo",24,100,Decreciente,Recoleccion De Contenedores Verdes,104.04,6,6,Caballito
6RECLDN8452F2,"Gainza, Martin De, Gral.",1001,1050,Decreciente,Recoleccion De Contenedores Verdes,122.58,6,6,Caballito
6RECLDN8452F2,Gaona Av.,1501,1600,Creciente,Recoleccion De Contenedores Verdes,113.31,6,6,Caballito
6RECLDN8452F2,"Segui, F. J., Alte.",1401,1500,Creciente,Recoleccion De Contenedores Verdes,173.43,6,6,Caballito
6RECLDN8453F2,Hidalgo,802,887,Decreciente,Recoleccion De Contenedores Verdes,126.86,6,6,Caballito
6RECLDN8452F2,"Viale, Luis",1301,1400,Creciente,Recoleccion De Contenedores Verdes,117.28,6,6,Caballito
6RECLDN8453F2,"Aranguren, Juan F., Dr.",41,100,Creciente,Recoleccion De Contenedores Verdes,109.81,6,6,Caballito
6RECLDN8452F2,Galicia,1501,1600,Decreciente,Recoleccion De Contenedores Verdes,74.68,6,6,Caballito
6RECLDN8453F2,Planes,808,850,Creciente,Recoleccion De Contenedores Verdes,69.56,6,6,Caballito
6RECLDN8453F2,"Virasoro, Valentin",801,900,Creciente,Recoleccion De Contenedores Verdes,124.08,6,6,Caballito
6RECLDN8453F2,"Jauretche, Arturo",201,246,Decreciente,Recoleccion De Contenedores Verdes,99.98,6,6,Caballito
6RECLDN8453F2,Rojas,901,1000,Decreciente,Recoleccion De Contenedores Verdes,127.96,6,6,Caballito
6RECLDN8452F2,"Figueroa, D. Apolinario, Coronel",1201,1300,Decreciente,Recoleccion De Contenedores Verdes,130.57,6,6,Caballito
6RECLDN8453F2,Acoyte Av.,701,800,Doble,Recoleccion De Contenedores Verdes,234.82,6,6,Caballito
6RECLDN8452F2,Franklin,1001,1050,Decreciente,Recoleccion De Contenedores Verdes,115.63,6,6,Caballito
6RECLDN8453F2,"Pueyrredon, Honorio, Dr. Av.",0,900,Decreciente,Recoleccion De Contenedores Verdes,124.43,6,6,Caballito
6RECLDN8452F2,"Guido y Spano, Carlos",1101,1200,Creciente,Recoleccion De Contenedores Verdes,152.1,6,6,Caballito
6RECLDN8452F2,"Gainza, Martin De, Gral.",901,1000,Decreciente,Recoleccion De Contenedores Verdes,141.34,6,6,Caballito
6RECLDN8453F2,Escribano,101,150,Creciente,Recoleccion De Contenedores Verdes,76.56,6,6,Caballito
6RECLDN8453F2,"Aranguren, Juan F., Dr.",201,250,Creciente,Recoleccion De Contenedores Verdes,87.48,6,6,Caballito
6RECLDN8453F2,"Vallese, Felipe",401,500,Creciente,Recoleccion De Contenedores Verdes,154.32,6,6,Caballito
6RECLDN8453F2,Avellaneda,1,100,Decreciente,Recoleccion De Contenedores Verdes,139.89,6,6,Caballito
6RECLDN8452F2,Franklin,1101,1200,Decreciente,Recoleccion De Contenedores Verdes,136.61,6,6,Caballito
6RECLDN8452F2,Espinosa,1001,1100,Creciente,Recoleccion De Contenedores Verdes,135.31,6,6,Caballito
6RECLDN8452F2,"Segui, F. J., Alte.",1201,1300,Creciente,Recoleccion De Contenedores Verdes,127.58,6,6,Caballito
6RECLDN8453F2,Arengreen,871,900,Decreciente,Recoleccion De Contenedores Verdes,52.65,6,6,Caballito
6RECLDN8452F2,Gaona Av.,1901,2000,Creciente,Recoleccion De Contenedores Verdes,62.22,6,6,Caballito
6RECLDN8452F2,Planes,1101,1150,Creciente,Recoleccion De Contenedores Verdes,108.91,6,6,Caballito
6RECLDN8452F2,"Repetto, Nicolas, Dr.",801,900,Creciente,Recoleccion De Contenedores Verdes,126.19,6,6,Caballito
6RECLDN8452F2,"Oroño, Nicasio",1101,1200,Decreciente,Recoleccion De Contenedores Verdes,158.95,6,6,Caballito
6RECLDN8453F2,"Aranguren, Juan F., Dr.",401,470,Creciente,Recoleccion De Contenedores Verdes,99.94,6,6,Caballito
6RECLDN8452F2,Franklin,1301,1348,Decreciente,Recoleccion De Contenedores Verdes,63.73,6,6,Caballito
6RECLDN8453F2,Acoyte Av.,501,700,Doble,Recoleccion De Contenedores Verdes,236.56,6,6,Caballito
6RECLDN8452F2,"Vallese, Felipe",701,800,Creciente,Recoleccion De Contenedores Verdes,148.43,6,6,Caballito
6RECLDN8452F2,Gaona Av.,2001,2100,Creciente,Recoleccion De Contenedores Verdes,120.48,6,6,Caballito
6RECLDN8453F2,"Pueyrredon, Honorio, Dr. Av.",0,700,Decreciente,Recoleccion De Contenedores Verdes,138.46,6,6,Caballito
6RECLDN8453F2,Otamendi,301,400,Decreciente,Recoleccion De Contenedores Verdes,101.35,6,6,Caballito
6RECLDN8452F2,Franklin,1401,1500,Decreciente,Recoleccion De Contenedores Verdes,67.32,6,6,Caballito
6RECLDN8452F2,Espinosa,847,900,Creciente,Recoleccion De Contenedores Verdes,64.4,6,6,Caballito
6RECLDN8452F2,Arengreen,1101,1200,Decreciente,Recoleccion De Contenedores Verdes,108.89,6,6,Caballito
6RECLDN8453F2,Avellaneda,301,400,Decreciente,Recoleccion De Contenedores Verdes,144.26,6,6,Caballito
6RECLDN8452F2,"Gainza, Martin De, Gral.",701,800,Decreciente,Recoleccion De Contenedores Verdes,131.51,6,6,Caballito
6RECLDN8452F2,Mendez De Andes,501,600,Decreciente,Recoleccion De Contenedores Verdes,133.36,6,6,Caballito
6RECLDN8453F2,"Aranguren, Juan F., Dr.",501,600,Creciente,Recoleccion De Contenedores Verdes,175.54,6,6,Caballito
6RECLDN8453F2,"Acevedo, Eduardo",201,300,Creciente,Recoleccion De Contenedores Verdes,148.75,6,6,Caballito
6RECLDN8452F2,Planes,1351,1400,Creciente,Recoleccion De Contenedores Verdes,59.45,6,6,Caballito
6RECLDN8452F2,Paysandu,851,900,Decreciente,Recoleccion De Contenedores Verdes,64.78,6,6,Caballito
6RECLDN8452F2,Rojas,601,700,Decreciente,Recoleccion De Contenedores Verdes,140.55,6,6,Caballito
6RECLDN8453F2,Acoyte Av.,401,500,Doble,Recoleccion De Contenedores Verdes,152.4,6,6,Caballito
6RECLDN8453F2,Campichuelo,251,300,Creciente,Recoleccion De Contenedores Verdes,110.54,6,6,Caballito
6RECLDN8453F2,Bogota,301,350,Creciente,Recoleccion De Contenedores Verdes,110.31,6,6,Caballito
6RECLDN8452F2,Arengreen,1301,1400,Decreciente,Recoleccion De Contenedores Verdes,127.46,6,6,Caballito
6RECLDN8452F2,"Vallese, Felipe",951,1000,Creciente,Recoleccion De Contenedores Verdes,114.37,6,6,Caballito
6RECLDN8452F2,"Repetto, Nicolas, Dr.",601,700,Creciente,Recoleccion De Contenedores Verdes,145.38,6,6,Caballito
6RECLDN8453F2,"Pueyrredon, Honorio, Dr. Av.",0,500,Decreciente,Recoleccion De Contenedores Verdes,102.89,6,6,Caballito
6RECLDN8453F2,"Flores, Venancio, Gral.",101,200,Decreciente,Recoleccion De Contenedores Verdes,140.06,6,6,Caballito
6RECLDN8452F2,"Aranguren, Juan F., Dr.",701,800,Creciente,Recoleccion De Contenedores Verdes,134.7,6,6,Caballito
6RECLDN8452F2,"Oroño, Nicasio",801,900,Decreciente,Recoleccion De Contenedores Verdes,127.49,6,6,Caballito
6RECLDN8453F2,"Araoz Alfaro, Gregorio, Dr",301,400,Decreciente,Recoleccion De Contenedores Verdes,109.02,6,6,Caballito
6RECLDN8452F2,"Gainza, Martin De, Gral.",563,600,Decreciente,Recoleccion De Contenedores Verdes,68.17,6,6,Caballito
6RECLDN8452F2,Neuquen,1401,1449,Decreciente,Recoleccion De Contenedores Verdes,65.07,6,6,Caballito
6RECLDN8452F2,"Biedma, Jose Juan",801,950,Creciente,Recoleccion De Contenedores Verdes,221.89,6,6,Caballito
6RECLDN8452F2,Fragata Pres. Sarmiento,701,800,Creciente,Recoleccion De Contenedores Verdes,120.14,6,6,Caballito
6RECLDN8452F2,Neuquen,1167,1220,Decreciente,Recoleccion De Contenedores Verdes,40.98,6,6,Caballito
6RECLDN8453F2,Rivadavia Av.,4602,4636,Creciente,Recoleccion De Contenedores Verdes,54.36,6,6,Caballito
6RECLDN8452F2,Neuquen,1601,1700,Decreciente,Recoleccion De Contenedores Verdes,104.91,6,6,Caballito
6RECLDN8452F2,Mendez De Andes,901,960,Decreciente,Recoleccion De Contenedores Verdes,72.02,6,6,Caballito
6RECLDN8453F2,Acoyte Av.,201,300,Doble,Recoleccion De Contenedores Verdes,141.18,6,6,Caballito
6RECLDN8453F2,Hidalgo,301,400,Decreciente,Recoleccion De Contenedores Verdes,144.37,6,6,Caballito
6RECLDN8452F2,Neuquen,701,744,Decreciente,Recoleccion De Contenedores Verdes,111.8,6,6,Caballito
6RECLDN8452F2,Neuquen,801,900,Creciente,Recoleccion De Contenedores Verdes,156.13,6,6,Caballito
6RECLDN8452F2,Neuquen,1001,1049,Creciente,Recoleccion De Contenedores Verdes,91.82,6,6,Caballito
6RECLDN8453F2,Otamendi,1,100,Decreciente,Recoleccion De Contenedores Verdes,138.43,6,6,Caballito
6RECLDN8453F2,Rivadavia Av.,4742,4800,Creciente,Recoleccion De Contenedores Verdes,67.53,6,6,Caballito
6RECLDN8452F2,Mendez De Andes,1201,1300,Decreciente,Recoleccion De Contenedores Verdes,112.24,6,6,Caballito
6RECLDN8453F2,Bacacay,601,700,Creciente,Recoleccion De Contenedores Verdes,119.91,6,6,Caballito
6RECLDN8452F2,"Vallese, Felipe",1501,1600,Creciente,Recoleccion De Contenedores Verdes,101.19,6,6,Caballito
6RECLDN8453F2,Senillosa,1,100,Creciente,Recoleccion De Contenedores Verdes,197.36,6,6,Caballito
6RECLDN8452F2,"Aranguren, Juan F., Dr.",1101,1200,Creciente,Recoleccion De Contenedores Verdes,86.44,6,6,Caballito
6RECLDN8452F2,"Biedma, Jose Juan",601,700,Creciente,Recoleccion De Contenedores Verdes,128.79,6,6,Caballito
6RECLDN8452F2,Avellaneda,1051,1100,Decreciente,Recoleccion De Contenedores Verdes,92.56,6,6,Caballito
6RECLDN8453F2,Chaco,152,200,Doble,Recoleccion De Contenedores Verdes,59.07,6,6,Caballito
6RECLDN8452F2,Bogota,801,900,Doble,Recoleccion De Contenedores Verdes,143.03,6,6,Caballito
6RECLDN8452F2,Mendez De Andes,1401,1500,Decreciente,Recoleccion De Contenedores Verdes,127.87,6,6,Caballito
6RECLDN8451F2,Yerbal,501,600,Creciente,Recoleccion De Contenedores Verdes,126.45,6,6,Caballito
6RECLDN8453F2,La Plata Av.,201,300,Doble,Recoleccion De Contenedores Verdes,125.15,6,5,Almagro
6RECLDN8451F2,Acoyte Av.,1,100,Doble,Recoleccion De Contenedores Verdes,147.57,6,6,Caballito
6RECLDN8452F2,Avellaneda Av.,1201,1240,Decreciente,Recoleccion De Contenedores Verdes,98.21,6,6,Caballito
6RECLDN8452F2,"Aranguren, Juan F., Dr.",1301,1400,Creciente,Recoleccion De Contenedores Verdes,124.0,6,6,Caballito
6RECLDN8452F2,"Alvarez, Donato, Tte. Gral.",501,600,Doble,Recoleccion De Contenedores Verdes,156.42,6,6,Caballito
6RECLDN8451F2,Yerbal,601,700,Creciente,Recoleccion De Contenedores Verdes,127.98,6,6,Caballito
6RECLDN8452F2,"Aranguren, Juan F., Dr.",1501,1600,Creciente,Recoleccion De Contenedores Verdes,129.51,6,6,Caballito
6RECLDN8451F2,"Moreno, Jose Maria Av.",1,100,Doble,Recoleccion De Contenedores Verdes,128.2,6,6,Caballito
6RECLDN8451F2,Rivadavia Av.,5101,5200,Creciente,Recoleccion De Contenedores Verdes,131.76,6,6,Caballito
6RECLDN8453F2,Guayaquil,1,100,Creciente,Recoleccion De Contenedores Verdes,130.93,6,6,Caballito
6RECLDN8453F2,Senillosa,201,300,Creciente,Recoleccion De Contenedores Verdes,128.44,6,6,Caballito
6RECLDN8452F2,Morelos,501,600,Decreciente,Recoleccion De Contenedores Verdes,170.13,6,6,Caballito
6RECLDN8452F2,"Garcia Lorca, Federico",107,300,Creciente,Recoleccion De Contenedores Verdes,145.99,6,6,Caballito
6RECLDN8453F2,Guayaquil,201,300,Creciente,Recoleccion De Contenedores Verdes,154.99,6,6,Caballito
6RECLDN8453F2,Viel,201,300,Creciente,Recoleccion De Contenedores Verdes,129.66,6,6,Caballito
6RECLDN8452F2,Avellaneda Av.,1501,1550,Decreciente,Recoleccion De Contenedores Verdes,68.51,6,6,Caballito
6RECLDN8451F2,"Moreno, Jose Maria Av.",101,200,Doble,Recoleccion De Contenedores Verdes,122.13,6,6,Caballito
6RECLDN8451F2,Rivadavia Av.,5301,5400,Creciente,Recoleccion De Contenedores Verdes,99.69,6,6,Caballito
6RECLDN8451F2,Yerbal,952,1000,Creciente,Recoleccion De Contenedores Verdes,93.07,6,6,Caballito
6RECLDN8453F2,La Plata Av.,401,500,Doble,Recoleccion De Contenedores Verdes,141.79,6,5,Almagro
6RECLDN8452F2,Avellaneda Av.,1601,1700,Decreciente,Recoleccion De Contenedores Verdes,104.01,6,6,Caballito
6RECLDN8451F2,Riglos,101,200,Creciente,Recoleccion De Contenedores Verdes,145.32,6,6,Caballito
6RECLDN8453F2,Formosa,201,300,Decreciente,Recoleccion De Contenedores Verdes,140.69,6,6,Caballito
6RECLDN8451F2,"Repetto, Nicolas, Dr.",1,100,Creciente,Recoleccion De Contenedores Verdes,141.02,6,6,Caballito
6RECLDN8451F2,"Moreno, Jose Maria Av.",201,300,Doble,Recoleccion De Contenedores Verdes,100.69,6,6,Caballito
6RECLDN8451F2,Guayaquil,601,638,Decreciente,Recoleccion De Contenedores Verdes,75.34,6,6,Caballito
6RECLDN8451F2,Guayaquil,639,700,Decreciente,Recoleccion De Contenedores Verdes,60.14,6,6,Caballito
6RECLDN8451F2,San Jose De Calasanz,101,200,Decreciente,Recoleccion De Contenedores Verdes,161.43,6,6,Caballito
6RECLDN8451F2,Yerbal,1101,1200,Creciente,Recoleccion De Contenedores Verdes,117.0,6,6,Caballito
6RECLDN8451F2,Guayaquil,781,900,Decreciente,Recoleccion De Contenedores Verdes,165.47,6,6,Caballito
6RECLDN8452F2,Morelos,301,400,Decreciente,Recoleccion De Contenedores Verdes,135.49,6,6,Caballito
6RECLDN8451F2,Rivadavia Av.,0,5649,Creciente,Recoleccion De Contenedores Verdes,86.9,6,6,Caballito
6RECLDN8451F2,Formosa,601,650,Creciente,Recoleccion De Contenedores Verdes,70.35,6,6,Caballito
6RECLDN8453F2,Senillosa,401,500,Creciente,Recoleccion De Contenedores Verdes,168.7,6,6,Caballito
6RECLDN8453F2,"Alberdi, Juan Bautista Av.",101,200,Creciente,Recoleccion De Contenedores Verdes,145.49,6,6,Caballito
6RECLDN8453F2,"Alberdi, Juan Bautista Av.",201,300,Creciente,Recoleccion De Contenedores Verdes,130.0,6,6,Caballito
6RECLDN8451F2,"Alberdi, Juan Bautista Av.",951,1000,Creciente,Recoleccion De Contenedores Verdes,61.56,6,6,Caballito
6RECLDN8451F2,Rivadavia Av.,5701,5799,Doble,Recoleccion De Contenedores Verdes,124.2,6,6,Caballito
6RECLDN8451F2,"Alberdi, Juan Bautista Av.",1001,1100,Creciente,Recoleccion De Contenedores Verdes,162.91,6,6,Caballito
6RECLDN8451F2,"Alberdi, Juan Bautista Av.",801,900,Creciente,Recoleccion De Contenedores Verdes,130.03,6,6,Caballito
6RECLDN8453F2,"Alberdi, Juan Bautista Av.",401,500,Creciente,Recoleccion De Contenedores Verdes,114.67,6,6,Caballito
6RECLDN8451F2,"Moreno, Jose Maria Av.",301,400,Doble,Recoleccion De Contenedores Verdes,203.06,6,6,Caballito
6RECLDN8451F2,"Alberdi, Juan Bautista Av.",701,750,Creciente,Recoleccion De Contenedores Verdes,71.18,6,6,Caballito
6RECLDN8451F2,"Alberdi, Juan Bautista Av.",501,600,Creciente,Recoleccion De Contenedores Verdes,147.97,6,6,Caballito
6RECLDN8451F2,"Alberdi, Juan Bautista Av.",601,650,Creciente,Recoleccion De Contenedores Verdes,61.71,6,6,Caballito
6RECLDN8451F2,Fragata Pres. Sarmiento,1,100,Decreciente,Recoleccion De Contenedores Verdes,140.07,6,6,Caballito
6RECLDN8453F2,La Plata Av.,601,700,Doble,Recoleccion De Contenedores Verdes,172.72,6,5,Boedo
6RECLDN8451F2,"Alberdi, Juan Bautista Av.",1101,1200,Creciente,Recoleccion De Contenedores Verdes,152.75,6,6,Caballito
6RECLDN8451F2,Hortiguera,1,100,Creciente,Recoleccion De Contenedores Verdes,102.22,6,6,Caballito
6RECLDN8451F2,Hualfin,901,1000,Creciente,Recoleccion De Contenedores Verdes,94.49,6,6,Caballito
6RECLDN8453F2,Valle,101,200,Decreciente,Recoleccion De Contenedores Verdes,141.42,6,6,Caballito
6RECLDN8451F2,Yerbal,1501,1650,Creciente,Recoleccion De Contenedores Verdes,236.57,6,6,Caballito
6RECLDN8451F2,Hualfin,1101,1200,Creciente,Recoleccion De Contenedores Verdes,125.5,6,6,Caballito
6RECLDN8453F2,Valle,301,400,Decreciente,Recoleccion De Contenedores Verdes,122.83,6,6,Caballito
6RECLDN8451F2,"Falcon, Ramon L.,cnel.",1361,1400,Decreciente,Recoleccion De Contenedores Verdes,50.06,6,6,Caballito
6RECLDN8451F2,"Moreno, Jose Maria Av.",401,500,Doble,Recoleccion De Contenedores Verdes,157.91,6,6,Caballito
6RECLDN8451F2,Valle,601,700,Decreciente,Recoleccion De Contenedores Verdes,136.67,6,6,Caballito
6RECLDN8451F2,"Alberdi, Juan Bautista Av.",1251,1300,Creciente,Recoleccion De Contenedores Verdes,96.04,6,6,Caballito
6RECLDN8451F2,Rivadavia Av.,6044,6107,Doble,Recoleccion De Contenedores Verdes,133.85,6,6,Caballito
6RECLDN8451F2,Valle,801,900,Decreciente,Recoleccion De Contenedores Verdes,125.23,6,6,Caballito
6RECLDN8451F2,Miro,1,100,Creciente,Recoleccion De Contenedores Verdes,116.45,6,6,Caballito
6RECLDN8451F2,"Alberdi, Juan Bautista Av.",1301,1370,Creciente,Recoleccion De Contenedores Verdes,97.49,6,6,Caballito
6RECLDN8451F2,Valle,1001,1050,Decreciente,Recoleccion De Contenedores Verdes,83.28,6,6,Caballito
6RECLDN8451F2,"Mitre, Emilio",201,300,Decreciente,Recoleccion De Contenedores Verdes,137.73,6,6,Caballito
6RECLDN8453F2,"Goyena, Pedro Av.",1,100,Doble,Recoleccion De Contenedores Verdes,129.78,6,6,Caballito
6RECLDN8453F2,"Goyena, Pedro Av.",101,200,Doble,Recoleccion De Contenedores Verdes,138.35,6,6,Caballito
6RECLDN8453F2,"Goyena, Pedro Av.",201,300,Doble,Recoleccion De Contenedores Verdes,122.37,6,6,Caballito
6RECLDN8451F2,Barco Centenera Del,501,550,Creciente,Recoleccion De Contenedores Verdes,78.22,6,6,Caballito
6RECLDN8453F2,"Goyena, Pedro Av.",301,400,Doble,Recoleccion De Contenedores Verdes,129.65,6,6,Caballito
6RECLDN8453F2,"Goyena, Pedro Av.",401,500,Doble,Recoleccion De Contenedores Verdes,137.37,6,6,Caballito
6RECLDN8451F2,Hortiguera,201,300,Creciente,Recoleccion De Contenedores Verdes,135.72,6,6,Caballito
6RECLDN8451F2,"Martinez, Victor",301,340,Decreciente,Recoleccion De Contenedores Verdes,70.22,6,6,Caballito
6RECLDN8451F2,"Goyena, Pedro Av.",551,600,Doble,Recoleccion De Contenedores Verdes,86.14,6,6,Caballito
6RECLDN8451F2,"Alberdi, Juan Bautista Av.",1401,1500,Creciente,Recoleccion De Contenedores Verdes,130.67,6,6,Caballito
6RECLDN8451F2,"Goyena, Pedro Av.",601,700,Doble,Recoleccion De Contenedores Verdes,135.72,6,6,Caballito
6RECLDN8451F2,"Goyena, Pedro Av.",701,731,Doble,Recoleccion De Contenedores Verdes,49.56,6,6,Caballito
6RECLDN8453F2,"Bonifacio, Jose",201,300,Creciente,Recoleccion De Contenedores Verdes,120.94,6,6,Caballito
6RECLDN8451F2,"Goyena, Pedro Av.",801,899,Doble,Recoleccion De Contenedores Verdes,125.49,6,6,Caballito
6RECLDN8451F2,Barco Centenera Del,551,600,Creciente,Recoleccion De Contenedores Verdes,81.98,6,6,Caballito
6RECLDN8451F2,"Alberdi, Juan Bautista Av.",1501,1550,Creciente,Recoleccion De Contenedores Verdes,100.94,6,6,Caballito
6RECLDN8451F2,"Goyena, Pedro Av.",1001,1052,Doble,Recoleccion De Contenedores Verdes,73.8,6,6,Caballito
6RECLDN8451F2,"Moreno, Jose Maria Av.",601,700,Doble,Recoleccion De Contenedores Verdes,101.33,6,6,Caballito
6RECLDN8451F2,"Falcon, Ramon L.,cnel.",1601,1700,Decreciente,Recoleccion De Contenedores Verdes,204.92,6,6,Caballito
6RECLDN8451F2,"Mitre, Emilio",351,400,Decreciente,Recoleccion De Contenedores Verdes,87.18,6,6,Caballito
6RECLDN8451F2,Valle,1401,1500,Decreciente,Recoleccion De Contenedores Verdes,128.97,6,6,Caballito
6RECLDN8451F2,"Bonifacio, Jose",501,550,Creciente,Recoleccion De Contenedores Verdes,86.31,6,6,Caballito
6RECLDN8451F2,"Goyena, Pedro Av.",1101,1200,Doble,Recoleccion De Contenedores Verdes,105.38,6,6,Caballito
6RECLDN8451F2,Barco Centenera Del,601,650,Creciente,Recoleccion De Contenedores Verdes,84.94,6,6,Caballito
6RECLDN8453F2,Senillosa,801,900,Creciente,Recoleccion De Contenedores Verdes,142.65,6,6,Caballito
6RECLDN8451F2,"Bonifacio, Jose",701,800,Creciente,Recoleccion De Contenedores Verdes,131.96,6,6,Caballito
6RECLDN8451F2,"Goyena, Pedro Av.",1301,1400,Doble,Recoleccion De Contenedores Verdes,143.66,6,6,Caballito
6RECLDN8451F2,La Nave,1041,1100,Doble,Recoleccion De Contenedores Verdes,97.3,6,6,Caballito
6RECLDN8451F2,"Goyena, Pedro Av.",1401,1500,Doble,Recoleccion De Contenedores Verdes,130.23,6,6,Caballito
6RECLDN8453F2,Beauchef,801,900,Decreciente,Recoleccion De Contenedores Verdes,142.14,6,6,Caballito
6RECLDN8451F2,"Bonifacio, Jose",901,1000,Creciente,Recoleccion De Contenedores Verdes,98.34,6,6,Caballito
6RECLDN8451F2,"Alberdi, Juan Bautista Av.",1601,1700,Creciente,Recoleccion De Contenedores Verdes,205.56,6,6,Caballito
6RECLDN8451F2,"Goyena, Pedro Av.",1501,1541,Doble,Recoleccion De Contenedores Verdes,84.96,6,6,Caballito
6RECLDN8451F2,"Moreno, Jose Maria Av.",701,800,Doble,Recoleccion De Contenedores Verdes,142.06,6,6,Caballito
6RECLDN8451F2,"Goyena, Pedro Av.",1542,1600,Doble,Recoleccion De Contenedores Verdes,101.5,6,6,Caballito
6RECLDN8451F2,"Goyena, Pedro Av.",1601,1653,Doble,Recoleccion De Contenedores Verdes,104.32,6,6,Caballito
6RECLDN8451F2,"Bonifacio, Jose",1201,1300,Creciente,Recoleccion De Contenedores Verdes,84.99,6,6,Caballito
6RECLDN8451F2,San Jose De Calasanz,701,800,Decreciente,Recoleccion De Contenedores Verdes,141.97,6,6,Caballito
6RECLDN8451F2,"Bonifacio, Jose",1551,1600,Creciente,Recoleccion De Contenedores Verdes,103.51,6,6,Caballito
6RECLDN8451F2,Puan,501,600,Decreciente,Recoleccion De Contenedores Verdes,143.38,6,6,Caballito
6RECLDN8451F2,Thorne,401,500,Creciente,Recoleccion De Contenedores Verdes,136.76,6,6,Caballito
6RECLDN8451F2,Yerbal,1411,1500,Creciente,Recoleccion De Contenedores Verdes,102.38,6,6,Caballito
6RECLDN8453F2,"Pueyrredon, Honorio, Dr. Av.",0,599,Creciente,Recoleccion De Contenedores Verdes,117.07,6,6,Caballito
6RECLDN8453F2,"Pueyrredon, Honorio, Dr. Av.",0,799,Creciente,Recoleccion De Contenedores Verdes,128.45,6,6,Caballito
6RECLDN8453F2,"Pueyrredon, Honorio, Dr. Av.",0,999,Creciente,Recoleccion De Contenedores Verdes,128.24,6,6,Caballito
6RECLDM8403F2,Tucuman,3801,3900,Creciente,Recoleccion De Contenedores Verdes,119.21,6,5,Almagro
6RECLDM8403F2,Rocamora,4201,4300,Decreciente,Recoleccion De Contenedores Verdes,143.27,6,5,Almagro
6RECLDM8403F2,Rocamora,4401,4500,Decreciente,Recoleccion De Contenedores Verdes,133.96,6,5,Almagro
6RECLDM8403F2,Tucuman,3601,3700,Creciente,Recoleccion De Contenedores Verdes,138.63,6,5,Almagro
6RECLDM8403F2,Gallo,901,1000,Creciente,Recoleccion De Contenedores Verdes,145.0,6,5,Almagro
6RECLDM8403F2,San Luis,3301,3400,Decreciente,Recoleccion De Contenedores Verdes,130.36,6,5,Almagro
6RECLDM8403F2,"Acuña De Figueroa, Francisco",1001,1100,Decreciente,Recoleccion De Contenedores Verdes,129.4,6,5,Almagro
6RECLDM8403F2,Billinghurst,917,1000,Creciente,Recoleccion De Contenedores Verdes,174.39,6,5,Almagro
6RECLDM8403F2,Tucuman,3401,3500,Creciente,Recoleccion De Contenedores Verdes,117.1,6,5,Almagro
6RECLDM8403F2,Guardia Vieja,4501,4600,Creciente,Recoleccion De Contenedores Verdes,140.68,6,5,Almagro
6RECLDM8403F2,Guardia Vieja,4301,4400,Creciente,Recoleccion De Contenedores Verdes,135.03,6,5,Almagro
6RECLDM8403F2,Guardia Vieja,4101,4200,Creciente,Recoleccion De Contenedores Verdes,141.59,6,5,Almagro
6RECLDM8403F2,Lavalle,3501,3600,Creciente,Recoleccion De Contenedores Verdes,98.53,6,5,Almagro
6RECLDM8403F2,Guardia Vieja,3901,4000,Creciente,Recoleccion De Contenedores Verdes,132.12,6,5,Almagro
6RECLDM8403F2,Humahuaca,4401,4500,Decreciente,Recoleccion De Contenedores Verdes,134.49,6,5,Almagro
6RECLDM8403F2,Guardia Vieja,3701,3800,Creciente,Recoleccion De Contenedores Verdes,143.81,6,5,Almagro
6RECLDM8403F2,Humahuaca,4201,4300,Decreciente,Recoleccion De Contenedores Verdes,142.18,6,5,Almagro
6RECLDM8403F2,Gallo,701,800,Creciente,Recoleccion De Contenedores Verdes,153.73,6,5,Almagro
6RECLDM8403F2,Lavalle,3301,3400,Creciente,Recoleccion De Contenedores Verdes,138.26,6,5,Almagro
6RECLDM8403F2,Humahuaca,4001,4100,Decreciente,Recoleccion De Contenedores Verdes,147.37,6,5,Almagro
6RECLDM8403F2,Guardia Vieja,3501,3600,Creciente,Recoleccion De Contenedores Verdes,111.99,6,5,Almagro
6RECLDM8403F2,Corrientes Av.,4651,4690,Decreciente,Recoleccion De Contenedores Verdes,76.14,6,5,Almagro
6RECLDM8403F2,Humahuaca,3801,3900,Decreciente,Recoleccion De Contenedores Verdes,132.43,6,5,Almagro
6RECLDM8403F2,Corrientes Av.,4501,4600,Decreciente,Recoleccion De Contenedores Verdes,147.5,6,5,Almagro
6RECLDM8403F2,Humahuaca,3601,3700,Decreciente,Recoleccion De Contenedores Verdes,100.04,6,5,Almagro
6RECLDM8403F2,Corrientes Av.,4301,4400,Decreciente,Recoleccion De Contenedores Verdes,134.51,6,5,Almagro
6RECLDM8403F2,Corrientes Av.,4101,4200,Decreciente,Recoleccion De Contenedores Verdes,142.38,6,5,Almagro
6RECLDM8403F2,Corrientes Av.,3901,4000,Decreciente,Recoleccion De Contenedores Verdes,133.16,6,5,Almagro
6RECLDM8403F2,Corrientes Av.,3701,3800,Decreciente,Recoleccion De Contenedores Verdes,118.49,6,5,Almagro
6RECLDM8403F2,Corrientes Av.,3501,3600,Decreciente,Recoleccion De Contenedores Verdes,107.53,6,5,Almagro
6RECLDM8403F2,Sarmiento,4601,4650,Creciente,Recoleccion De Contenedores Verdes,82.94,6,5,Almagro
6RECLDM8403F2,Sarmiento,4401,4500,Creciente,Recoleccion De Contenedores Verdes,136.64,6,5,Almagro
6RECLDM8403F2,Sarmiento,4201,4300,Creciente,Recoleccion De Contenedores Verdes,141.97,6,5,Almagro
6RECLDM8403F2,Sarmiento,4001,4100,Creciente,Recoleccion De Contenedores Verdes,149.47,6,5,Almagro
6RECLDM8403F2,Sarmiento,3601,3700,Creciente,Recoleccion De Contenedores Verdes,95.76,6,5,Almagro
6RECLDM8403F2,Lambare,801,860,Decreciente,Recoleccion De Contenedores Verdes,113.95,6,5,Almagro
6RECLDM8403F2,Yatay,501,600,Creciente,Recoleccion De Contenedores Verdes,104.55,6,5,Almagro
6RECLDM8403F2,"Peron, Juan Domingo, Tte. General",4201,4300,Creciente,Recoleccion De Contenedores Verdes,134.08,6,5,Almagro
6RECLDM8403F2,"Peron, Juan Domingo, Tte. General",4001,4100,Creciente,Recoleccion De Contenedores Verdes,159.28,6,5,Almagro
6RECLDM8403F2,Sarmiento,3401,3500,Creciente,Recoleccion De Contenedores Verdes,122.42,6,5,Almagro
6RECLDM8403F2,"Peron, Juan Domingo, Tte. General",3601,3700,Creciente,Recoleccion De Contenedores Verdes,123.17,6,5,Almagro
6RECLDM8403F2,"Peron, Juan Domingo, Tte. General",3401,3500,Creciente,Recoleccion De Contenedores Verdes,142.7,6,5,Almagro
6RECLDM8403F2,Potosi,3901,4000,Creciente,Recoleccion De Contenedores Verdes,137.36,6,5,Almagro
6RECLDM8403F2,Potosi,4001,4100,Creciente,Recoleccion De Contenedores Verdes,156.84,6,5,Almagro
6RECLDM8403F2,Potosi,4301,4400,Creciente,Recoleccion De Contenedores Verdes,136.63,6,5,Almagro
6RECLDM8403F2,Diaz Velez Av.,3701,3800,Decreciente,Recoleccion De Contenedores Verdes,116.43,6,5,Almagro
6RECLDM8403F2,"Salguero, Jeronimo",201,300,Creciente,Recoleccion De Contenedores Verdes,140.99,6,5,Almagro
6RECLDM8403F2,Diaz Velez Av.,3901,4000,Decreciente,Recoleccion De Contenedores Verdes,137.13,6,5,Almagro
6RECLDM8403F2,Diaz Velez Av.,4101,4200,Decreciente,Recoleccion De Contenedores Verdes,143.76,6,5,Almagro
6RECLDM8403F2,Rawson,301,400,Decreciente,Recoleccion De Contenedores Verdes,154.72,6,5,Almagro
6RECLDM8403F2,Diaz Velez Av.,4301,4400,Decreciente,Recoleccion De Contenedores Verdes,132.87,6,5,Almagro
6RECLDM8403F2,"Mitre, Bartolome",3601,3700,Decreciente,Recoleccion De Contenedores Verdes,114.32,6,5,Almagro
6RECLDM8403F2,"Mitre, Bartolome",4001,4100,Decreciente,Recoleccion De Contenedores Verdes,163.09,6,5,Almagro
6RECLDM8403F2,"Mitre, Bartolome",4201,4300,Decreciente,Recoleccion De Contenedores Verdes,133.21,6,5,Almagro
6RECLDM8403F2,Billinghurst,1,100,Creciente,Recoleccion De Contenedores Verdes,153.62,6,5,Almagro
6RECLDM8403F2,"Mitre, Bartolome",4401,4500,Decreciente,Recoleccion De Contenedores Verdes,131.44,6,5,Almagro
6RECLDM8403F2,"Salguero, Jeronimo",1,100,Creciente,Recoleccion De Contenedores Verdes,158.02,6,5,Almagro
6RECLDM8403F2,Don Bosco,3401,3500,Decreciente,Recoleccion De Contenedores Verdes,126.16,6,5,Almagro
6RECLDM8403F2,Querandies,4401,4500,Creciente,Recoleccion De Contenedores Verdes,137.42,6,5,Almagro
6RECLDM8403F2,Maza,1,100,Decreciente,Recoleccion De Contenedores Verdes,152.43,6,5,Almagro
6RECLDM8403F2,Gascon,1,80,Creciente,Recoleccion De Contenedores Verdes,129.73,6,5,Almagro
6RECLDM8403F2,Lezica,4201,4300,Decreciente,Recoleccion De Contenedores Verdes,129.49,6,5,Almagro
6RECLDM8403F2,Colombres,1,100,Decreciente,Recoleccion De Contenedores Verdes,195.49,6,5,Almagro
6RECLDM8403F2,Castro Barros Av.,1,100,Creciente,Recoleccion De Contenedores Verdes,191.17,6,5,Almagro
6RECLDM8402F2,Sanchez De Loria,201,300,Creciente,Recoleccion De Contenedores Verdes,93.96,6,5,Almagro
6RECLDM8403F2,Don Bosco,4101,4200,Decreciente,Recoleccion De Contenedores Verdes,136.34,6,5,Almagro
6RECLDM8403F2,Boedo,101,200,Creciente,Recoleccion De Contenedores Verdes,162.68,6,5,Almagro
6RECLDM8402F2,Liniers Virrey,201,300,Decreciente,Recoleccion De Contenedores Verdes,139.38,6,5,Almagro
6RECLDM8403F2,Yatay,1,100,Creciente,Recoleccion De Contenedores Verdes,138.2,6,5,Almagro
6RECLDM8403F2,"Yrigoyen, Hipolito Av.",3701,3800,Doble,Recoleccion De Contenedores Verdes,158.63,6,5,Almagro
6RECLDM8403F2,Yapeyu,101,200,Creciente,Recoleccion De Contenedores Verdes,147.07,6,5,Almagro
6RECLDM8403F2,"Yrigoyen, Hipolito Av.",4101,4200,Doble,Recoleccion De Contenedores Verdes,128.5,6,5,Almagro
6RECLDM8403F2,"Marmol, Jose",1,100,Decreciente,Recoleccion De Contenedores Verdes,132.71,6,5,Almagro
6RECLDM8402F2,Belgrano Av.,3301,3400,Decreciente,Recoleccion De Contenedores Verdes,142.5,6,5,Almagro
6RECLDM8402F2,Maza,301,400,Decreciente,Recoleccion De Contenedores Verdes,132.63,6,5,Almagro
6RECLDM8402F2,Colombres,201,300,Decreciente,Recoleccion De Contenedores Verdes,118.3,6,5,Almagro
6RECLDM8402F2,Belgrano,3901,4000,Decreciente,Recoleccion De Contenedores Verdes,119.55,6,5,Almagro
6RECLDM8402F2,"Bocayuva, Quintino",201,300,Decreciente,Recoleccion De Contenedores Verdes,117.52,6,5,Almagro
6RECLDM8402F2,Muñiz,101,200,Decreciente,Recoleccion De Contenedores Verdes,121.75,6,5,Almagro
6RECLDM8402F2,Castro Barros Av.,301,400,Doble,Recoleccion De Contenedores Verdes,93.78,6,5,Almagro
6RECLDM8402F2,Treinta y Tres Orientales,201,300,Creciente,Recoleccion De Contenedores Verdes,114.96,6,5,Almagro
6RECLDM8402F2,"Marmol, Jose",201,300,Creciente,Recoleccion De Contenedores Verdes,115.03,6,5,Almagro
6RECLDM8402F2,La Plata Av.,1,200,Doble,Recoleccion De Contenedores Verdes,218.08,6,5,Almagro
6RECLDM8402F2,Maza,401,500,Decreciente,Recoleccion De Contenedores Verdes,182.08,6,5,Almagro
6RECLDM8402F2,Republica Bolivariana De Venezuela,3801,3900,Decreciente,Recoleccion De Contenedores Verdes,77.99,6,5,Almagro
6RECLDM8402F2,Yapeyu,401,500,Creciente,Recoleccion De Contenedores Verdes,104.66,6,5,Almagro
6RECLDM8402F2,Republica Bolivariana De Venezuela,4201,4250,Decreciente,Recoleccion De Contenedores Verdes,60.04,6,5,Almagro
6RECLDM8402F2,Muñiz,301,400,Decreciente,Recoleccion De Contenedores Verdes,120.01,6,5,Almagro
6RECLDM8402F2,Liniers Virrey,537,600,Decreciente,Recoleccion De Contenedores Verdes,121.45,6,5,Almagro
6RECLDM8402F2,Boedo Av.,401,500,Creciente,Recoleccion De Contenedores Verdes,134.65,6,5,Almagro
6RECLDM8402F2,Colombres,401,500,Decreciente,Recoleccion De Contenedores Verdes,134.2,6,5,Almagro
6RECLDM8402F2,Agrelo,3901,3950,Creciente,Recoleccion De Contenedores Verdes,91.82,6,5,Almagro
6RECLDM8402F2,"Bocayuva, Quintino",501,600,Decreciente,Recoleccion De Contenedores Verdes,134.02,6,5,Almagro
6RECLDM8402F2,Agrelo,4151,4200,Creciente,Recoleccion De Contenedores Verdes,61.96,6,5,Almagro
6RECLDM8402F2,Muñiz,401,500,Decreciente,Recoleccion De Contenedores Verdes,129.36,6,5,Almagro
6RECLDM8402F2,Sanchez De Loria,701,800,Creciente,Recoleccion De Contenedores Verdes,147.35,6,5,Almagro
6RECLDM8402F2,La Plata Av.,301,400,Doble,Recoleccion De Contenedores Verdes,127.5,6,5,Almagro
6RECLDM8402F2,Maza,601,700,Decreciente,Recoleccion De Contenedores Verdes,150.22,6,5,Almagro
6RECLDM8402F2,Castro Barros,601,700,Creciente,Recoleccion De Contenedores Verdes,137.2,6,5,Almagro
6RECLDM8402F2,"Bocayuva, Quintino",601,700,Decreciente,Recoleccion De Contenedores Verdes,135.17,6,5,Almagro
6RECLDM8402F2,Treinta y Tres Orientales,501,600,Creciente,Recoleccion De Contenedores Verdes,137.53,6,5,Almagro
6RECLDM8402F2,Mexico,4301,4400,Decreciente,Recoleccion De Contenedores Verdes,109.84,6,5,Almagro
6RECLDM8402F2,Independencia Av.,3301,3400,Creciente,Recoleccion De Contenedores Verdes,117.72,6,5,Almagro
6RECLDM8402F2,Independencia Av.,3501,3600,Creciente,Recoleccion De Contenedores Verdes,130.26,6,5,Almagro
6RECLDM8402F2,Colombres,601,700,Decreciente,Recoleccion De Contenedores Verdes,131.95,6,5,Almagro
6RECLDM8402F2,Independencia Av.,3701,3800,Creciente,Recoleccion De Contenedores Verdes,124.98,6,5,Almagro
6RECLDM8402F2,Yapeyu,701,800,Creciente,Recoleccion De Contenedores Verdes,134.27,6,5,Almagro
6RECLDM8402F2,Independencia Av.,3949,4000,Creciente,Recoleccion De Contenedores Verdes,70.15,6,5,Almagro
6RECLDM8402F2,Independencia Av.,4101,4200,Creciente,Recoleccion De Contenedores Verdes,104.14,6,5,Almagro
6RECLDM8402F2,"Marmol, Jose",601,700,Creciente,Recoleccion De Contenedores Verdes,139.44,6,5,Almagro
6RECLDM8402F2,Independencia Av.,4301,4400,Creciente,Recoleccion De Contenedores Verdes,109.65,6,5,Almagro
6RECLDM8402F2,La Plata Av.,546,600,Doble,Recoleccion De Contenedores Verdes,83.71,6,5,Almagro
6RECLDM8402F2,Maza,801,900,Decreciente,Recoleccion De Contenedores Verdes,158.22,6,5,Boedo
6RECLDM8402F2,Boedo Av.,701,800,Creciente,Recoleccion De Contenedores Verdes,163.89,6,5,Boedo
6RECLDM8402F2,Colombres,701,800,Decreciente,Recoleccion De Contenedores Verdes,167.14,6,5,Boedo
6RECLDM8402F2,Estados Unidos,3901,3966,Decreciente,Recoleccion De Contenedores Verdes,71.71,6,5,Boedo
6RECLDM8402F2,"Bocayuva, Quintino",851,900,Decreciente,Recoleccion De Contenedores Verdes,81.84,6,5,Boedo
6RECLDM8402F2,"Marmol, Jose",701,800,Creciente,Recoleccion De Contenedores Verdes,181.47,6,5,Boedo
6RECLDM8402F2,Liniers Virrey,901,1000,Decreciente,Recoleccion De Contenedores Verdes,138.88,6,5,Boedo
6RECLDM8402F2,Muñiz,701,800,Decreciente,Recoleccion De Contenedores Verdes,176.64,6,5,Boedo
6RECLDM8402F2,San Ignacio,3601,3700,Creciente,Recoleccion De Contenedores Verdes,145.79,6,5,Boedo
6RECLDM8402F2,Boedo Av.,901,930,Creciente,Recoleccion De Contenedores Verdes,57.82,6,5,Boedo
6RECLDM8402F2,Humberto 1??,3301,3400,Creciente,Recoleccion De Contenedores Verdes,133.4,6,5,Boedo
6RECLDM8402F2,Maza,1001,1100,Decreciente,Recoleccion De Contenedores Verdes,86.89,6,5,Boedo
6RECLDM8402F2,Castro Barros,901,1000,Creciente,Recoleccion De Contenedores Verdes,211.13,6,5,Boedo
6RECLDM8402F2,"Calvo, Carlos Av.",3801,3900,Creciente,Recoleccion De Contenedores Verdes,133.43,6,5,Boedo
6RECLDM8402F2,"Calvo, Carlos Av.",4051,4100,Creciente,Recoleccion De Contenedores Verdes,63.52,6,5,Boedo
6RECLDM8402F2,Treinta y Tres Orientales,801,900,Creciente,Recoleccion De Contenedores Verdes,193.13,6,5,Boedo
6RECLDM8402F2,"Calvo, Carlos Av.",4201,4300,Doble,Recoleccion De Contenedores Verdes,133.94,6,5,Boedo
6RECLDM8402F2,La Plata Av.,701,800,Doble,Recoleccion De Contenedores Verdes,172.26,6,5,Boedo
6RECLDM8402F2,San Juan Av.,3401,3500,Decreciente,Recoleccion De Contenedores Verdes,103.31,6,5,Boedo
6RECLDM8402F2,San Juan Av.,3601,3700,Decreciente,Recoleccion De Contenedores Verdes,146.96,6,5,Boedo
6RECLDM8402F2,San Juan Av.,3801,3900,Decreciente,Recoleccion De Contenedores Verdes,132.26,6,5,Boedo
6RECLDM8402F2,Castro,1001,1100,Decreciente,Recoleccion De Contenedores Verdes,152.69,6,5,Boedo
6RECLDM8402F2,San Juan Av.,4001,4100,Decreciente,Recoleccion De Contenedores Verdes,123.34,6,5,Boedo
6RECLDM8402F2,"Marmol, Jose",961,1000,Creciente,Recoleccion De Contenedores Verdes,94.48,6,5,Boedo
6RECLDM8401F2,Cochabamba,3401,3500,Creciente,Recoleccion De Contenedores Verdes,106.76,6,5,Boedo
6RECLDM8401F2,Maza,1201,1300,Decreciente,Recoleccion De Contenedores Verdes,170.06,6,5,Boedo
6RECLDM8402F2,San Juan Av.,4201,4300,Decreciente,Recoleccion De Contenedores Verdes,132.25,6,5,Boedo
6RECLDM8401F2,Cochabamba,3601,3700,Creciente,Recoleccion De Contenedores Verdes,133.2,6,5,Boedo
6RECLDM8401F2,Castro Barros,1101,1200,Creciente,Recoleccion De Contenedores Verdes,159.76,6,5,Boedo
6RECLDM8401F2,"Bocayuva, Quintino",1101,1200,Decreciente,Recoleccion De Contenedores Verdes,150.61,6,5,Boedo
6RECLDM8401F2,Constitucion,3501,3600,Decreciente,Recoleccion De Contenedores Verdes,125.09,6,5,Boedo
6RECLDM8401F2,Cochabamba,4301,4400,Creciente,Recoleccion De Contenedores Verdes,111.0,6,5,Boedo
6RECLDM8401F2,Castro,1201,1300,Decreciente,Recoleccion De Contenedores Verdes,119.13,6,5,Boedo
6RECLDM8401F2,Liniers Virrey,1401,1500,Decreciente,Recoleccion De Contenedores Verdes,117.28,6,5,Boedo
6RECLDM8401F2,Treinta y Tres Orientales,1101,1200,Creciente,Recoleccion De Contenedores Verdes,125.1,6,5,Boedo
6RECLDM8401F2,Boedo Av.,1201,1300,Creciente,Recoleccion De Contenedores Verdes,119.75,6,5,Boedo
6RECLDM8401F2,Castro,1301,1400,Decreciente,Recoleccion De Contenedores Verdes,92.98,6,5,Boedo
6RECLDM8401F2,Maza,1501,1600,Decreciente,Recoleccion De Contenedores Verdes,111.86,6,5,Boedo
6RECLDM8401F2,Tarija,4101,4200,Decreciente,Recoleccion De Contenedores Verdes,121.74,6,5,Boedo
6RECLDM8401F2,"Marmol, Jose",1201,1300,Creciente,Recoleccion De Contenedores Verdes,101.51,6,5,Boedo
6RECLDM8401F2,Colombres,1301,1400,Decreciente,Recoleccion De Contenedores Verdes,140.15,6,5,Boedo
6RECLDM8401F2,Pavon Av.,3701,3800,Doble,Recoleccion De Contenedores Verdes,122.02,6,5,Boedo
6RECLDM8401F2,Castro Barros,1401,1500,Creciente,Recoleccion De Contenedores Verdes,142.62,6,5,Boedo
6RECLDM8401F2,La Plata Av.,1201,1300,Doble,Recoleccion De Contenedores Verdes,119.47,6,5,Boedo
6RECLDM8401F2,"Garay, Juan De Av.",3301,3342,Creciente,Recoleccion De Contenedores Verdes,50.61,6,5,Boedo
6RECLDM8401F2,Pavon Av.,3851,3900,Doble,Recoleccion De Contenedores Verdes,72.89,6,5,Boedo
6RECLDM8401F2,"Bocayuva, Quintino",1401,1500,Decreciente,Recoleccion De Contenedores Verdes,144.33,6,5,Boedo
6RECLDM8401F2,Boedo Av.,1401,1450,Creciente,Recoleccion De Contenedores Verdes,65.03,6,5,Boedo
6RECLDM8401F2,Pavon Av.,4001,4100,Doble,Recoleccion De Contenedores Verdes,126.21,6,5,Boedo
6RECLDM8401F2,"Garay, Juan De Av.",3401,3500,Creciente,Recoleccion De Contenedores Verdes,136.75,6,5,Boedo
6RECLDM8401F2,Pavon Av.,4201,4300,Doble,Recoleccion De Contenedores Verdes,122.45,6,5,Boedo
6RECLDM8401F2,Muñiz,1401,1500,Decreciente,Recoleccion De Contenedores Verdes,124.72,6,5,Boedo
6RECLDM8401F2,"Garay, Juan De Av.",3701,3800,Creciente,Recoleccion De Contenedores Verdes,113.0,6,5,Boedo
6RECLDM8401F2,Castro,1501,1600,Decreciente,Recoleccion De Contenedores Verdes,133.92,6,5,Boedo
6RECLDM8401F2,"Garay, Juan De Av.",3901,4000,Creciente,Recoleccion De Contenedores Verdes,120.02,6,5,Boedo
6RECLDM8401F2,Treinta y Tres Orientales,1401,1500,Creciente,Recoleccion De Contenedores Verdes,122.74,6,5,Boedo
6RECLDM8401F2,Liniers Virrey,1751,1800,Decreciente,Recoleccion De Contenedores Verdes,77.97,6,5,Boedo
6RECLDM8401F2,"Marmol, Jose",1401,1500,Creciente,Recoleccion De Contenedores Verdes,115.02,6,5,Boedo
6RECLDM8401F2,"Garay, Juan De Av.",4301,4400,Creciente,Recoleccion De Contenedores Verdes,121.0,6,5,Boedo
6RECLDM8401F2,Colombres,1501,1600,Decreciente,Recoleccion De Contenedores Verdes,151.86,6,5,Boedo
6RECLDM8401F2,Inclan,3901,4000,Decreciente,Recoleccion De Contenedores Verdes,119.62,6,5,Boedo
6RECLDM8401F2,Salcedo,3301,3400,Creciente,Recoleccion De Contenedores Verdes,147.85,6,5,Boedo
6RECLDM8401F2,"Marmol, Jose",1501,1600,Creciente,Recoleccion De Contenedores Verdes,151.17,6,5,Boedo
6RECLDM8401F2,Maza,1801,1900,Decreciente,Recoleccion De Contenedores Verdes,143.63,6,5,Boedo
6RECLDM8401F2,Castro Barros,1701,1800,Creciente,Recoleccion De Contenedores Verdes,146.09,6,5,Boedo
6RECLDM8401F2,Liniers Virrey,1901,2000,Decreciente,Recoleccion De Contenedores Verdes,108.99,6,5,Boedo
6RECLDM8401F2,"Bocayuva, Quintino",1701,1800,Decreciente,Recoleccion De Contenedores Verdes,145.04,6,5,Boedo
6RECLDM8401F2,Salcedo,4101,4200,Doble,Recoleccion De Contenedores Verdes,98.75,6,5,Boedo
6RECLDM8401F2,Las Casas,3501,3550,Decreciente,Recoleccion De Contenedores Verdes,101.24,6,5,Boedo
6RECLDM8401F2,Chiclana Av.,3301,3400,Doble,Recoleccion De Contenedores Verdes,170.03,6,5,Boedo
6RECLDM8401F2,Boedo Av.,1701,1800,Creciente,Recoleccion De Contenedores Verdes,140.27,6,5,Boedo
6RECLDM8401F2,Las Casas,3630,3700,Creciente,Recoleccion De Contenedores Verdes,104.62,6,5,Boedo
6RECLDM8401F2,Castro,1801,1900,Decreciente,Recoleccion De Contenedores Verdes,140.92,6,5,Boedo
6RECLDM8401F2,Liniers Virrey,2101,2200,Decreciente,Recoleccion De Contenedores Verdes,91.66,6,5,Boedo
6RECLDM8401F2,Alzaga,2041,2100,Decreciente,Recoleccion De Contenedores Verdes,87.41,6,5,Boedo
6RECLDM8401F2,Treinta y Tres Orientales,1901,2000,Creciente,Recoleccion De Contenedores Verdes,77.82,6,5,Boedo
6RECLDM8401F2,Maza,2101,2200,Decreciente,Recoleccion De Contenedores Verdes,119.37,6,5,Boedo
6RECLDM8401F2,Chiclana Av.,0,3650,Decreciente,Recoleccion De Contenedores Verdes,114.06,6,5,Boedo
6RECLDM8401F2,Rondeau,3601,3700,Creciente,Recoleccion De Contenedores Verdes,130.28,6,5,Boedo
6RECLDM8401F2,Castro Barros,2001,2100,Creciente,Recoleccion De Contenedores Verdes,113.45,6,5,Boedo
6RECLDM8401F2,Muñiz,1901,2000,Decreciente,Recoleccion De Contenedores Verdes,106.01,6,5,Boedo
6RECLDM8401F2,Liniers Virrey,2301,2400,Decreciente,Recoleccion De Contenedores Verdes,124.45,6,5,Boedo
6RECLDM8401F2,Castro,2101,2200,Decreciente,Recoleccion De Contenedores Verdes,122.11,6,5,Boedo
6RECLDM8401F2,Treinta y Tres Orientales,2101,2200,Creciente,Recoleccion De Contenedores Verdes,120.98,6,5,Boedo
6RECLDM8401F2,"Jantin, Juan Bautista",2101,2200,Decreciente,Recoleccion De Contenedores Verdes,169.22,6,5,Boedo
6RECLDM8401F2,"Marmol, Jose",2001,2100,Creciente,Recoleccion De Contenedores Verdes,120.63,6,5,Boedo
6RECLDM8401F2,Boedo Av.,2001,2100,Creciente,Recoleccion De Contenedores Verdes,157.64,6,5,Boedo
6RECLDM8401F2,Muñiz,2001,2100,Decreciente,Recoleccion De Contenedores Verdes,120.85,6,5,Boedo
6RECLDM8401F2,Castro Barros,2201,2300,Creciente,Recoleccion De Contenedores Verdes,88.72,6,5,Boedo
6RECLDM8401F2,La Plata Av.,2101,2200,Doble,Recoleccion De Contenedores Verdes,117.31,6,5,Boedo
6RECLDM8404F2,"Fernandez De La Cruz, F., Gral. Av.",0,2499,Creciente,Recoleccion De Contenedores Verdes,141.4,6,7,Flores
6RECLDM8404F2,"Fernandez De La Cruz, F., Gral. Av.",0,2639,Creciente,Recoleccion De Contenedores Verdes,82.97,6,8,Villa Soldati
6RECLDM8404F2,"Chilavert, Martiniano, Coronel",2601,2800,Doble,Recoleccion De Contenedores Verdes,309.92,6,8,Villa Soldati
6RECLDM8404F2,Castañon,2601,2700,Doble,Recoleccion De Contenedores Verdes,111.56,6,8,Villa Soldati
6RECLDM8404F2,Riestra Av.,0,3399,Creciente,Recoleccion De Contenedores Verdes,221.84,6,8,Villa Soldati
6RECLDM8404F2,Riestra Av.,0,3400,Decreciente,Recoleccion De Contenedores Verdes,221.33,6,8,Villa Soldati
6RECLDM8404F2,San Pedrito,2601,2700,Doble,Recoleccion De Contenedores Verdes,111.45,6,8,Villa Soldati
6RECLDM8404F2,"Barros Pazos, Jose",3001,3100,Doble,Recoleccion De Contenedores Verdes,97.0,6,8,Villa Soldati
6RECLDM8404F2,Mozart,2301,2370,Doble,Recoleccion De Contenedores Verdes,55.79,6,8,Villa Lugano
6RECLDM8404F2,Portela,2801,2900,Doble,Recoleccion De Contenedores Verdes,111.71,6,8,Villa Soldati
6RECLDM8404F2,"Marti, Jose",2901,3000,Decreciente,Recoleccion De Contenedores Verdes,152.35,6,8,Villa Soldati
6RECLDM8404F2,"Barros Pazos, Jose",3201,3300,Doble,Recoleccion De Contenedores Verdes,128.4,6,8,Villa Soldati
6RECLDM8404F2,"Acosta, Mariano",0,3000,Decreciente,Recoleccion De Contenedores Verdes,98.08,6,8,Villa Soldati
6RECLDM8404F2,Saraza,0,4299,Creciente,Recoleccion De Contenedores Verdes,176.53,6,8,Villa Lugano
6RECLDM8404F2,Pergamino,3001,3100,Decreciente,Recoleccion De Contenedores Verdes,137.74,6,8,Villa Soldati
6RECLDM8404F2,Martinez Castro,3151,3200,Doble,Recoleccion De Contenedores Verdes,77.04,6,8,Villa Soldati
6RECLDM8404F2,"Barros Pazos, Jose",3601,3700,Doble,Recoleccion De Contenedores Verdes,144.38,6,8,Villa Soldati
6RECLDM8404F2,Escalada Av.,2701,2750,Creciente,Recoleccion De Contenedores Verdes,80.93,6,8,Villa Lugano
6RECLDM8404F2,Lacarra Av.,3101,3300,Doble,Recoleccion De Contenedores Verdes,209.05,6,8,Villa Soldati
6RECLDM8404F2,Castañares Av.,4501,4600,Doble,Recoleccion De Contenedores Verdes,66.86,6,8,Villa Lugano
6RECLDM8404F2,Castañares Av.,4601,4650,Doble,Recoleccion De Contenedores Verdes,37.28,6,8,Villa Lugano
6RECLDM8404F2,Zelarrayan,4501,4600,Decreciente,Recoleccion De Contenedores Verdes,91.33,6,8,Villa Lugano
6RECLDM8404F2,Basualdo,3101,3200,Doble,Recoleccion De Contenedores Verdes,140.47,6,8,Villa Lugano
6RECLDM8404F2,Guardia Nacional,3201,3300,Doble,Recoleccion De Contenedores Verdes,148.01,6,8,Villa Lugano
6RECLDM8404F2,Aquino,4601,4700,Creciente,Recoleccion De Contenedores Verdes,103.24,6,8,Villa Lugano
6RECLDM8404F2,Castañares Av.,4951,5000,Doble,Recoleccion De Contenedores Verdes,67.93,6,8,Villa Lugano
6RECLDM8404F2,Araujo,3301,3400,Doble,Recoleccion De Contenedores Verdes,148.04,6,8,Villa Lugano
6RECLDM8404F2,Corvalan,3301,3400,Doble,Recoleccion De Contenedores Verdes,148.05,6,8,Villa Lugano
6RECLDM8404F2,Araujo,3501,3600,Doble,Recoleccion De Contenedores Verdes,81.55,6,8,Villa Lugano
6RECLDM8404F2,Albariño,3401,3500,Decreciente,Recoleccion De Contenedores Verdes,148.05,6,8,Villa Lugano
6RECLDM8404F2,Somellera,4801,4900,Decreciente,Recoleccion De Contenedores Verdes,103.8,6,8,Villa Lugano
6RECLDM8404F2,Corvalan,3501,3600,Doble,Recoleccion De Contenedores Verdes,149.07,6,8,Villa Lugano
6RECLDM8404F2,Pola,3501,3600,Decreciente,Recoleccion De Contenedores Verdes,148.05,6,8,Villa Lugano
6RECLDM8404F2,Miralla,3501,3600,Doble,Recoleccion De Contenedores Verdes,143.55,6,8,Villa Lugano
6RECLDM8404F2,Albariño,3601,3700,Decreciente,Recoleccion De Contenedores Verdes,149.04,6,8,Villa Lugano
6RECLDM8404F2,Fonrouge,3701,3784,Doble,Recoleccion De Contenedores Verdes,84.46,6,8,Villa Lugano
6RECLDM8404F2,"Ozanam Federico, Beato",5201,5300,Doble,Recoleccion De Contenedores Verdes,108.67,6,8,Villa Lugano
6RECLDM8404F2,Somellera,5301,5400,Decreciente,Recoleccion De Contenedores Verdes,104.21,6,8,Villa Lugano
6RECLDM8404F2,Aquino,5401,5500,Creciente,Recoleccion De Contenedores Verdes,156.75,6,8,Villa Lugano
6RECLDM8404F2,Miralla,3801,3900,Decreciente,Recoleccion De Contenedores Verdes,134.41,6,8,Villa Lugano
6RECLDM8404F2,Sayos,5201,5300,Creciente,Recoleccion De Contenedores Verdes,103.74,6,8,Villa Lugano
6RECLDM8404F2,"Fernandez De La Cruz, F., Gral. Av.",0,4749,Creciente,Recoleccion De Contenedores Verdes,40.43,6,8,Villa Lugano
6RECLDM8404F2,"Fernandez De La Cruz, F., Gral. Av.",0,4830,Decreciente,Recoleccion De Contenedores Verdes,98.93,6,8,Villa Lugano
6RECLDM8404F2,Somellera,5501,5600,Decreciente,Recoleccion De Contenedores Verdes,137.98,6,8,Villa Lugano
6RECLDM8404F2,Oliden,4001,4100,Doble,Recoleccion De Contenedores Verdes,143.35,6,8,Villa Lugano
6RECLDM8404F2,Larraya,4051,4100,Decreciente,Recoleccion De Contenedores Verdes,75.68,6,8,Villa Lugano
6RECLDM8404F2,"Fernandez De La Cruz, F., Gral. Av.",0,4839,Creciente,Recoleccion De Contenedores Verdes,40.39,6,8,Villa Lugano
6RECLDM8404F2,Murguiondo,4001,4100,Creciente,Recoleccion De Contenedores Verdes,141.37,6,8,Villa Lugano
6RECLDM8404F2,Larrazabal,4001,4060,Decreciente,Recoleccion De Contenedores Verdes,67.43,6,8,Villa Lugano
6RECLDM8404F2,"Fernandez De La Cruz, F., Gral. Av.",0,5000,Decreciente,Recoleccion De Contenedores Verdes,106.88,6,8,Villa Lugano
6RECLDM8404F2,Oliden,4201,4300,Doble,Recoleccion De Contenedores Verdes,76.92,6,8,Villa Lugano
6RECLDM8404F2,"Fernandez De La Cruz, F., Gral. Av.",0,5100,Decreciente,Recoleccion De Contenedores Verdes,95.42,6,8,Villa Lugano
6RECLDM8404F2,"Fernandez De La Cruz, F., Gral. Av.",0,5039,Creciente,Recoleccion De Contenedores Verdes,41.2,6,8,Villa Lugano
6RECLDM8404F2,Murguiondo,4201,4300,Creciente,Recoleccion De Contenedores Verdes,75.14,6,8,Villa Lugano
6RECLDM8404F2,Riestra Av.,0,5800,Decreciente,Recoleccion De Contenedores Verdes,107.24,6,8,Villa Lugano
6RECLDM8404F2,Somellera,6001,6100,Creciente,Recoleccion De Contenedores Verdes,39.51,6,8,Villa Lugano
6RECLDM8404F2,Cafayate,4161,4200,Decreciente,Recoleccion De Contenedores Verdes,54.02,6,8,Villa Lugano
6RECLDM8404F2,"Batlle y Ordoñez, Jose P.t.",5601,5700,Decreciente,Recoleccion De Contenedores Verdes,128.13,6,8,Villa Lugano
6RECLDM8404F2,Murguiondo,4301,4400,Creciente,Recoleccion De Contenedores Verdes,143.74,6,8,Villa Lugano
6RECLDM8404F2,Unanue,5501,5600,Creciente,Recoleccion De Contenedores Verdes,137.48,6,8,Villa Lugano
6RECLDM8404F2,Cafayate,4301,4400,Decreciente,Recoleccion De Contenedores Verdes,142.54,6,8,Villa Lugano
6RECLDM8404F2,"Leguizamon, Martiniano",4401,4500,Creciente,Recoleccion De Contenedores Verdes,143.11,6,8,Villa Lugano
6RECLDM8404F2,Murguiondo,4501,4600,Creciente,Recoleccion De Contenedores Verdes,114.79,6,8,Villa Lugano
6RECLDM8404F2,Oliden,4601,4700,Doble,Recoleccion De Contenedores Verdes,171.6,6,8,Villa Lugano
6RECLDM8404F2,Cafayate,4401,4500,Decreciente,Recoleccion De Contenedores Verdes,143.23,6,8,Villa Lugano
6RECLDM8404F2,Hudson,4301,4400,Decreciente,Recoleccion De Contenedores Verdes,142.91,6,8,Villa Lugano
6RECLDM8404F2,"Batlle y Ordoñez, Jose P.t.",6051,6100,Decreciente,Recoleccion De Contenedores Verdes,66.97,6,8,Villa Lugano
6RECLDM8404F2,"Leguizamon, Martiniano",4601,4700,Creciente,Recoleccion De Contenedores Verdes,171.41,6,8,Villa Lugano
6RECLDM8404F2,Murguiondo,4701,4800,Creciente,Recoleccion De Contenedores Verdes,120.35,6,8,Villa Lugano
6RECLDM8404F2,Cafayate,4601,4700,Decreciente,Recoleccion De Contenedores Verdes,171.32,6,8,Villa Lugano
6RECLDM8404F2,"Gordillo, Timoteo",4501,4600,Creciente,Recoleccion De Contenedores Verdes,151.7,6,8,Villa Lugano
6RECLDM8404F2,Cañada De Gomez,4501,4600,Creciente,Recoleccion De Contenedores Verdes,151.69,6,8,Villa Lugano
6RECLDM8404F2,"Chilavert, Martiniano, Coronel",6001,6050,Doble,Recoleccion De Contenedores Verdes,76.86,6,8,Villa Lugano
6RECLDM8404F2,Hudson,4601,4700,Decreciente,Recoleccion De Contenedores Verdes,171.03,6,8,Villa Lugano
6RECLDM8404F2,"De La Torre, Lisandro",4601,4700,Decreciente,Recoleccion De Contenedores Verdes,147.05,6,8,Villa Lugano
6RECLDM8404F2,"Gordillo, Timoteo",4701,4800,Creciente,Recoleccion De Contenedores Verdes,147.23,6,8,Villa Riachuelo
6RECLDM8404F2,"Batlle y Ordoñez, Jose P.t.",6501,6600,Decreciente,Recoleccion De Contenedores Verdes,103.19,6,8,Villa Lugano
6RECLDM8404F2,"Fernandez De La Cruz, F., Gral. Av.",0,6099,Creciente,Recoleccion De Contenedores Verdes,243.48,6,8,Villa Lugano
6RECLDM8404F2,"De La Torre, Lisandro",4717,4800,Decreciente,Recoleccion De Contenedores Verdes,119.63,6,8,Villa Lugano
6RECLDM8404F2,Unanue,6401,6500,Creciente,Recoleccion De Contenedores Verdes,103.61,6,8,Villa Lugano
6RECLDM8404F2,Cañada De Gomez,4701,4800,Creciente,Recoleccion De Contenedores Verdes,147.42,6,8,Villa Riachuelo
6RECLDM8404F2,"Gordillo, Timoteo",4801,4900,Creciente,Recoleccion De Contenedores Verdes,143.13,6,8,Villa Riachuelo
6RECLDM8404F2,Guamini,4601,4700,Decreciente,Recoleccion De Contenedores Verdes,151.66,6,8,Villa Lugano
6RECLDM8404F2,Cosquin,4701,4800,Decreciente,Recoleccion De Contenedores Verdes,147.53,6,8,Villa Riachuelo
6RECLDM8404F2,Cañada De Gomez,4801,4900,Creciente,Recoleccion De Contenedores Verdes,143.09,6,8,Villa Riachuelo
6RECLDM8404F2,Montiel,4801,4900,Creciente,Recoleccion De Contenedores Verdes,151.65,6,8,Villa Lugano
6RECLDM8404F2,"Barros Pazos, Jose",6501,6600,Decreciente,Recoleccion De Contenedores Verdes,103.61,6,8,Villa Riachuelo
6RECLDM8404F2,"Batlle y Ordoñez, Jose P.t.",6801,6900,Decreciente,Recoleccion De Contenedores Verdes,89.45,6,8,Villa Lugano
6RECLDM8404F2,"Suarez, Jose Leon",4801,4900,Decreciente,Recoleccion De Contenedores Verdes,151.65,6,8,Villa Lugano
6RECLDM8404F2,Piedra Buena Av.,4801,4900,Creciente,Recoleccion De Contenedores Verdes,143.03,6,8,Villa Riachuelo
6RECLDM8404F2,"Barros Pazos, Jose",6701,6800,Decreciente,Recoleccion De Contenedores Verdes,103.49,6,8,Villa Riachuelo
6RECLDM8404F2,Guamini,4901,5000,Decreciente,Recoleccion De Contenedores Verdes,143.01,6,8,Villa Riachuelo
6RECLDM8404F2,"Barros Pazos, Jose",6801,6900,Decreciente,Recoleccion De Contenedores Verdes,103.44,6,8,Villa Riachuelo
6RECLDM8404F2,"Suarez, Jose Leon",5001,5100,Decreciente,Recoleccion De Contenedores Verdes,147.49,6,8,Villa Riachuelo
6RECLDM8404F2,"Fernandez De La Cruz, F., Gral. Av.",6801,6900,Doble,Recoleccion De Contenedores Verdes,102.81,6,8,Villa Riachuelo
6RECLDM8404F2,Saladillo,5101,5200,Creciente,Recoleccion De Contenedores Verdes,143.05,6,8,Villa Riachuelo
6RECLDM8404F2,Lafuente Av.,1801,2300,Doble,Recoleccion De Contenedores Verdes,443.39,6,8,Villa Soldati
6RECLDM8404F2,Saraza,0,4300,Decreciente,Recoleccion De Contenedores Verdes,148.8,6,8,Villa Lugano
6RECLDM8404F2,"Fernandez De La Cruz, F., Gral. Av.",0,4200,Decreciente,Recoleccion De Contenedores Verdes,197.21,6,8,Villa Soldati
6RECLDM8404F2,Escalada Av.,2751,2800,Creciente,Recoleccion De Contenedores Verdes,52.55,6,8,Villa Lugano
6RECLDM8404F2,"Paz, Gral. Av.",0,15900,Decreciente,Recoleccion De Contenedores Verdes,68.85,6,8,Villa Riachuelo
6RECLDM8404F2,"Fernandez De La Cruz, F., Gral. Av.",0,5139,Creciente,Recoleccion De Contenedores Verdes,42.59,6,8,Villa Lugano
6RECLDM8404F2,"Fernandez De La Cruz, F., Gral. Av.",0,4829,Creciente,Recoleccion De Contenedores Verdes,41.62,6,8,Villa Lugano
6RECLDM8404F2,"Fernandez De La Cruz, F., Gral. Av.",0,4699,Creciente,Recoleccion De Contenedores Verdes,45.2,6,8,Villa Lugano
6RECLDM8404F2,"Fernandez De La Cruz, F., Gral. Av.",0,5199,Creciente,Recoleccion De Contenedores Verdes,80.57,6,8,Villa Lugano
6RECLDM8404F2,"Fernandez De La Cruz, F., Gral. Av.",0,4799,Creciente,Recoleccion De Contenedores Verdes,42.96,6,8,Villa Lugano
6RECLDM8404F2,"Fernandez De La Cruz, F., Gral. Av.",0,5089,Creciente,Recoleccion De Contenedores Verdes,41.61,6,8,Villa Lugano
7RECLDM8401F6,Ecuador,901,1000,Decreciente,Recoleccion De Contenedores Verdes,191.63,7,3,Balvanera
7RECLDM8401F6,Viamonte,2601,2700,Decreciente,Recoleccion De Contenedores Verdes,97.61,7,3,Balvanera
7RECLDM8401F6,Lavalle,3101,3200,Creciente,Recoleccion De Contenedores Verdes,142.3,7,3,Balvanera
7RECLDM8401F6,Lavalle,2901,3000,Creciente,Recoleccion De Contenedores Verdes,97.14,7,3,Balvanera
7RECLDM8401F6,Lavalle,2501,2600,Creciente,Recoleccion De Contenedores Verdes,128.61,7,3,Balvanera
7RECLDM8401F6,Corrientes Av.,1901,2000,Decreciente,Recoleccion De Contenedores Verdes,131.01,7,3,Balvanera
7RECLDM8401F6,"Gomez, Valentin",2801,2900,Decreciente,Recoleccion De Contenedores Verdes,114.45,7,3,Balvanera
7RECLDM8401F6,Sarmiento,2101,2200,Creciente,Recoleccion De Contenedores Verdes,127.05,7,3,Balvanera
7RECLDM8401F6,Sarmiento,3301,3400,Creciente,Recoleccion De Contenedores Verdes,117.43,7,3,Balvanera
7RECLDM8401F6,Sarmiento,2901,3000,Creciente,Recoleccion De Contenedores Verdes,129.66,7,3,Balvanera
7RECLDM8401F6,"Peron, Juan Domingo, Tte. General",1801,1900,Creciente,Recoleccion De Contenedores Verdes,133.77,7,3,Balvanera
7RECLDM8401F6,Rivadavia Av.,1901,2000,Creciente,Recoleccion De Contenedores Verdes,136.98,7,3,Balvanera
7RECLDM8401F6,Rivadavia Av.,2501,2600,Creciente,Recoleccion De Contenedores Verdes,141.44,7,3,Balvanera
7RECLDM8401F6,"Yrigoyen, Hipolito",1801,1900,Decreciente,Recoleccion De Contenedores Verdes,134.33,7,3,Balvanera
7RECLDM8401F6,"Yrigoyen, Hipolito",2001,2100,Decreciente,Recoleccion De Contenedores Verdes,128.91,7,3,Balvanera
7RECLDM8401F6,"Yrigoyen, Hipolito",2201,2300,Decreciente,Recoleccion De Contenedores Verdes,146.55,7,3,Balvanera
7RECLDM8401F6,"Yrigoyen, Hipolito",2801,2900,Decreciente,Recoleccion De Contenedores Verdes,137.66,7,3,Balvanera
7RECLDM8401F6,"Alsina, Adolfo",2501,2600,Decreciente,Recoleccion De Contenedores Verdes,155.2,7,3,Balvanera
7RECLDM8401F6,"Yrigoyen, Hipolito",3201,3280,Decreciente,Recoleccion De Contenedores Verdes,140.89,7,3,Balvanera
7RECLDM8401F6,Moreno,1801,1900,Creciente,Recoleccion De Contenedores Verdes,138.93,7,3,Balvanera
7RECLDM8401F6,"Alsina, Adolfo",3101,3200,Decreciente,Recoleccion De Contenedores Verdes,132.9,7,3,Balvanera
7RECLDM8401F6,Moreno,2601,2700,Creciente,Recoleccion De Contenedores Verdes,99.44,7,3,Balvanera
7RECLDM8401F6,Jujuy Av.,201,300,Doble,Recoleccion De Contenedores Verdes,114.63,7,3,Balvanera
7RECLDM8401F6,Belgrano Av.,3001,3100,Decreciente,Recoleccion De Contenedores Verdes,118.48,7,3,Balvanera
7RECLDM8401F6,Mexico,1801,1900,Decreciente,Recoleccion De Contenedores Verdes,139.82,7,3,Balvanera
7RECLDM8402F6,Republica Bolivariana De Venezuela,3001,3100,Creciente,Recoleccion De Contenedores Verdes,112.93,7,3,Balvanera
7RECLDM8402F6,Republica Bolivariana De Venezuela,3201,3300,Creciente,Recoleccion De Contenedores Verdes,160.36,7,3,Balvanera
7RECLDM8401F6,Chile,1901,2000,Decreciente,Recoleccion De Contenedores Verdes,124.62,7,3,Balvanera
7RECLDM8401F6,Chile,2301,2400,Decreciente,Recoleccion De Contenedores Verdes,98.31,7,3,Balvanera
7RECLDM8402F6,Independencia Av.,1801,1900,Creciente,Recoleccion De Contenedores Verdes,137.68,7,3,Balvanera
7RECLDM8402F6,Independencia Av.,2201,2300,Creciente,Recoleccion De Contenedores Verdes,132.81,7,3,Balvanera
7RECLDM8402F6,Independencia Av.,2401,2500,Creciente,Recoleccion De Contenedores Verdes,86.39,7,3,Balvanera
7RECLDM8402F6,Independencia Av.,2701,2800,Creciente,Recoleccion De Contenedores Verdes,143.61,7,3,Balvanera
7RECLDM8402F6,Estados Unidos,1801,1900,Decreciente,Recoleccion De Contenedores Verdes,142.19,7,3,San Cristobal
7RECLDM8402F6,Independencia Av.,2901,3000,Creciente,Recoleccion De Contenedores Verdes,131.41,7,3,Balvanera
7RECLDM8402F6,Estados Unidos,2401,2500,Decreciente,Recoleccion De Contenedores Verdes,86.6,7,3,San Cristobal
7RECLDM8402F6,Estados Unidos,2801,2900,Decreciente,Recoleccion De Contenedores Verdes,139.5,7,3,San Cristobal
7RECLDM8402F6,"Calvo, Carlos",2301,2400,Creciente,Recoleccion De Contenedores Verdes,122.35,7,3,San Cristobal
7RECLDM8402F6,"Calvo, Carlos",2501,2600,Creciente,Recoleccion De Contenedores Verdes,91.26,7,3,San Cristobal
7RECLDM8402F6,Estados Unidos,3001,3100,Decreciente,Recoleccion De Contenedores Verdes,152.99,7,3,San Cristobal
7RECLDM8402F6,Humberto 1??,1801,1900,Creciente,Recoleccion De Contenedores Verdes,142.68,7,3,San Cristobal
7RECLDM8402F6,Humberto 1??,2201,2300,Creciente,Recoleccion De Contenedores Verdes,130.87,7,3,San Cristobal
7RECLDM8402F6,Humberto 1??,2701,2800,Creciente,Recoleccion De Contenedores Verdes,169.64,7,3,San Cristobal
7RECLDM8402F6,"Calvo, Carlos",3201,3300,Creciente,Recoleccion De Contenedores Verdes,136.61,7,3,San Cristobal
7RECLDM8402F6,Humberto 1??,3101,3200,Creciente,Recoleccion De Contenedores Verdes,137.73,7,3,San Cristobal
7RECLDM8402F6,San Juan Av.,3001,3100,Decreciente,Recoleccion De Contenedores Verdes,166.06,7,3,San Cristobal
7RECLDM8402F6,Constitucion,2301,2400,Decreciente,Recoleccion De Contenedores Verdes,152.89,7,3,San Cristobal
7RECLDM8402F6,Constitucion,2601,2700,Decreciente,Recoleccion De Contenedores Verdes,121.5,7,3,San Cristobal
7RECLDM8402F6,Constitucion,3047,3100,Decreciente,Recoleccion De Contenedores Verdes,81.97,7,3,San Cristobal
7RECLDM8402F6,Constitucion,3251,3300,Decreciente,Recoleccion De Contenedores Verdes,82.02,7,3,San Cristobal
7RECLDM8402F6,"Garay, Juan De Av.",2101,2200,Creciente,Recoleccion De Contenedores Verdes,98.52,7,3,San Cristobal
7RECLDM8402F6,Pavon,2901,3000,Decreciente,Recoleccion De Contenedores Verdes,124.69,7,3,San Cristobal
7RECLDM8402F6,"Garay, Juan De Av.",2301,2400,Creciente,Recoleccion De Contenedores Verdes,165.07,7,3,San Cristobal
7RECLDM8402F6,"Garay, Juan De Av.",2501,2600,Creciente,Recoleccion De Contenedores Verdes,110.27,7,3,San Cristobal
7RECLDM8402F6,Pavon,3101,3200,Decreciente,Recoleccion De Contenedores Verdes,143.4,7,3,San Cristobal
7RECLDM8402F6,"Garay, Juan De Av.",2801,2900,Creciente,Recoleccion De Contenedores Verdes,176.49,7,3,San Cristobal
7RECLDM8402F6,Pavon,3251,3300,Decreciente,Recoleccion De Contenedores Verdes,88.04,7,3,San Cristobal
7RECLDM8401F6,"Anchorena, Tomas Manuel De, Dr.",801,900,Creciente,Recoleccion De Contenedores Verdes,167.9,7,3,Balvanera
7RECLDM8401F6,Viamonte,2001,2100,Decreciente,Recoleccion De Contenedores Verdes,131.66,7,3,Balvanera
7RECLDM8401F6,Viamonte,2201,2300,Decreciente,Recoleccion De Contenedores Verdes,108.73,7,3,Balvanera
7RECLDM8401F6,"Anchorena, Tomas Manuel De, Dr.",551,600,Creciente,Recoleccion De Contenedores Verdes,84.45,7,3,Balvanera
7RECLDM8401F6,Lavalle,2701,2800,Creciente,Recoleccion De Contenedores Verdes,108.06,7,3,Balvanera
7RECLDM8401F6,Lavalle,2301,2400,Creciente,Recoleccion De Contenedores Verdes,123.72,7,3,Balvanera
7RECLDM8401F6,Corrientes Av.,2101,2200,Decreciente,Recoleccion De Contenedores Verdes,131.83,7,3,Balvanera
7RECLDM8401F6,"Gomez, Valentin",3201,3300,Decreciente,Recoleccion De Contenedores Verdes,115.91,7,3,Balvanera
7RECLDM8401F6,"Mitre, Bartolome",1901,2000,Decreciente,Recoleccion De Contenedores Verdes,135.97,7,3,Balvanera
7RECLDM8401F6,Rivadavia Av.,2101,2200,Creciente,Recoleccion De Contenedores Verdes,119.74,7,3,Balvanera
7RECLDM8401F6,Rivadavia Av.,2301,2400,Creciente,Recoleccion De Contenedores Verdes,125.69,7,3,Balvanera
7RECLDM8401F6,Rivadavia Av.,2601,2700,Creciente,Recoleccion De Contenedores Verdes,114.74,7,3,Balvanera
7RECLDM8401F6,Rivadavia Av.,3101,3200,Creciente,Recoleccion De Contenedores Verdes,127.4,7,3,Balvanera
7RECLDM8401F6,"Yrigoyen, Hipolito",2401,2500,Decreciente,Recoleccion De Contenedores Verdes,117.23,7,3,Balvanera
7RECLDM8401F6,"Yrigoyen, Hipolito",2601,2700,Decreciente,Recoleccion De Contenedores Verdes,110.84,7,3,Balvanera
7RECLDM8401F6,"Yrigoyen, Hipolito",3001,3100,Decreciente,Recoleccion De Contenedores Verdes,131.85,7,3,Balvanera
7RECLDM8401F6,"Alsina, Adolfo",1901,2000,Decreciente,Recoleccion De Contenedores Verdes,134.44,7,3,Balvanera
7RECLDM8401F6,"Alsina, Adolfo",2301,2400,Decreciente,Recoleccion De Contenedores Verdes,124.38,7,3,Balvanera
7RECLDM8401F6,"Alsina, Adolfo",2901,3000,Decreciente,Recoleccion De Contenedores Verdes,162.56,7,3,Balvanera
7RECLDM8401F6,Moreno,2201,2300,Creciente,Recoleccion De Contenedores Verdes,132.19,7,3,Balvanera
7RECLDM8401F6,Moreno,2401,2500,Creciente,Recoleccion De Contenedores Verdes,112.2,7,3,Balvanera
7RECLDM8401F6,Moreno,3001,3100,Creciente,Recoleccion De Contenedores Verdes,116.58,7,3,Balvanera
7RECLDM8401F6,Belgrano Av.,1901,2000,Decreciente,Recoleccion De Contenedores Verdes,132.28,7,3,Balvanera
7RECLDM8401F6,Belgrano Av.,2101,2200,Decreciente,Recoleccion De Contenedores Verdes,122.85,7,3,Balvanera
7RECLDM8401F6,Belgrano Av.,2302,2400,Decreciente,Recoleccion De Contenedores Verdes,76.7,7,3,Balvanera
7RECLDM8401F6,Belgrano Av.,2601,2700,Decreciente,Recoleccion De Contenedores Verdes,97.73,7,3,Balvanera
7RECLDM8401F6,Belgrano Av.,2801,2900,Decreciente,Recoleccion De Contenedores Verdes,118.83,7,3,Balvanera
7RECLDM8401F6,Belgrano Av.,2951,3000,Decreciente,Recoleccion De Contenedores Verdes,103.45,7,3,Balvanera
7RECLDM8401F6,Republica Bolivariana De Venezuela,2101,2200,Creciente,Recoleccion De Contenedores Verdes,155.42,7,3,Balvanera
7RECLDM8401F6,Republica Bolivariana De Venezuela,2401,2500,Creciente,Recoleccion De Contenedores Verdes,148.49,7,3,Balvanera
7RECLDM8401F6,Mexico,2201,2300,Decreciente,Recoleccion De Contenedores Verdes,130.1,7,3,Balvanera
7RECLDM8402F6,Republica Bolivariana De Venezuela,2801,2900,Creciente,Recoleccion De Contenedores Verdes,106.59,7,3,Balvanera
7RECLDM8401F6,Mexico,2401,2500,Decreciente,Recoleccion De Contenedores Verdes,87.09,7,3,Balvanera
7RECLDM8401F6,Chile,2501,2600,Decreciente,Recoleccion De Contenedores Verdes,127.94,7,3,Balvanera
7RECLDM8402F6,Mexico,2901,3000,Decreciente,Recoleccion De Contenedores Verdes,143.4,7,3,Balvanera
7RECLDM8402F6,Independencia Av.,2001,2100,Creciente,Recoleccion De Contenedores Verdes,136.97,7,3,Balvanera
7RECLDM8402F6,Mexico,3101,3200,Decreciente,Recoleccion De Contenedores Verdes,156.45,7,3,Balvanera
7RECLDM8402F6,Mexico,3201,3300,Decreciente,Recoleccion De Contenedores Verdes,156.0,7,3,Balvanera
7RECLDM8402F6,Estados Unidos,2001,2100,Decreciente,Recoleccion De Contenedores Verdes,130.77,7,3,San Cristobal
7RECLDM8402F6,Estados Unidos,2201,2300,Decreciente,Recoleccion De Contenedores Verdes,127.75,7,3,San Cristobal
7RECLDM8402F6,Jujuy Av.,801,900,Doble,Recoleccion De Contenedores Verdes,111.9,7,3,San Cristobal
7RECLDM8402F6,Independencia Av.,3101,3150,Creciente,Recoleccion De Contenedores Verdes,78.01,7,3,Balvanera
7RECLDM8402F6,"Calvo, Carlos",2101,2200,Creciente,Recoleccion De Contenedores Verdes,119.95,7,3,San Cristobal
7RECLDM8402F6,Jujuy Av.,1001,1100,Doble,Recoleccion De Contenedores Verdes,148.27,7,3,San Cristobal
7RECLDM8402F6,San Juan Av.,2101,2200,Decreciente,Recoleccion De Contenedores Verdes,91.77,7,3,San Cristobal
7RECLDM8402F6,Humberto 1??,2901,3000,Creciente,Recoleccion De Contenedores Verdes,114.99,7,3,San Cristobal
7RECLDM8402F6,Cochabamba,2201,2300,Creciente,Recoleccion De Contenedores Verdes,142.36,7,3,San Cristobal
7RECLDM8402F6,Constitucion,1901,2000,Creciente,Recoleccion De Contenedores Verdes,83.82,7,3,San Cristobal
7RECLDM8402F6,Constitucion,2101,2200,Creciente,Recoleccion De Contenedores Verdes,104.37,7,3,San Cristobal
7RECLDM8402F6,Cochabamba,2901,3000,Creciente,Recoleccion De Contenedores Verdes,120.31,7,3,San Cristobal
7RECLDM8402F6,Cochabamba,3201,3300,Creciente,Recoleccion De Contenedores Verdes,164.49,7,3,San Cristobal
7RECLDM8402F6,Pavon,2001,2100,Decreciente,Recoleccion De Contenedores Verdes,103.28,7,3,San Cristobal
7RECLDM8402F6,Pavon,2201,2300,Decreciente,Recoleccion De Contenedores Verdes,142.33,7,3,San Cristobal
7RECLDM8402F6,Jujuy Av.,1401,1500,Creciente,Recoleccion De Contenedores Verdes,120.6,7,3,San Cristobal
7RECLDM8402F6,San Juan Av.,3101,3160,Decreciente,Recoleccion De Contenedores Verdes,78.46,7,3,San Cristobal
7RECLDM8401F6,"Alsina, Adolfo",2101,2200,Decreciente,Recoleccion De Contenedores Verdes,116.76,7,3,Balvanera
7RECLDM8401F6,Mexico,2001,2100,Decreciente,Recoleccion De Contenedores Verdes,137.84,7,3,Balvanera
7RECLDM8402F6,Mexico,2701,2800,Decreciente,Recoleccion De Contenedores Verdes,130.18,7,3,Balvanera
7RECLDM8402F6,Pavon,2701,2800,Decreciente,Recoleccion De Contenedores Verdes,102.92,7,3,San Cristobal
7RECLDM8402F6,"Calvo, Carlos",2801,2900,Creciente,Recoleccion De Contenedores Verdes,156.89,7,3,San Cristobal
7RECLDM8402F6,"Calvo, Carlos",3001,3100,Creciente,Recoleccion De Contenedores Verdes,164.57,7,3,San Cristobal
7RECLDM8402F6,Constitucion,2801,2900,Decreciente,Recoleccion De Contenedores Verdes,138.92,7,3,San Cristobal
7RECLDM8402F6,Pavon,2401,2500,Decreciente,Recoleccion De Contenedores Verdes,123.1,7,3,San Cristobal
7RECLDM8402F6,Estados Unidos,2601,2700,Decreciente,Recoleccion De Contenedores Verdes,97.32,7,3,San Cristobal
7RECLDM8402F6,San Juan Av.,2801,2900,Decreciente,Recoleccion De Contenedores Verdes,166.19,7,3,San Cristobal
7RECLDM8401F6,Belgrano Av.,3201,3300,Decreciente,Recoleccion De Contenedores Verdes,152.9,7,3,Balvanera
7RECLDM8402F6,Sarandi,1201,1278,Decreciente,Recoleccion De Contenedores Verdes,104.94,7,3,San Cristobal
7RECLDM8402F6,Cochabamba,2501,2550,Creciente,Recoleccion De Contenedores Verdes,73.31,7,3,San Cristobal
7RECLDM8402F6,Sarandi,1401,1500,Decreciente,Recoleccion De Contenedores Verdes,135.24,7,3,San Cristobal
7RECLDM8402F6,Estados Unidos,3151,3200,Decreciente,Recoleccion De Contenedores Verdes,71.66,7,3,San Cristobal
7RECLDM8401F6,Sarmiento,1901,2000,Creciente,Recoleccion De Contenedores Verdes,132.95,7,3,Balvanera
7RECLDM8401F6,Lavalle,2101,2200,Creciente,Recoleccion De Contenedores Verdes,132.28,7,3,Balvanera
7RECLDM8401F6,"Jaures, Jean",687,800,Decreciente,Recoleccion De Contenedores Verdes,106.24,7,3,Balvanera
7RECLDM8401F6,"Jaures, Jean",835,900,Decreciente,Recoleccion De Contenedores Verdes,120.31,7,3,Balvanera
7RECLDM8401F6,Ecuador,701,800,Decreciente,Recoleccion De Contenedores Verdes,105.28,7,3,Balvanera
7RECLDM8401F6,Boulogne Sur Mer,801,900,Creciente,Recoleccion De Contenedores Verdes,117.86,7,3,Balvanera
7RECLDM8402F6,Inclan,3201,3300,Decreciente,Recoleccion De Contenedores Verdes,180.53,7,4,Parque Patricios
7RECLDM8404F6,"Castillo, Catulo",2301,2400,Decreciente,Recoleccion De Contenedores Verdes,129.34,7,4,Parque Patricios
7RECLDM8404F6,Jujuy Av.,1901,2000,Creciente,Recoleccion De Contenedores Verdes,125.1,7,4,Parque Patricios
7RECLDM8404F6,Jujuy Av.,2001,2100,Creciente,Recoleccion De Contenedores Verdes,120.66,7,4,Parque Patricios
7RECLDM8404F6,"Castillo, Catulo",3001,3100,Decreciente,Recoleccion De Contenedores Verdes,180.1,7,4,Parque Patricios
7RECLDM8404F6,Dean Funes,2001,2100,Creciente,Recoleccion De Contenedores Verdes,131.58,7,4,Parque Patricios
7RECLDM8404F6,La Rioja,2001,2100,Decreciente,Recoleccion De Contenedores Verdes,133.42,7,4,Parque Patricios
7RECLDM8404F6,"Luca, Esteban De",2201,2300,Decreciente,Recoleccion De Contenedores Verdes,149.98,7,4,Parque Patricios
7RECLDM8402F6,Inclan,2401,2500,Doble,Recoleccion De Contenedores Verdes,128.57,7,4,Parque Patricios
7RECLDM8402F6,Inclan,2801,2900,Doble,Recoleccion De Contenedores Verdes,145.33,7,4,Parque Patricios
7RECLDM8402F6,Garro,3001,3029,Doble,Recoleccion De Contenedores Verdes,66.71,7,4,Parque Patricios
7RECLDM8402F6,Garro,3101,3200,Doble,Recoleccion De Contenedores Verdes,144.36,7,4,Parque Patricios
7RECLDM8402F6,La Rioja,1601,1700,Decreciente,Recoleccion De Contenedores Verdes,109.2,7,4,Parque Patricios
7RECLDM8404F6,Alberti,1801,1900,Decreciente,Recoleccion De Contenedores Verdes,131.46,7,4,Parque Patricios
7RECLDM8402F6,"Urquiza, Gral.",1801,1900,Creciente,Recoleccion De Contenedores Verdes,107.13,7,4,Parque Patricios
7RECLDM8402F6,Dean Funes,1801,1900,Creciente,Recoleccion De Contenedores Verdes,170.1,7,4,Parque Patricios
7RECLDM8404F6,Rondeau,2301,2400,Creciente,Recoleccion De Contenedores Verdes,109.11,7,4,Parque Patricios
7RECLDM8404F6,Alberti,2001,2100,Decreciente,Recoleccion De Contenedores Verdes,130.17,7,4,Parque Patricios
7RECLDM8402F6,24 De Noviembre,2001,2100,Creciente,Recoleccion De Contenedores Verdes,80.96,7,4,Parque Patricios
7RECLDM8404F6,Rondeau,3101,3200,Creciente,Recoleccion De Contenedores Verdes,139.51,7,4,Parque Patricios
7RECLDM8402F6,Inclan,2601,2700,Doble,Recoleccion De Contenedores Verdes,125.78,7,4,Parque Patricios
7RECLDM8402F6,Pichincha Av.,1701,1800,Doble,Recoleccion De Contenedores Verdes,132.77,7,4,Parque Patricios
7RECLDM8402F6,Salcedo,2701,2800,Decreciente,Recoleccion De Contenedores Verdes,107.22,7,4,Parque Patricios
7RECLDM8402F6,Brasil,2701,2800,Doble,Recoleccion De Contenedores Verdes,112.2,7,4,Parque Patricios
7RECLDM8404F6,Finochietto Enrique Dr.,2001,2100,Decreciente,Recoleccion De Contenedores Verdes,123.19,7,4,Parque Patricios
7RECLDM8404F6,Patagones,2801,2855,Decreciente,Recoleccion De Contenedores Verdes,81.29,7,4,Parque Patricios
7RECLDM8404F6,Uspallata,2401,2500,Creciente,Recoleccion De Contenedores Verdes,136.24,7,4,Parque Patricios
7RECLDM8404F6,Caseros Av.,2101,2200,Doble,Recoleccion De Contenedores Verdes,180.37,7,4,Parque Patricios
7RECLDM8404F6,Caseros Av.,3001,3100,Doble,Recoleccion De Contenedores Verdes,182.18,7,4,Parque Patricios
7RECLDM8404F6,Caseros Av.,3201,3280,Doble,Recoleccion De Contenedores Verdes,206.22,7,4,Parque Patricios
7RECLDM8404F6,"Chutro, Pedro, Prof., Dr.",2601,2700,Creciente,Recoleccion De Contenedores Verdes,129.02,7,4,Parque Patricios
7RECLDM8404F6,Los Patos,3201,3300,Decreciente,Recoleccion De Contenedores Verdes,142.98,7,4,Parque Patricios
7RECLDM8404F6,"Chutro, Pedro, Prof., Dr.",3001,3100,Creciente,Recoleccion De Contenedores Verdes,130.7,7,4,Parque Patricios
7RECLDM8404F6,Patagones,2601,2700,Decreciente,Recoleccion De Contenedores Verdes,151.2,7,4,Parque Patricios
7RECLDM8404F6,Colonia Av.,221,260,Creciente,Recoleccion De Contenedores Verdes,38.83,7,4,Parque Patricios
7RECLDM8404F6,Lavarden,201,300,Decreciente,Recoleccion De Contenedores Verdes,136.34,7,4,Parque Patricios
7RECLDM8404F6,Atuel,401,450,Creciente,Recoleccion De Contenedores Verdes,68.2,7,4,Parque Patricios
7RECLDM8404F6,"Cortejarena, Jose A.",2901,3000,Creciente,Recoleccion De Contenedores Verdes,188.01,7,4,Parque Patricios
7RECLDM8404F6,Mirave,3101,3200,Decreciente,Recoleccion De Contenedores Verdes,130.53,7,4,Barracas
7RECLDM8404F6,Elia,501,600,Decreciente,Recoleccion De Contenedores Verdes,100.32,7,4,Parque Patricios
7RECLDM8404F6,Caseros Av.,2501,2600,Doble,Recoleccion De Contenedores Verdes,138.04,7,4,Parque Patricios
7RECLDM8404F6,Caseros Av.,2901,2970,Doble,Recoleccion De Contenedores Verdes,137.26,7,4,Parque Patricios
7RECLDM8404F6,Los Patos,2401,2500,Decreciente,Recoleccion De Contenedores Verdes,132.78,7,4,Parque Patricios
7RECLDM8405F6,"Pomar, Gregorio Tte. Cnel.",4001,4100,Creciente,Recoleccion De Contenedores Verdes,127.69,7,4,Nueva Pompeya
7RECLDM8405F6,Raulet,101,200,Creciente,Recoleccion De Contenedores Verdes,127.72,7,4,Nueva Pompeya
7RECLDM8405F6,"Chilavert, Martiniano, Coronel",1101,1200,Creciente,Recoleccion De Contenedores Verdes,117.12,7,4,Nueva Pompeya
7RECLDM8405F6,"Pagola, Cnel.",3901,4000,Decreciente,Recoleccion De Contenedores Verdes,106.43,7,4,Nueva Pompeya
7RECLDM8405F6,Del Tigre,4001,4100,Decreciente,Recoleccion De Contenedores Verdes,91.69,7,4,Nueva Pompeya
7RECLDM8404F6,Grito De Asencio,3101,3200,Decreciente,Recoleccion De Contenedores Verdes,126.8,7,4,Parque Patricios
7RECLDM8404F6,Almafuerte Av.,702,800,Decreciente,Recoleccion De Contenedores Verdes,159.31,7,4,Nueva Pompeya
7RECLDM8404F6,Elia,701,800,Decreciente,Recoleccion De Contenedores Verdes,127.52,7,4,Parque Patricios
7RECLDM8405F6,"Fernandez De La Cruz, F., Gral. Av.",0,1400,Decreciente,Recoleccion De Contenedores Verdes,111.59,7,4,Nueva Pompeya
7RECLDM8404F6,Grito De Asencio,3601,3700,Decreciente,Recoleccion De Contenedores Verdes,126.85,7,4,Nueva Pompeya
7RECLDM8405F6,"Taborda, Diogenes",901,938,Decreciente,Recoleccion De Contenedores Verdes,56.33,7,4,Nueva Pompeya
7RECLDM8405F6,"Luppi, Abraham J.",1002,1100,Decreciente,Recoleccion De Contenedores Verdes,111.22,7,4,Nueva Pompeya
7RECLDM8405F6,Daract Av.,2101,2150,Doble,Recoleccion De Contenedores Verdes,66.3,7,4,Nueva Pompeya
7RECLDM8405F6,La Plata Av.,2501,2600,Doble,Recoleccion De Contenedores Verdes,128.06,7,4,Nueva Pompeya
7RECLDM8405F6,Daract Av.,2201,2300,Doble,Recoleccion De Contenedores Verdes,127.69,7,4,Nueva Pompeya
7RECLDM8405F6,Gual,2601,2700,Creciente,Recoleccion De Contenedores Verdes,141.43,7,4,Nueva Pompeya
7RECLDM8405F6,La Plata Av.,2902,3000,Doble,Recoleccion De Contenedores Verdes,119.49,7,4,Nueva Pompeya
7RECLDM8405F6,"Valle, J.j., Gral. Div.",2801,2900,Doble,Recoleccion De Contenedores Verdes,137.74,7,4,Nueva Pompeya
7RECLDM8405F6,"Rivera, Fructuoso, General",1601,1700,Doble,Recoleccion De Contenedores Verdes,149.12,7,4,Nueva Pompeya
7RECLDM8404F6,Almafuerte Av.,11,100,Decreciente,Recoleccion De Contenedores Verdes,118.23,7,4,Nueva Pompeya
7RECLDM8405F6,Saenz Av.,1,100,Doble,Recoleccion De Contenedores Verdes,161.06,7,4,Nueva Pompeya
7RECLDM8404F6,Uspallata,3652,3700,Decreciente,Recoleccion De Contenedores Verdes,51.6,7,4,Nueva Pompeya
7RECLDM8405F6,Uspallata,4001,4100,Decreciente,Recoleccion De Contenedores Verdes,97.75,7,4,Nueva Pompeya
7RECLDM8404F6,Achala,3601,3700,Creciente,Recoleccion De Contenedores Verdes,98.86,7,4,Nueva Pompeya
7RECLDM8405F6,Lanza,2101,2200,Decreciente,Recoleccion De Contenedores Verdes,143.42,7,4,Nueva Pompeya
7RECLDM8404F6,Achala,3501,3600,Creciente,Recoleccion De Contenedores Verdes,140.46,7,4,Nueva Pompeya
7RECLDM8405F6,Tilcara,2201,2299,Creciente,Recoleccion De Contenedores Verdes,132.52,7,4,Nueva Pompeya
7RECLDM8405F6,Lanza,2301,2400,Decreciente,Recoleccion De Contenedores Verdes,147.49,7,4,Nueva Pompeya
7RECLDM8405F6,Saenz Av.,401,500,Doble,Recoleccion De Contenedores Verdes,124.18,7,4,Nueva Pompeya
7RECLDM8404F6,Cachi,121,200,Creciente,Recoleccion De Contenedores Verdes,93.76,7,4,Nueva Pompeya
7RECLDM8404F6,Atuel,601,700,Creciente,Recoleccion De Contenedores Verdes,128.08,7,4,Parque Patricios
7RECLDM8405F6,"Arbeletche, Anibal P.",1001,1100,Decreciente,Recoleccion De Contenedores Verdes,120.31,7,4,Nueva Pompeya
7RECLDM8404F6,"Taborda, Diogenes",601,700,Decreciente,Recoleccion De Contenedores Verdes,127.74,7,4,Parque Patricios
7RECLDM8405F6,"Barros Pazos, Jose",1801,1830,Creciente,Recoleccion De Contenedores Verdes,50.49,7,4,Nueva Pompeya
7RECLDM8405F6,Quilmes,601,700,Decreciente,Recoleccion De Contenedores Verdes,112.27,7,4,Nueva Pompeya
7RECLDM8404F6,Grito De Asencio,3401,3500,Decreciente,Recoleccion De Contenedores Verdes,127.07,7,4,Parque Patricios
7RECLDM8405F6,Chiclana Av.,4101,4200,Doble,Recoleccion De Contenedores Verdes,153.28,7,4,Nueva Pompeya
7RECLDM8405F6,Del Bañado,2201,2300,Creciente,Recoleccion De Contenedores Verdes,132.56,7,4,Nueva Pompeya
7RECLDM8405F6,Gual,2301,2400,Creciente,Recoleccion De Contenedores Verdes,153.31,7,4,Nueva Pompeya
7RECLDM8405F6,Del Bañado,2301,2400,Creciente,Recoleccion De Contenedores Verdes,170.39,7,4,Nueva Pompeya
7RECLDM8405F6,Mom,2501,2600,Doble,Recoleccion De Contenedores Verdes,172.11,7,4,Nueva Pompeya
7RECLDM8405F6,Tilcara Av.,2801,2900,Doble,Recoleccion De Contenedores Verdes,147.56,7,4,Nueva Pompeya
7RECLDM8405F6,Tilcara,2501,2600,Doble,Recoleccion De Contenedores Verdes,162.19,7,4,Nueva Pompeya
7RECLDM8405F6,Mom,3401,3500,Creciente,Recoleccion De Contenedores Verdes,107.32,7,4,Nueva Pompeya
7RECLDM8405F6,"Alcorta, Amancio Av.",0,3899,Creciente,Recoleccion De Contenedores Verdes,132.11,7,4,Nueva Pompeya
7RECLDM8405F6,Condor,1901,2000,Decreciente,Recoleccion De Contenedores Verdes,84.9,7,4,Nueva Pompeya
7RECLDM8405F6,Barco Centenera Del,3531,3600,Creciente,Recoleccion De Contenedores Verdes,122.98,7,4,Nueva Pompeya
7RECLDM8405F6,Itaqui,1801,1900,Doble,Recoleccion De Contenedores Verdes,100.07,7,4,Nueva Pompeya
7RECLDM8405F6,Barco Centenera Del,3101,3150,Doble,Recoleccion De Contenedores Verdes,100.47,7,4,Nueva Pompeya
7RECLDM8405F6,Crespo,2901,3000,Doble,Recoleccion De Contenedores Verdes,126.83,7,4,Nueva Pompeya
7RECLDM8405F6,Matanza,2801,2900,Doble,Recoleccion De Contenedores Verdes,132.92,7,4,Nueva Pompeya
7RECLDM8405F6,"Vedia, Agustin De",3101,3200,Doble,Recoleccion De Contenedores Verdes,101.87,7,4,Nueva Pompeya
7RECLDM8405F6,"Vedia, Agustin De",3501,3600,Doble,Recoleccion De Contenedores Verdes,114.6,7,4,Nueva Pompeya
7RECLDM8405F6,Tabare,1401,1500,Creciente,Recoleccion De Contenedores Verdes,138.71,7,4,Nueva Pompeya
7RECLDM8405F6,Corrales,1601,1700,Decreciente,Recoleccion De Contenedores Verdes,148.95,7,4,Nueva Pompeya
7RECLDM8405F6,Lynch,3801,3900,Decreciente,Recoleccion De Contenedores Verdes,122.46,7,4,Nueva Pompeya
7RECLDM8405F6,Mom,3201,3300,Creciente,Recoleccion De Contenedores Verdes,100.75,7,4,Nueva Pompeya
7RECLDM8405F6,"Colmo, Alfredo",3951,4000,Decreciente,Recoleccion De Contenedores Verdes,112.23,7,4,Nueva Pompeya
7RECLDM8405F6,"Cabred, Domingo, Dr.",4701,4800,Decreciente,Recoleccion De Contenedores Verdes,72.06,7,4,Nueva Pompeya
7RECLDM8405F6,Santa Catalina,1301,1400,Doble,Recoleccion De Contenedores Verdes,195.47,7,4,Nueva Pompeya
7RECLDM8405F6,Tilcara,3101,3200,Doble,Recoleccion De Contenedores Verdes,198.29,7,4,Nueva Pompeya
7RECLDM8405F6,Erezcano,3001,3100,Doble,Recoleccion De Contenedores Verdes,131.02,7,4,Nueva Pompeya
7RECLDM8405F6,Barco Centenera Del,3401,3450,Doble,Recoleccion De Contenedores Verdes,87.01,7,4,Nueva Pompeya
7RECLDM8405F6,Crespo,3301,3400,Doble,Recoleccion De Contenedores Verdes,100.29,7,4,Nueva Pompeya
7RECLDM8405F6,Charrua,3201,3300,Doble,Recoleccion De Contenedores Verdes,100.36,7,4,Nueva Pompeya
7RECLDM8405F6,Traful,0,3870,Decreciente,Recoleccion De Contenedores Verdes,99.42,7,4,Nueva Pompeya
7RECLDM8405F6,Ventana,3701,3800,Decreciente,Recoleccion De Contenedores Verdes,131.63,7,4,Nueva Pompeya
7RECLDM8405F6,"Einstein, Alberto",801,900,Doble,Recoleccion De Contenedores Verdes,117.26,7,4,Nueva Pompeya
7RECLDM8405F6,"Cruz, Osvaldo",3801,4000,Doble,Recoleccion De Contenedores Verdes,298.52,7,4,Nueva Pompeya
7RECLDM8405F6,Traful,3351,3400,Creciente,Recoleccion De Contenedores Verdes,51.29,7,4,Nueva Pompeya
7RECLDM8405F6,"Taborda, Diogenes",1001,1100,Decreciente,Recoleccion De Contenedores Verdes,121.01,7,4,Nueva Pompeya
7RECLDM8405F6,"Bonavena, Oscar Natalio",1301,1400,Decreciente,Recoleccion De Contenedores Verdes,131.0,7,4,Nueva Pompeya
7RECLDM8405F6,Rio Cuarto,4451,4500,Creciente,Recoleccion De Contenedores Verdes,91.26,7,4,Nueva Pompeya
7RECLDM8405F6,Pepiri,1501,1600,Creciente,Recoleccion De Contenedores Verdes,212.3,7,4,Nueva Pompeya
7RECLDM8405F6,Romero,901,1000,Doble,Recoleccion De Contenedores Verdes,77.25,7,4,Nueva Pompeya
7RECLDM8405F6,"Einstein, Alberto",1051,1100,Doble,Recoleccion De Contenedores Verdes,106.57,7,4,Nueva Pompeya
7RECLDM8404F6,California,2001,2100,Decreciente,Recoleccion De Contenedores Verdes,107.12,7,4,Barracas
7RECLDM8404F6,Santa Elena,301,400,Decreciente,Recoleccion De Contenedores Verdes,180.71,7,4,Barracas
7RECLDM8404F6,"Iriarte, Gral.",1901,2100,Creciente,Recoleccion De Contenedores Verdes,206.2,7,4,Barracas
7RECLDM8404F6,Chubut,1201,1250,Creciente,Recoleccion De Contenedores Verdes,78.44,7,4,Barracas
7RECLDM8404F6,Rio Cuarto,2501,2600,Decreciente,Recoleccion De Contenedores Verdes,101.0,7,4,Barracas
7RECLDM8404F6,Rio Cuarto,2801,2850,Decreciente,Recoleccion De Contenedores Verdes,116.56,7,4,Barracas
7RECLDM8404F6,Santo Domingo,2653,2700,Decreciente,Recoleccion De Contenedores Verdes,81.18,7,4,Barracas
7RECLDM8404F6,Santo Domingo,2961,3000,Decreciente,Recoleccion De Contenedores Verdes,77.26,7,4,Barracas
7RECLDM8404F6,"Cruz, Osvaldo Av.",2501,2600,Creciente,Recoleccion De Contenedores Verdes,107.62,7,4,Barracas
7RECLDM8404F6,Australia Av.,2901,2950,Doble,Recoleccion De Contenedores Verdes,72.74,7,4,Barracas
7RECLDM8404F6,Alvarado,2401,2500,Doble,Recoleccion De Contenedores Verdes,101.76,7,4,Barracas
7RECLDM8404F6,Alvarado,2791,2800,Doble,Recoleccion De Contenedores Verdes,53.48,7,4,Barracas
7RECLDM8404F6,"Arata, Pedro N.",0,1587,Doble,Recoleccion De Contenedores Verdes,113.34,7,4,Barracas
7RECLDM8404F6,Jorge,2201,2300,Doble,Recoleccion De Contenedores Verdes,132.86,7,4,Barracas
7RECLDM8404F6,San Antonio,501,600,Creciente,Recoleccion De Contenedores Verdes,110.29,7,4,Barracas
7RECLDM8404F6,California,2701,2800,Decreciente,Recoleccion De Contenedores Verdes,179.55,7,4,Barracas
7RECLDM8404F6,Rio Cuarto,2201,2300,Decreciente,Recoleccion De Contenedores Verdes,132.8,7,4,Barracas
7RECLDM8404F6,Santa Elena,601,700,Decreciente,Recoleccion De Contenedores Verdes,68.57,7,4,Barracas
7RECLDM8404F6,Santo Domingo,2401,2500,Decreciente,Recoleccion De Contenedores Verdes,147.31,7,4,Barracas
7RECLDM8404F6,"Unamuno, Miguel De",1636,1668,Creciente,Recoleccion De Contenedores Verdes,42.86,7,4,Barracas
7RECLDM8404F6,"Iriarte, Gral. Av.",0,2850,Decreciente,Recoleccion De Contenedores Verdes,80.21,7,4,Barracas
7RECLDM8404F6,Vieytes,1501,1600,Doble,Recoleccion De Contenedores Verdes,167.63,7,4,Barracas
7RECLDM8404F6,Rio Cuarto,3101,3200,Doble,Recoleccion De Contenedores Verdes,146.2,7,4,Barracas
7RECLDM8404F6,Cruz Del Sud,2901,3000,Doble,Recoleccion De Contenedores Verdes,150.21,7,4,Barracas
7RECLDM8404F6,Mirave,3401,3480,Decreciente,Recoleccion De Contenedores Verdes,130.15,7,4,Barracas
7RECLDM8403F6,Gualeguay,1401,1500,Creciente,Recoleccion De Contenedores Verdes,91.19,7,4,Barracas
7RECLDM8403F6,Hernandarias,401,500,Decreciente,Recoleccion De Contenedores Verdes,106.1,7,4,Boca
7RECLDM8403F6,Isabel La Catolica,101,200,Decreciente,Recoleccion De Contenedores Verdes,94.39,7,4,Barracas
7RECLDM8403F6,"Hornos, Gral.",501,600,Decreciente,Recoleccion De Contenedores Verdes,153.8,7,4,Barracas
7RECLDM8403F6,"Valle, Aristobulo Del",1701,1800,Decreciente,Recoleccion De Contenedores Verdes,157.69,7,4,Barracas
7RECLDM8403F6,Azara,601,700,Creciente,Recoleccion De Contenedores Verdes,79.76,7,4,Barracas
7RECLDM8403F6,Olavarria,1001,1100,Decreciente,Recoleccion De Contenedores Verdes,131.65,7,4,Boca
7RECLDM8403F6,Ruy Diaz De Guzman,801,900,Creciente,Recoleccion De Contenedores Verdes,123.36,7,4,Barracas
7RECLDM8403F6,Lanin,101,150,Decreciente,Recoleccion De Contenedores Verdes,78.37,7,4,Barracas
7RECLDM8404F6,Luzuriaga,601,700,Decreciente,Recoleccion De Contenedores Verdes,130.34,7,4,Barracas
7RECLDM8403F6,Azara,1201,1300,Creciente,Recoleccion De Contenedores Verdes,109.67,7,4,Barracas
7RECLDM8404F6,Luzuriaga,801,900,Decreciente,Recoleccion De Contenedores Verdes,130.51,7,4,Barracas
7RECLDM8403F6,California,851,900,Decreciente,Recoleccion De Contenedores Verdes,66.38,7,4,Boca
7RECLDM8403F6,"Jovellanos, Gaspar M. De",1201,1400,Creciente,Recoleccion De Contenedores Verdes,218.74,7,4,Barracas
7RECLDM8403F6,Alvarado,1901,2000,Creciente,Recoleccion De Contenedores Verdes,130.88,7,4,Barracas
7RECLDM8403F6,"Iriarte, Gral.",1301,1400,Creciente,Recoleccion De Contenedores Verdes,124.24,7,4,Barracas
7RECLDM8403F6,Isabel La Catolica,1601,1700,Decreciente,Recoleccion De Contenedores Verdes,88.57,7,4,Barracas
7RECLDM8403F6,"Montes De Oca, Manuel Av.",301,400,Doble,Recoleccion De Contenedores Verdes,122.78,7,4,Barracas
7RECLDM8403F6,"Montes De Oca, Manuel Av.",581,699,Doble,Recoleccion De Contenedores Verdes,95.09,7,4,Barracas
7RECLDM8403F6,Regimiento De Patricios Av.,601,700,Doble,Recoleccion De Contenedores Verdes,105.94,7,4,Barracas
7RECLDM8403F6,"Montes De Oca, Manuel Av.",1089,1172,Doble,Recoleccion De Contenedores Verdes,115.11,7,4,Barracas
7RECLDM8403F6,"Montes De Oca, Manuel Av.",0,1600,Doble,Recoleccion De Contenedores Verdes,229.94,7,4,Barracas
7RECLDM8403F6,"Montes De Oca, Manuel Av.",0,1700,Doble,Recoleccion De Contenedores Verdes,110.12,7,4,Barracas
7RECLDM8403F6,Hernandarias,201,300,Decreciente,Recoleccion De Contenedores Verdes,104.55,7,4,Boca
7RECLDM8403F6,"Jovellanos, Gaspar M. De",101,200,Decreciente,Recoleccion De Contenedores Verdes,99.19,7,4,Barracas
7RECLDM8403F6,"Villafañe, Wenceslao",1201,1300,Creciente,Recoleccion De Contenedores Verdes,91.85,7,4,Barracas
7RECLDM8403F6,"Villafañe, Wenceslao",1401,1500,Creciente,Recoleccion De Contenedores Verdes,91.36,7,4,Barracas
7RECLDM8403F6,Hernandarias,601,700,Decreciente,Recoleccion De Contenedores Verdes,109.89,7,4,Boca
7RECLDM8404F6,Finochietto Enrique Dr.,1801,1900,Decreciente,Recoleccion De Contenedores Verdes,88.79,7,4,Barracas
7RECLDM8403F6,"Valle, Aristobulo Del",1601,1700,Decreciente,Recoleccion De Contenedores Verdes,108.08,7,4,Barracas
7RECLDM8403F6,Brandsen,1001,1100,Creciente,Recoleccion De Contenedores Verdes,131.25,7,4,Boca
7RECLDM8404F6,Los Patos,1801,1900,Creciente,Recoleccion De Contenedores Verdes,91.95,7,4,Barracas
7RECLDM8403F6,Suarez,901,1000,Decreciente,Recoleccion De Contenedores Verdes,128.91,7,4,Boca
7RECLDM8403F6,Olavarria,1601,1700,Creciente,Recoleccion De Contenedores Verdes,114.35,7,4,Barracas
7RECLDM8403F6,Hernandarias,1401,1500,Decreciente,Recoleccion De Contenedores Verdes,119.0,7,4,Boca
7RECLDM8403F6,"Quinquela Martin, Benito",1201,1300,Decreciente,Recoleccion De Contenedores Verdes,150.25,7,4,Boca
7RECLDM8404F6,"Quinquela Martin, Benito",2001,2100,Decreciente,Recoleccion De Contenedores Verdes,129.06,7,4,Barracas
7RECLDM8403F6,"Salvadores, Cnel.",1301,1400,Creciente,Recoleccion De Contenedores Verdes,137.84,7,4,Barracas
7RECLDM8403F6,"Salvadores, Cnel.",1501,1600,Creciente,Recoleccion De Contenedores Verdes,97.84,7,4,Barracas
7RECLDM8403F6,Hernandarias,1801,1900,Decreciente,Recoleccion De Contenedores Verdes,90.45,7,4,Boca
7RECLDM8403F6,Regimiento De Patricios Av.,101,200,Doble,Recoleccion De Contenedores Verdes,103.59,7,4,Barracas
7RECLDM8403F6,Regimiento De Patricios Av.,801,899,Doble,Recoleccion De Contenedores Verdes,72.13,7,4,Barracas
7RECLDM8403F6,"Melo, Carlos F.",101,200,Doble,Recoleccion De Contenedores Verdes,87.55,7,4,Boca
7RECLDM8403F6,Rocha,901,1000,Doble,Recoleccion De Contenedores Verdes,137.12,7,4,Boca
7RECLDM8403F6,Alvar Nuñez,301,400,Doble,Recoleccion De Contenedores Verdes,96.73,7,4,Boca
7RECLDM8403F6,"Montes De Oca, Manuel Av.",0,1800,Doble,Recoleccion De Contenedores Verdes,86.24,7,4,Barracas
7RECLDM8403F6,Caboto,201,300,Decreciente,Recoleccion De Contenedores Verdes,84.98,7,4,Boca
7RECLDM8403F6,Finochietto Enrique Dr.,501,600,Decreciente,Recoleccion De Contenedores Verdes,111.46,7,4,Barracas
7RECLDM8403F6,Ituzaingo,501,572,Creciente,Recoleccion De Contenedores Verdes,110.87,7,4,Barracas
7RECLDM8403F6,Tacuari,1866,1900,Creciente,Recoleccion De Contenedores Verdes,68.7,7,4,Barracas
7RECLDM8403F6,Piedras,1901,2000,Decreciente,Recoleccion De Contenedores Verdes,98.33,7,4,Barracas
7RECLDM8403F6,Ituzaingo,701,800,Creciente,Recoleccion De Contenedores Verdes,119.58,7,4,Barracas
7RECLDM8403F6,Gualeguay,1201,1300,Creciente,Recoleccion De Contenedores Verdes,86.3,7,4,Barracas
7RECLDM8403F6,Brandsen,651,700,Creciente,Recoleccion De Contenedores Verdes,72.59,7,4,Boca
7RECLDM8403F6,Palos,601,700,Decreciente,Recoleccion De Contenedores Verdes,100.8,7,4,Boca
7RECLDM8403F6,Suarez,701,800,Decreciente,Recoleccion De Contenedores Verdes,105.27,7,4,Boca
7RECLDM8403F6,"Valle Iberlucea Del, Dr.",1001,1100,Creciente,Recoleccion De Contenedores Verdes,101.26,7,4,Boca
7RECLDM8403F6,Necochea,101,200,Decreciente,Recoleccion De Contenedores Verdes,94.47,7,4,Boca
7RECLDM8403F6,"Brown, Alte. Av.",0,800,Doble,Recoleccion De Contenedores Verdes,168.62,7,4,Boca
7RECLDM8403F6,"Valle, Aristobulo Del",601,700,Decreciente,Recoleccion De Contenedores Verdes,71.86,7,4,Boca
7RECLDM8403F6,Tacuari,1701,1800,Creciente,Recoleccion De Contenedores Verdes,147.96,7,4,Barracas
7RECLDM8403F6,Irala,101,200,Creciente,Recoleccion De Contenedores Verdes,119.41,7,4,Boca
7RECLDM8403F6,"Villafañe, Wenceslao",101,200,Creciente,Recoleccion De Contenedores Verdes,115.19,7,4,Boca
7RECLDM8403F6,Necochea,701,800,Decreciente,Recoleccion De Contenedores Verdes,160.16,7,4,Boca
7RECLDM8403F6,"Brin, Ministro",901,1000,Creciente,Recoleccion De Contenedores Verdes,103.83,7,4,Boca
7RECLDM8403F6,"Villafañe, Wenceslao",501,600,Creciente,Recoleccion De Contenedores Verdes,145.38,7,4,Boca
7RECLDM8403F6,Brandsen,351,400,Creciente,Recoleccion De Contenedores Verdes,81.59,7,4,Boca
7RECLDM8403F6,Palos,301,400,Decreciente,Recoleccion De Contenedores Verdes,100.79,7,4,Boca
7RECLDM8403F6,Suarez,401,500,Decreciente,Recoleccion De Contenedores Verdes,150.99,7,4,Boca
7RECLDM8403F6,"Rodriguez, Martin",1001,1100,Creciente,Recoleccion De Contenedores Verdes,101.12,7,4,Boca
7RECLDM8403F6,"Brown, Alte. Av.",901,1000,Doble,Recoleccion De Contenedores Verdes,101.51,7,4,Boca
7RECLDM8403F6,"Valle, Aristobulo Del",501,600,Decreciente,Recoleccion De Contenedores Verdes,143.2,7,4,Boca
7RECLDM8403F6,20 De Setiembre,201,250,Decreciente,Recoleccion De Contenedores Verdes,65.42,7,4,Boca
7RECLDM8403F6,Rocha,1501,1600,Creciente,Recoleccion De Contenedores Verdes,91.91,7,4,Barracas
7RECLDM8401F6,Aguero,901,1000,Decreciente,Recoleccion De Contenedores Verdes,147.03,7,3,Balvanera
7RECLDM8401F6,"Anchorena, Tomas Manuel De, Dr.",651,700,Creciente,Recoleccion De Contenedores Verdes,97.23,7,3,Balvanera
7RECLDM8401F6,Boulogne Sur Mer,601,700,Creciente,Recoleccion De Contenedores Verdes,164.57,7,3,Balvanera
7RECLDM8401F6,Corrientes Av.,2801,2900,Decreciente,Recoleccion De Contenedores Verdes,108.65,7,3,Balvanera
7RECLDM8401F6,Corrientes Av.,3201,3300,Decreciente,Recoleccion De Contenedores Verdes,128.1,7,3,Balvanera
7RECLDM8401F6,Viamonte,2301,2400,Decreciente,Recoleccion De Contenedores Verdes,107.19,7,3,Balvanera
7RECLDM8401F6,Lavalle,2001,2100,Creciente,Recoleccion De Contenedores Verdes,137.65,7,3,Balvanera
7RECLDM8401F6,Jujuy Av.,401,500,Doble,Recoleccion De Contenedores Verdes,135.89,7,3,Balvanera
7RECLDM8402F6,Jujuy Av.,1301,1400,Creciente,Recoleccion De Contenedores Verdes,134.52,7,3,San Cristobal
7RECLDM8402F6,San Juan Av.,1901,2000,Decreciente,Recoleccion De Contenedores Verdes,76.94,7,3,San Cristobal
7RECLDM8401F6,Moreno,3101,3200,Creciente,Recoleccion De Contenedores Verdes,131.91,7,3,Balvanera
7RECLDM8401F6,Moreno,2301,2400,Creciente,Recoleccion De Contenedores Verdes,124.38,7,3,Balvanera
7RECLDM8402F6,Humberto 1??,2101,2200,Creciente,Recoleccion De Contenedores Verdes,103.09,7,3,San Cristobal
7RECLDM8402F6,Combate De Los Pozos,1501,1600,Creciente,Recoleccion De Contenedores Verdes,90.89,7,3,San Cristobal
7RECLDM8403F6,"Blanes, Juan Manuel",111,200,Creciente,Recoleccion De Contenedores Verdes,104.05,7,4,Boca
7RECLDM8403F6,"Brown, Alte. Av.",0,500,Doble,Recoleccion De Contenedores Verdes,84.99,7,4,Boca
7RECLDM8403F6,"Brown, Alte. Av.",1301,1400,Doble,Recoleccion De Contenedores Verdes,99.98,7,4,Boca
7RECLDM8403F6,"Rodriguez, Martin",701,800,Creciente,Recoleccion De Contenedores Verdes,101.84,7,4,Boca
7RECLDM8403F6,"Salvadores, Cnel.",801,850,Doble,Recoleccion De Contenedores Verdes,72.6,7,4,Boca
7RECLDM8403F6,Alvar Nuñez,101,200,Doble,Recoleccion De Contenedores Verdes,126.2,7,4,Boca
7RECLDM8403F6,Pinzon,1401,1500,Creciente,Recoleccion De Contenedores Verdes,91.22,7,4,Barracas
7RECLDM8403F6,Suarez,1501,1600,Decreciente,Recoleccion De Contenedores Verdes,90.79,7,4,Barracas
7RECLDM8403F6,Isabel La Catolica,901,1000,Decreciente,Recoleccion De Contenedores Verdes,115.06,7,4,Barracas
7RECLDM8403F6,Finochietto Enrique Dr.,601,700,Decreciente,Recoleccion De Contenedores Verdes,104.76,7,4,Barracas
7RECLDM8403F6,"Salmun Feijoo, Jose Aaron",401,500,Decreciente,Recoleccion De Contenedores Verdes,174.33,7,4,Barracas
7RECLDM8403F6,"Salmun Feijoo, Jose Aaron",901,1000,Decreciente,Recoleccion De Contenedores Verdes,131.25,7,4,Barracas
7RECLDM8403F6,"Hornos, Gral.",1535,1800,Decreciente,Recoleccion De Contenedores Verdes,295.37,7,4,Barracas
7RECLDM8404F6,California,2501,2600,Decreciente,Recoleccion De Contenedores Verdes,102.06,7,4,Barracas
7RECLDM8405F6,"Moreno, Perito Av.",101,200,Doble,Recoleccion De Contenedores Verdes,105.05,7,4,Nueva Pompeya
7RECLDM8405F6,Cachi,601,700,Creciente,Recoleccion De Contenedores Verdes,74.69,7,4,Nueva Pompeya
7RECLDM8405F6,"Ochoa, Enrique",601,700,Creciente,Recoleccion De Contenedores Verdes,58.26,7,4,Nueva Pompeya
7RECLDM8404F6,Orma,3201,3400,Doble,Recoleccion De Contenedores Verdes,287.66,7,4,Barracas
7RECLDM8402F6,"Urquiza, Gral.",1701,1800,Creciente,Recoleccion De Contenedores Verdes,136.19,7,4,Parque Patricios
7RECLDM8404F6,"Pomar, Gregorio Tte. Cnel.",3601,3700,Creciente,Recoleccion De Contenedores Verdes,127.03,7,4,Nueva Pompeya
7RECLDM8404F6,Pepiri,205,300,Creciente,Recoleccion De Contenedores Verdes,136.07,7,4,Parque Patricios
7RECLDM8405F6,Tilcara,2296,2337,Creciente,Recoleccion De Contenedores Verdes,67.21,7,4,Nueva Pompeya
7RECLDM8405F6,"Chilavert, Martiniano, Coronel",1831,1860,Decreciente,Recoleccion De Contenedores Verdes,47.08,7,4,Nueva Pompeya
7RECLDM8405F6,"Chilavert, Martiniano, Coronel",1601,1640,Decreciente,Recoleccion De Contenedores Verdes,67.54,7,4,Nueva Pompeya
7RECLDM8405F6,Alagon,401,500,Decreciente,Recoleccion De Contenedores Verdes,117.88,7,4,Nueva Pompeya
7RECLDM8405F6,Pirovano,401,500,Creciente,Recoleccion De Contenedores Verdes,74.41,7,4,Nueva Pompeya
7RECLDM8405F6,"Moreno, Perito Av.",851,900,Doble,Recoleccion De Contenedores Verdes,91.0,7,4,Nueva Pompeya
7RECLDM8401F6,Aguero,601,700,Decreciente,Recoleccion De Contenedores Verdes,94.21,7,3,Balvanera
7RECLDM8402F6,"Garay, Juan De Av.",3101,3170,Creciente,Recoleccion De Contenedores Verdes,101.37,7,3,San Cristobal
7RECLDM8402F6,24 De Noviembre,1501,1600,Decreciente,Recoleccion De Contenedores Verdes,128.31,7,3,San Cristobal
7RECLDM8401F6,Larrea,751,800,Creciente,Recoleccion De Contenedores Verdes,107.52,7,3,Balvanera
7RECLDM8401F6,"Jaures, Jean",401,500,Decreciente,Recoleccion De Contenedores Verdes,132.29,7,3,Balvanera
7RECLDM8401F6,"Peron, Juan Domingo, Tte. General",2001,2100,Creciente,Recoleccion De Contenedores Verdes,132.06,7,3,Balvanera
7RECLDM8402F6,San Juan Av.,2401,2500,Decreciente,Recoleccion De Contenedores Verdes,106.07,7,3,San Cristobal
7RECLDM8401F6,Republica Bolivariana De Venezuela,2001,2100,Creciente,Recoleccion De Contenedores Verdes,137.21,7,3,Balvanera
7RECLDM8401F6,Moreno,2101,2200,Creciente,Recoleccion De Contenedores Verdes,117.15,7,3,Balvanera
7RECLDM8401F6,Chile,2001,2100,Decreciente,Recoleccion De Contenedores Verdes,138.51,7,3,Balvanera
7RECLDM8402F6,Sarandi,1001,1100,Decreciente,Recoleccion De Contenedores Verdes,127.58,7,3,San Cristobal
7RECLDM8402F6,Humberto 1??,2501,2600,Creciente,Recoleccion De Contenedores Verdes,70.77,7,3,San Cristobal
7RECLDM8403F6,Irala,1201,1300,Creciente,Recoleccion De Contenedores Verdes,91.38,7,4,Boca
7RECLDM8403F6,"Palacios, Alfredo L.",1101,1200,Creciente,Recoleccion De Contenedores Verdes,135.36,7,4,Boca
7RECLDM8403F6,Azara,1301,1400,Creciente,Recoleccion De Contenedores Verdes,102.12,7,4,Barracas
7RECLDM8403F6,Palos,501,600,Decreciente,Recoleccion De Contenedores Verdes,101.54,7,4,Boca
7RECLDM8403F6,"Brin, Ministro",1301,1400,Creciente,Recoleccion De Contenedores Verdes,99.8,7,4,Boca
7RECLDM8403F6,Necochea,801,843,Decreciente,Recoleccion De Contenedores Verdes,67.17,7,4,Boca
7RECLDM8404F6,Alvarado,2301,2400,Doble,Recoleccion De Contenedores Verdes,103.63,7,4,Barracas
7RECLDM8404F6,Australia Av.,2501,2600,Doble,Recoleccion De Contenedores Verdes,101.4,7,4,Barracas
7RECLDM8404F6,"Magaldi, Agustin",1501,1600,Creciente,Recoleccion De Contenedores Verdes,140.95,7,4,Barracas
7RECLDM8405F6,"Magnaud, Juez",0,0,Decreciente,Recoleccion De Contenedores Verdes,29.95,7,4,Nueva Pompeya
7RECLDM8404F6,Catamarca,2001,2100,Creciente,Recoleccion De Contenedores Verdes,105.3,7,4,Parque Patricios
7RECLDM8404F6,"Garcia, Manuel",301,400,Decreciente,Recoleccion De Contenedores Verdes,184.12,7,4,Parque Patricios
7RECLDM8404F6,"Ferreyra, Andres",3701,3800,Creciente,Recoleccion De Contenedores Verdes,127.61,7,4,Nueva Pompeya
7RECLDM8404F6,Luna,701,750,Doble,Recoleccion De Contenedores Verdes,72.09,7,4,Barracas
7RECLDM8404F6,Monasterio,601,650,Doble,Recoleccion De Contenedores Verdes,73.68,7,4,Barracas
7RECLDM8404F6,Suarez,3401,3470,Doble,Recoleccion De Contenedores Verdes,112.3,7,4,Barracas
7RECLDM8404F6,Suarez,3101,3150,Doble,Recoleccion De Contenedores Verdes,84.45,7,4,Barracas
7RECLDM8404F6,Mirave,3001,3030,Decreciente,Recoleccion De Contenedores Verdes,77.24,7,4,Barracas
7RECLDM8405F6,Saenz Av.,0,800,Doble,Recoleccion De Contenedores Verdes,141.59,7,4,Nueva Pompeya
7RECLDM8405F6,La Plata Av.,2601,2699,Doble,Recoleccion De Contenedores Verdes,159.31,7,4,Nueva Pompeya
7RECLDM8405F6,Drumond,2182,2300,Creciente,Recoleccion De Contenedores Verdes,110.33,7,4,Nueva Pompeya
7RECLDM8405F6,Lanza,2251,2300,Decreciente,Recoleccion De Contenedores Verdes,66.16,7,4,Nueva Pompeya
7RECLDM8405F6,Mom,2377,2400,Doble,Recoleccion De Contenedores Verdes,42.31,7,4,Nueva Pompeya
7RECLDM8405F6,Esquiu,1001,1100,Doble,Recoleccion De Contenedores Verdes,98.05,7,4,Nueva Pompeya
7RECLDM8405F6,Tilcara Av.,3001,3080,Doble,Recoleccion De Contenedores Verdes,157.22,7,4,Nueva Pompeya
7RECLDM8405F6,"Vedia, Agustin De",3401,3500,Doble,Recoleccion De Contenedores Verdes,100.05,7,4,Nueva Pompeya
7RECLDM8405F6,Erezcano,3301,3400,Doble,Recoleccion De Contenedores Verdes,100.49,7,4,Nueva Pompeya
7RECLDM8405F6,Corrales,1901,2000,Decreciente,Recoleccion De Contenedores Verdes,100.51,7,4,Nueva Pompeya
7RECLDM8405F6,Itaqui,2001,2100,Doble,Recoleccion De Contenedores Verdes,85.69,7,4,Nueva Pompeya
7RECLDM8405F6,Erezcano,3501,3550,Doble,Recoleccion De Contenedores Verdes,56.62,7,4,Nueva Pompeya
7RECLDM8406F6,San Pedrito,3101,3200,Creciente,Recoleccion De Contenedores Verdes,91.1,7,8,Villa Soldati
7RECLDM8406F6,Castañon,2801,2900,Decreciente,Recoleccion De Contenedores Verdes,139.2,7,8,Villa Soldati
7RECLDM8406F6,"Rivera, Fructuoso, General",2801,2900,Creciente,Recoleccion De Contenedores Verdes,127.68,7,8,Villa Soldati
7RECLDM8406F6,Castañon,3151,3200,Decreciente,Recoleccion De Contenedores Verdes,46.09,7,8,Villa Soldati
7RECLDM8406F6,Lafuente,3051,3100,Creciente,Recoleccion De Contenedores Verdes,55.24,7,8,Villa Soldati
7RECLDM8406F6,"Marti, Jose",3262,3300,Creciente,Recoleccion De Contenedores Verdes,42.43,7,8,Villa Soldati
7RECLDM8406F6,Lafuente,3101,3200,Creciente,Recoleccion De Contenedores Verdes,120.02,7,8,Villa Soldati
7RECLDM8406F6,Ferre,2501,2600,Creciente,Recoleccion De Contenedores Verdes,117.28,7,8,Villa Soldati
7RECLDM8406F6,Varela,3601,3700,Doble,Recoleccion De Contenedores Verdes,115.89,7,8,Villa Soldati
7RECLDM8406F6,Condor,2501,2600,Decreciente,Recoleccion De Contenedores Verdes,122.15,7,8,Villa Soldati
7RECLDM8406F6,Culpina,3301,3400,Creciente,Recoleccion De Contenedores Verdes,104.48,7,8,Villa Soldati
7RECLDM8406F6,Castañon,3301,3400,Decreciente,Recoleccion De Contenedores Verdes,111.86,7,8,Villa Soldati
7RECLDM8406F6,Varela Av.,3101,3200,Doble,Recoleccion De Contenedores Verdes,114.49,7,8,Villa Soldati
7RECLDM8406F6,Pedernera,3501,3600,Doble,Recoleccion De Contenedores Verdes,121.85,7,8,Villa Soldati
7RECLDM8406F6,Beron De Astrada,2601,2700,Decreciente,Recoleccion De Contenedores Verdes,137.53,7,8,Villa Soldati
7RECLDM8406F6,Castañon,3201,3300,Decreciente,Recoleccion De Contenedores Verdes,105.84,7,8,Villa Soldati
7RECLDM8406F6,"Marti, Jose",3101,3200,Decreciente,Recoleccion De Contenedores Verdes,127.5,7,8,Villa Soldati
7RECLDM8406F6,Lafuente,3201,3300,Creciente,Recoleccion De Contenedores Verdes,105.0,7,8,Villa Soldati
7RECLDM8406F6,Portela,3207,3300,Creciente,Recoleccion De Contenedores Verdes,86.22,7,8,Villa Soldati
7RECLDM8406F6,Portela,3401,3500,Creciente,Recoleccion De Contenedores Verdes,134.92,7,8,Villa Soldati
7RECLDM8406F6,O'gorman,3301,3400,Creciente,Recoleccion De Contenedores Verdes,101.55,7,8,Villa Soldati
7RECLDM8406F6,O'gorman,3401,3500,Doble,Recoleccion De Contenedores Verdes,124.26,7,8,Villa Soldati
7RECLDM8406F6,"Berg, Carlos",3401,3500,Doble,Recoleccion De Contenedores Verdes,123.7,7,8,Villa Soldati
7RECLDM8406F6,Rivera Indarte Av.,3501,3600,Doble,Recoleccion De Contenedores Verdes,122.58,7,8,Villa Soldati
7RECLDM8406F6,Ferre,2201,2300,Creciente,Recoleccion De Contenedores Verdes,133.88,7,8,Villa Soldati
7RECLDM8406F6,Beron De Astrada,2701,2800,Decreciente,Recoleccion De Contenedores Verdes,137.14,7,8,Villa Soldati
7RECLDM8406F6,Ferre,2701,2800,Creciente,Recoleccion De Contenedores Verdes,137.25,7,8,Villa Soldati
7RECLDM8406F6,Lafuente,2901,3000,Doble,Recoleccion De Contenedores Verdes,126.19,7,8,Villa Soldati
7RECLDM8406F6,Portela,3101,3200,Creciente,Recoleccion De Contenedores Verdes,129.18,7,8,Villa Soldati
7RECLDM8406F6,"Marti, Jose",3301,3400,Creciente,Recoleccion De Contenedores Verdes,121.06,7,8,Villa Soldati
7RECLDM8406F6,Pergamino,3301,3400,Decreciente,Recoleccion De Contenedores Verdes,144.67,7,8,Villa Soldati
7RECLDM8406F6,Pergamino,3401,3500,Decreciente,Recoleccion De Contenedores Verdes,123.09,7,8,Villa Soldati
7RECLDM8406F6,"Acosta, Mariano",3501,3600,Doble,Recoleccion De Contenedores Verdes,123.62,7,8,Villa Soldati
7RECLDM8406F6,"Berg, Carlos",3101,3200,Doble,Recoleccion De Contenedores Verdes,100.0,7,8,Villa Soldati
7RECLDM8406F6,O'gorman,3201,3300,Creciente,Recoleccion De Contenedores Verdes,99.48,7,8,Villa Soldati
7RECLDM8406F6,Rivera Indarte Av.,3201,3300,Doble,Recoleccion De Contenedores Verdes,99.55,7,8,Villa Soldati
7RECLDM8406F6,"Berg, Carlos",3301,3400,Doble,Recoleccion De Contenedores Verdes,94.53,7,8,Villa Soldati
7RECLDM8406F6,Rivera Indarte Av.,3601,3700,Doble,Recoleccion De Contenedores Verdes,116.74,7,8,Villa Soldati
7RECLDM8406F6,Corrales,3401,3700,Doble,Recoleccion De Contenedores Verdes,549.06,7,8,Villa Soldati
7RECLDM8406F6,Castañon,3051,3100,Decreciente,Recoleccion De Contenedores Verdes,59.34,7,8,Villa Soldati
7RECLDM8406F6,Culpina,3401,3470,Creciente,Recoleccion De Contenedores Verdes,85.11,7,8,Villa Soldati
7RECLDM8406F6,Rivera Indarte Av.,2901,3000,Doble,Recoleccion De Contenedores Verdes,117.19,7,8,Villa Soldati
7RECLDM8406F6,Varela Av.,2901,3000,Doble,Recoleccion De Contenedores Verdes,117.85,7,8,Villa Soldati
7RECLDM8406F6,Varela Av.,3201,3300,Doble,Recoleccion De Contenedores Verdes,84.56,7,8,Villa Soldati
7RECLDM8406F6,Pedernera,3301,3400,Doble,Recoleccion De Contenedores Verdes,98.79,7,8,Villa Soldati
7RECLDM8406F6,Pedernera,2701,2800,Doble,Recoleccion De Contenedores Verdes,150.4,7,8,Villa Soldati
7RECLDM8406F6,Pedernera,2901,3000,Doble,Recoleccion De Contenedores Verdes,117.2,7,8,Villa Soldati
7RECLDM8406F6,"Berg, Carlos",2701,2800,Doble,Recoleccion De Contenedores Verdes,157.23,7,8,Villa Soldati
7RECLDM8406F6,"Berg, Carlos",2801,2900,Doble,Recoleccion De Contenedores Verdes,124.22,7,8,Villa Soldati
7RECLDM8406F6,Lacarra Av.,3401,3800,Creciente,Recoleccion De Contenedores Verdes,431.85,7,8,Villa Soldati
7RECLDM8406F6,"Roca, Cnel. Av.",0,3670,Decreciente,Recoleccion De Contenedores Verdes,217.11,7,8,Villa Soldati
7RECLDM8406F6,"Acosta, Mariano",3251,3300,Doble,Recoleccion De Contenedores Verdes,60.9,7,8,Villa Soldati
7RECLDM8406F6,Lacarra Av.,3801,4000,Creciente,Recoleccion De Contenedores Verdes,238.82,7,8,Villa Soldati
7RECLDM8406F6,Escalada Av.,0,4400,Decreciente,Recoleccion De Contenedores Verdes,76.46,7,8,Villa Soldati
7RECLDM8406F6,Escalada Av.,0,4399,Creciente,Recoleccion De Contenedores Verdes,724.71,7,8,Villa Lugano
7RECLDM8406F6,23 De Junio,4201,4250,Peatonal,Recoleccion De Contenedores Verdes,110.36,7,8,Villa Soldati
7RECLDM8406F6,23 De Junio,4301,4400,Peatonal,Recoleccion De Contenedores Verdes,108.09,7,8,Villa Soldati
7RECLDM8406F6,Escalada Av.,0,4410,Decreciente,Recoleccion De Contenedores Verdes,24.9,7,8,Villa Soldati
7RECLDM8406F6,"Camet, Francisco",4401,4500,Peatonal,Recoleccion De Contenedores Verdes,98.63,7,8,Villa Soldati
7RECLDM8406F6,"Perez, Pascual",4401,4600,Peatonal,Recoleccion De Contenedores Verdes,256.67,7,8,Villa Soldati
7RECLDM8406F6,Larrazabal Av.,0,4649,Creciente,Recoleccion De Contenedores Verdes,91.34,7,8,Villa Lugano
7RECLDM8406F6,"Garcia, Pedro A.,cnel.",5678,5890,Decreciente,Recoleccion De Contenedores Verdes,100.51,7,8,Villa Lugano
7RECLDM8406F6,"Ramirez, Ceferino, Comodoro",5401,5690,Decreciente,Recoleccion De Contenedores Verdes,311.77,7,8,Villa Lugano
7RECLDM8406F6,Soldado De La Frontera Av.,0,5210,Decreciente,Recoleccion De Contenedores Verdes,108.21,7,8,Villa Lugano
7RECLDM8406F6,"Gordillo, Timoteo",4901,5000,Creciente,Recoleccion De Contenedores Verdes,151.36,7,8,Villa Riachuelo
7RECLDM8406F6,"Guerrico, Martin, Ctte.",5401,5800,Creciente,Recoleccion De Contenedores Verdes,467.14,7,8,Villa Lugano
7RECLDM8406F6,"De La Torre, Lisandro",5163,5200,Decreciente,Recoleccion De Contenedores Verdes,59.95,7,8,Villa Lugano
7RECLDM8406F6,Piedra Buena Av.,5101,5200,Creciente,Recoleccion De Contenedores Verdes,147.27,7,8,Villa Riachuelo
7RECLDM8406F6,"Racedo, Eduardo, Tte. Gral.",5701,6000,Creciente,Recoleccion De Contenedores Verdes,277.5,7,8,Villa Lugano
7RECLDM8406F6,Guamini,5201,5300,Decreciente,Recoleccion De Contenedores Verdes,147.15,7,8,Villa Riachuelo
7RECLDM8406F6,"De La Torre, Lisandro",5401,5500,Decreciente,Recoleccion De Contenedores Verdes,147.27,7,8,Villa Lugano
7RECLDM8406F6,Cosquin,5301,5400,Decreciente,Recoleccion De Contenedores Verdes,148.08,7,8,Villa Riachuelo
7RECLDM8406F6,Cosquin,5401,5500,Decreciente,Recoleccion De Contenedores Verdes,147.15,7,8,Villa Riachuelo
7RECLDM8406F6,"Suarez, Jose Leon",5401,5500,Decreciente,Recoleccion De Contenedores Verdes,146.92,7,8,Villa Riachuelo
7RECLDM8406F6,Ferre,6301,6400,Creciente,Recoleccion De Contenedores Verdes,103.47,7,8,Villa Riachuelo
7RECLDM8406F6,Guamini,5601,5700,Decreciente,Recoleccion De Contenedores Verdes,146.95,7,8,Villa Riachuelo
7RECLDM8406F6,Montiel,5801,5900,Creciente,Recoleccion De Contenedores Verdes,147.52,7,8,Villa Riachuelo
7RECLDM8406F6,"De La Torre, Lisandro",4951,4996,Decreciente,Recoleccion De Contenedores Verdes,60.19,7,8,Villa Lugano
7RECLDM8406F6,Combate De San Carlos,5301,5580,Doble,Recoleccion De Contenedores Verdes,102.81,7,8,Villa Lugano
7RECLDM8406F6,Cañada De Gomez,5301,5400,Doble,Recoleccion De Contenedores Verdes,148.0,7,8,Villa Riachuelo
7RECLDM8406F6,"Garcia, Pedro A.,cnel.",5601,5660,Decreciente,Recoleccion De Contenedores Verdes,97.19,7,8,Villa Lugano
7RECLDM8406F6,Larrazabal Av.,0,4759,Creciente,Recoleccion De Contenedores Verdes,63.23,7,8,Villa Lugano
7RECLDM8406F6,Larrazabal Av.,0,5099,Creciente,Recoleccion De Contenedores Verdes,84.32,7,8,Villa Lugano
7RECLDM8406F6,"Costamagna, Santiago",5801,5900,Decreciente,Recoleccion De Contenedores Verdes,111.52,7,8,Villa Lugano
7RECLDM8406F6,Cosquin,4901,5000,Decreciente,Recoleccion De Contenedores Verdes,151.53,7,8,Villa Riachuelo
7RECLDM8406F6,Cafayate,0,5299,Creciente,Recoleccion De Contenedores Verdes,137.94,7,8,Villa Lugano
7RECLDM8406F6,Cafayate,0,5400,Decreciente,Recoleccion De Contenedores Verdes,65.84,7,8,Villa Lugano
7RECLDM8406F6,Guamini,5001,5100,Decreciente,Recoleccion De Contenedores Verdes,151.62,7,8,Villa Riachuelo
7RECLDM8406F6,"De La Torre, Lisandro",5301,5350,Decreciente,Recoleccion De Contenedores Verdes,68.87,7,8,Villa Lugano
7RECLDM8406F6,"Gordillo, Timoteo",5301,5400,Creciente,Recoleccion De Contenedores Verdes,147.83,7,8,Villa Riachuelo
7RECLDM8406F6,Guamini,5401,5500,Decreciente,Recoleccion De Contenedores Verdes,147.44,7,8,Villa Riachuelo
7RECLDM8406F6,Montiel,5601,5700,Creciente,Recoleccion De Contenedores Verdes,147.56,7,8,Villa Riachuelo
7RECLDM8406F6,Soldado De La Frontera Av.,0,5259,Creciente,Recoleccion De Contenedores Verdes,108.87,7,8,Villa Lugano
7RECLDM8406F6,Cañada De Gomez,5001,5100,Doble,Recoleccion De Contenedores Verdes,147.69,7,8,Villa Riachuelo
7RECLDM8406F6,Soldado De La Frontera Av.,0,5000,Decreciente,Recoleccion De Contenedores Verdes,88.39,7,8,Villa Lugano
7RECLDM8406F6,Soldado De La Frontera Av.,0,5540,Decreciente,Recoleccion De Contenedores Verdes,61.84,7,8,Villa Lugano
7RECLDM8406F6,Montiel,5201,5300,Creciente,Recoleccion De Contenedores Verdes,151.67,7,8,Villa Riachuelo
7RECLDM8406F6,Cafayate,0,5069,Creciente,Recoleccion De Contenedores Verdes,93.62,7,8,Villa Lugano
7RECLDM8406F6,"Olascoaga, Manuel Jose, Cnel.",5001,5050,Doble,Recoleccion De Contenedores Verdes,117.59,7,8,Villa Lugano
7RECLDM8406F6,Beron De Astrada,6801,6900,Decreciente,Recoleccion De Contenedores Verdes,103.57,7,8,Villa Riachuelo
