radio_code,barrio,department_name,zone_type,res_multifamily_pct,res_singlefamily_pct,commercial_pct,office_pct,industrial_pct,total_parcelas,demand_multiplier,weekend_factor
20070101,RETIRO,Comuna 1,office,3.23,0.0,9.68,64.52,17.74,62,0.8589,0.2475
20070201,RETIRO,Comuna 1,residential_multifamily,40.0,40.0,10.0,5.0,5.0,0,1.035,0.715
20070202,RETIRO,Comuna 1,residential_multifamily,40.0,40.0,10.0,5.0,5.0,0,1.035,0.715
20070203,RETIRO,Comuna 1,residential_multifamily,40.0,40.0,10.0,5.0,5.0,0,1.035,0.715
20070204,RETIRO,Comuna 1,office,0.0,0.0,0.0,100.0,0.0,1,0.85,0.1
20070205,RETIRO,Comuna 1,residential_multifamily,40.0,40.0,10.0,5.0,5.0,0,1.035,0.715
20070207,RETIRO,Comuna 1,residential_multifamily,40.0,40.0,10.0,5.0,5.0,0,1.035,0.715
20070208,RETIRO,Comuna 1,residential_multifamily,40.0,40.0,10.0,5.0,5.0,0,1.035,0.715
20070209,RETIRO,Comuna 1,residential_multifamily,40.0,40.0,10.0,5.0,5.0,0,1.035,0.715
20070210,RETIRO,Comuna 1,residential_multifamily,40.0,40.0,10.0,5.0,5.0,0,1.035,0.715
20070211,RETIRO,Comuna 1,residential_multifamily,40.0,40.0,10.0,5.0,5.0,0,1.035,0.715
20070212,RETIRO,Comuna 1,mixed,0.0,0.0,0.0,0.0,0.0,1,0.5,0.75
20070213,RETIRO,Comuna 1,residential_multifamily,40.0,40.0,10.0,5.0,5.0,0,1.035,0.715
20070214,RETIRO,Comuna 1,residential_multifamily,40.0,40.0,10.0,5.0,5.0,0,1.035,0.715
20070215,RETIRO,Comuna 1,residential_multifamily,40.0,40.0,10.0,5.0,5.0,0,1.035,0.715
20070216,RETIRO,Comuna 1,residential_multifamily,40.0,40.0,10.0,5.0,5.0,0,1.035,0.715
20070217,RETIRO,Comuna 1,residential_multifamily,40.0,40.0,10.0,5.0,5.0,0,1.035,0.715
20070218,RETIRO,Comuna 1,residential_multifamily,40.0,40.0,10.0,5.0,5.0,0,1.035,0.715
20070219,RETIRO,Comuna 1,residential_multifamily,40.0,40.0,10.0,5.0,5.0,0,1.035,0.715
20070220,RETIRO,Comuna 1,residential_multifamily,40.0,40.0,10.0,5.0,5.0,0,1.035,0.715
20070221,RETIRO,Comuna 1,residential_multifamily,40.0,40.0,10.0,5.0,5.0,0,1.035,0.715
20070222,RETIRO,Comuna 1,residential_multifamily,40.0,40.0,10.0,5.0,5.0,0,1.035,0.715
20070223,RETIRO,Comuna 1,residential_multifamily,40.0,40.0,10.0,5.0,5.0,0,1.035,0.715
20070301,RETIRO,Comuna 1,residential_multifamily,40.0,40.0,10.0,5.0,5.0,0,1.035,0.715
20070302,RETIRO,Comuna 1,residential_multifamily,40.0,40.0,10.0,5.0,5.0,0,1.035,0.715
20070303,RETIRO,Comuna 1,residential_multifamily,40.0,40.0,10.0,5.0,5.0,0,1.035,0.715
20070304,RETIRO,Comuna 1,residential_multifamily,40.0,40.0,10.0,5.0,5.0,0,1.035,0.715
20070305,RETIRO,Comuna 1,residential_multifamily,40.0,40.0,10.0,5.0,5.0,0,1.035,0.715
20070306,RETIRO,Comuna 1,residential_multifamily,40.0,40.0,10.0,5.0,5.0,0,1.035,0.715
20070307,RETIRO,Comuna 1,residential_multifamily,40.0,40.0,10.0,5.0,5.0,0,1.035,0.715
20070308,RETIRO,Comuna 1,residential_multifamily,40.0,40.0,10.0,5.0,5.0,0,1.035,0.715
20070309,RETIRO,Comuna 1,residential_multifamily,40.0,40.0,10.0,5.0,5.0,0,1.035,0.715
20070310,RETIRO,Comuna 1,residential_multifamily,40.0,40.0,10.0,5.0,5.0,0,1.035,0.715
20070311,RETIRO,Comuna 1,residential_multifamily,40.0,40.0,10.0,5.0,5.0,0,1.035,0.715
20070312,RETIRO,Comuna 1,residential_multifamily,40.0,40.0,10.0,5.0,5.0,0,1.035,0.715
20070313,RETIRO,Comuna 1,residential_multifamily,40.0,40.0,10.0,5.0,5.0,0,1.035,0.715
20070314,RETIRO,Comuna 1,residential_multifamily,40.0,40.0,10.0,5.0,5.0,0,1.035,0.715
20070315,RETIRO,Comuna 1,residential_multifamily,40.0,40.0,10.0,5.0,5.0,0,1.035,0.715
20070316,RETIRO,Comuna 1,residential_multifamily,40.0,40.0,10.0,5.0,5.0,0,1.035,0.715
20070317,RETIRO,Comuna 1,residential_multifamily,40.0,40.0,10.0,5.0,5.0,0,1.035,0.715
20070318,RETIRO,Comuna 1,residential_multifamily,40.0,40.0,10.0,5.0,5.0,0,1.035,0.715
20070319,RETIRO,Comuna 1,residential_multifamily,40.0,40.0,10.0,5.0,5.0,0,1.035,0.715
20070401,RETIRO,Comuna 1,commercial,46.81,2.13,42.55,6.38,0.0,47,1.1957,0.8337
20070402,RETIRO,Comuna 1,commercial,33.33,0.0,59.52,4.76,0.0,42,1.2523,0.9415
20070403,RETIRO,Comuna 1,office,12.5,0.0,25.0,62.5,0.0,8,1.0188,0.4375
20070404,RETIRO,Comuna 1,residential_multifamily,64.29,0.0,28.57,0.0,0.0,42,1.1429,0.7846
20070405,RETIRO,Comuna 1,office,38.3,0.0,42.55,19.15,0.0,47,1.1798,0.7595
20070406,RETIRO,Comuna 1,commercial,62.0,0.0,34.0,4.0,0.0,50,1.192,0.784
20070407,RETIRO,Comuna 1,commercial,35.0,0.0,58.33,6.67,0.0,60,1.2583,0.9166
20070408,RETIRO,Comuna 1,commercial,57.75,0.0,39.44,2.82,0.0,71,1.2114,0.8225
20070501,RETIRO,Comuna 1,commercial,42.59,0.0,40.74,14.81,0.0,54,1.174,0.7736
20070502,RETIRO,Comuna 1,commercial,33.75,1.25,52.5,12.5,0.0,80,1.2244,0.8556
20070503,RETIRO,Comuna 1,commercial,26.17,0.93,64.49,8.41,0.0,107,1.271,0.9472
20070504,RETIRO,Comuna 1,commercial,40.74,3.7,44.44,11.11,0.0,54,1.1999,0.8204
20070505,RETIRO,Comuna 1,commercial,28.81,0.0,64.41,6.78,0.0,59,1.2763,0.9526
20070506,RETIRO,Comuna 1,commercial,25.32,0.0,68.35,6.33,0.0,79,1.2892,0.9784
20070507,RETIRO,Comuna 1,commercial,26.39,0.0,61.11,12.5,0.0,72,1.2521,0.9042
20070601,RETIRO,Comuna 1,commercial,47.46,0.0,38.98,10.17,1.69,59,1.1737,0.7793
20070602,RETIRO,Comuna 1,office,29.03,0.0,51.61,19.35,0.0,31,1.2064,0.8129
20070603,RETIRO,Comuna 1,commercial,47.17,0.0,43.4,9.43,0.0,53,1.2066,0.8133
20070604,RETIRO,Comuna 1,commercial,63.64,0.0,31.82,0.0,4.55,22,1.1751,0.7727
20070605,RETIRO,Comuna 1,commercial,33.33,0.0,66.67,0.0,0.0,12,1.3,1.0
20070606,RETIRO,Comuna 1,office,31.25,0.0,37.5,15.62,15.62,32,1.1031,0.6844
20070607,RETIRO,Comuna 1,commercial,52.5,0.0,42.5,5.0,0.0,40,1.215,0.83
20070608,RETIRO,Comuna 1,commercial,36.17,0.0,59.57,4.26,0.0,47,1.2681,0.9361
20070609,RETIRO,Comuna 1,commercial,39.73,0.0,57.53,2.74,0.0,73,1.2657,0.9315
20070610,RETIRO,Comuna 1,commercial,31.75,0.0,63.49,4.76,0.0,63,1.2786,0.9571
20070701,RETIRO,Comuna 1,commercial,30.36,0.0,58.93,10.71,0.0,56,1.25,0.9
20070702,RETIRO,Comuna 1,office,21.69,0.0,54.22,24.1,0.0,83,1.2025,0.8048
20070703,RETIRO,Comuna 1,commercial,28.4,4.94,50.62,12.35,3.7,81,1.197,0.8395
20070704,RETIRO,Comuna 1,office,29.41,0.0,44.12,26.47,0.0,34,1.1662,0.7324
20070705,RETIRO,Comuna 1,office,26.79,0.0,57.14,16.07,0.0,56,1.2312,0.8625
20070706,RETIRO,Comuna 1,commercial,18.46,0.0,69.23,10.77,0.0,65,1.2715,0.9672
20070707,RETIRO,Comuna 1,office,14.67,0.0,62.67,20.0,0.0,75,1.222,0.8836
20070708,RETIRO,Comuna 1,commercial,33.33,0.0,53.33,10.0,0.0,60,1.2149,0.8793
20070709,RETIRO,Comuna 1,office,23.33,0.0,56.67,16.67,0.0,60,1.2084,0.8655
20070710,RETIRO,Comuna 1,office,22.58,0.0,59.68,16.13,0.0,62,1.2291,0.882
20070711,RETIRO,Comuna 1,office,8.7,0.0,62.32,28.99,0.0,69,1.2146,0.8289
20070712,RETIRO,Comuna 1,office,26.32,1.75,56.14,15.79,0.0,57,1.2263,0.8623
20070713,RETIRO,Comuna 1,office,11.9,0.0,36.9,51.19,0.0,84,1.0827,0.5654
20070801,RETIRO,Comuna 1,commercial,25.4,0.0,68.25,4.76,0.0,63,1.2833,0.9919
20070802,RETIRO,Comuna 1,commercial,26.0,0.0,66.0,8.0,0.0,50,1.278,0.956
20070803,RETIRO,Comuna 1,office,19.05,0.0,52.38,28.57,0.0,42,1.1857,0.7714
20070804,RETIRO,Comuna 1,commercial,32.73,1.82,49.09,14.55,1.82,55,1.2001,0.819
20070805,RETIRO,Comuna 1,office,28.85,1.92,46.15,21.15,0.0,52,1.1711,0.7794
20070806,RETIRO,Comuna 1,office,30.0,2.5,47.5,20.0,0.0,40,1.1887,0.7913
20070807,RETIRO,Comuna 1,commercial,31.82,3.03,59.09,6.06,0.0,66,1.2576,0.9318
20070808,RETIRO,Comuna 1,office,25.81,1.61,56.45,16.13,0.0,62,1.2266,0.8621
20070809,RETIRO,Comuna 1,office,25.81,0.0,51.61,22.58,0.0,31,1.1984,0.7968
20070810,RETIRO,Comuna 1,office,15.28,0.0,69.44,15.28,0.0,72,1.2701,0.9402
20070811,RETIRO,Comuna 1,office,30.3,0.0,48.48,21.21,0.0,66,1.1924,0.7848
20070901,SAN NICOLAS,Comuna 1,office,25.58,0.0,41.86,30.23,2.33,43,1.1395,0.6907
20070902,SAN NICOLAS,Comuna 1,office,16.02,0.0,62.43,19.89,0.55,181,1.2284,0.876
20070903,SAN NICOLAS,Comuna 1,office,11.76,0.0,56.37,31.86,0.0,204,1.1894,0.7789
20070904,SAN NICOLAS,Comuna 1,office,10.67,0.0,58.67,29.33,0.0,75,1.1947,0.8081
20070905,SAN NICOLAS,Comuna 1,office,6.12,0.0,46.94,42.86,4.08,49,1.1153,0.651
20070906,SAN NICOLAS,Comuna 1,office,16.53,0.0,60.33,22.31,0.0,121,1.2202,0.8525
20070907,SAN NICOLAS,Comuna 1,office,15.69,0.0,54.9,29.41,0.0,51,1.1912,0.7823
20070908,SAN NICOLAS,Comuna 1,commercial,21.74,0.0,62.32,7.25,0.0,69,1.2167,0.9698
20070909,SAN NICOLAS,Comuna 1,commercial,12.88,0.0,74.24,11.36,0.76,132,1.2863,0.9886
20070910,SAN NICOLAS,Comuna 1,office,12.93,0.0,51.7,35.37,0.0,147,1.1667,0.7333
20070911,SAN NICOLAS,Comuna 1,office,27.27,0.0,33.33,36.36,3.03,33,1.0954,0.6061
20070912,SAN NICOLAS,Comuna 1,office,21.95,0.0,51.22,26.83,0.0,41,1.1866,0.7732
20070913,SAN NICOLAS,Comuna 1,office,2.33,0.0,32.56,65.12,0.0,43,1.035,0.4698
20070914,SAN NICOLAS,Comuna 1,office,5.32,1.06,47.87,44.68,0.0,94,1.1239,0.6672
20070915,SAN NICOLAS,Comuna 1,office,10.14,0.72,55.07,34.06,0.0,138,1.1789,0.7619
20070916,SAN NICOLAS,Comuna 1,office,9.16,1.53,69.47,19.85,0.0,131,1.2566,0.9214
20070917,SAN NICOLAS,Comuna 1,office,9.26,0.0,68.52,20.37,0.0,54,1.2435,0.9151
20070918,SAN NICOLAS,Comuna 1,office,17.07,2.44,63.41,17.07,0.0,41,1.2438,0.9012
20070919,SAN NICOLAS,Comuna 1,office,5.42,0.0,53.01,40.36,0.0,166,1.1509,0.7177
20070920,SAN NICOLAS,Comuna 1,commercial,9.35,0.72,80.58,9.35,0.0,139,1.3173,1.0385
20070921,SAN NICOLAS,Comuna 1,commercial,9.76,0.0,78.05,12.2,0.0,41,1.3038,1.0073
20071001,SAN NICOLAS,Comuna 1,office,8.0,2.0,46.0,44.0,0.0,50,1.125,0.661
20071002,SAN NICOLAS,Comuna 1,office,4.48,0.0,53.73,41.79,0.0,67,1.1567,0.7134
20071003,SAN NICOLAS,Comuna 1,office,41.51,3.77,35.85,18.87,0.0,53,1.1547,0.7302
20071004,SAN NICOLAS,Comuna 1,commercial,36.07,1.64,49.18,13.11,0.0,61,1.2123,0.8336
20071005,SAN NICOLAS,Comuna 1,commercial,36.71,3.8,46.84,8.86,2.53,79,1.1937,0.8391
20071006,SAN NICOLAS,Comuna 1,office,27.69,1.54,50.77,20.0,0.0,65,1.2,0.8085
20071007,SAN NICOLAS,Comuna 1,office,14.49,0.0,53.62,28.99,0.0,69,1.171,0.782
20071008,SAN NICOLAS,Comuna 1,office,2.75,0.0,60.55,35.78,0.0,109,1.1867,0.7861
20071009,SAN NICOLAS,Comuna 1,office,3.53,0.0,61.18,35.29,0.0,85,1.1953,0.7906
20071010,SAN NICOLAS,Comuna 1,office,18.57,0.0,52.86,28.57,0.0,70,1.1872,0.7743
20071011,SAN NICOLAS,Comuna 1,office,38.89,0.0,44.44,16.67,0.0,54,1.1916,0.7833
20071012,SAN NICOLAS,Comuna 1,commercial,23.08,0.0,63.08,13.85,0.0,65,1.2547,0.9092
20071013,SAN NICOLAS,Comuna 1,office,3.85,0.0,59.62,36.54,0.0,52,1.1876,0.775
20071014,SAN NICOLAS,Comuna 1,office,7.32,0.0,58.54,34.15,0.0,41,1.1904,0.7805
20071015,SAN NICOLAS,Comuna 1,commercial,28.57,0.0,59.18,10.2,2.04,49,1.2428,0.8959
20071016,SAN NICOLAS,Comuna 1,office,15.07,1.37,61.64,21.92,0.0,73,1.2281,0.8637
20071101,SAN NICOLAS,Comuna 1,office,20.83,2.08,45.83,31.25,0.0,48,1.1562,0.7239
20071102,SAN NICOLAS,Comuna 1,office,23.81,0.0,47.62,23.81,4.76,21,1.1619,0.7476
20071103,SAN NICOLAS,Comuna 1,office,21.67,0.0,61.67,16.67,0.0,60,1.2434,0.8866
20071104,SAN NICOLAS,Comuna 1,office,21.37,0.0,58.78,19.08,0.0,131,1.224,0.8593
20071105,SAN NICOLAS,Comuna 1,office,17.65,0.0,60.29,22.06,0.0,68,1.2257,0.8514
20071106,SAN NICOLAS,Comuna 1,commercial,30.14,0.0,53.42,10.96,5.48,73,1.2082,0.8438
20071107,SAN NICOLAS,Comuna 1,commercial,36.54,0.0,48.08,13.46,0.0,52,1.1991,0.8255
20071108,SAN NICOLAS,Comuna 1,commercial,27.59,1.72,56.9,13.79,0.0,58,1.2336,0.8767
20071109,SAN NICOLAS,Comuna 1,commercial,36.67,0.0,55.0,6.67,1.67,60,1.2409,0.8899
20071110,SAN NICOLAS,Comuna 1,office,20.34,0.0,52.54,27.12,0.0,59,1.1898,0.7796
20071111,SAN NICOLAS,Comuna 1,commercial,19.3,0.0,64.91,12.28,1.75,57,1.2456,0.9268
20071112,SAN NICOLAS,Comuna 1,office,15.79,0.0,52.63,26.32,2.63,38,1.1645,0.7784
20071113,SAN NICOLAS,Comuna 1,office,42.11,2.63,36.84,15.79,0.0,38,1.1513,0.7527
20071114,SAN NICOLAS,Comuna 1,commercial,29.73,0.0,59.46,10.81,0.0,37,1.2514,0.9027
20071115,SAN NICOLAS,Comuna 1,office,17.39,0.0,56.52,26.09,0.0,23,1.2043,0.8087
20071201,SAN NICOLAS,Comuna 1,commercial,21.28,0.0,65.96,6.38,6.38,47,1.2532,0.9383
20071202,SAN NICOLAS,Comuna 1,commercial,10.23,0.0,79.55,5.68,0.0,88,1.2972,1.0702
20071203,SAN NICOLAS,Comuna 1,office,15.0,0.0,57.5,27.5,0.0,40,1.2037,0.8075
20071204,SAN NICOLAS,Comuna 1,commercial,17.57,0.0,70.27,10.81,0.0,74,1.2757,0.9726
20071205,SAN NICOLAS,Comuna 1,commercial,27.2,1.6,64.0,6.4,0.8,125,1.27,0.9528
20071206,SAN NICOLAS,Comuna 1,office,13.25,1.2,66.27,18.07,1.2,83,1.2464,0.9055
20071207,SAN NICOLAS,Comuna 1,commercial,24.55,0.91,60.0,11.82,0.91,110,1.2341,0.9051
20071208,SAN NICOLAS,Comuna 1,office,28.12,3.12,50.0,18.75,0.0,32,1.1984,0.8141
20071209,SAN NICOLAS,Comuna 1,office,9.46,0.0,56.08,31.76,2.7,148,1.1767,0.7669
20071210,SAN NICOLAS,Comuna 1,office,2.17,1.09,51.09,45.65,0.0,92,1.1375,0.681
20071211,SAN NICOLAS,Comuna 1,office,0.99,0.0,51.85,45.68,0.25,405,1.1328,0.6827
20071212,SAN NICOLAS,Comuna 1,office,5.17,0.0,53.45,37.93,1.72,58,1.1474,0.7264
20071213,SAN NICOLAS,Comuna 1,office,13.16,0.0,65.79,21.05,0.0,38,1.2447,0.8895
20071214,SAN NICOLAS,Comuna 1,office,3.17,0.0,48.15,47.09,0.0,189,1.1172,0.6543
20071301,PUERTO MADERO,Comuna 1,office,3.75,0.0,71.25,25.0,0.0,80,1.2512,0.9025
20071302,PUERTO MADERO,Comuna 1,commercial,14.29,0.0,71.43,14.29,0.0,7,1.2787,0.9571
20071303,PUERTO MADERO,Comuna 1,office,0.0,0.0,0.0,100.0,0.0,1,0.85,0.1
20071304,PUERTO MADERO,Comuna 1,office,1.85,0.0,77.78,20.37,0.0,54,1.2824,0.9648
20071305,PUERTO MADERO,Comuna 1,commercial,14.29,0.0,71.43,14.29,0.0,14,1.2787,0.9571
20071306,PUERTO MADERO,Comuna 1,office,33.33,0.0,22.22,44.44,0.0,9,1.0555,0.5111
20071307,PUERTO MADERO,Comuna 1,residential_multifamily,100.0,0.0,0.0,0.0,0.0,1,1.1,0.6
20071308,PUERTO MADERO,Comuna 1,office,11.76,0.0,70.59,17.65,0.0,17,1.2676,0.9353
20071309,PUERTO MADERO,Comuna 1,commercial,16.67,0.0,77.78,5.56,0.0,18,1.3196,1.0388
20071310,PUERTO MADERO,Comuna 1,office,20.0,0.0,60.0,20.0,0.0,15,1.23,0.86
20071311,PUERTO MADERO,Comuna 1,commercial,11.76,0.0,88.24,0.0,0.0,17,1.3647,1.1294
20071312,PUERTO MADERO,Comuna 1,commercial,7.41,0.0,88.89,3.7,0.0,27,1.3574,1.1148
20071313,PUERTO MADERO,Comuna 1,office,6.98,0.0,72.09,20.93,0.0,43,1.2639,0.9279
20071314,PUERTO MADERO,Comuna 1,office,8.96,0.0,56.72,31.34,1.49,67,1.1762,0.7803
20071315,PUERTO MADERO,Comuna 1,office,3.03,0.0,75.76,18.18,3.03,33,1.2682,0.9515
20071316,PUERTO MADERO,Comuna 1,residential_multifamily,40.0,40.0,10.0,5.0,5.0,0,1.035,0.715
20071317,PUERTO MADERO,Comuna 1,residential_multifamily,40.0,40.0,10.0,5.0,5.0,0,1.035,0.715
20071318,PUERTO MADERO,Comuna 1,residential_multifamily,40.0,40.0,10.0,5.0,5.0,0,1.035,0.715
20071401,MONSERRAT,Comuna 1,office,6.67,0.51,52.82,39.49,0.51,195,1.1567,0.7187
20071402,MONSERRAT,Comuna 1,office,14.29,1.36,34.69,48.98,0.68,147,1.0765,0.5639
20071403,MONSERRAT,Comuna 1,office,19.57,6.52,36.96,32.61,0.0,46,1.0935,0.6784
20071404,MONSERRAT,Comuna 1,office,16.67,0.0,52.78,30.56,0.0,36,1.1821,0.7639
20071405,MONSERRAT,Comuna 1,office,17.48,2.1,43.36,32.17,2.8,143,1.1214,0.6954
20071406,MONSERRAT,Comuna 1,office,25.81,1.61,45.16,27.42,0.0,62,1.1645,0.7379
20071407,MONSERRAT,Comuna 1,office,14.1,0.0,39.74,42.31,3.85,78,1.0961,0.6115
20071408,MONSERRAT,Comuna 1,office,20.45,0.0,40.91,38.64,0.0,44,1.1261,0.6523
20071409,MONSERRAT,Comuna 1,office,25.0,4.55,29.55,38.64,2.27,44,1.0751,0.5864
20071410,MONSERRAT,Comuna 1,commercial,25.97,10.39,45.45,12.99,3.9,77,1.1629,0.821
20071411,MONSERRAT,Comuna 1,commercial,44.23,7.69,34.62,5.77,5.77,52,1.1404,0.7784
20071412,MONSERRAT,Comuna 1,commercial,37.1,4.84,45.16,9.68,3.23,62,1.1896,0.8217
20071501,MONSERRAT,Comuna 1,office,5.29,0.0,52.94,41.18,0.59,170,1.1532,0.7094
20071502,MONSERRAT,Comuna 1,office,8.76,0.73,54.01,35.77,0.73,137,1.1682,0.7441
20071503,MONSERRAT,Comuna 1,office,20.99,0.0,48.15,29.63,1.23,81,1.1648,0.7358
20071504,MONSERRAT,Comuna 1,office,18.95,0.0,51.58,29.47,0.0,95,1.1811,0.7621
20071505,MONSERRAT,Comuna 1,commercial,33.67,0.0,48.98,14.29,3.06,98,1.1974,0.8102
20071506,MONSERRAT,Comuna 1,office,39.78,5.38,34.41,17.2,3.23,93,1.1376,0.721
20071507,MONSERRAT,Comuna 1,commercial,31.58,7.89,42.11,5.26,13.16,38,1.1421,0.7934
20071508,MONSERRAT,Comuna 1,office,34.69,2.04,38.78,16.33,6.12,49,1.1327,0.7344
20071509,MONSERRAT,Comuna 1,commercial,40.86,5.38,38.71,10.75,3.23,93,1.1602,0.781
20071510,MONSERRAT,Comuna 1,commercial,36.51,0.0,53.97,9.52,0.0,63,1.2381,0.8762
20071511,MONSERRAT,Comuna 1,commercial,31.03,1.72,51.72,13.79,1.72,58,1.2102,0.8388
20071601,MONSERRAT,Comuna 1,office,14.81,0.0,54.63,27.78,2.78,108,1.1819,0.7778
20071602,MONSERRAT,Comuna 1,office,17.54,0.0,59.65,21.05,1.75,57,1.2184,0.8457
20071603,MONSERRAT,Comuna 1,office,18.71,0.0,56.83,23.74,0.0,139,1.2068,0.8239
20071604,MONSERRAT,Comuna 1,commercial,16.67,0.0,69.44,11.11,2.78,36,1.268,0.95
20071605,MONSERRAT,Comuna 1,commercial,22.0,4.0,54.0,14.0,4.0,50,1.191,0.8531
20071606,MONSERRAT,Comuna 1,office,13.33,2.22,46.67,37.78,0.0,45,1.1422,0.6967
20071607,MONSERRAT,Comuna 1,commercial,26.03,0.0,63.01,6.85,2.74,73,1.2514,0.9375
20071608,MONSERRAT,Comuna 1,commercial,32.5,10.0,32.5,7.5,15.0,40,1.0812,0.7256
20071609,MONSERRAT,Comuna 1,commercial,18.92,0.0,62.16,13.51,2.7,37,1.2243,0.9028
20071610,MONSERRAT,Comuna 1,commercial,26.56,7.81,57.81,4.69,1.56,64,1.2336,0.9421
20071611,MONSERRAT,Comuna 1,commercial,20.59,2.94,54.41,14.71,7.35,68,1.189,0.8309
20071612,MONSERRAT,Comuna 1,commercial,19.61,1.96,64.71,11.76,1.96,51,1.253,0.9265
20071701,MONSERRAT,Comuna 1,office,23.42,0.63,47.47,22.15,6.33,158,1.1576,0.7503
20071702,MONSERRAT,Comuna 1,office,18.75,0.0,53.12,25.0,3.12,32,1.1828,0.7813
20071703,MONSERRAT,Comuna 1,office,27.87,1.64,50.82,16.39,3.28,61,1.1943,0.8139
20071704,MONSERRAT,Comuna 1,commercial,30.77,3.08,53.85,9.23,3.08,65,1.2201,0.8723
20071705,MONSERRAT,Comuna 1,commercial,21.43,5.95,53.57,13.1,5.95,84,1.1923,0.847
20071706,MONSERRAT,Comuna 1,office,22.37,2.63,52.63,21.05,1.32,76,1.1954,0.8118
20071707,MONSERRAT,Comuna 1,office,28.07,3.51,43.86,22.81,1.75,57,1.1614,0.7509
20071708,MONSERRAT,Comuna 1,office,40.0,4.0,40.0,16.0,0.0,50,1.174,0.77
20071709,MONSERRAT,Comuna 1,commercial,26.79,10.71,53.57,8.93,0.0,56,1.2223,0.9035
20071710,MONSERRAT,Comuna 1,commercial,48.81,2.38,38.1,7.14,3.57,84,1.1768,0.7846
20071711,MONSERRAT,Comuna 1,commercial,42.11,10.53,39.47,5.26,2.63,38,1.1776,0.8263
20071801,MONSERRAT,Comuna 1,commercial,32.2,5.08,50.85,11.86,0.0,59,1.2152,0.8585
20071802,MONSERRAT,Comuna 1,office,23.91,0.0,56.52,15.22,4.35,46,1.2119,0.8456
20071803,MONSERRAT,Comuna 1,office,26.89,6.72,44.54,17.65,4.2,119,1.1605,0.779
20071804,MONSERRAT,Comuna 1,residential_multifamily,50.0,7.35,23.53,8.82,10.29,68,1.0912,0.6743
20071805,MONSERRAT,Comuna 1,commercial,33.33,4.44,45.56,14.44,1.11,90,1.1822,0.8102
20071806,MONSERRAT,Comuna 1,commercial,39.53,6.98,44.19,6.98,2.33,43,1.1943,0.8383
20071807,MONSERRAT,Comuna 1,office,46.94,8.16,28.57,16.33,0.0,49,1.1326,0.7102
20071808,MONSERRAT,Comuna 1,commercial,42.11,12.28,35.09,10.53,0.0,57,1.1606,0.7886
20071809,MONSERRAT,Comuna 1,commercial,31.75,3.17,50.79,12.7,1.59,63,1.2087,0.8428
20071901,MONSERRAT,Comuna 1,office,42.59,9.26,22.22,20.37,3.7,54,1.074,0.6406
20071902,MONSERRAT,Comuna 1,residential_multifamily,52.38,14.29,19.05,14.29,0.0,42,1.1001,0.6786
20071903,MONSERRAT,Comuna 1,commercial,56.86,5.88,31.37,3.92,1.96,51,1.1666,0.7755
20071904,MONSERRAT,Comuna 1,commercial,48.0,14.0,36.0,2.0,0.0,50,1.182,0.841
20071905,MONSERRAT,Comuna 1,office,20.0,4.0,40.0,32.0,4.0,25,1.116,0.674
20071906,MONSERRAT,Comuna 1,commercial,45.24,7.14,45.24,0.0,0.0,42,1.2107,0.8963
20071907,MONSERRAT,Comuna 1,commercial,44.44,8.89,33.33,11.11,0.0,45,1.1455,0.7705
20071908,MONSERRAT,Comuna 1,commercial,31.15,3.28,50.82,13.11,1.64,61,1.2074,0.841
20071909,MONSERRAT,Comuna 1,commercial,43.48,10.87,39.13,2.17,4.35,46,1.1761,0.8337
20072001,CONSTITUCION,Comuna 1,residential_multifamily,55.0,7.5,27.5,7.5,2.5,40,1.1413,0.7363
20072002,CONSTITUCION,Comuna 1,commercial,53.16,6.33,30.38,5.06,3.8,79,1.1443,0.7596
20072003,CONSTITUCION,Comuna 1,residential_multifamily,63.04,6.52,19.57,10.87,0.0,46,1.1218,0.6794
20072004,CONSTITUCION,Comuna 1,residential_multifamily,58.33,10.42,29.17,0.0,0.0,48,1.1594,0.8053
20072005,CONSTITUCION,Comuna 1,residential_multifamily,61.11,11.11,22.22,1.85,3.7,54,1.1287,0.7371
20072006,CONSTITUCION,Comuna 1,commercial,42.86,14.29,32.65,8.16,0.0,49,1.1439,0.7948
20072007,CONSTITUCION,Comuna 1,residential_multifamily,51.06,19.15,21.28,6.38,2.13,47,1.1096,0.7351
20072008,CONSTITUCION,Comuna 1,residential_multifamily,51.22,12.2,21.95,12.2,2.44,41,1.1062,0.6914
20072009,CONSTITUCION,Comuna 1,office,48.48,6.06,21.21,21.21,3.03,33,1.0878,0.6242
20072010,CONSTITUCION,Comuna 1,commercial,47.44,7.69,35.9,8.97,0.0,78,1.1737,0.7898
20072101,CONSTITUCION,Comuna 1,residential_multifamily,60.0,10.0,20.0,5.0,0.0,40,1.1025,0.7263
20072102,CONSTITUCION,Comuna 1,residential_multifamily,47.56,13.41,26.83,8.54,1.22,82,1.1189,0.7506
20072103,CONSTITUCION,Comuna 1,commercial,37.84,2.7,48.65,10.81,0.0,37,1.2149,0.8446
20072104,CONSTITUCION,Comuna 1,commercial,39.42,14.42,31.73,12.5,1.92,104,1.1336,0.7563
20072105,CONSTITUCION,Comuna 1,residential_multifamily,50.0,8.33,27.08,12.5,2.08,48,1.1281,0.7125
20072106,CONSTITUCION,Comuna 1,residential_multifamily,50.94,1.89,26.42,9.43,5.66,53,1.0934,0.6991
20072107,CONSTITUCION,Comuna 1,commercial,40.91,4.55,39.77,9.09,3.41,88,1.1608,0.7953
20072108,CONSTITUCION,Comuna 1,commercial,43.01,9.68,35.48,11.83,0.0,93,1.1623,0.7779
20072109,CONSTITUCION,Comuna 1,commercial,42.37,5.08,38.98,10.17,0.0,59,1.1635,0.8026
20072110,CONSTITUCION,Comuna 1,office,32.84,2.99,34.33,25.37,2.99,67,1.1127,0.6758
20072201,CONSTITUCION,Comuna 1,commercial,37.96,11.11,37.04,12.04,1.85,108,1.156,0.7824
20072202,CONSTITUCION,Comuna 1,office,55.56,4.44,24.44,15.56,0.0,45,1.1278,0.6799
20072203,CONSTITUCION,Comuna 1,commercial,45.45,5.45,38.18,10.91,0.0,55,1.179,0.7882
20072204,CONSTITUCION,Comuna 1,office,48.78,7.32,19.51,24.39,0.0,41,1.0866,0.6134
20072205,CONSTITUCION,Comuna 1,residential_multifamily,58.33,2.08,22.92,12.5,2.08,48,1.1125,0.6734
20072206,CONSTITUCION,Comuna 1,commercial,43.14,3.92,39.22,13.73,0.0,51,1.1776,0.7765
20072207,CONSTITUCION,Comuna 1,commercial,37.25,17.65,41.18,3.92,0.0,51,1.1873,0.8716
20072208,CONSTITUCION,Comuna 1,commercial,47.37,9.21,30.26,9.21,3.95,76,1.1362,0.7427
20072209,CONSTITUCION,Comuna 1,commercial,50.56,1.12,38.2,5.62,3.37,89,1.1769,0.7926
20072210,CONSTITUCION,Comuna 1,commercial,42.86,4.76,44.44,3.17,1.59,63,1.192,0.8647
20072301,SAN TELMO,Comuna 1,commercial,35.45,4.55,45.45,10.91,2.73,110,1.1845,0.8206
20072302,SAN TELMO,Comuna 1,residential_multifamily,51.02,18.37,24.49,6.12,0.0,49,1.1306,0.7623
20072303,SAN TELMO,Comuna 1,office,37.5,2.5,35.0,22.5,2.5,40,1.1338,0.6937
20072304,SAN TELMO,Comuna 1,commercial,32.43,5.41,45.95,8.11,2.7,37,1.1649,0.8515
20072305,SAN TELMO,Comuna 1,commercial,34.21,2.63,52.63,10.53,0.0,38,1.2276,0.8697
20072306,SAN TELMO,Comuna 1,commercial,23.73,8.47,64.41,1.69,1.69,59,1.2686,0.9925
20072307,SAN TELMO,Comuna 1,commercial,40.35,12.28,40.35,5.26,1.75,57,1.1815,0.8395
20072308,SAN TELMO,Comuna 1,commercial,23.47,7.14,69.39,0.0,0.0,98,1.2975,1.0342
20072309,SAN TELMO,Comuna 1,commercial,41.38,3.45,44.83,8.62,1.72,58,1.2,0.8276
20072310,SAN TELMO,Comuna 1,commercial,44.23,7.69,32.69,11.54,1.92,52,1.1375,0.7529
20072401,SAN TELMO,Comuna 1,office,36.11,11.11,25.0,22.22,0.0,36,1.0694,0.6706
20072402,SAN TELMO,Comuna 1,office,26.53,0.0,51.02,16.33,0.0,49,1.1755,0.8391
20072403,SAN TELMO,Comuna 1,office,32.94,11.76,23.53,29.41,1.18,85,1.067,0.619
20072404,SAN TELMO,Comuna 1,residential_multifamily,37.5,34.38,25.0,0.0,3.12,32,1.1094,0.8235
20072405,SAN TELMO,Comuna 1,office,35.29,11.76,23.53,29.41,0.0,17,1.0794,0.6235
20072406,SAN TELMO,Comuna 1,office,47.83,0.0,34.78,15.22,2.17,46,1.1565,0.7239
20072407,SAN TELMO,Comuna 1,office,14.06,10.94,12.5,48.44,12.5,64,0.9344,0.4071
20072408,SAN TELMO,Comuna 1,office,42.86,0.0,22.86,34.29,0.0,35,1.083,0.5657
20072501,SAN TELMO,Comuna 1,commercial,44.0,8.0,44.0,2.0,2.0,50,1.206,0.866
20072502,SAN TELMO,Comuna 1,commercial,20.63,5.56,65.87,7.14,0.0,126,1.2666,0.9764
20072503,SAN TELMO,Comuna 1,office,29.85,10.45,28.36,28.36,2.99,67,1.0852,0.6425
20072504,SAN TELMO,Comuna 1,commercial,38.0,10.0,44.0,8.0,0.0,50,1.197,0.849
20072505,SAN TELMO,Comuna 1,commercial,39.73,12.33,32.88,13.7,0.0,73,1.1377,0.7618
20072506,SAN TELMO,Comuna 1,office,34.78,4.35,44.57,15.22,0.0,92,1.1827,0.8044
20072507,SAN TELMO,Comuna 1,commercial,48.0,6.0,38.0,4.0,2.0,50,1.174,0.8194
20072508,SAN TELMO,Comuna 1,residential_multifamily,47.16,16.59,20.52,5.24,9.61,229,1.075,0.7008
20072509,SAN TELMO,Comuna 1,commercial,32.31,1.54,56.92,9.23,0.0,65,1.2454,0.8992
20072510,SAN TELMO,Comuna 1,commercial,38.67,2.67,48.0,10.67,0.0,75,1.2134,0.8413
20072511,SAN TELMO,Comuna 1,residential_multifamily,41.18,5.88,29.41,14.71,8.82,34,1.1029,0.6823
20072601,SAN TELMO,Comuna 1,residential_multifamily,50.0,13.64,25.0,11.36,0.0,44,1.1261,0.7273
20072602,SAN TELMO,Comuna 1,commercial,53.85,3.85,32.69,7.69,0.0,52,1.1615,0.7706
20072603,SAN TELMO,Comuna 1,commercial,41.46,0.0,46.34,9.76,0.0,41,1.2,0.835
20072604,SAN TELMO,Comuna 1,commercial,30.0,14.0,56.0,0.0,0.0,50,1.247,0.971
20072605,SAN TELMO,Comuna 1,office,44.59,21.62,16.22,16.22,0.0,74,1.0676,0.6712
20072606,SAN TELMO,Comuna 1,office,29.73,16.22,35.14,18.92,0.0,37,1.1339,0.7568
20072607,SAN TELMO,Comuna 1,commercial,39.02,12.2,34.15,12.2,0.0,41,1.1391,0.7787
20072608,SAN TELMO,Comuna 1,commercial,36.49,12.16,39.19,6.76,5.41,74,1.1582,0.8101
20072609,SAN TELMO,Comuna 1,office,43.18,27.27,13.64,15.91,0.0,44,1.0602,0.6705
20072701,CONSTITUCION,Comuna 1,commercial,30.3,30.3,30.3,9.09,0.0,33,1.1227,0.8121
20072702,CONSTITUCION,Comuna 1,office,18.26,2.61,55.65,16.52,3.48,115,1.1852,0.8527
20072703,CONSTITUCION,Comuna 1,residential_multifamily,45.35,10.47,22.09,9.3,9.3,86,1.0645,0.6777
20072704,CONSTITUCION,Comuna 1,residential_multifamily,40.0,14.67,25.33,5.33,14.67,75,1.0746,0.7033
20072705,CONSTITUCION,Comuna 1,commercial,58.06,3.23,32.26,3.23,3.23,31,1.1694,0.7725
20072706,CONSTITUCION,Comuna 1,commercial,23.28,14.66,54.31,4.31,2.59,116,1.2134,0.9334
20072707,CONSTITUCION,Comuna 1,commercial,17.81,2.74,67.12,4.11,8.22,73,1.25,0.9561
20072708,CONSTITUCION,Comuna 1,commercial,18.03,0.0,65.57,13.11,1.64,61,1.2467,0.9267
20072709,CONSTITUCION,Comuna 1,commercial,38.89,0.0,61.11,0.0,0.0,18,1.2833,0.9667
20072710,CONSTITUCION,Comuna 1,commercial,40.0,2.0,42.0,10.0,6.0,50,1.171,0.783
20072801,CONSTITUCION,Comuna 1,office,29.57,8.7,13.04,28.7,4.35,115,0.9409,0.5278
20072802,CONSTITUCION,Comuna 1,residential_multifamily,44.12,11.76,11.76,14.71,17.65,34,1.0014,0.5558
20072803,CONSTITUCION,Comuna 1,residential_multifamily,46.48,16.9,8.45,5.63,22.54,71,0.9845,0.5746
20072804,CONSTITUCION,Comuna 1,office,41.1,4.11,19.18,34.25,1.37,73,1.0597,0.5486
20072805,CONSTITUCION,Comuna 1,office,31.4,6.98,16.28,38.37,3.49,86,1.0059,0.5061
20072806,CONSTITUCION,Comuna 1,commercial,47.76,5.97,34.33,7.46,4.48,67,1.1552,0.7657
20072807,CONSTITUCION,Comuna 1,commercial,20.51,3.85,46.15,10.26,0.0,78,1.0916,0.8912
20072808,CONSTITUCION,Comuna 1,office,15.38,0.0,65.38,15.38,0.0,26,1.2345,0.928
20072809,CONSTITUCION,Comuna 1,commercial,21.05,7.89,56.58,9.21,5.26,76,1.2111,0.8921
20072810,CONSTITUCION,Comuna 1,residential_multifamily,47.79,5.15,28.68,10.29,6.62,136,1.114,0.7086
20072811,CONSTITUCION,Comuna 1,residential_multifamily,36.36,9.09,22.73,9.09,18.18,44,1.0227,0.6429
20072812,CONSTITUCION,Comuna 1,office,56.25,6.25,9.38,18.75,3.12,32,1.0203,0.5634
20072813,CONSTITUCION,Comuna 1,residential_multifamily,54.67,9.33,9.33,14.67,9.33,75,1.0193,0.5678
20072901,CONSTITUCION,Comuna 1,residential_multifamily,54.74,16.84,14.74,5.26,7.37,95,1.0663,0.6756
20072902,CONSTITUCION,Comuna 1,residential_multifamily,47.06,8.24,16.47,9.41,18.82,85,1.0288,0.5971
20072903,CONSTITUCION,Comuna 1,residential_multifamily,50.0,22.22,5.56,5.56,13.89,36,0.9903,0.6057
20072904,CONSTITUCION,Comuna 1,residential_multifamily,57.89,26.32,3.95,0.0,11.84,76,1.0191,0.6421
20072905,CONSTITUCION,Comuna 1,residential_multifamily,45.71,18.57,15.71,5.71,14.29,70,1.0406,0.655
20072906,CONSTITUCION,Comuna 1,residential_multifamily,47.5,25.0,7.5,3.75,16.25,80,1.0025,0.6237
20072907,CONSTITUCION,Comuna 1,commercial,32.1,12.35,35.8,6.17,11.11,81,1.1086,0.7747
20072908,CONSTITUCION,Comuna 1,residential_multifamily,45.24,15.48,13.1,2.38,22.62,84,1.0013,0.6151
20072909,CONSTITUCION,Comuna 1,residential_multifamily,50.59,11.76,14.12,9.41,12.94,85,1.0359,0.6155
20073001,RETIRO,Comuna 1,residential_multifamily,40.0,40.0,10.0,5.0,5.0,0,1.035,0.715
20073002,RETIRO,Comuna 1,residential_multifamily,40.0,40.0,10.0,5.0,5.0,0,1.035,0.715
20073003,RETIRO,Comuna 1,residential_multifamily,40.0,40.0,10.0,5.0,5.0,0,1.035,0.715
20073004,RETIRO,Comuna 1,residential_multifamily,40.0,40.0,10.0,5.0,5.0,0,1.035,0.715
20073005,RETIRO,Comuna 1,residential_multifamily,40.0,40.0,10.0,5.0,5.0,0,1.035,0.715
20073006,RETIRO,Comuna 1,residential_multifamily,40.0,40.0,10.0,5.0,5.0,0,1.035,0.715
20073007,RETIRO,Comuna 1,residential_multifamily,40.0,40.0,10.0,5.0,5.0,0,1.035,0.715
20073008,RETIRO,Comuna 1,residential_multifamily,40.0,40.0,10.0,5.0,5.0,0,1.035,0.715
20073009,RETIRO,Comuna 1,residential_multifamily,40.0,40.0,10.0,5.0,5.0,0,1.035,0.715
20073010,RETIRO,Comuna 1,residential_multifamily,40.0,40.0,10.0,5.0,5.0,0,1.035,0.715
20073011,RETIRO,Comuna 1,residential_multifamily,36.11,31.94,25.0,4.17,2.78,72,1.1042,0.7979
20073012,RETIRO,Comuna 1,residential_multifamily,40.0,40.0,10.0,5.0,5.0,0,1.035,0.715
20073013,RETIRO,Comuna 1,residential_multifamily,40.0,40.0,10.0,5.0,5.0,0,1.035,0.715
20140101,RECOLETA,Comuna 2,industrial,4.17,0.0,0.0,37.5,45.83,24,0.725,0.1762
20140102,RECOLETA,Comuna 2,commercial,28.57,0.0,42.86,14.29,14.29,7,1.1287,0.7285
20140201,RECOLETA,Comuna 2,commercial,50.0,0.0,40.0,10.0,0.0,20,1.195,0.79
20140202,RECOLETA,Comuna 2,office,60.53,0.0,21.05,18.42,0.0,38,1.1171,0.6342
20140203,RECOLETA,Comuna 2,residential_multifamily,53.1,17.59,18.28,8.97,1.72,290,1.0963,0.7023
20140204,RECOLETA,Comuna 2,residential_multifamily,97.22,0.0,0.0,2.78,0.0,36,1.0931,0.5861
20140205,RECOLETA,Comuna 2,commercial,28.3,0.0,69.81,1.89,0.0,53,1.3047,1.0094
20140206,RECOLETA,Comuna 2,residential_multifamily,71.11,13.33,8.89,2.22,4.44,45,1.0811,0.6578
20140207,RECOLETA,Comuna 2,commercial,68.75,0.0,31.25,0.0,0.0,32,1.1938,0.7875
20140208,RECOLETA,Comuna 2,commercial,61.29,0.0,35.48,3.23,0.0,31,1.1984,0.7967
20140301,RECOLETA,Comuna 2,commercial,45.45,0.0,49.09,5.45,0.0,55,1.2336,0.8673
20140302,RECOLETA,Comuna 2,commercial,59.26,0.0,33.33,7.41,0.0,27,1.1815,0.7629
20140303,RECOLETA,Comuna 2,office,5.0,0.0,65.0,27.5,0.0,40,1.2112,0.859
20140304,RECOLETA,Comuna 2,commercial,32.43,0.0,59.46,8.11,0.0,37,1.2581,0.9162
20140305,RECOLETA,Comuna 2,commercial,43.62,1.06,51.06,4.26,0.0,94,1.2409,0.8877
20140306,RECOLETA,Comuna 2,commercial,45.45,2.27,38.64,13.64,0.0,44,1.1784,0.7693
20140307,RECOLETA,Comuna 2,commercial,62.5,0.0,35.0,0.0,0.0,40,1.19,0.8154
20140308,RECOLETA,Comuna 2,commercial,42.31,0.0,50.0,7.69,0.0,52,1.2308,0.8616
20140401,RECOLETA,Comuna 2,residential_multifamily,69.57,0.0,21.74,8.7,0.0,23,1.1436,0.6869
20140402,RECOLETA,Comuna 2,commercial,58.33,0.0,37.5,4.17,0.0,24,1.2021,0.8041
20140403,RECOLETA,Comuna 2,commercial,53.06,0.0,40.82,6.12,0.0,49,1.2072,0.8143
20140404,RECOLETA,Comuna 2,commercial,58.14,0.0,37.21,4.65,0.0,43,1.2,0.8
20140405,RECOLETA,Comuna 2,commercial,51.06,2.13,38.3,8.51,0.0,47,1.1904,0.7926
20140406,RECOLETA,Comuna 2,commercial,43.18,0.0,54.55,2.27,0.0,44,1.258,0.916
20140407,RECOLETA,Comuna 2,commercial,50.0,0.0,42.86,7.14,0.0,42,1.2107,0.8215
20140408,RECOLETA,Comuna 2,commercial,63.04,0.0,30.43,4.35,0.0,46,1.1673,0.7644
20140409,RECOLETA,Comuna 2,commercial,63.04,2.17,34.78,0.0,0.0,46,1.201,0.8141
20140410,RECOLETA,Comuna 2,residential_multifamily,67.74,0.0,25.81,6.45,0.0,31,1.1613,0.7226
20140501,RECOLETA,Comuna 2,office,50.98,0.0,23.53,25.49,0.0,51,1.1069,0.6137
20140502,RECOLETA,Comuna 2,commercial,58.7,2.17,39.13,0.0,0.0,46,1.2141,0.8402
20140503,RECOLETA,Comuna 2,commercial,50.0,0.0,45.65,4.35,0.0,46,1.2261,0.8521
20140504,RECOLETA,Comuna 2,commercial,43.9,0.0,41.46,9.76,4.88,41,1.178,0.7804
20140505,RECOLETA,Comuna 2,commercial,45.1,0.0,49.02,5.88,0.0,51,1.2324,0.8647
20140506,RECOLETA,Comuna 2,commercial,33.96,3.77,60.38,1.89,0.0,53,1.2708,0.9623
20140507,RECOLETA,Comuna 2,commercial,57.14,0.0,41.07,1.79,0.0,56,1.2187,0.8375
20140508,RECOLETA,Comuna 2,commercial,26.32,0.0,70.18,3.51,0.0,57,1.3019,1.0035
20140509,RECOLETA,Comuna 2,commercial,45.95,0.0,51.35,2.7,0.0,37,1.2473,0.8946
20140601,RECOLETA,Comuna 2,commercial,58.33,0.0,36.67,5.0,0.0,60,1.1975,0.795
20140602,RECOLETA,Comuna 2,commercial,45.35,0.0,47.67,6.98,0.0,86,1.2256,0.8511
20140603,RECOLETA,Comuna 2,commercial,27.59,1.72,65.52,5.17,0.0,58,1.2811,0.9716
20140604,RECOLETA,Comuna 2,commercial,37.65,0.0,58.82,3.53,0.0,85,1.2676,0.9353
20140605,RECOLETA,Comuna 2,commercial,34.62,1.28,57.69,6.41,0.0,78,1.2551,0.9173
20140606,RECOLETA,Comuna 2,commercial,25.33,0.0,69.33,5.33,0.0,75,1.2946,0.9894
20140607,RECOLETA,Comuna 2,commercial,34.48,1.72,50.0,13.79,0.0,58,1.2129,0.8354
20140608,RECOLETA,Comuna 2,commercial,36.36,3.9,49.35,7.79,1.3,77,1.2091,0.8651
20140609,RECOLETA,Comuna 2,office,23.29,0.0,52.05,23.29,0.0,73,1.1897,0.7986
20140610,RECOLETA,Comuna 2,office,27.78,0.0,54.17,18.06,0.0,72,1.2175,0.8347
20140701,RECOLETA,Comuna 2,commercial,48.21,1.79,46.43,3.57,0.0,56,1.2277,0.8652
20140702,RECOLETA,Comuna 2,commercial,50.0,0.0,40.0,10.0,0.0,60,1.195,0.79
20140703,RECOLETA,Comuna 2,commercial,46.3,1.85,42.59,7.41,1.85,54,1.1981,0.8157
20140704,RECOLETA,Comuna 2,commercial,40.91,0.0,56.82,2.27,0.0,44,1.2648,0.9296
20140705,RECOLETA,Comuna 2,commercial,22.58,1.61,70.97,4.84,0.0,62,1.2984,1.0056
20140706,RECOLETA,Comuna 2,commercial,30.65,0.0,69.35,0.0,0.0,62,1.308,1.0161
20140707,RECOLETA,Comuna 2,commercial,33.33,0.0,53.33,13.33,0.0,60,1.2266,0.8534
20140708,RECOLETA,Comuna 2,office,23.02,0.79,60.32,15.87,0.0,126,1.2401,0.8845
20140709,RECOLETA,Comuna 2,office,36.17,0.0,46.81,17.02,0.0,47,1.1979,0.7958
20140801,RECOLETA,Comuna 2,commercial,56.25,0.0,41.67,2.08,0.0,48,1.2198,0.8396
20140802,RECOLETA,Comuna 2,commercial,50.0,1.85,35.19,12.96,0.0,54,1.1704,0.751
20140803,RECOLETA,Comuna 2,residential_multifamily,66.67,0.0,25.64,7.69,0.0,39,1.1577,0.7154
20140804,RECOLETA,Comuna 2,residential_multifamily,76.32,0.0,13.16,10.53,0.0,38,1.1133,0.6263
20140805,RECOLETA,Comuna 2,commercial,56.45,0.0,33.87,9.68,0.0,62,1.1774,0.7548
20140806,RECOLETA,Comuna 2,commercial,53.33,2.22,35.56,8.89,0.0,45,1.1811,0.7745
20140807,RECOLETA,Comuna 2,commercial,51.47,0.0,45.59,2.94,0.0,68,1.2294,0.8588
20140808,RECOLETA,Comuna 2,commercial,56.67,0.0,38.33,5.0,0.0,60,1.2025,0.805
20140901,RECOLETA,Comuna 2,commercial,45.45,13.64,36.36,4.55,0.0,22,1.1772,0.8295
20140902,RECOLETA,Comuna 2,commercial,39.08,1.15,47.13,12.64,0.0,87,1.2081,0.8225
20140903,RECOLETA,Comuna 2,residential_multifamily,88.89,0.0,11.11,0.0,0.0,18,1.1333,0.6667
20140904,RECOLETA,Comuna 2,commercial,54.84,6.45,35.48,3.23,0.0,31,1.1887,0.8129
20140905,RECOLETA,Comuna 2,commercial,59.57,4.26,36.17,0.0,0.0,47,1.2021,0.8277
20140906,RECOLETA,Comuna 2,residential_multifamily,69.57,4.35,26.09,0.0,0.0,23,1.1719,0.7674
20140907,RECOLETA,Comuna 2,commercial,59.26,0.0,33.33,7.41,0.0,27,1.1815,0.7629
20140908,RECOLETA,Comuna 2,commercial,59.32,0.0,37.29,3.39,0.0,59,1.2034,0.8068
20140909,RECOLETA,Comuna 2,commercial,54.24,1.69,42.37,1.69,0.0,59,1.2203,0.85
20141001,RECOLETA,Comuna 2,commercial,61.7,2.13,36.17,0.0,0.0,47,1.2053,0.8223
20141002,RECOLETA,Comuna 2,commercial,50.0,4.55,43.18,2.27,0.0,44,1.217,0.8591
20141003,RECOLETA,Comuna 2,commercial,52.0,4.0,40.0,4.0,0.0,25,1.204,0.83
20141004,RECOLETA,Comuna 2,commercial,54.55,6.82,38.64,0.0,0.0,44,1.2058,0.8489
20141005,RECOLETA,Comuna 2,residential_multifamily,70.27,2.7,21.62,5.41,0.0,37,1.1473,0.7094
20141006,RECOLETA,Comuna 2,residential_multifamily,60.0,2.86,28.57,5.71,0.0,35,1.15,0.7544
20141007,RECOLETA,Comuna 2,commercial,42.03,0.0,56.52,1.45,0.0,69,1.2659,0.9319
20141008,RECOLETA,Comuna 2,commercial,51.85,0.0,40.74,7.41,0.0,27,1.2037,0.8074
20141009,RECOLETA,Comuna 2,commercial,66.67,0.0,33.33,0.0,0.0,27,1.2,0.8
20141101,RECOLETA,Comuna 2,commercial,67.92,0.0,32.08,0.0,0.0,53,1.1962,0.7925
20141102,RECOLETA,Comuna 2,commercial,59.62,1.92,34.62,3.85,0.0,52,1.1915,0.7933
20141103,RECOLETA,Comuna 2,commercial,62.9,4.84,32.26,0.0,0.0,62,1.1895,0.8057
20141104,RECOLETA,Comuna 2,commercial,50.0,3.7,46.3,0.0,0.0,54,1.2333,0.8871
20141105,RECOLETA,Comuna 2,residential_multifamily,40.54,35.14,16.22,8.11,0.0,37,1.0758,0.7446
20141106,RECOLETA,Comuna 2,commercial,62.11,4.21,32.63,1.05,0.0,95,1.189,0.8011
20141201,RECOLETA,Comuna 2,commercial,51.28,0.0,41.03,7.69,0.0,39,1.2039,0.8077
20141202,RECOLETA,Comuna 2,commercial,36.11,8.33,52.78,2.78,0.0,36,1.2389,0.9236
20141203,RECOLETA,Comuna 2,commercial,55.74,1.64,40.98,1.64,0.0,61,1.2164,0.8418
20141204,RECOLETA,Comuna 2,commercial,63.46,0.0,34.62,1.92,0.0,52,1.1991,0.7981
20141205,RECOLETA,Comuna 2,commercial,53.33,1.67,36.67,6.67,1.67,60,1.1834,0.7841
20141206,RECOLETA,Comuna 2,commercial,44.0,18.0,36.0,0.0,2.0,50,1.172,0.853
20141207,RECOLETA,Comuna 2,commercial,62.5,3.12,31.25,3.12,0.0,32,1.1812,0.7797
20141301,RECOLETA,Comuna 2,commercial,43.48,5.8,47.83,2.9,0.0,69,1.2276,0.887
20141302,RECOLETA,Comuna 2,commercial,48.94,10.64,31.91,8.51,0.0,47,1.1585,0.7755
20141303,RECOLETA,Comuna 2,residential_multifamily,58.54,2.44,29.27,9.76,0.0,41,1.1599,0.7329
20141304,RECOLETA,Comuna 2,residential_multifamily,60.32,1.59,28.57,9.52,0.0,63,1.1595,0.7278
20141305,RECOLETA,Comuna 2,residential_multifamily,67.8,1.69,28.81,1.69,0.0,59,1.1796,0.7687
20141306,RECOLETA,Comuna 2,commercial,41.77,2.53,50.63,5.06,0.0,79,1.2354,0.8848
20141307,RECOLETA,Comuna 2,commercial,47.54,0.0,49.18,3.28,0.0,61,1.2393,0.8787
20141401,RECOLETA,Comuna 2,commercial,44.05,4.76,46.43,4.76,0.0,84,1.2202,0.8667
20141402,RECOLETA,Comuna 2,commercial,48.98,2.04,34.69,14.29,0.0,49,1.1653,0.7418
20141403,RECOLETA,Comuna 2,commercial,51.11,0.0,37.78,11.11,0.0,45,1.1856,0.7711
20141404,RECOLETA,Comuna 2,commercial,44.83,1.72,53.45,0.0,0.0,58,1.2578,0.925
20141405,RECOLETA,Comuna 2,commercial,31.34,1.49,59.7,7.46,0.0,67,1.2582,0.9247
20141406,RECOLETA,Comuna 2,commercial,32.5,0.0,65.0,2.5,0.0,80,1.2888,0.9775
20141407,RECOLETA,Comuna 2,commercial,30.36,0.0,66.07,3.57,0.0,56,1.2893,0.9786
20141408,RECOLETA,Comuna 2,commercial,52.0,2.0,38.0,8.0,0.0,50,1.191,0.793
20141409,RECOLETA,Comuna 2,commercial,44.87,2.56,43.59,8.97,0.0,78,1.2044,0.8231
20141410,RECOLETA,Comuna 2,commercial,45.57,1.27,50.63,2.53,0.0,79,1.2437,0.8943
20141501,RECOLETA,Comuna 2,office,56.67,0.0,26.67,16.67,0.0,30,1.1384,0.6767
20141502,RECOLETA,Comuna 2,residential_multifamily,75.61,0.0,21.95,2.44,0.0,41,1.1598,0.7195
20141503,RECOLETA,Comuna 2,commercial,58.62,0.0,41.38,0.0,0.0,29,1.2241,0.8483
20141504,RECOLETA,Comuna 2,commercial,57.5,0.0,32.5,10.0,0.0,40,1.1725,0.745
20141505,RECOLETA,Comuna 2,commercial,48.84,2.33,41.86,6.98,0.0,43,1.2047,0.8221
20141506,RECOLETA,Comuna 2,commercial,44.07,1.69,45.76,8.47,0.0,59,1.2135,0.8365
20141507,RECOLETA,Comuna 2,commercial,31.03,0.0,67.24,1.72,0.0,58,1.2974,0.9949
20141508,RECOLETA,Comuna 2,commercial,24.14,0.0,75.86,0.0,0.0,29,1.3276,1.0552
20141601,RECOLETA,Comuna 2,commercial,42.86,0.0,51.02,6.12,0.0,49,1.2378,0.8755
20141602,RECOLETA,Comuna 2,commercial,49.18,1.64,45.9,3.28,0.0,61,1.227,0.8631
20141603,RECOLETA,Comuna 2,commercial,46.67,0.0,44.44,6.67,0.0,45,1.2033,0.8386
20141604,RECOLETA,Comuna 2,commercial,39.58,2.08,54.17,4.17,0.0,48,1.249,0.9094
20141605,RECOLETA,Comuna 2,commercial,32.76,1.72,65.52,0.0,0.0,58,1.294,0.9974
20141606,RECOLETA,Comuna 2,commercial,23.29,0.0,73.97,1.37,1.37,73,1.3123,1.0315
20141607,RECOLETA,Comuna 2,commercial,38.24,0.0,57.35,4.41,0.0,68,1.261,0.9221
20141608,RECOLETA,Comuna 2,commercial,32.73,0.0,61.82,5.45,0.0,55,1.2718,0.9437
20141701,RECOLETA,Comuna 2,commercial,42.59,0.0,50.0,7.41,0.0,54,1.2315,0.8629
20141702,RECOLETA,Comuna 2,commercial,38.27,0.0,54.32,7.41,0.0,81,1.2444,0.8889
20141703,RECOLETA,Comuna 2,office,26.98,0.0,55.56,15.87,0.0,63,1.2175,0.8581
20141704,RECOLETA,Comuna 2,office,25.0,0.0,59.09,15.91,0.0,44,1.2375,0.875
20141705,RECOLETA,Comuna 2,office,47.22,0.0,30.56,22.22,0.0,36,1.1361,0.6723
20141706,RECOLETA,Comuna 2,commercial,45.24,2.38,40.48,11.9,0.0,42,1.1881,0.7893
20141707,RECOLETA,Comuna 2,commercial,40.3,0.0,49.25,8.96,1.49,67,1.2186,0.8447
20141708,RECOLETA,Comuna 2,commercial,35.71,0.0,50.0,14.29,0.0,42,1.2143,0.8286
20141709,RECOLETA,Comuna 2,commercial,34.29,0.0,55.71,10.0,0.0,70,1.2421,0.8843
20141801,RECOLETA,Comuna 2,commercial,54.93,0.0,35.21,9.86,0.0,71,1.181,0.762
20141802,RECOLETA,Comuna 2,commercial,50.85,0.0,42.37,6.78,0.0,59,1.2102,0.8203
20141803,RECOLETA,Comuna 2,office,35.29,0.0,47.06,17.65,0.0,17,1.1971,0.7941
20141804,RECOLETA,Comuna 2,office,21.71,2.33,55.81,20.16,0.0,129,1.2136,0.8399
20141805,RECOLETA,Comuna 2,commercial,54.84,0.0,38.71,3.23,0.0,31,1.1887,0.8233
20141806,RECOLETA,Comuna 2,commercial,42.55,2.13,38.3,14.89,0.0,47,1.1617,0.7642
20141807,RECOLETA,Comuna 2,commercial,29.82,3.51,57.89,8.77,0.0,57,1.2464,0.9123
20141808,RECOLETA,Comuna 2,office,23.91,0.0,60.87,15.22,0.0,46,1.2446,0.8891
20141901,RECOLETA,Comuna 2,commercial,48.0,2.0,42.0,6.0,0.0,50,1.196,0.8316
20141902,RECOLETA,Comuna 2,commercial,42.86,7.14,50.0,0.0,0.0,42,1.2393,0.9178
20141903,RECOLETA,Comuna 2,commercial,46.81,0.0,48.94,4.26,0.0,47,1.2363,0.8723
20141904,RECOLETA,Comuna 2,commercial,46.88,3.12,45.31,4.69,0.0,64,1.2195,0.8562
20141905,RECOLETA,Comuna 2,commercial,43.75,0.0,41.67,12.5,2.08,48,1.1844,0.7792
20141906,RECOLETA,Comuna 2,residential_multifamily,70.97,6.45,22.58,0.0,0.0,31,1.1581,0.7516
20141907,RECOLETA,Comuna 2,commercial,50.98,0.0,47.06,1.96,0.0,51,1.2363,0.8726
20141908,RECOLETA,Comuna 2,commercial,40.3,1.49,55.22,2.99,0.0,67,1.2559,0.9201
20142001,RECOLETA,Comuna 2,commercial,53.57,1.79,32.14,8.93,3.57,56,1.1553,0.7384
20142002,RECOLETA,Comuna 2,commercial,49.15,5.08,33.9,11.86,0.0,59,1.1644,0.7568
20142003,RECOLETA,Comuna 2,residential_multifamily,51.79,7.14,28.57,10.71,1.79,56,1.1402,0.7286
20142004,RECOLETA,Comuna 2,commercial,50.0,0.0,50.0,0.0,0.0,2,1.25,0.9
20142005,RECOLETA,Comuna 2,commercial,41.67,0.0,50.0,8.33,0.0,24,1.2292,0.8583
20142006,RECOLETA,Comuna 2,commercial,51.02,6.12,36.73,6.12,0.0,49,1.1856,0.8051
20142007,RECOLETA,Comuna 2,commercial,57.78,2.22,37.78,2.22,0.0,45,1.2045,0.8211
20142008,RECOLETA,Comuna 2,commercial,50.0,8.33,33.33,5.56,2.78,36,1.1611,0.7819
20142009,RECOLETA,Comuna 2,commercial,41.86,2.33,51.16,4.65,0.0,43,1.2384,0.8895
20142101,RECOLETA,Comuna 2,residential_multifamily,70.27,0.0,21.62,8.11,0.0,37,1.1446,0.6892
20142102,RECOLETA,Comuna 2,commercial,53.57,0.0,44.64,1.79,0.0,56,1.2294,0.8589
20142103,RECOLETA,Comuna 2,commercial,48.0,2.0,44.0,6.0,0.0,50,1.214,0.839
20142104,RECOLETA,Comuna 2,residential_multifamily,72.5,7.5,12.5,7.5,0.0,40,1.1075,0.6562
20142105,RECOLETA,Comuna 2,commercial,39.29,5.36,51.79,3.57,0.0,56,1.2385,0.9063
20142106,RECOLETA,Comuna 2,commercial,47.54,1.64,44.26,6.56,0.0,61,1.2139,0.8369
20142201,RECOLETA,Comuna 2,commercial,38.46,1.54,58.46,1.54,0.0,65,1.2692,0.9469
20142202,RECOLETA,Comuna 2,commercial,46.0,2.0,48.0,4.0,0.0,50,1.231,0.873
20142203,RECOLETA,Comuna 2,commercial,53.33,0.0,46.67,0.0,0.0,30,1.24,0.88
20142204,RECOLETA,Comuna 2,commercial,57.69,1.92,34.62,5.77,0.0,52,1.1866,0.7837
20142205,RECOLETA,Comuna 2,commercial,49.23,0.0,49.23,1.54,0.0,65,1.2438,0.8877
20142206,RECOLETA,Comuna 2,commercial,30.77,0.0,66.15,3.08,0.0,65,1.2908,0.9815
20142301,RECOLETA,Comuna 2,commercial,45.45,0.0,45.45,9.09,0.0,33,1.2136,0.8273
20142302,RECOLETA,Comuna 2,commercial,58.33,4.17,37.5,0.0,0.0,48,1.2062,0.8354
20142303,RECOLETA,Comuna 2,residential_multifamily,69.57,0.0,28.26,2.17,0.0,46,1.1794,0.7587
20142304,RECOLETA,Comuna 2,commercial,58.7,2.17,34.78,4.35,0.0,46,1.1902,0.7924
20142305,RECOLETA,Comuna 2,commercial,58.82,0.0,38.24,2.94,0.0,34,1.2074,0.8147
20142306,RECOLETA,Comuna 2,residential_multifamily,66.67,0.0,29.63,3.7,0.0,27,1.1796,0.7593
20142307,RECOLETA,Comuna 2,commercial,33.33,2.78,61.11,2.78,0.0,36,1.2722,0.9597
20142308,RECOLETA,Comuna 2,commercial,31.82,0.0,68.18,0.0,0.0,44,1.3045,1.0091
20142309,RECOLETA,Comuna 2,commercial,43.9,0.0,53.66,2.44,0.0,41,1.2549,0.9098
20142401,RECOLETA,Comuna 2,residential_multifamily,73.33,4.44,20.0,2.22,0.0,45,1.1477,0.72
20142402,RECOLETA,Comuna 2,commercial,63.64,0.0,36.36,0.0,0.0,44,1.2091,0.8182
20142403,RECOLETA,Comuna 2,commercial,59.09,0.0,36.36,4.55,0.0,44,1.1977,0.7954
20142404,RECOLETA,Comuna 2,commercial,50.0,2.08,43.75,4.17,0.0,48,1.2177,0.8468
20142405,RECOLETA,Comuna 2,commercial,53.66,0.0,43.9,2.44,0.0,41,1.2256,0.8512
20142406,RECOLETA,Comuna 2,commercial,52.08,0.0,47.92,0.0,0.0,48,1.2438,0.8875
20142501,RECOLETA,Comuna 2,commercial,60.0,0.0,36.67,3.33,0.0,30,1.2017,0.8034
20142502,RECOLETA,Comuna 2,commercial,43.33,13.33,36.67,6.67,0.0,30,1.1733,0.82
20142503,RECOLETA,Comuna 2,commercial,33.33,10.0,43.33,10.0,3.33,60,1.1749,0.8217
20142504,RECOLETA,Comuna 2,commercial,62.79,0.0,37.21,0.0,0.0,43,1.2116,0.8233
20142505,RECOLETA,Comuna 2,commercial,43.4,3.77,50.94,1.89,0.0,53,1.2424,0.9056
20142506,RECOLETA,Comuna 2,residential_multifamily,38.24,16.18,29.41,13.24,2.94,68,1.1177,0.7389
20142507,RECOLETA,Comuna 2,commercial,48.53,8.82,38.24,4.41,0.0,68,1.1905,0.8294
20142508,RECOLETA,Comuna 2,residential_multifamily,89.47,5.26,5.26,0.0,0.0,19,1.1078,0.6447
20142509,RECOLETA,Comuna 2,commercial,61.54,3.85,34.62,0.0,0.0,26,1.1982,0.8173
20142510,RECOLETA,Comuna 2,commercial,48.89,2.22,42.22,2.22,0.0,45,1.1911,0.8593
20142511,RECOLETA,Comuna 2,commercial,35.85,1.89,52.83,9.43,0.0,53,1.2321,0.8746
20142512,RECOLETA,Comuna 2,residential_multifamily,75.0,0.0,16.67,0.0,8.33,12,1.1125,0.6667
20142513,RECOLETA,Comuna 2,commercial,37.78,4.44,46.67,6.67,4.44,45,1.1967,0.84
20210101,BALVANERA,Comuna 3,commercial,40.16,7.87,37.01,12.6,2.36,127,1.1571,0.7693
20210102,BALVANERA,Comuna 3,commercial,53.73,1.49,32.84,4.48,7.46,67,1.1515,0.7485
20210103,BALVANERA,Comuna 3,commercial,49.18,6.56,36.07,6.56,1.64,61,1.1747,0.7934
20210104,BALVANERA,Comuna 3,commercial,47.27,1.82,41.82,9.09,0.0,55,1.2,0.81
20210105,BALVANERA,Comuna 3,commercial,40.21,5.15,35.05,7.22,12.37,97,1.1237,0.7376
20210106,BALVANERA,Comuna 3,commercial,39.32,5.98,45.3,3.42,5.98,117,1.1915,0.8457
20210107,BALVANERA,Comuna 3,commercial,31.48,0.0,50.93,5.56,11.11,108,1.1834,0.8355
20210108,BALVANERA,Comuna 3,commercial,39.06,1.56,53.12,4.69,1.56,64,1.2382,0.893
20210109,BALVANERA,Comuna 3,commercial,35.48,0.81,56.45,5.65,1.61,124,1.2468,0.906
20210110,BALVANERA,Comuna 3,commercial,46.15,0.0,30.77,11.54,11.54,26,1.1115,0.6808
20210111,BALVANERA,Comuna 3,commercial,49.02,0.0,45.1,3.92,1.96,51,1.2167,0.8432
20210112,BALVANERA,Comuna 3,commercial,58.62,0.0,34.48,6.9,0.0,29,1.1862,0.7724
20210201,BALVANERA,Comuna 3,commercial,46.03,1.59,39.68,12.7,0.0,63,1.1849,0.7786
20210202,BALVANERA,Comuna 3,commercial,46.97,3.03,43.94,3.03,1.52,66,1.2038,0.8538
20210203,BALVANERA,Comuna 3,commercial,45.1,1.96,50.98,0.0,1.96,51,1.2412,0.9029
20210204,BALVANERA,Comuna 3,commercial,46.94,0.0,46.94,6.12,0.0,49,1.2255,0.851
20210205,BALVANERA,Comuna 3,commercial,39.29,1.79,58.04,0.89,0.0,112,1.2693,0.9482
20210206,BALVANERA,Comuna 3,commercial,34.52,2.38,54.76,4.76,2.38,84,1.2309,0.9048
20210207,BALVANERA,Comuna 3,commercial,32.26,0.81,57.26,8.87,0.81,124,1.2449,0.898
20210208,BALVANERA,Comuna 3,commercial,13.28,0.0,82.81,3.12,0.78,128,1.3371,1.0782
20210209,BALVANERA,Comuna 3,commercial,34.21,1.32,60.53,3.95,0.0,76,1.2698,0.9467
20210210,BALVANERA,Comuna 3,commercial,27.14,0.0,64.29,4.29,4.29,70,1.263,0.9471
20210211,BALVANERA,Comuna 3,commercial,53.33,2.22,37.78,2.22,4.44,45,1.1844,0.8034
20210212,BALVANERA,Comuna 3,commercial,32.76,0.0,60.34,5.17,1.72,58,1.2603,0.9293
20210301,BALVANERA,Comuna 3,commercial,33.33,1.52,53.03,9.09,3.03,66,1.2204,0.8644
20210302,BALVANERA,Comuna 3,commercial,53.85,0.0,46.15,0.0,0.0,39,1.2384,0.8769
20210303,BALVANERA,Comuna 3,office,35.71,2.38,45.24,16.67,0.0,42,1.1905,0.794
20210304,BALVANERA,Comuna 3,commercial,38.1,2.38,42.86,14.29,0.0,42,1.1751,0.7963
20210305,BALVANERA,Comuna 3,commercial,32.5,5.0,47.5,7.5,7.5,40,1.1825,0.83
20210306,BALVANERA,Comuna 3,commercial,41.27,0.0,52.38,4.76,1.59,63,1.2381,0.8841
20210307,BALVANERA,Comuna 3,commercial,38.6,0.0,56.14,5.26,0.0,57,1.2553,0.9105
20210308,BALVANERA,Comuna 3,commercial,14.97,0.0,77.84,4.79,2.4,167,1.3107,1.0335
20210309,BALVANERA,Comuna 3,commercial,17.81,0.0,73.97,2.74,5.48,73,1.2904,1.0082
20210310,BALVANERA,Comuna 3,commercial,7.45,0.0,85.11,5.32,2.13,188,1.3326,1.0755
20210311,BALVANERA,Comuna 3,commercial,8.06,0.0,87.1,3.23,1.61,124,1.346,1.1
20210401,BALVANERA,Comuna 3,commercial,37.74,1.89,52.83,3.77,3.77,53,1.2293,0.8878
20210402,BALVANERA,Comuna 3,commercial,23.29,0.0,58.9,10.96,6.85,73,1.2185,0.8712
20210403,BALVANERA,Comuna 3,commercial,31.25,3.75,53.75,3.75,7.5,80,1.2125,0.8831
20210404,BALVANERA,Comuna 3,commercial,15.54,1.35,69.59,4.73,8.78,148,1.2554,0.9622
20210405,BALVANERA,Comuna 3,commercial,12.65,0.0,75.3,5.42,6.63,166,1.2825,0.9982
20210406,BALVANERA,Comuna 3,commercial,13.95,0.0,74.42,11.63,0.0,43,1.2942,0.9884
20210407,BALVANERA,Comuna 3,commercial,11.63,0.0,83.72,4.65,0.0,43,1.3395,1.0791
20210408,BALVANERA,Comuna 3,commercial,9.33,0.0,83.94,4.15,2.59,193,1.3299,1.0725
20210501,BALVANERA,Comuna 3,commercial,31.43,1.43,52.86,12.86,1.43,70,1.218,0.8507
20210502,BALVANERA,Comuna 3,office,42.11,0.0,36.84,15.79,5.26,19,1.1474,0.721
20210503,BALVANERA,Comuna 3,commercial,41.03,1.28,51.28,5.13,1.28,78,1.2333,0.8801
20210504,BALVANERA,Comuna 3,office,32.08,0.0,49.06,16.98,1.89,53,1.1963,0.8019
20210505,BALVANERA,Comuna 3,office,43.59,7.69,30.77,17.95,0.0,39,1.1359,0.7141
20210506,BALVANERA,Comuna 3,office,34.62,3.85,35.9,24.36,0.0,78,1.1334,0.7046
20210507,BALVANERA,Comuna 3,office,33.33,1.75,42.11,22.81,0.0,57,1.1667,0.743
20210601,BALVANERA,Comuna 3,commercial,31.43,2.86,58.57,2.86,2.86,70,1.2429,0.9376
20210602,BALVANERA,Comuna 3,commercial,27.87,1.64,57.38,11.48,1.64,61,1.2337,0.8844
20210603,BALVANERA,Comuna 3,commercial,29.63,0.0,54.32,14.81,0.0,81,1.2185,0.855
20210604,BALVANERA,Comuna 3,commercial,27.27,0.0,58.18,14.55,0.0,55,1.2382,0.8763
20210605,BALVANERA,Comuna 3,commercial,33.9,3.39,52.54,10.17,0.0,59,1.2271,0.8729
20210606,BALVANERA,Comuna 3,office,30.43,0.0,50.72,18.84,0.0,69,1.205,0.8101
20210607,BALVANERA,Comuna 3,commercial,14.1,0.0,78.21,1.28,6.41,78,1.3026,1.0372
20210701,BALVANERA,Comuna 3,commercial,29.73,0.0,62.16,8.11,0.0,37,1.2662,0.9324
20210702,BALVANERA,Comuna 3,commercial,25.29,1.15,62.07,6.9,4.6,87,1.2466,0.9224
20210703,BALVANERA,Comuna 3,office,30.0,0.0,53.33,16.67,0.0,60,1.2183,0.8366
20210704,BALVANERA,Comuna 3,commercial,27.68,0.0,58.04,14.29,0.0,112,1.2385,0.8768
20210705,BALVANERA,Comuna 3,office,24.56,0.0,54.39,21.05,0.0,57,1.2105,0.8211
20210706,BALVANERA,Comuna 3,commercial,41.46,2.44,39.02,14.63,2.44,41,1.1658,0.7573
20210707,BALVANERA,Comuna 3,commercial,46.34,2.44,41.46,9.76,0.0,41,1.1963,0.8061
20210708,BALVANERA,Comuna 3,commercial,46.43,3.57,33.93,14.29,1.79,56,1.1528,0.7339
20210709,BALVANERA,Comuna 3,commercial,34.38,0.0,53.12,9.38,3.12,32,1.2219,0.8593
20210801,BALVANERA,Comuna 3,commercial,12.5,0.0,82.81,3.12,1.56,64,1.3336,1.0751
20210802,BALVANERA,Comuna 3,commercial,10.39,0.0,87.01,0.0,2.6,77,1.3493,1.1117
20210803,BALVANERA,Comuna 3,commercial,14.8,0.4,79.6,1.2,4.0,250,1.3172,1.0566
20210804,BALVANERA,Comuna 3,commercial,8.74,0.0,84.47,3.88,2.91,103,1.3306,1.0758
20210805,BALVANERA,Comuna 3,commercial,11.67,0.0,80.0,5.83,2.5,120,1.3142,1.0408
20210806,BALVANERA,Comuna 3,commercial,18.45,1.94,68.93,8.74,1.94,103,1.2733,0.967
20210807,BALVANERA,Comuna 3,commercial,10.0,0.0,78.33,11.67,0.0,60,1.3058,1.0116
20210808,BALVANERA,Comuna 3,commercial,22.47,0.0,71.91,3.37,2.25,89,1.2972,1.0056
20210809,BALVANERA,Comuna 3,commercial,11.22,0.0,82.65,3.06,3.06,98,1.3265,1.0684
20210810,BALVANERA,Comuna 3,commercial,9.18,0.0,87.76,0.0,2.04,98,1.348,1.1237
20210901,BALVANERA,Comuna 3,residential_multifamily,45.9,6.56,21.31,6.56,19.67,61,1.0492,0.6328
20210902,BALVANERA,Comuna 3,office,33.93,3.57,35.71,17.86,8.93,56,1.1169,0.6982
20210903,BALVANERA,Comuna 3,commercial,37.14,1.43,50.0,7.14,4.29,70,1.2107,0.8507
20210904,BALVANERA,Comuna 3,commercial,23.21,0.0,64.29,8.93,3.57,56,1.2545,0.9268
20210905,BALVANERA,Comuna 3,commercial,15.94,0.0,75.36,4.35,4.35,69,1.2956,1.013
20210906,BALVANERA,Comuna 3,commercial,8.57,0.0,79.05,7.62,4.76,105,1.2967,1.0172
20210907,BALVANERA,Comuna 3,office,45.45,2.27,18.18,20.45,11.36,44,1.0352,0.5663
20210908,BALVANERA,Comuna 3,office,50.63,1.27,22.78,15.19,8.86,79,1.081,0.6288
20210909,BALVANERA,Comuna 3,office,38.0,0.0,46.0,16.0,0.0,50,1.198,0.796
20210910,BALVANERA,Comuna 3,commercial,20.13,1.34,67.11,8.72,2.68,149,1.2653,0.9518
20211001,BALVANERA,Comuna 3,commercial,9.36,0.99,88.18,1.48,0.0,203,1.3595,1.1241
20211002,BALVANERA,Comuna 3,commercial,18.28,1.08,76.34,3.23,1.08,93,1.3146,1.0402
20211003,BALVANERA,Comuna 3,commercial,7.94,0.0,84.13,6.35,1.59,63,1.3295,1.0666
20211004,BALVANERA,Comuna 3,commercial,20.47,0.79,73.23,4.72,0.79,127,1.3032,1.0146
20211005,BALVANERA,Comuna 3,commercial,20.45,0.0,77.27,2.27,0.0,88,1.3261,1.0523
20211006,BALVANERA,Comuna 3,commercial,31.43,0.0,60.0,8.57,0.0,35,1.2586,0.9171
20211007,BALVANERA,Comuna 3,commercial,25.32,2.53,68.35,3.8,0.0,79,1.2918,0.9974
20211008,BALVANERA,Comuna 3,commercial,12.82,0.0,83.33,2.56,1.28,78,1.3378,1.0821
20211009,BALVANERA,Comuna 3,commercial,15.79,5.26,73.68,5.26,0.0,19,1.2999,1.029
20211101,BALVANERA,Comuna 3,commercial,33.33,0.0,41.67,13.89,11.11,36,1.1403,0.7361
20211102,BALVANERA,Comuna 3,commercial,42.22,0.0,46.67,11.11,0.0,45,1.2122,0.8245
20211103,BALVANERA,Comuna 3,office,40.0,0.0,40.0,18.0,2.0,50,1.166,0.742
20211104,BALVANERA,Comuna 3,office,20.34,1.69,59.32,18.64,0.0,118,1.2288,0.867
20211105,BALVANERA,Comuna 3,commercial,40.0,0.0,46.0,14.0,0.0,50,1.203,0.806
20211106,BALVANERA,Comuna 3,commercial,32.76,1.72,62.07,3.45,0.0,58,1.275,0.9595
20211107,BALVANERA,Comuna 3,commercial,26.32,1.75,68.42,3.51,0.0,57,1.2939,0.9973
20211108,BALVANERA,Comuna 3,commercial,21.05,2.63,73.68,2.63,0.0,38,1.3105,1.0355
20211201,BALVANERA,Comuna 3,commercial,26.0,0.0,66.0,8.0,0.0,50,1.278,0.956
20211202,BALVANERA,Comuna 3,commercial,29.73,0.0,59.46,8.11,2.7,37,1.246,0.9054
20211203,BALVANERA,Comuna 3,commercial,27.08,4.17,54.17,10.42,2.08,48,1.2084,0.8809
20211204,BALVANERA,Comuna 3,office,30.95,4.76,47.62,16.67,0.0,42,1.194,0.8143
20211205,BALVANERA,Comuna 3,commercial,45.0,2.5,45.0,7.5,0.0,40,1.2125,0.8387
20211206,BALVANERA,Comuna 3,office,25.81,0.0,53.23,16.13,3.23,62,1.1952,0.8295
20211207,BALVANERA,Comuna 3,commercial,42.86,0.0,38.78,14.29,4.08,49,1.1624,0.7449
20211208,BALVANERA,Comuna 3,commercial,38.3,2.13,51.06,8.51,0.0,47,1.2287,0.8691
20211209,BALVANERA,Comuna 3,office,41.82,1.82,36.36,20.0,0.0,55,1.1563,0.7227
20211210,BALVANERA,Comuna 3,commercial,33.33,3.03,53.03,4.55,6.06,66,1.2159,0.8788
20211301,BALVANERA,Comuna 3,commercial,28.3,7.55,64.15,0.0,0.0,53,1.2811,1.0038
20211302,BALVANERA,Comuna 3,commercial,25.71,4.76,60.0,5.71,3.81,105,1.2414,0.9281
20211303,BALVANERA,Comuna 3,commercial,48.94,2.13,38.3,10.64,0.0,47,1.1852,0.7819
20211304,BALVANERA,Comuna 3,commercial,34.78,2.17,50.0,8.7,4.35,46,1.2054,0.8445
20211305,BALVANERA,Comuna 3,commercial,44.44,1.85,38.89,9.26,3.7,54,1.1629,0.7802
20211306,BALVANERA,Comuna 3,commercial,45.0,1.67,41.67,11.67,0.0,60,1.1934,0.7958
20211307,BALVANERA,Comuna 3,commercial,29.73,1.35,63.51,5.41,0.0,74,1.275,0.9574
20211308,BALVANERA,Comuna 3,commercial,16.13,4.84,70.97,8.06,0.0,62,1.2855,0.9976
20211309,BALVANERA,Comuna 3,commercial,33.8,2.82,56.34,5.63,1.41,71,1.2444,0.9113
20211310,BALVANERA,Comuna 3,commercial,38.96,1.3,54.55,3.9,0.0,77,1.2442,0.9151
20211311,BALVANERA,Comuna 3,commercial,29.73,2.7,60.81,6.76,0.0,74,1.2615,0.9378
20211401,BALVANERA,Comuna 3,office,37.33,0.0,44.0,16.0,2.67,75,1.18,0.7733
20211402,BALVANERA,Comuna 3,commercial,56.76,2.7,32.43,5.41,2.7,37,1.1676,0.7635
20211403,BALVANERA,Comuna 3,residential_multifamily,62.5,0.0,25.0,6.25,6.25,16,1.1313,0.6937
20211404,BALVANERA,Comuna 3,commercial,46.46,7.07,31.31,12.12,3.03,99,1.1393,0.7328
20211405,BALVANERA,Comuna 3,commercial,38.46,10.77,38.46,9.23,3.08,65,1.1623,0.7992
20211406,BALVANERA,Comuna 3,commercial,43.66,2.82,49.3,4.23,0.0,71,1.2332,0.8817
20211407,BALVANERA,Comuna 3,commercial,41.67,0.0,53.33,5.0,0.0,60,1.2475,0.895
20211408,BALVANERA,Comuna 3,commercial,49.09,1.82,47.27,0.0,1.82,55,1.2309,0.8809
20211409,BALVANERA,Comuna 3,commercial,38.64,2.27,51.14,7.95,0.0,88,1.2301,0.8728
20211501,BALVANERA,Comuna 3,office,12.5,0.0,68.75,18.75,0.0,16,1.2594,0.9187
20211502,BALVANERA,Comuna 3,commercial,41.94,0.0,35.48,12.9,9.68,31,1.1306,0.7097
20211503,BALVANERA,Comuna 3,office,20.51,0.0,58.97,15.38,5.13,39,1.2153,0.8564
20211504,BALVANERA,Comuna 3,office,23.26,0.0,52.33,16.28,8.14,86,1.1798,0.8
20211505,BALVANERA,Comuna 3,commercial,36.08,8.25,35.05,14.43,4.12,97,1.1257,0.7453
20211506,BALVANERA,Comuna 3,commercial,35.71,7.14,44.64,8.93,1.79,56,1.1821,0.8381
20211507,BALVANERA,Comuna 3,commercial,43.33,11.67,36.67,5.0,1.67,60,1.1625,0.8212
20211508,BALVANERA,Comuna 3,commercial,30.77,5.13,46.15,7.69,7.69,39,1.1615,0.8263
20211509,BALVANERA,Comuna 3,commercial,27.91,0.0,62.79,9.3,0.0,43,1.2651,0.9302
20211601,BALVANERA,Comuna 3,commercial,47.41,5.17,37.07,6.03,4.31,116,1.1689,0.788
20211602,BALVANERA,Comuna 3,commercial,34.88,0.0,62.79,2.33,0.0,43,1.2825,0.9651
20211603,BALVANERA,Comuna 3,commercial,28.0,0.0,64.0,8.0,0.0,25,1.272,0.944
20211604,BALVANERA,Comuna 3,office,23.68,2.63,55.26,18.42,0.0,38,1.2157,0.8461
20211605,BALVANERA,Comuna 3,office,31.25,2.08,43.75,18.75,4.17,48,1.1625,0.7573
20211606,BALVANERA,Comuna 3,commercial,38.89,8.33,38.89,8.33,5.56,36,1.1583,0.7903
20211607,BALVANERA,Comuna 3,residential_multifamily,46.67,2.67,29.33,14.67,6.67,75,1.1174,0.6826
20211608,BALVANERA,Comuna 3,office,47.89,11.27,22.54,18.31,0.0,71,1.105,0.6719
20211609,BALVANERA,Comuna 3,commercial,39.81,1.94,42.72,7.77,7.77,103,1.171,0.7912
20211701,BALVANERA,Comuna 3,residential_multifamily,52.83,11.32,16.98,9.43,9.43,53,1.0679,0.6453
20211702,BALVANERA,Comuna 3,commercial,38.96,3.9,46.75,6.49,3.9,77,1.2006,0.8422
20211703,BALVANERA,Comuna 3,office,22.22,16.67,27.78,27.78,0.0,18,1.0556,0.6735
20211704,BALVANERA,Comuna 3,office,44.44,15.56,13.33,17.78,8.89,45,1.0322,0.5944
20211705,BALVANERA,Comuna 3,commercial,35.92,14.08,33.1,8.45,7.75,142,1.118,0.7617
20211706,BALVANERA,Comuna 3,residential_multifamily,45.45,15.15,12.12,6.06,21.21,66,1.003,0.5955
20211707,BALVANERA,Comuna 3,commercial,33.64,14.02,31.78,5.61,14.95,107,1.093,0.7379
20211708,BALVANERA,Comuna 3,commercial,45.14,10.42,34.72,4.17,5.56,144,1.1532,0.7913
20211709,BALVANERA,Comuna 3,commercial,53.85,4.62,30.77,6.15,3.08,65,1.147,0.7555
20211801,BALVANERA,Comuna 3,residential_multifamily,50.79,11.11,26.98,7.94,3.17,63,1.1301,0.7373
20211802,BALVANERA,Comuna 3,residential_multifamily,53.19,10.64,25.53,2.13,8.51,47,1.117,0.7351
20211803,BALVANERA,Comuna 3,commercial,43.18,2.27,43.18,9.09,2.27,44,1.1931,0.8102
20211804,BALVANERA,Comuna 3,commercial,50.0,2.86,32.86,11.43,2.86,70,1.153,0.7357
20211805,BALVANERA,Comuna 3,commercial,51.11,11.11,33.33,4.44,0.0,45,1.1722,0.8056
20211806,BALVANERA,Comuna 3,commercial,51.79,7.14,30.36,7.14,0.0,56,1.1411,0.7704
20211807,BALVANERA,Comuna 3,commercial,38.03,15.49,36.62,8.45,1.41,71,1.1592,0.8106
20211808,BALVANERA,Comuna 3,residential_multifamily,39.13,21.74,26.09,13.04,0.0,23,1.1131,0.7457
20211809,BALVANERA,Comuna 3,commercial,39.58,8.33,50.0,2.08,0.0,48,1.2322,0.9105
20211810,BALVANERA,Comuna 3,residential_multifamily,54.22,14.46,16.87,12.05,2.41,83,1.0881,0.6675
20211811,BALVANERA,Comuna 3,residential_multifamily,51.43,14.29,28.57,5.71,0.0,35,1.15,0.7786
20211901,BALVANERA,Comuna 3,commercial,32.69,19.23,36.54,7.69,3.85,52,1.1442,0.8135
20211902,BALVANERA,Comuna 3,residential_multifamily,45.95,8.11,29.73,13.51,2.7,37,1.1311,0.7203
20211903,BALVANERA,Comuna 3,residential_multifamily,51.81,9.64,25.3,4.82,8.43,83,1.1115,0.7181
20211904,BALVANERA,Comuna 3,residential_multifamily,56.67,10.0,26.67,6.67,0.0,30,1.1484,0.7517
20211905,BALVANERA,Comuna 3,residential_multifamily,41.43,20.0,28.57,8.57,1.43,70,1.1279,0.7728
20211906,BALVANERA,Comuna 3,residential_multifamily,55.88,13.24,25.0,4.41,0.0,68,1.1353,0.7635
20211907,BALVANERA,Comuna 3,residential_multifamily,56.76,9.01,19.82,3.6,10.81,111,1.0883,0.6802
20211908,BALVANERA,Comuna 3,commercial,40.0,4.44,48.89,2.22,4.44,45,1.2144,0.8756
20211909,BALVANERA,Comuna 3,commercial,36.36,7.58,48.48,6.06,1.52,66,1.2121,0.8735
20211910,BALVANERA,Comuna 3,commercial,48.78,2.44,46.34,2.44,0.0,41,1.2293,0.8719
20212001,BALVANERA,Comuna 3,residential_multifamily,51.85,9.26,24.07,11.11,1.85,54,1.1111,0.7066
20212002,BALVANERA,Comuna 3,office,41.46,4.88,24.39,26.83,0.0,41,1.0841,0.625
20212003,BALVANERA,Comuna 3,commercial,42.59,9.26,42.59,3.7,0.0,54,1.1935,0.8651
20212004,BALVANERA,Comuna 3,commercial,33.93,1.79,57.14,7.14,0.0,56,1.2509,0.9116
20212005,BALVANERA,Comuna 3,residential_multifamily,52.5,12.5,30.0,2.5,0.0,40,1.15,0.8038
20212006,BALVANERA,Comuna 3,residential_multifamily,56.52,8.7,28.26,4.35,2.17,46,1.1511,0.7609
20212007,BALVANERA,Comuna 3,residential_multifamily,49.46,10.75,29.03,8.6,1.08,93,1.1381,0.7554
20212008,BALVANERA,Comuna 3,commercial,34.72,4.17,56.94,2.78,0.0,72,1.2493,0.9429
20212009,BALVANERA,Comuna 3,commercial,29.63,4.94,58.02,4.94,2.47,81,1.2432,0.9259
20212010,BALVANERA,Comuna 3,commercial,37.1,8.06,53.23,0.0,1.61,62,1.2404,0.9331
20212011,BALVANERA,Comuna 3,commercial,41.94,3.23,43.55,11.29,0.0,62,1.1977,0.8129
20212101,SAN CRISTOBAL,Comuna 3,commercial,39.18,19.59,34.02,6.19,1.03,97,1.1527,0.818
20212102,SAN CRISTOBAL,Comuna 3,commercial,45.71,16.19,30.48,4.76,1.9,105,1.1409,0.7938
20212103,SAN CRISTOBAL,Comuna 3,commercial,35.29,1.47,57.35,4.41,0.0,68,1.2499,0.9306
20212104,SAN CRISTOBAL,Comuna 3,commercial,32.0,0.0,56.0,8.0,4.0,50,1.23,0.88
20212105,SAN CRISTOBAL,Comuna 3,commercial,30.0,0.0,66.67,1.67,0.0,60,1.2859,0.9983
20212106,SAN CRISTOBAL,Comuna 3,commercial,39.06,6.25,51.56,3.12,0.0,64,1.2374,0.9094
20212107,SAN CRISTOBAL,Comuna 3,mixed,28.26,0.0,21.74,10.87,2.17,46,0.9065,0.7069
20212108,SAN CRISTOBAL,Comuna 3,commercial,47.37,10.53,36.84,3.51,0.0,57,1.1755,0.8339
20212109,SAN CRISTOBAL,Comuna 3,residential_multifamily,100.0,0.0,0.0,0.0,0.0,1,1.1,0.6
20212110,SAN CRISTOBAL,Comuna 3,commercial,31.71,14.63,45.12,4.88,3.66,82,1.1847,0.8683
20212201,SAN CRISTOBAL,Comuna 3,residential_multifamily,50.62,13.58,25.93,7.41,2.47,81,1.1279,0.7426
20212202,SAN CRISTOBAL,Comuna 3,residential_multifamily,61.36,9.09,22.73,2.27,4.55,44,1.1284,0.7296
20212203,SAN CRISTOBAL,Comuna 3,residential_multifamily,67.5,10.0,15.0,7.5,0.0,40,1.1113,0.6775
20212204,SAN CRISTOBAL,Comuna 3,residential_multifamily,59.09,4.55,27.27,0.0,9.09,22,1.1341,0.7386
20212205,SAN CRISTOBAL,Comuna 3,residential_multifamily,47.66,10.28,27.1,8.41,6.54,107,1.1154,0.7201
20212206,SAN CRISTOBAL,Comuna 3,commercial,38.46,5.77,46.15,7.69,0.0,52,1.199,0.8579
20212207,SAN CRISTOBAL,Comuna 3,residential_multifamily,42.25,5.63,19.72,14.08,4.23,71,1.0119,0.6525
20212208,SAN CRISTOBAL,Comuna 3,residential_multifamily,45.31,12.5,22.66,12.5,7.03,128,1.0863,0.6766
20212209,SAN CRISTOBAL,Comuna 3,residential_multifamily,50.0,28.38,16.22,1.35,4.05,74,1.0845,0.7453
20212301,SAN CRISTOBAL,Comuna 3,residential_multifamily,55.7,18.99,18.99,2.53,3.8,79,1.1052,0.7336
20212302,SAN CRISTOBAL,Comuna 3,residential_multifamily,57.89,26.32,2.63,7.89,5.26,38,1.025,0.6211
20212303,SAN CRISTOBAL,Comuna 3,residential_multifamily,50.57,20.69,13.79,11.49,3.45,87,1.066,0.6632
20212304,SAN CRISTOBAL,Comuna 3,residential_multifamily,53.49,13.95,18.6,6.98,6.98,43,1.086,0.6837
20212305,SAN CRISTOBAL,Comuna 3,commercial,32.73,16.36,45.45,5.45,0.0,55,1.1981,0.8864
20212306,SAN CRISTOBAL,Comuna 3,commercial,45.28,9.43,37.74,5.66,0.0,53,1.1736,0.826
20212307,SAN CRISTOBAL,Comuna 3,residential_multifamily,50.0,15.79,23.68,5.26,2.63,38,1.1065,0.7487
20212308,SAN CRISTOBAL,Comuna 3,residential_multifamily,46.28,23.14,16.53,8.26,4.13,121,1.0657,0.7009
20212309,SAN CRISTOBAL,Comuna 3,residential_multifamily,46.88,15.62,27.08,1.04,8.33,96,1.1114,0.7647
20212310,SAN CRISTOBAL,Comuna 3,residential_multifamily,45.36,27.84,16.49,2.06,8.25,97,1.0654,0.7252
20212401,SAN CRISTOBAL,Comuna 3,residential_multifamily,71.88,9.38,12.5,0.0,6.25,32,1.0954,0.6734
20212402,SAN CRISTOBAL,Comuna 3,residential_multifamily,40.15,25.55,20.44,5.84,8.03,137,1.0724,0.7252
20212403,SAN CRISTOBAL,Comuna 3,residential_multifamily,56.06,21.21,16.67,1.52,4.55,66,1.094,0.7272
20212404,SAN CRISTOBAL,Comuna 3,residential_multifamily,60.49,18.52,18.52,2.47,0.0,81,1.1216,0.7451
20212405,SAN CRISTOBAL,Comuna 3,residential_multifamily,62.5,22.73,12.5,0.0,2.27,88,1.0932,0.7227
20212406,SAN CRISTOBAL,Comuna 3,residential_multifamily,48.24,10.59,21.18,9.41,9.41,85,1.0748,0.6697
20212407,SAN CRISTOBAL,Comuna 3,commercial,44.12,1.47,48.53,2.94,2.94,68,1.2228,0.8684
20212408,SAN CRISTOBAL,Comuna 3,commercial,52.11,2.82,40.85,2.82,1.41,71,1.205,0.8324
20212409,SAN CRISTOBAL,Comuna 3,commercial,47.22,9.72,33.33,4.17,2.78,72,1.1458,0.7978
20212501,SAN CRISTOBAL,Comuna 3,office,40.0,28.0,16.0,16.0,0.0,25,1.066,0.686
20212502,SAN CRISTOBAL,Comuna 3,residential_multifamily,41.57,19.1,22.47,6.74,10.11,89,1.0764,0.7084
20212503,SAN CRISTOBAL,Comuna 3,residential_multifamily,41.77,22.78,17.72,8.86,7.59,79,1.055,0.6898
20212504,SAN CRISTOBAL,Comuna 3,residential_multifamily,47.83,16.3,17.39,8.7,7.61,92,1.0587,0.6727
20212505,SAN CRISTOBAL,Comuna 3,office,42.65,7.35,30.88,17.65,1.47,68,1.1309,0.7095
20212506,SAN CRISTOBAL,Comuna 3,residential_multifamily,58.82,12.94,18.82,9.41,0.0,85,1.1135,0.6982
20212507,SAN CRISTOBAL,Comuna 3,commercial,39.06,7.81,45.31,4.69,3.12,64,1.1984,0.8555
20212508,SAN CRISTOBAL,Comuna 3,commercial,46.81,10.64,38.3,4.26,0.0,47,1.1884,0.8351
20212509,SAN CRISTOBAL,Comuna 3,commercial,33.78,4.05,55.41,5.41,1.35,74,1.2406,0.9101
20212510,SAN CRISTOBAL,Comuna 3,residential_multifamily,44.83,10.34,24.14,10.34,10.34,29,1.0845,0.6776
20212601,SAN CRISTOBAL,Comuna 3,commercial,47.83,3.26,40.22,5.43,3.26,92,1.1875,0.8093
20212602,SAN CRISTOBAL,Comuna 3,residential_multifamily,38.89,20.63,28.57,7.14,3.97,126,1.1142,0.7728
20212603,SAN CRISTOBAL,Comuna 3,residential_multifamily,45.83,31.25,8.33,10.42,4.17,48,1.0333,0.6593
20212604,SAN CRISTOBAL,Comuna 3,residential_multifamily,61.25,20.0,12.5,3.75,2.5,80,1.0869,0.6963
20212605,SAN CRISTOBAL,Comuna 3,commercial,40.28,8.33,44.44,1.39,5.56,72,1.1923,0.8583
20212606,SAN CRISTOBAL,Comuna 3,office,37.84,26.13,5.41,21.62,2.7,111,0.973,0.5775
20212607,SAN CRISTOBAL,Comuna 3,residential_multifamily,48.25,32.17,15.38,1.4,2.8,143,1.0818,0.7545
20212608,SAN CRISTOBAL,Comuna 3,residential_multifamily,63.04,21.74,6.52,2.17,5.43,92,1.0505,0.6616
20212609,SAN CRISTOBAL,Comuna 3,residential_multifamily,50.0,21.7,16.98,3.77,7.55,106,1.075,0.7071
20212701,SAN CRISTOBAL,Comuna 3,residential_multifamily,52.17,15.22,10.87,13.04,4.35,46,1.0315,0.6216
20212702,SAN CRISTOBAL,Comuna 3,commercial,38.26,11.3,30.43,8.7,11.3,115,1.1017,0.7221
20212703,SAN CRISTOBAL,Comuna 3,residential_multifamily,43.85,9.23,23.08,10.0,13.08,130,1.067,0.6597
20212704,SAN CRISTOBAL,Comuna 3,commercial,29.86,10.42,40.97,5.21,12.85,288,1.1323,0.7958
20212705,SAN CRISTOBAL,Comuna 3,residential_multifamily,48.39,18.28,4.3,4.3,9.68,93,0.9409,0.6133
20212706,SAN CRISTOBAL,Comuna 3,residential_multifamily,45.54,24.75,16.83,1.98,9.9,101,1.0579,0.7145
20212707,SAN CRISTOBAL,Comuna 3,commercial,33.75,17.5,31.25,6.88,8.12,160,1.0988,0.7686
20280101,NUEVA POMPEYA,Comuna 4,residential_multifamily,38.06,37.25,14.17,2.83,6.88,247,1.0437,0.7376
20280102,NUEVA POMPEYA,Comuna 4,residential_singlefamily,21.12,60.87,4.97,9.32,3.73,161,0.9836,0.7205
20280103,NUEVA POMPEYA,Comuna 4,residential_singlefamily,18.97,50.77,4.62,1.54,22.56,195,0.9231,0.6576
20280104,NUEVA POMPEYA,Comuna 4,industrial,17.65,41.18,5.88,0.74,34.56,136,0.8986,0.5963
20280105,NUEVA POMPEYA,Comuna 4,industrial,16.22,32.43,13.51,5.41,32.43,37,0.9324,0.6054
20280106,NUEVA POMPEYA,Comuna 4,industrial,24.24,18.18,18.18,3.03,33.33,33,0.9515,0.6062
20280107,NUEVA POMPEYA,Comuna 4,residential_singlefamily,11.17,57.54,8.38,2.79,20.11,179,0.9413,0.6997
20280108,NUEVA POMPEYA,Comuna 4,industrial,13.82,41.45,6.55,1.82,35.64,275,0.8882,0.5912
20280109,NUEVA POMPEYA,Comuna 4,residential_singlefamily,24.56,46.78,5.26,1.75,21.64,171,0.9438,0.6532
20280110,NUEVA POMPEYA,Comuna 4,industrial,26.72,39.69,3.82,2.29,27.48,131,0.9225,0.6008
20280111,NUEVA POMPEYA,Comuna 4,industrial,27.81,32.54,5.33,1.18,31.95,169,0.9133,0.5794
20280112,NUEVA POMPEYA,Comuna 4,industrial,11.56,54.67,7.56,0.44,25.78,225,0.9237,0.6767
20280113,NUEVA POMPEYA,Comuna 4,residential_singlefamily,16.67,56.06,3.79,0.76,21.21,132,0.9209,0.6754
20280114,NUEVA POMPEYA,Comuna 4,industrial,11.37,29.41,7.84,3.14,46.67,255,0.8521,0.5169
20280201,NUEVA POMPEYA,Comuna 4,residential_singlefamily,27.6,34.9,16.67,3.65,16.67,192,1.0105,0.7029
20280202,NUEVA POMPEYA,Comuna 4,residential_multifamily,47.4,35.71,7.14,3.25,6.49,154,1.0305,0.6899
20280203,NUEVA POMPEYA,Comuna 4,commercial,17.89,9.35,65.04,4.07,3.66,246,1.2546,0.9786
20280204,NUEVA POMPEYA,Comuna 4,commercial,28.7,25.65,38.7,1.74,4.78,230,1.1492,0.8697
20280205,NUEVA POMPEYA,Comuna 4,residential_singlefamily,37.22,42.22,7.22,2.22,11.11,180,1.0027,0.6933
20280206,NUEVA POMPEYA,Comuna 4,residential_multifamily,33.61,25.21,28.57,3.36,8.4,119,1.0966,0.7856
20280207,NUEVA POMPEYA,Comuna 4,residential_multifamily,31.58,31.1,15.79,3.35,17.22,209,1.0091,0.6877
20280208,NUEVA POMPEYA,Comuna 4,residential_singlefamily,29.49,35.9,9.62,4.49,19.23,156,0.9696,0.6487
20280209,NUEVA POMPEYA,Comuna 4,residential_multifamily,35.32,32.34,9.36,2.13,20.85,235,0.9804,0.643
20280210,NUEVA POMPEYA,Comuna 4,residential_singlefamily,32.55,39.93,6.71,0.67,19.8,298,0.9674,0.6577
20280301,NUEVA POMPEYA,Comuna 4,residential_singlefamily,36.42,42.2,15.61,1.73,4.05,173,1.0611,0.7743
20280302,NUEVA POMPEYA,Comuna 4,commercial,25.76,31.06,30.81,1.26,10.86,396,1.0923,0.8133
20280303,NUEVA POMPEYA,Comuna 4,residential_singlefamily,31.93,55.46,9.24,0.0,3.36,119,1.0293,0.7807
20280304,NUEVA POMPEYA,Comuna 4,residential_singlefamily,35.27,54.59,4.35,1.45,3.86,207,1.0073,0.7406
20280305,NUEVA POMPEYA,Comuna 4,residential_singlefamily,39.58,55.42,2.08,0.0,2.92,240,1.01,0.7393
20280306,NUEVA POMPEYA,Comuna 4,residential_multifamily,47.69,37.95,8.21,0.0,6.15,195,1.04,0.7195
20280307,NUEVA POMPEYA,Comuna 4,residential_multifamily,38.71,33.87,13.44,2.15,11.29,186,1.0301,0.71
20280308,NUEVA POMPEYA,Comuna 4,residential_multifamily,35.63,27.01,27.01,1.72,6.32,174,1.0939,0.8003
20280309,NUEVA POMPEYA,Comuna 4,residential_multifamily,45.31,38.28,3.91,3.12,9.38,128,1.0043,0.666
20280310,NUEVA POMPEYA,Comuna 4,residential_multifamily,33.98,28.64,23.79,0.49,13.11,206,1.0683,0.7594
20280311,NUEVA POMPEYA,Comuna 4,residential_singlefamily,28.0,48.57,5.71,2.86,14.29,175,0.9694,0.6847
20280312,NUEVA POMPEYA,Comuna 4,residential_multifamily,38.22,37.7,4.71,0.52,17.8,191,0.9699,0.6492
20280313,NUEVA POMPEYA,Comuna 4,residential_singlefamily,22.97,37.84,14.19,4.05,20.27,148,0.9804,0.6789
20280401,NUEVA POMPEYA,Comuna 4,residential_multifamily,37.71,22.29,23.43,1.71,13.14,175,1.0631,0.7376
20280402,NUEVA POMPEYA,Comuna 4,residential_multifamily,47.83,21.74,17.39,8.7,4.35,23,1.0783,0.6978
20280403,NUEVA POMPEYA,Comuna 4,residential_multifamily,35.62,29.45,10.27,4.79,19.18,146,0.9842,0.6348
20280404,NUEVA POMPEYA,Comuna 4,residential_multifamily,39.51,28.4,14.2,4.94,12.35,162,1.0285,0.6826
20280405,NUEVA POMPEYA,Comuna 4,residential_multifamily,42.29,29.35,8.46,4.98,11.94,201,0.9973,0.6531
20280406,NUEVA POMPEYA,Comuna 4,residential_multifamily,41.77,35.44,3.16,1.27,18.35,158,0.9705,0.6278
20280407,NUEVA POMPEYA,Comuna 4,residential_multifamily,38.64,32.95,16.48,3.41,6.25,176,1.0497,0.7424
20280408,NUEVA POMPEYA,Comuna 4,residential_multifamily,34.38,28.12,20.0,1.88,15.0,160,1.0419,0.7217
20280409,NUEVA POMPEYA,Comuna 4,residential_multifamily,44.44,21.3,8.33,0.93,23.15,108,0.9754,0.6061
20280410,NUEVA POMPEYA,Comuna 4,residential_multifamily,31.0,21.0,24.0,5.0,18.0,100,1.041,0.7005
20280411,NUEVA POMPEYA,Comuna 4,residential_multifamily,44.85,31.44,13.4,2.58,6.19,194,1.0495,0.7232
20280501,PARQUE PATRICIOS,Comuna 4,residential_multifamily,36.61,21.43,23.21,10.71,6.25,112,1.0718,0.7164
20280502,PARQUE PATRICIOS,Comuna 4,residential_multifamily,50.57,19.54,28.74,0.0,1.15,87,1.1517,0.8167
20280503,PARQUE PATRICIOS,Comuna 4,commercial,30.14,10.96,43.84,9.59,5.48,73,1.1666,0.8205
20280504,PARQUE PATRICIOS,Comuna 4,commercial,40.52,19.83,30.17,6.03,3.45,116,1.1302,0.7866
20280505,PARQUE PATRICIOS,Comuna 4,commercial,24.14,14.94,55.17,2.3,3.45,87,1.2218,0.9431
20280506,PARQUE PATRICIOS,Comuna 4,commercial,25.84,5.62,60.67,4.49,3.37,89,1.2471,0.9422
20280507,PARQUE PATRICIOS,Comuna 4,residential_multifamily,43.93,24.28,10.4,9.25,10.4,173,1.0144,0.6359
20280508,PARQUE PATRICIOS,Comuna 4,residential_singlefamily,23.13,59.33,6.72,3.73,6.72,268,0.9894,0.7436
20280509,PARQUE PATRICIOS,Comuna 4,residential_singlefamily,33.33,39.61,6.28,3.38,17.39,207,0.9727,0.6503
20280510,PARQUE PATRICIOS,Comuna 4,residential_singlefamily,31.43,36.73,7.76,5.31,18.37,245,0.9698,0.6385
20280511,PARQUE PATRICIOS,Comuna 4,residential_singlefamily,34.69,35.51,11.02,1.63,17.14,245,0.9985,0.6782
20280512,PARQUE PATRICIOS,Comuna 4,industrial,15.56,31.11,15.56,2.22,33.33,45,0.9312,0.6273
20280601,PARQUE PATRICIOS,Comuna 4,residential_multifamily,42.73,38.18,10.0,4.55,3.64,110,1.0396,0.7192
20280602,PARQUE PATRICIOS,Comuna 4,residential_multifamily,51.72,27.59,13.79,0.0,6.9,29,1.0689,0.7241
20280603,PARQUE PATRICIOS,Comuna 4,residential_multifamily,40.52,27.59,21.55,4.31,6.03,116,1.0854,0.7526
20280604,PARQUE PATRICIOS,Comuna 4,residential_singlefamily,35.04,35.43,16.93,1.97,9.06,254,1.0425,0.7464
20280605,PARQUE PATRICIOS,Comuna 4,residential_multifamily,38.0,18.0,26.0,12.0,6.0,50,1.094,0.717
20280606,PARQUE PATRICIOS,Comuna 4,residential_multifamily,41.38,24.14,20.69,6.9,6.9,29,1.0777,0.7224
20280607,PARQUE PATRICIOS,Comuna 4,residential_multifamily,46.79,35.9,7.05,1.92,8.33,156,1.025,0.6891
20280608,PARQUE PATRICIOS,Comuna 4,residential_multifamily,51.85,36.11,5.56,0.93,5.56,108,1.0353,0.6967
20280609,PARQUE PATRICIOS,Comuna 4,residential_multifamily,50.0,43.24,5.41,1.35,0.0,74,1.048,0.7338
20280610,PARQUE PATRICIOS,Comuna 4,commercial,39.47,9.65,46.49,4.39,0.0,114,1.214,0.8811
20280611,PARQUE PATRICIOS,Comuna 4,commercial,33.33,4.17,54.17,8.33,0.0,48,1.2354,0.8938
20280612,PARQUE PATRICIOS,Comuna 4,residential_singlefamily,42.86,50.65,5.19,1.3,0.0,77,1.0363,0.7513
20280701,PARQUE PATRICIOS,Comuna 4,residential_multifamily,38.58,20.47,29.13,2.36,7.09,127,1.1047,0.7903
20280702,PARQUE PATRICIOS,Comuna 4,residential_multifamily,50.0,11.9,23.81,9.52,2.38,42,1.1047,0.7183
20280703,PARQUE PATRICIOS,Comuna 4,residential_multifamily,35.37,28.05,28.05,3.66,4.88,82,1.1111,0.8006
20280704,PARQUE PATRICIOS,Comuna 4,commercial,50.0,0.0,50.0,0.0,0.0,2,1.25,0.9
20280705,PARQUE PATRICIOS,Comuna 4,residential_multifamily,47.54,38.52,5.74,3.28,4.92,122,1.0291,0.6947
20280706,PARQUE PATRICIOS,Comuna 4,residential_multifamily,55.96,32.11,5.5,5.5,0.92,109,1.0504,0.6821
20280707,PARQUE PATRICIOS,Comuna 4,commercial,45.1,15.69,31.37,4.9,2.94,102,1.1451,0.7912
20280708,PARQUE PATRICIOS,Comuna 4,residential_multifamily,43.84,16.44,27.4,8.22,2.74,73,1.1165,0.7556
20280709,PARQUE PATRICIOS,Comuna 4,residential_multifamily,47.96,17.35,27.55,6.12,0.0,98,1.1352,0.7799
20280710,PARQUE PATRICIOS,Comuna 4,residential_multifamily,64.18,17.91,11.94,0.0,5.97,67,1.0821,0.6925
20280711,PARQUE PATRICIOS,Comuna 4,residential_multifamily,41.04,29.85,10.45,10.45,5.97,134,1.0201,0.6626
20280712,PARQUE PATRICIOS,Comuna 4,commercial,36.73,8.41,41.15,8.41,4.87,226,1.1653,0.8073
20280801,PARQUE PATRICIOS,Comuna 4,residential_multifamily,33.8,32.39,12.68,4.23,15.49,71,1.0007,0.675
20280802,PARQUE PATRICIOS,Comuna 4,residential_multifamily,38.89,22.22,23.02,6.35,7.14,126,1.0734,0.7366
20280803,PARQUE PATRICIOS,Comuna 4,residential_multifamily,40.0,21.25,11.25,6.25,20.0,80,0.9888,0.6095
20280804,PARQUE PATRICIOS,Comuna 4,residential_multifamily,33.01,33.01,11.65,5.83,14.56,103,0.9937,0.6663
20280805,PARQUE PATRICIOS,Comuna 4,residential_multifamily,52.63,21.05,1.75,1.75,21.05,57,0.964,0.5696
20280806,PARQUE PATRICIOS,Comuna 4,residential_multifamily,44.64,12.5,16.07,7.14,19.64,56,1.0232,0.6134
20280807,PARQUE PATRICIOS,Comuna 4,residential_multifamily,35.82,16.42,16.42,7.46,23.88,67,0.9985,0.6068
20280808,PARQUE PATRICIOS,Comuna 4,industrial,16.77,14.84,18.71,6.45,41.29,155,0.9203,0.551
20280809,PARQUE PATRICIOS,Comuna 4,residential_singlefamily,25.42,48.75,7.92,0.83,14.17,240,0.9673,0.7118
20280810,PARQUE PATRICIOS,Comuna 4,residential_multifamily,25.4,23.02,16.67,13.49,20.63,126,0.9842,0.6077
20280811,PARQUE PATRICIOS,Comuna 4,industrial,28.87,23.71,13.4,6.19,26.8,194,0.9624,0.6015
20280812,PARQUE PATRICIOS,Comuna 4,industrial,26.32,21.05,5.26,5.26,42.11,19,0.8816,0.4894
20280901,NUEVA POMPEYA,Comuna 4,residential_singlefamily,19.37,58.89,4.74,1.19,14.62,253,0.95,0.7126
20280902,NUEVA POMPEYA,Comuna 4,residential_singlefamily,18.93,60.95,1.18,1.78,17.16,169,0.9304,0.6819
20280903,NUEVA POMPEYA,Comuna 4,residential_singlefamily,18.62,57.09,1.62,1.62,19.84,247,0.9186,0.6658
20280904,NUEVA POMPEYA,Comuna 4,industrial,9.27,45.56,8.47,3.23,32.66,248,0.8972,0.6181
20280905,NUEVA POMPEYA,Comuna 4,residential_singlefamily,13.46,44.23,19.23,1.92,19.23,52,0.9884,0.7422
20280906,NUEVA POMPEYA,Comuna 4,industrial,16.67,0.0,0.0,0.0,83.33,6,0.725,0.2667
20280907,NUEVA POMPEYA,Comuna 4,industrial,33.33,0.0,0.0,0.0,66.67,3,0.8,0.3333
20281001,BARRACAS,Comuna 4,industrial,22.5,25.0,10.0,2.5,40.0,40,0.9062,0.55
20281002,BARRACAS,Comuna 4,residential_multifamily,40.0,40.0,10.0,5.0,5.0,0,1.035,0.715
20281003,BARRACAS,Comuna 4,residential_multifamily,40.0,40.0,10.0,5.0,5.0,0,1.035,0.715
20281004,BARRACAS,Comuna 4,residential_multifamily,40.0,40.0,10.0,5.0,5.0,0,1.035,0.715
20281005,BARRACAS,Comuna 4,industrial,6.67,20.0,0.0,20.0,53.33,15,0.78,0.3367
20281006,BARRACAS,Comuna 4,residential_multifamily,40.0,40.0,10.0,5.0,5.0,0,1.035,0.715
20281007,BARRACAS,Comuna 4,residential_multifamily,40.0,40.0,10.0,5.0,5.0,0,1.035,0.715
20281008,BARRACAS,Comuna 4,commercial,28.57,28.57,42.86,0.0,0.0,7,1.1857,0.9286
20281009,BARRACAS,Comuna 4,residential_multifamily,40.0,40.0,10.0,5.0,5.0,0,1.035,0.715
20281101,BARRACAS,Comuna 4,residential_multifamily,38.41,38.41,6.62,3.31,13.25,151,0.9943,0.6662
20281102,BARRACAS,Comuna 4,residential_singlefamily,40.57,47.17,5.66,1.89,4.72,106,1.0204,0.7235
20281103,BARRACAS,Comuna 4,industrial,32.78,31.12,8.3,1.24,26.56,241,0.9556,0.6152
20281104,BARRACAS,Comuna 4,residential_multifamily,44.37,40.4,11.26,0.0,3.97,151,1.0553,0.7527
20281105,BARRACAS,Comuna 4,residential_singlefamily,28.57,38.62,6.35,3.7,22.75,189,0.9494,0.6252
20281106,BARRACAS,Comuna 4,residential_singlefamily,31.85,49.36,13.06,1.91,3.82,314,1.0432,0.7769
20281107,BARRACAS,Comuna 4,industrial,26.34,24.88,10.24,4.39,33.17,205,0.9273,0.5687
20281108,BARRACAS,Comuna 4,residential_singlefamily,28.81,44.07,2.82,2.26,22.03,177,0.9375,0.6277
20281109,BARRACAS,Comuna 4,industrial,12.5,39.29,3.57,3.57,41.07,56,0.858,0.5375
20281201,BARRACAS,Comuna 4,industrial,45.45,15.58,6.49,2.6,29.87,77,0.9551,0.5454
20281202,BARRACAS,Comuna 4,residential_multifamily,33.13,17.18,18.4,11.66,18.4,163,1.0101,0.6217
20281203,BARRACAS,Comuna 4,residential_multifamily,31.03,26.72,18.97,3.45,19.83,116,1.019,0.684
20281204,BARRACAS,Comuna 4,residential_multifamily,48.75,28.75,3.75,0.0,18.75,80,0.9837,0.6194
20281205,BARRACAS,Comuna 4,industrial,28.95,28.29,11.18,3.29,26.32,152,0.9526,0.6164
20281206,BARRACAS,Comuna 4,industrial,16.4,24.4,9.6,1.2,46.0,250,0.8678,0.5268
20281207,BARRACAS,Comuna 4,residential_singlefamily,30.4,41.6,7.2,12.0,6.4,125,0.986,0.6631
20281208,BARRACAS,Comuna 4,commercial,28.89,0.0,64.44,4.44,0.0,45,1.2688,0.9728
20281209,BARRACAS,Comuna 4,commercial,49.35,3.9,40.26,0.0,0.0,77,1.176,0.8688
20281210,BARRACAS,Comuna 4,residential_multifamily,35.08,19.76,16.13,5.24,19.76,248,0.9926,0.6427
20281211,BARRACAS,Comuna 4,commercial,45.07,2.82,49.3,2.82,0.0,71,1.2367,0.8887
20281212,BARRACAS,Comuna 4,residential_multifamily,33.88,10.74,26.45,4.13,4.13,121,1.0103,0.787
20281301,BARRACAS,Comuna 4,commercial,48.48,1.52,36.36,9.09,4.55,66,1.1636,0.7583
20281302,BARRACAS,Comuna 4,commercial,47.92,8.33,37.5,6.25,0.0,48,1.1844,0.8146
20281303,BARRACAS,Comuna 4,commercial,39.66,10.34,41.38,5.17,3.45,58,1.1802,0.8345
20281304,BARRACAS,Comuna 4,commercial,34.62,15.38,50.0,0.0,0.0,26,1.2269,0.9385
20281305,BARRACAS,Comuna 4,commercial,47.54,11.48,36.07,4.92,0.0,61,1.1788,0.8205
20281306,BARRACAS,Comuna 4,industrial,28.78,10.07,7.91,11.51,25.18,139,0.8672,0.4974
20281307,BARRACAS,Comuna 4,commercial,39.68,6.35,49.21,4.76,0.0,63,1.2262,0.8873
20281308,BARRACAS,Comuna 4,commercial,56.0,8.0,32.0,2.0,0.0,50,1.167,0.8061
20281309,BARRACAS,Comuna 4,residential_multifamily,40.62,21.88,28.12,9.38,0.0,32,1.1281,0.7765
20281310,BARRACAS,Comuna 4,residential_multifamily,48.57,17.14,22.86,11.43,0.0,35,1.1143,0.7229
20281311,BARRACAS,Comuna 4,commercial,35.29,1.47,55.88,7.35,0.0,68,1.247,0.9022
20281401,BARRACAS,Comuna 4,office,43.02,13.95,17.44,16.28,4.65,86,1.0418,0.6414
20281402,BARRACAS,Comuna 4,office,48.68,14.47,10.53,19.74,6.58,76,1.0309,0.5743
20281403,BARRACAS,Comuna 4,commercial,47.62,8.33,30.95,10.71,1.19,84,1.141,0.75
20281404,BARRACAS,Comuna 4,commercial,44.12,17.65,35.29,2.94,0.0,34,1.172,0.8412
20281405,BARRACAS,Comuna 4,commercial,31.37,9.8,54.9,0.0,1.96,51,1.2294,0.953
20281406,BARRACAS,Comuna 4,commercial,49.32,5.48,41.1,2.74,0.0,73,1.2001,0.85
20281407,BARRACAS,Comuna 4,residential_multifamily,45.45,28.18,16.36,0.91,9.09,110,1.0636,0.7277
20281408,BARRACAS,Comuna 4,residential_multifamily,49.3,8.45,19.72,14.08,5.63,71,1.069,0.6479
20281409,BARRACAS,Comuna 4,residential_multifamily,51.52,21.21,9.09,6.06,9.09,33,1.0212,0.6422
20281501,BARRACAS,Comuna 4,commercial,37.5,11.61,48.21,1.79,0.89,112,1.2187,0.9058
20281502,BARRACAS,Comuna 4,residential_multifamily,53.33,18.33,25.0,1.67,1.67,60,1.1358,0.7808
20281503,BARRACAS,Comuna 4,residential_multifamily,40.0,25.88,27.06,1.18,2.35,85,1.1077,0.8195
20281504,BARRACAS,Comuna 4,commercial,47.86,18.8,30.77,0.85,0.85,117,1.1529,0.8259
20281505,BARRACAS,Comuna 4,residential_multifamily,49.37,24.05,13.92,3.8,2.53,79,1.0468,0.7223
20281506,BARRACAS,Comuna 4,commercial,27.54,9.42,51.45,2.9,8.7,138,1.1939,0.8829
20281507,BARRACAS,Comuna 4,residential_multifamily,56.06,19.7,18.18,1.52,4.55,66,1.1008,0.7325
20281508,BARRACAS,Comuna 4,residential_multifamily,63.64,18.18,13.64,2.27,0.0,44,1.0944,0.7186
20281509,BARRACAS,Comuna 4,commercial,49.21,7.94,34.13,6.35,2.38,126,1.164,0.7833
20281510,BARRACAS,Comuna 4,commercial,29.67,7.69,54.95,4.4,2.2,91,1.2259,0.9216
20281601,LA BOCA,Comuna 4,residential_multifamily,41.18,0.0,11.76,11.76,0.0,17,0.8941,0.6182
20281602,LA BOCA,Comuna 4,residential_multifamily,68.42,10.53,5.26,5.26,5.26,19,1.0315,0.6111
20281603,LA BOCA,Comuna 4,residential_multifamily,40.0,40.0,10.0,5.0,5.0,0,1.035,0.715
20281604,LA BOCA,Comuna 4,residential_multifamily,38.96,28.57,18.18,0.0,10.39,77,1.0415,0.7446
20281605,LA BOCA,Comuna 4,residential_multifamily,33.8,30.99,15.49,4.23,14.08,71,1.0176,0.6943
20281606,LA BOCA,Comuna 4,residential_multifamily,49.23,32.31,6.15,3.08,9.23,65,1.0207,0.6654
20281607,LA BOCA,Comuna 4,residential_singlefamily,34.62,42.31,3.85,1.92,15.38,52,0.9626,0.6589
20281608,LA BOCA,Comuna 4,commercial,45.45,4.55,36.36,10.91,2.73,110,1.1627,0.7641
20281609,LA BOCA,Comuna 4,residential_multifamily,46.43,7.14,28.57,7.14,7.14,28,1.1035,0.7297
20281610,LA BOCA,Comuna 4,commercial,53.25,3.9,41.56,0.0,1.3,77,1.2131,0.8539
20281701,LA BOCA,Comuna 4,office,43.64,3.64,21.82,18.18,12.73,55,1.0574,0.5982
20281702,LA BOCA,Comuna 4,commercial,29.27,4.88,63.41,2.44,0.0,41,1.2768,0.9805
20281703,LA BOCA,Comuna 4,residential_multifamily,55.32,6.38,27.66,6.38,0.0,47,1.1319,0.7567
20281704,LA BOCA,Comuna 4,residential_multifamily,100.0,0.0,0.0,0.0,0.0,2,1.1,0.6
20281705,LA BOCA,Comuna 4,residential_multifamily,90.0,0.0,0.0,10.0,0.0,10,1.075,0.55
20281706,LA BOCA,Comuna 4,residential_multifamily,100.0,0.0,0.0,0.0,0.0,3,1.1,0.6
20281707,LA BOCA,Comuna 4,commercial,50.0,0.0,50.0,0.0,0.0,32,1.25,0.9
20281708,LA BOCA,Comuna 4,residential_multifamily,47.74,9.68,29.68,3.23,7.74,155,1.12,0.7582
20281709,LA BOCA,Comuna 4,commercial,54.17,12.5,33.33,0.0,0.0,24,1.1812,0.8312
20281710,LA BOCA,Comuna 4,industrial,44.52,9.68,9.68,5.81,30.32,155,0.9637,0.532
20281801,LA BOCA,Comuna 4,industrial,0.0,0.0,0.0,61.29,38.71,31,0.7726,0.1387
20281901,LA BOCA,Comuna 4,commercial,42.11,2.63,50.0,2.63,2.63,38,1.2276,0.8829
20281902,LA BOCA,Comuna 4,residential_multifamily,62.75,5.88,27.45,1.96,1.96,51,1.1598,0.7618
20281903,LA BOCA,Comuna 4,commercial,47.3,10.81,36.49,4.05,1.35,74,1.1771,0.8203
20281904,LA BOCA,Comuna 4,residential_multifamily,49.59,13.22,9.09,4.13,21.49,121,0.9855,0.5805
20281905,LA BOCA,Comuna 4,commercial,54.46,4.95,33.66,4.95,1.98,101,1.1723,0.7817
20281906,LA BOCA,Comuna 4,commercial,37.5,4.46,47.32,2.68,7.14,112,1.191,0.8554
20281907,LA BOCA,Comuna 4,residential_multifamily,53.66,15.85,14.63,7.32,8.54,82,1.0634,0.6566
20281908,LA BOCA,Comuna 4,residential_multifamily,40.62,17.19,4.69,1.56,21.88,64,0.9016,0.5718
20281909,LA BOCA,Comuna 4,residential_multifamily,50.0,3.7,12.96,9.26,20.37,54,0.9963,0.5577
20281910,LA BOCA,Comuna 4,mixed,27.27,4.55,25.0,13.64,20.45,44,0.9875,0.6125
20281911,LA BOCA,Comuna 4,residential_multifamily,58.33,8.33,8.33,0.0,12.5,24,0.9812,0.6238
20282001,LA BOCA,Comuna 4,residential_multifamily,44.53,14.06,10.16,8.59,21.09,128,0.9836,0.5683
20282002,LA BOCA,Comuna 4,residential_multifamily,49.15,10.17,18.64,6.78,13.56,59,1.0525,0.65
20282003,LA BOCA,Comuna 4,residential_multifamily,46.81,20.21,21.28,1.06,5.32,94,1.075,0.7601
20282004,LA BOCA,Comuna 4,residential_multifamily,54.29,17.14,14.29,1.43,11.43,70,1.0536,0.6768
20282005,LA BOCA,Comuna 4,commercial,41.56,5.19,45.45,3.9,2.6,77,1.1993,0.8591
20282006,LA BOCA,Comuna 4,residential_multifamily,58.43,15.73,20.22,4.49,1.12,89,1.1207,0.7337
20282007,LA BOCA,Comuna 4,residential_multifamily,76.32,3.95,13.16,2.63,3.95,76,1.1093,0.6599
20282008,LA BOCA,Comuna 4,residential_multifamily,68.75,6.25,10.94,10.94,3.12,64,1.0821,0.6141
20282009,LA BOCA,Comuna 4,commercial,44.68,6.38,46.81,1.06,0.0,94,1.2218,0.8947
20282010,LA BOCA,Comuna 4,commercial,36.26,5.49,51.65,5.49,1.1,91,1.228,0.8918
20282011,LA BOCA,Comuna 4,commercial,38.75,8.75,38.75,12.5,1.25,80,1.1662,0.7869
20282012,LA BOCA,Comuna 4,residential_multifamily,36.84,21.05,10.53,10.53,15.79,19,0.9711,0.6
20282101,LA BOCA,Comuna 4,residential_multifamily,58.9,13.7,8.22,4.11,9.59,73,1.0178,0.6261
20282102,LA BOCA,Comuna 4,residential_multifamily,55.74,18.03,6.56,4.92,14.75,61,1.014,0.6008
20282103,LA BOCA,Comuna 4,commercial,37.4,4.07,51.22,4.88,1.63,123,1.2232,0.8889
20282104,LA BOCA,Comuna 4,industrial,40.74,17.78,5.19,7.41,26.67,135,0.9371,0.5303
20282105,LA BOCA,Comuna 4,residential_multifamily,39.47,39.47,2.63,2.63,15.79,38,0.971,0.6381
20282106,LA BOCA,Comuna 4,residential_multifamily,48.24,21.18,3.53,9.41,17.65,85,0.976,0.5565
20282107,LA BOCA,Comuna 4,industrial,42.98,14.91,5.26,6.14,29.82,114,0.9385,0.5181
20282108,LA BOCA,Comuna 4,residential_multifamily,50.0,20.54,0.89,5.36,21.43,112,0.9513,0.5432
20282109,LA BOCA,Comuna 4,industrial,25.81,27.96,6.45,5.38,30.11,93,0.9027,0.5595
20282110,LA BOCA,Comuna 4,industrial,28.38,24.32,2.7,4.05,36.49,74,0.8729,0.507
20282111,LA BOCA,Comuna 4,residential_multifamily,34.19,29.91,9.4,1.71,24.79,117,0.9675,0.6235
20282112,LA BOCA,Comuna 4,industrial,23.61,23.61,0.0,9.72,41.67,72,0.8444,0.4415
20282113,LA BOCA,Comuna 4,residential_multifamily,71.43,28.57,0.0,0.0,0.0,7,1.0571,0.6714
20282201,BARRACAS,Comuna 4,commercial,42.7,15.73,39.33,0.0,2.25,89,1.1844,0.8663
20282202,BARRACAS,Comuna 4,commercial,26.77,22.83,32.28,9.45,7.09,127,1.0976,0.778
20282203,BARRACAS,Comuna 4,commercial,45.0,15.0,32.5,5.0,2.5,40,1.1513,0.7975
20282204,BARRACAS,Comuna 4,commercial,19.05,28.57,47.62,0.0,4.76,21,1.1786,0.9381
20282205,BARRACAS,Comuna 4,residential_multifamily,42.21,19.48,20.13,0.65,15.58,154,1.0477,0.706
20282206,BARRACAS,Comuna 4,residential_multifamily,69.57,4.35,21.74,4.35,0.0,23,1.1479,0.7196
20282207,BARRACAS,Comuna 4,residential_multifamily,41.32,10.74,29.75,5.79,9.92,121,1.0991,0.7402
20282208,BARRACAS,Comuna 4,residential_multifamily,41.55,22.83,21.46,1.83,12.33,219,1.0701,0.7274
20282209,BARRACAS,Comuna 4,residential_multifamily,32.26,22.58,25.81,1.61,17.74,62,1.0597,0.7323
20282210,BARRACAS,Comuna 4,residential_multifamily,33.33,31.37,18.63,1.96,14.71,102,1.0377,0.7216
20282211,BARRACAS,Comuna 4,residential_multifamily,36.84,29.82,16.67,0.88,15.79,114,1.032,0.707
20282212,BARRACAS,Comuna 4,residential_singlefamily,23.53,28.43,10.78,10.78,23.53,102,0.9392,0.5874
20282301,BARRACAS,Comuna 4,industrial,42.38,17.62,4.76,1.9,32.38,210,0.9316,0.5329
20282302,BARRACAS,Comuna 4,residential_multifamily,43.75,23.3,11.93,3.41,17.05,176,1.0122,0.6448
20282303,BARRACAS,Comuna 4,commercial,37.23,12.77,31.91,4.26,13.83,94,1.1037,0.7468
20282304,BARRACAS,Comuna 4,commercial,27.85,15.98,33.79,4.11,16.44,219,1.0822,0.7593
20282305,BARRACAS,Comuna 4,industrial,30.23,0.0,16.28,20.93,32.56,43,0.95,0.4628
20282306,BARRACAS,Comuna 4,office,18.87,9.43,9.43,18.87,24.53,53,0.8434,0.4616
20282307,BARRACAS,Comuna 4,commercial,27.27,13.22,39.67,7.44,11.57,121,1.1235,0.7892
20282308,BARRACAS,Comuna 4,residential_multifamily,33.56,27.74,15.75,3.42,18.49,292,1.0076,0.6736
20282309,BARRACAS,Comuna 4,industrial,14.29,32.14,5.71,7.14,38.57,140,0.8646,0.523
20282310,BARRACAS,Comuna 4,residential_multifamily,24.79,24.79,10.68,8.12,24.79,234,0.922,0.5853
20282311,BARRACAS,Comuna 4,industrial,34.14,18.62,9.31,9.66,26.55,290,0.9461,0.547
20282312,BARRACAS,Comuna 4,industrial,23.08,17.69,9.23,3.85,46.15,130,0.8839,0.4958
20282401,BARRACAS,Comuna 4,commercial,40.0,13.33,46.67,0.0,0.0,15,1.22,0.9133
20282402,BARRACAS,Comuna 4,residential_multifamily,40.0,40.0,10.0,5.0,5.0,0,1.035,0.715
20282403,BARRACAS,Comuna 4,residential_multifamily,40.0,40.0,10.0,5.0,5.0,0,1.035,0.715
20282404,BARRACAS,Comuna 4,residential_multifamily,40.0,40.0,10.0,5.0,5.0,0,1.035,0.715
20282405,BARRACAS,Comuna 4,residential_multifamily,40.0,40.0,10.0,5.0,5.0,0,1.035,0.715
20282406,BARRACAS,Comuna 4,residential_multifamily,40.0,40.0,10.0,5.0,5.0,0,1.035,0.715
20282407,BARRACAS,Comuna 4,residential_multifamily,40.0,40.0,10.0,5.0,5.0,0,1.035,0.715
20282408,BARRACAS,Comuna 4,industrial,20.8,25.6,9.6,8.0,35.2,125,0.9072,0.5403
20282409,BARRACAS,Comuna 4,residential_multifamily,40.0,40.0,10.0,5.0,5.0,0,1.035,0.715
20282501,BARRACAS,Comuna 4,residential_multifamily,40.0,40.0,10.0,5.0,5.0,0,1.035,0.715
20282502,BARRACAS,Comuna 4,residential_multifamily,40.0,40.0,10.0,5.0,5.0,0,1.035,0.715
20282503,BARRACAS,Comuna 4,residential_multifamily,40.0,40.0,10.0,5.0,5.0,0,1.035,0.715
20282504,BARRACAS,Comuna 4,residential_multifamily,40.0,40.0,10.0,5.0,5.0,0,1.035,0.715
20282505,BARRACAS,Comuna 4,residential_multifamily,40.0,40.0,10.0,5.0,5.0,0,1.035,0.715
20282506,BARRACAS,Comuna 4,residential_multifamily,40.0,40.0,10.0,5.0,5.0,0,1.035,0.715
20282507,BARRACAS,Comuna 4,residential_multifamily,40.0,40.0,10.0,5.0,5.0,0,1.035,0.715
20282508,BARRACAS,Comuna 4,residential_multifamily,40.0,40.0,10.0,5.0,5.0,0,1.035,0.715
20282509,BARRACAS,Comuna 4,residential_multifamily,40.0,40.0,10.0,5.0,5.0,0,1.035,0.715
20282510,BARRACAS,Comuna 4,residential_multifamily,40.0,40.0,10.0,5.0,5.0,0,1.035,0.715
20282511,BARRACAS,Comuna 4,industrial,0.0,0.0,0.0,33.33,66.67,3,0.7167,0.1667
20282512,BARRACAS,Comuna 4,industrial,0.0,0.0,0.0,0.0,85.71,7,0.6286,0.2
20282601,BARRACAS,Comuna 4,residential_multifamily,40.0,40.0,10.0,5.0,5.0,0,1.035,0.715
20282602,BARRACAS,Comuna 4,residential_multifamily,40.0,40.0,10.0,5.0,5.0,0,1.035,0.715
20282603,BARRACAS,Comuna 4,industrial,50.0,0.0,0.0,0.0,50.0,2,0.875,0.4
20282701,BARRACAS,Comuna 4,residential_multifamily,100.0,0.0,0.0,0.0,0.0,1,1.1,0.6
20282702,BARRACAS,Comuna 4,residential_multifamily,100.0,0.0,0.0,0.0,0.0,2,1.1,0.6
20282703,BARRACAS,Comuna 4,residential_multifamily,40.0,40.0,10.0,5.0,5.0,0,1.035,0.715
20282704,BARRACAS,Comuna 4,residential_singlefamily,24.49,42.86,18.37,2.04,12.24,49,1.0306,0.7582
20282705,BARRACAS,Comuna 4,residential_singlefamily,25.53,68.09,6.38,0.0,0.0,47,1.017,0.8085
20282706,BARRACAS,Comuna 4,office,0.0,0.0,50.0,33.33,16.67,6,1.0917,0.6667
20282707,BARRACAS,Comuna 4,industrial,18.18,9.09,45.45,0.0,27.27,11,1.0999,0.7864
20282801,BARRACAS,Comuna 4,commercial,50.0,0.0,50.0,0.0,0.0,2,1.25,0.9
20282802,BARRACAS,Comuna 4,commercial,28.0,28.0,44.0,0.0,0.0,25,1.19,0.934
20282803,BARRACAS,Comuna 4,residential_multifamily,40.0,40.0,10.0,5.0,5.0,0,1.035,0.715
20282804,BARRACAS,Comuna 4,residential_multifamily,40.0,40.0,10.0,5.0,5.0,0,1.035,0.715
20282805,BARRACAS,Comuna 4,residential_multifamily,40.0,40.0,10.0,5.0,5.0,0,1.035,0.715
20282806,BARRACAS,Comuna 4,residential_multifamily,40.0,40.0,10.0,5.0,5.0,0,1.035,0.715
20282807,BARRACAS,Comuna 4,residential_multifamily,40.0,40.0,10.0,5.0,5.0,0,1.035,0.715
20282808,BARRACAS,Comuna 4,residential_multifamily,40.0,40.0,10.0,5.0,5.0,0,1.035,0.715
20282809,BARRACAS,Comuna 4,residential_multifamily,40.0,40.0,10.0,5.0,5.0,0,1.035,0.715
20282810,BARRACAS,Comuna 4,residential_multifamily,40.0,40.0,10.0,5.0,5.0,0,1.035,0.715
20282811,BARRACAS,Comuna 4,residential_multifamily,40.0,40.0,10.0,5.0,5.0,0,1.035,0.715
20282901,BARRACAS,Comuna 4,residential_multifamily,40.0,40.0,10.0,5.0,5.0,0,1.035,0.715
20282902,BARRACAS,Comuna 4,residential_multifamily,40.0,40.0,10.0,5.0,5.0,0,1.035,0.715
20282903,BARRACAS,Comuna 4,residential_multifamily,40.0,40.0,10.0,5.0,5.0,0,1.035,0.715
20282904,BARRACAS,Comuna 4,residential_multifamily,40.0,40.0,10.0,5.0,5.0,0,1.035,0.715
20282905,BARRACAS,Comuna 4,residential_multifamily,40.0,40.0,10.0,5.0,5.0,0,1.035,0.715
20282906,BARRACAS,Comuna 4,residential_multifamily,40.0,40.0,10.0,5.0,5.0,0,1.035,0.715
20282907,BARRACAS,Comuna 4,residential_multifamily,40.0,40.0,10.0,5.0,5.0,0,1.035,0.715
20282908,BARRACAS,Comuna 4,residential_multifamily,40.0,40.0,10.0,5.0,5.0,0,1.035,0.715
20350101,ALMAGRO,Comuna 5,residential_multifamily,45.0,18.75,22.5,8.75,3.75,80,1.0931,0.7247
20350102,ALMAGRO,Comuna 5,residential_multifamily,61.11,19.44,13.89,5.56,0.0,36,1.0986,0.7041
20350103,ALMAGRO,Comuna 5,residential_multifamily,50.0,23.53,11.76,7.35,5.88,68,1.0463,0.6702
20350104,ALMAGRO,Comuna 5,residential_multifamily,59.65,8.77,28.07,1.75,1.75,57,1.1587,0.7746
20350105,ALMAGRO,Comuna 5,commercial,38.46,12.31,38.46,3.08,7.69,65,1.1546,0.8154
20350106,ALMAGRO,Comuna 5,commercial,45.05,7.69,32.97,9.89,3.3,91,1.1412,0.7561
20350107,ALMAGRO,Comuna 5,residential_multifamily,53.57,5.36,28.57,5.36,7.14,56,1.1321,0.7295
20350108,ALMAGRO,Comuna 5,commercial,40.0,9.23,36.92,7.69,4.62,65,1.1477,0.7906
20350109,ALMAGRO,Comuna 5,residential_multifamily,61.11,8.33,25.0,5.56,0.0,36,1.1486,0.743
20350110,ALMAGRO,Comuna 5,commercial,53.19,6.38,34.04,4.26,2.13,47,1.1723,0.7904
20350111,ALMAGRO,Comuna 5,commercial,20.0,0.0,50.0,5.0,25.0,20,1.125,0.775
20350112,ALMAGRO,Comuna 5,residential_singlefamily,37.66,42.86,14.29,0.0,3.9,77,1.0533,0.7796
20350201,ALMAGRO,Comuna 5,residential_multifamily,45.36,14.43,23.71,14.43,1.03,97,1.1025,0.7031
20350202,ALMAGRO,Comuna 5,commercial,41.51,16.98,34.91,3.77,1.89,106,1.1557,0.8276
20350203,ALMAGRO,Comuna 5,commercial,46.67,6.67,31.67,6.67,8.33,60,1.131,0.74
20350204,ALMAGRO,Comuna 5,commercial,48.15,11.11,33.33,3.7,3.7,54,1.1574,0.7945
20350205,ALMAGRO,Comuna 5,residential_multifamily,48.84,11.63,20.93,11.63,6.98,43,1.085,0.6686
20350206,ALMAGRO,Comuna 5,residential_multifamily,58.18,14.55,20.0,5.45,1.82,55,1.1164,0.7218
20350207,ALMAGRO,Comuna 5,commercial,20.0,6.67,53.33,0.0,20.0,15,1.16,0.8567
20350208,ALMAGRO,Comuna 5,commercial,43.75,0.0,43.75,0.0,12.5,16,1.175,0.8125
20350209,ALMAGRO,Comuna 5,residential_multifamily,46.51,8.14,29.07,6.98,8.14,86,1.114,0.7288
20350210,ALMAGRO,Comuna 5,residential_multifamily,46.43,17.86,27.38,4.76,0.0,84,1.122,0.792
20350211,ALMAGRO,Comuna 5,residential_multifamily,58.97,10.26,23.08,2.56,5.13,39,1.1244,0.7308
20350301,ALMAGRO,Comuna 5,commercial,50.0,6.06,30.3,7.58,3.03,66,1.131,0.7515
20350302,ALMAGRO,Comuna 5,residential_multifamily,58.82,8.82,26.47,5.88,0.0,34,1.1514,0.7515
20350303,ALMAGRO,Comuna 5,commercial,27.78,0.0,61.11,5.56,5.56,36,1.2445,0.9166
20350304,ALMAGRO,Comuna 5,commercial,55.81,6.98,30.23,0.0,6.98,43,1.1488,0.7709
20350305,ALMAGRO,Comuna 5,commercial,34.09,4.55,56.82,4.55,0.0,44,1.2524,0.9295
20350306,ALMAGRO,Comuna 5,commercial,28.4,13.58,48.15,9.88,0.0,81,1.1995,0.8734
20350307,ALMAGRO,Comuna 5,commercial,39.47,7.89,47.37,5.26,0.0,38,1.2171,0.8777
20350308,ALMAGRO,Comuna 5,commercial,45.83,0.0,37.5,12.5,4.17,24,1.1625,0.7458
20350309,ALMAGRO,Comuna 5,residential_multifamily,40.74,18.52,29.63,0.0,7.41,27,1.1056,0.8019
20350310,ALMAGRO,Comuna 5,residential_multifamily,49.06,16.98,26.42,3.77,3.77,53,1.1274,0.767
20350311,ALMAGRO,Comuna 5,residential_multifamily,64.0,8.0,8.0,12.0,8.0,25,1.046,0.576
20350312,ALMAGRO,Comuna 5,residential_multifamily,51.61,3.23,22.58,6.45,16.13,31,1.0742,0.6468
20350313,ALMAGRO,Comuna 5,commercial,24.0,14.0,56.0,6.0,0.0,50,1.232,0.941
20350401,ALMAGRO,Comuna 5,residential_multifamily,49.04,15.38,25.0,8.65,0.96,104,1.1202,0.7427
20350402,ALMAGRO,Comuna 5,commercial,52.0,12.0,32.0,4.0,0.0,50,1.168,0.802
20350403,ALMAGRO,Comuna 5,commercial,61.36,4.55,34.09,0.0,0.0,44,1.1954,0.8159
20350404,ALMAGRO,Comuna 5,residential_multifamily,55.81,4.65,27.91,6.98,4.65,43,1.1384,0.7256
20350405,ALMAGRO,Comuna 5,commercial,27.91,4.65,55.81,11.63,0.0,43,1.2314,0.8883
20350406,ALMAGRO,Comuna 5,commercial,32.31,3.08,63.08,1.54,0.0,65,1.2809,0.9784
20350407,ALMAGRO,Comuna 5,commercial,31.18,1.08,63.44,3.23,0.0,93,1.2742,0.9712
20350408,ALMAGRO,Comuna 5,commercial,25.88,2.35,63.53,3.53,3.53,85,1.2553,0.9595
20350409,ALMAGRO,Comuna 5,commercial,33.33,3.17,50.79,6.35,3.17,63,1.1983,0.8771
20350501,ALMAGRO,Comuna 5,residential_multifamily,65.96,6.38,27.66,0.0,0.0,47,1.1734,0.7819
20350502,ALMAGRO,Comuna 5,commercial,34.94,8.43,54.22,2.41,0.0,83,1.244,0.9343
20350503,ALMAGRO,Comuna 5,commercial,33.33,3.17,50.79,11.11,1.59,63,1.2126,0.8508
20350504,ALMAGRO,Comuna 5,commercial,45.16,9.68,31.18,8.6,4.3,93,1.1317,0.7527
20350505,ALMAGRO,Comuna 5,commercial,45.0,0.0,48.33,6.67,0.0,60,1.2283,0.8566
20350506,ALMAGRO,Comuna 5,residential_multifamily,57.69,9.62,25.0,5.77,1.92,52,1.1375,0.7375
20350507,ALMAGRO,Comuna 5,commercial,58.33,1.67,33.33,3.33,3.33,60,1.1741,0.7742
20350508,ALMAGRO,Comuna 5,commercial,40.3,0.0,56.72,1.49,1.49,67,1.2597,0.9269
20350601,ALMAGRO,Comuna 5,residential_multifamily,65.75,6.85,27.4,0.0,0.0,73,1.1719,0.7815
20350602,ALMAGRO,Comuna 5,residential_multifamily,67.8,5.08,25.42,1.69,0.0,59,1.1644,0.7568
20350603,ALMAGRO,Comuna 5,residential_multifamily,62.75,1.96,29.41,5.88,0.0,51,1.1706,0.752
20350604,ALMAGRO,Comuna 5,commercial,47.44,10.26,39.74,2.56,0.0,78,1.1974,0.8513
20350605,ALMAGRO,Comuna 5,commercial,46.55,8.62,31.03,13.79,0.0,58,1.1456,0.7388
20350606,ALMAGRO,Comuna 5,residential_multifamily,36.26,32.97,17.58,5.49,5.49,91,1.0516,0.7416
20350607,ALMAGRO,Comuna 5,residential_multifamily,54.55,9.09,24.24,4.04,7.07,99,1.1111,0.7209
20350608,ALMAGRO,Comuna 5,commercial,52.87,5.75,37.93,1.15,1.15,87,1.1902,0.8343
20350701,ALMAGRO,Comuna 5,commercial,39.02,1.22,51.22,7.32,1.22,82,1.228,0.8689
20350702,ALMAGRO,Comuna 5,residential_multifamily,57.89,10.53,23.68,2.63,5.26,38,1.1249,0.7342
20350703,ALMAGRO,Comuna 5,commercial,54.9,11.76,33.33,0.0,0.0,51,1.1823,0.8294
20350704,ALMAGRO,Comuna 5,commercial,41.82,5.45,36.36,10.91,3.64,55,1.1463,0.7657
20350705,ALMAGRO,Comuna 5,commercial,33.8,4.23,60.56,0.0,1.41,71,1.269,0.9683
20350706,ALMAGRO,Comuna 5,commercial,44.0,6.0,38.0,6.0,6.0,50,1.163,0.789
20350707,ALMAGRO,Comuna 5,residential_multifamily,36.43,18.6,28.68,10.08,4.65,129,1.1027,0.752
20350708,ALMAGRO,Comuna 5,commercial,39.69,13.74,41.22,2.29,3.05,131,1.1835,0.858
20350801,ALMAGRO,Comuna 5,commercial,30.77,5.77,59.62,3.85,0.0,52,1.2607,0.9529
20350802,ALMAGRO,Comuna 5,commercial,27.5,3.75,63.75,5.0,0.0,80,1.2731,0.9669
20350803,ALMAGRO,Comuna 5,commercial,38.1,4.76,50.0,4.76,2.38,84,1.2203,0.8786
20350804,ALMAGRO,Comuna 5,commercial,50.0,5.26,39.47,5.26,0.0,38,1.1973,0.8237
20350805,ALMAGRO,Comuna 5,office,38.46,0.0,44.23,15.38,0.0,52,1.1827,0.7922
20350806,ALMAGRO,Comuna 5,commercial,44.83,6.9,39.66,6.9,1.72,58,1.1837,0.8138
20350807,ALMAGRO,Comuna 5,residential_multifamily,44.59,29.73,22.97,2.7,0.0,74,1.1175,0.7987
20350808,ALMAGRO,Comuna 5,commercial,41.18,8.82,36.76,8.82,4.41,68,1.1551,0.7809
20350809,ALMAGRO,Comuna 5,commercial,37.7,1.64,52.46,8.2,0.0,61,1.2344,0.8779
20350901,ALMAGRO,Comuna 5,commercial,46.51,6.98,41.86,4.65,0.0,43,1.2035,0.8454
20350902,ALMAGRO,Comuna 5,commercial,46.67,10.0,36.67,3.33,0.0,30,1.1667,0.8362
20350903,ALMAGRO,Comuna 5,commercial,50.0,13.16,31.58,5.26,0.0,38,1.1619,0.7961
20350904,ALMAGRO,Comuna 5,commercial,56.67,6.67,36.67,0.0,0.0,30,1.2001,0.8367
20350905,ALMAGRO,Comuna 5,commercial,52.54,8.47,32.2,3.39,3.39,59,1.1601,0.7839
20350906,ALMAGRO,Comuna 5,commercial,50.0,6.25,33.33,4.17,6.25,48,1.1521,0.7698
20350907,ALMAGRO,Comuna 5,commercial,49.02,9.8,41.18,0.0,0.0,51,1.2088,0.8716
20350908,ALMAGRO,Comuna 5,residential_multifamily,63.89,8.33,11.11,11.11,5.56,36,1.068,0.6097
20350909,ALMAGRO,Comuna 5,residential_multifamily,54.76,4.76,19.05,14.29,7.14,42,1.0822,0.6262
20350910,ALMAGRO,Comuna 5,residential_multifamily,63.46,7.69,23.08,1.92,3.85,52,1.1356,0.7327
20351001,ALMAGRO,Comuna 5,residential_multifamily,66.67,0.0,22.22,11.11,0.0,18,1.1389,0.6778
20351002,ALMAGRO,Comuna 5,residential_multifamily,60.61,12.12,18.18,3.03,6.06,33,1.1015,0.7
20351003,ALMAGRO,Comuna 5,commercial,43.68,4.6,42.53,5.75,2.3,87,1.1891,0.8314
20351004,ALMAGRO,Comuna 5,commercial,0.0,50.0,50.0,0.0,0.0,2,1.175,1.025
20351005,ALMAGRO,Comuna 5,office,32.56,4.65,37.21,18.6,4.65,43,1.1232,0.7262
20351006,ALMAGRO,Comuna 5,office,33.77,2.6,48.05,15.58,0.0,77,1.2013,0.8169
20351007,ALMAGRO,Comuna 5,commercial,30.67,6.67,53.33,9.33,0.0,75,1.2267,0.89
20351008,ALMAGRO,Comuna 5,commercial,40.82,0.0,55.1,2.04,0.0,49,1.248,0.9271
20351009,ALMAGRO,Comuna 5,commercial,28.85,7.69,53.85,7.69,0.0,52,1.2193,0.9098
20351010,ALMAGRO,Comuna 5,commercial,37.31,4.48,52.24,5.97,0.0,67,1.2351,0.8948
20351101,ALMAGRO,Comuna 5,residential_multifamily,51.02,12.24,28.57,8.16,0.0,49,1.1469,0.7612
20351102,ALMAGRO,Comuna 5,residential_multifamily,58.7,15.22,19.57,0.0,6.52,46,1.1067,0.7294
20351103,ALMAGRO,Comuna 5,commercial,33.96,7.55,43.4,9.43,3.77,53,1.167,0.8212
20351104,ALMAGRO,Comuna 5,commercial,44.0,10.0,38.0,6.0,2.0,50,1.175,0.815
20351105,ALMAGRO,Comuna 5,residential_multifamily,50.0,12.96,24.07,11.11,1.85,54,1.1166,0.7139
20351106,ALMAGRO,Comuna 5,residential_multifamily,53.12,18.75,12.5,6.25,8.33,96,1.05,0.6579
20351107,ALMAGRO,Comuna 5,residential_multifamily,62.07,15.52,22.41,0.0,0.0,58,1.144,0.7733
20351108,ALMAGRO,Comuna 5,residential_multifamily,43.4,30.19,5.66,0.0,20.75,53,0.9783,0.6264
20351109,ALMAGRO,Comuna 5,residential_multifamily,63.38,23.94,9.86,1.41,1.41,71,1.0838,0.7063
20351110,ALMAGRO,Comuna 5,residential_multifamily,50.0,16.67,16.67,11.11,5.56,18,1.0723,0.6639
20351111,ALMAGRO,Comuna 5,residential_multifamily,60.87,10.87,15.22,4.35,8.7,46,1.0794,0.6619
20351201,ALMAGRO,Comuna 5,residential_multifamily,63.21,17.92,12.26,4.72,0.0,106,1.0868,0.6966
20351202,ALMAGRO,Comuna 5,commercial,21.82,1.82,72.73,3.64,0.0,55,1.3065,1.0227
20351203,ALMAGRO,Comuna 5,commercial,45.16,3.23,50.0,1.61,0.0,62,1.2411,0.9
20351204,ALMAGRO,Comuna 5,commercial,44.44,2.22,42.22,11.11,0.0,45,1.1955,0.8033
20351205,ALMAGRO,Comuna 5,commercial,43.86,3.51,43.86,8.77,0.0,57,1.2044,0.8281
20351206,ALMAGRO,Comuna 5,commercial,25.58,3.88,65.12,4.65,0.0,129,1.2733,0.9801
20351207,ALMAGRO,Comuna 5,residential_multifamily,46.36,25.45,19.09,9.09,0.0,110,1.0963,0.7327
20351301,ALMAGRO,Comuna 5,commercial,32.26,3.23,51.61,12.9,0.0,62,1.2177,0.8532
20351302,ALMAGRO,Comuna 5,residential_multifamily,44.44,22.22,22.22,11.11,0.0,9,1.1055,0.7333
20351303,ALMAGRO,Comuna 5,residential_multifamily,72.0,8.0,8.0,8.0,4.0,25,1.074,0.612
20351304,ALMAGRO,Comuna 5,residential_multifamily,45.07,12.68,25.35,12.68,2.82,71,1.1042,0.7107
20351305,ALMAGRO,Comuna 5,residential_multifamily,53.97,20.63,12.7,1.59,7.94,63,1.0484,0.6909
20351306,ALMAGRO,Comuna 5,residential_multifamily,48.57,34.29,12.14,3.57,1.43,140,1.0696,0.735
20351307,ALMAGRO,Comuna 5,residential_multifamily,60.87,17.39,10.87,10.87,0.0,46,1.0794,0.6543
20351308,ALMAGRO,Comuna 5,commercial,42.86,3.06,50.0,4.08,0.0,98,1.2352,0.8872
20351309,ALMAGRO,Comuna 5,residential_multifamily,49.45,24.18,19.78,5.49,1.1,91,1.1044,0.7473
20351401,ALMAGRO,Comuna 5,office,33.33,8.33,41.67,16.67,0.0,24,1.1708,0.7875
20351402,ALMAGRO,Comuna 5,commercial,34.15,7.32,46.34,9.76,2.44,82,1.1928,0.8378
20351403,ALMAGRO,Comuna 5,commercial,44.12,0.0,52.94,0.0,2.94,34,1.2456,0.9059
20351404,ALMAGRO,Comuna 5,commercial,54.05,9.46,32.43,4.05,0.0,74,1.1729,0.798
20351405,ALMAGRO,Comuna 5,residential_multifamily,56.52,8.7,28.26,4.35,2.17,46,1.1511,0.7609
20351406,ALMAGRO,Comuna 5,commercial,46.15,3.85,42.31,3.85,3.85,26,1.1943,0.8288
20351407,ALMAGRO,Comuna 5,residential_multifamily,47.06,14.29,27.73,8.4,2.52,119,1.1294,0.75
20351408,ALMAGRO,Comuna 5,residential_multifamily,51.35,9.46,29.73,8.11,1.35,74,1.1486,0.7561
20351409,ALMAGRO,Comuna 5,residential_multifamily,52.94,14.71,23.53,7.35,0.0,68,1.1213,0.7433
20351501,ALMAGRO,Comuna 5,residential_multifamily,50.0,9.26,29.63,7.41,1.85,54,1.137,0.7594
20351502,ALMAGRO,Comuna 5,residential_multifamily,60.98,7.32,29.27,2.44,0.0,41,1.1708,0.7817
20351503,ALMAGRO,Comuna 5,commercial,37.5,7.14,48.21,5.36,1.79,56,1.2125,0.8732
20351504,ALMAGRO,Comuna 5,residential_multifamily,55.1,12.24,28.57,4.08,0.0,49,1.1571,0.7816
20351505,ALMAGRO,Comuna 5,commercial,47.17,11.32,37.74,3.77,0.0,53,1.1868,0.8359
20351506,ALMAGRO,Comuna 5,residential_multifamily,57.14,17.86,8.93,8.93,7.14,56,1.0455,0.625
20351507,ALMAGRO,Comuna 5,residential_multifamily,53.19,21.28,17.02,4.26,4.26,47,1.0894,0.717
20351508,ALMAGRO,Comuna 5,commercial,34.02,9.28,37.11,14.43,4.12,97,1.1366,0.7589
20351509,ALMAGRO,Comuna 5,commercial,31.03,6.9,51.72,10.34,0.0,58,1.2189,0.8759
20351601,ALMAGRO,Comuna 5,residential_multifamily,53.21,13.76,26.61,4.59,1.83,109,1.1395,0.7638
20351602,ALMAGRO,Comuna 5,residential_multifamily,52.73,21.82,18.18,3.64,3.64,55,1.0964,0.7309
20351603,ALMAGRO,Comuna 5,residential_multifamily,69.44,8.33,8.33,2.78,11.11,36,1.0555,0.6125
20351604,ALMAGRO,Comuna 5,residential_multifamily,49.55,11.71,18.92,9.01,10.81,111,1.068,0.6545
20351605,ALMAGRO,Comuna 5,residential_multifamily,46.67,19.05,25.71,2.86,5.71,105,1.1157,0.7647
20351606,ALMAGRO,Comuna 5,residential_multifamily,53.33,17.33,25.33,2.67,1.33,75,1.1373,0.7767
20351607,ALMAGRO,Comuna 5,residential_multifamily,52.34,26.17,17.76,2.8,0.93,107,1.1028,0.7543
20351608,ALMAGRO,Comuna 5,residential_multifamily,56.52,23.19,15.22,3.62,0.0,138,1.0931,0.7331
20351609,ALMAGRO,Comuna 5,commercial,45.95,17.12,31.53,2.7,1.8,111,1.1487,0.8132
20351610,ALMAGRO,Comuna 5,residential_multifamily,48.0,21.6,18.4,5.6,4.8,125,1.0776,0.7191
20351611,ALMAGRO,Comuna 5,commercial,35.05,14.43,44.33,3.09,3.09,97,1.1897,0.8743
20351612,ALMAGRO,Comuna 5,commercial,31.75,1.59,57.14,9.52,0.0,63,1.2452,0.8992
20351701,ALMAGRO,Comuna 5,residential_multifamily,48.51,23.88,17.91,1.49,7.46,134,1.0761,0.7309
20351702,ALMAGRO,Comuna 5,residential_multifamily,47.73,21.59,22.73,3.41,4.55,88,1.1069,0.7551
20351703,ALMAGRO,Comuna 5,residential_multifamily,56.34,28.17,4.23,7.04,4.23,71,1.0339,0.6437
20351704,ALMAGRO,Comuna 5,residential_singlefamily,40.99,45.96,4.97,3.11,4.35,161,1.0149,0.7125
20351705,ALMAGRO,Comuna 5,residential_multifamily,54.55,19.48,23.38,2.6,0.0,77,1.1345,0.776
20351706,ALMAGRO,Comuna 5,commercial,51.24,14.88,33.06,0.0,0.0,121,1.1719,0.8375
20351707,ALMAGRO,Comuna 5,residential_multifamily,50.0,37.68,6.52,4.35,1.45,138,1.0456,0.7058
20351708,ALMAGRO,Comuna 5,residential_multifamily,45.59,32.35,19.85,0.0,0.74,136,1.0989,0.8
20351709,ALMAGRO,Comuna 5,residential_singlefamily,36.76,39.71,23.53,0.0,0.0,68,1.111,0.8405
20351710,ALMAGRO,Comuna 5,residential_multifamily,48.21,21.43,19.64,2.68,5.36,112,1.0799,0.7403
20351711,ALMAGRO,Comuna 5,commercial,41.8,13.93,40.98,2.46,0.82,122,1.1921,0.8652
20351801,BOEDO,Comuna 5,residential_multifamily,54.93,15.49,22.54,4.93,2.11,142,1.1226,0.7409
20351802,BOEDO,Comuna 5,commercial,45.86,13.38,36.31,2.55,1.91,157,1.174,0.8309
20351803,BOEDO,Comuna 5,residential_multifamily,50.0,21.21,21.21,1.52,6.06,66,1.1007,0.7484
20351804,BOEDO,Comuna 5,residential_multifamily,47.2,34.16,13.04,2.48,3.11,161,1.0676,0.7388
20351805,BOEDO,Comuna 5,residential_multifamily,57.26,29.03,4.03,1.61,8.06,124,1.0282,0.6565
20351806,BOEDO,Comuna 5,residential_multifamily,48.54,33.98,9.71,2.91,4.85,103,1.049,0.7093
20351807,BOEDO,Comuna 5,commercial,43.4,18.87,33.96,3.77,0.0,53,1.1642,0.8321
20351808,BOEDO,Comuna 5,commercial,42.67,14.67,33.33,1.33,5.33,75,1.1347,0.8144
20351809,BOEDO,Comuna 5,commercial,43.86,12.28,42.11,0.0,1.75,57,1.2,0.8764
20351810,BOEDO,Comuna 5,residential_multifamily,42.67,30.67,25.33,0.0,1.33,75,1.124,0.8233
20351811,BOEDO,Comuna 5,commercial,35.58,10.58,46.15,5.77,1.92,104,1.1995,0.8668
20351901,BOEDO,Comuna 5,residential_multifamily,46.0,24.0,21.0,4.0,4.0,100,1.093,0.7515
20351902,BOEDO,Comuna 5,residential_multifamily,51.28,17.95,24.36,2.56,2.56,78,1.1205,0.7702
20351903,BOEDO,Comuna 5,commercial,32.18,11.88,48.51,3.96,3.47,202,1.2022,0.8871
20351904,BOEDO,Comuna 5,residential_multifamily,43.12,22.94,25.69,1.83,5.5,109,1.1078,0.782
20351905,BOEDO,Comuna 5,residential_multifamily,39.81,30.1,26.21,0.97,2.91,103,1.118,0.816
20351906,BOEDO,Comuna 5,residential_multifamily,43.68,31.03,18.39,3.45,3.45,87,1.0845,0.7569
20351907,BOEDO,Comuna 5,commercial,36.21,18.97,43.1,0.0,1.72,58,1.1931,0.8991
20351908,BOEDO,Comuna 5,commercial,40.57,9.43,47.17,2.83,0.0,106,1.2203,0.8924
20351909,BOEDO,Comuna 5,residential_multifamily,46.97,25.76,18.18,3.03,4.55,66,1.0788,0.7423
20351910,BOEDO,Comuna 5,commercial,30.67,6.75,55.21,4.29,2.45,163,1.23,0.9189
20351911,BOEDO,Comuna 5,residential_multifamily,42.98,16.67,24.56,8.77,6.14,114,1.0938,0.7217
20352001,BOEDO,Comuna 5,residential_multifamily,36.92,25.38,15.38,13.85,6.15,130,1.0318,0.6633
20352002,BOEDO,Comuna 5,residential_multifamily,45.45,27.27,11.11,12.12,4.04,99,1.0439,0.6581
20352003,BOEDO,Comuna 5,residential_multifamily,46.82,35.84,2.89,10.4,2.89,173,1.0089,0.6439
20352004,BOEDO,Comuna 5,residential_multifamily,50.36,34.53,11.51,0.72,2.88,139,1.068,0.7403
20352005,BOEDO,Comuna 5,residential_multifamily,44.57,35.43,13.71,1.14,4.0,175,1.0602,0.7509
20352006,BOEDO,Comuna 5,residential_multifamily,44.59,40.13,14.01,0.64,0.64,157,1.0775,0.7786
20352007,BOEDO,Comuna 5,residential_multifamily,45.14,25.0,13.19,4.86,11.11,144,1.0357,0.6734
20352008,BOEDO,Comuna 5,residential_multifamily,44.44,23.7,14.07,8.15,9.63,135,1.0429,0.6644
20352009,BOEDO,Comuna 5,residential_multifamily,45.92,27.55,11.22,4.08,11.22,98,1.0316,0.6709
20352010,BOEDO,Comuna 5,residential_multifamily,39.0,24.0,25.5,4.5,7.0,200,1.0978,0.7625
20352011,BOEDO,Comuna 5,residential_multifamily,41.3,17.93,29.89,6.52,4.35,184,1.1268,0.7742
20352012,BOEDO,Comuna 5,residential_multifamily,43.62,23.4,14.89,10.64,7.45,188,1.0494,0.6648
20352101,BOEDO,Comuna 5,residential_multifamily,50.0,12.5,30.0,5.0,2.5,40,1.1475,0.7762
20352102,BOEDO,Comuna 5,residential_multifamily,43.85,33.08,10.77,4.62,7.69,130,1.0366,0.6935
20352103,BOEDO,Comuna 5,office,35.44,20.25,5.06,16.46,5.06,79,0.9145,0.5738
20352104,BOEDO,Comuna 5,residential_multifamily,50.0,31.03,7.76,7.76,1.72,116,1.0392,0.6798
20352105,BOEDO,Comuna 5,commercial,26.92,13.46,46.15,11.54,1.92,52,1.1807,0.8452
20352106,BOEDO,Comuna 5,commercial,31.16,20.93,35.81,7.44,4.65,215,1.1364,0.8114
20352107,BOEDO,Comuna 5,residential_multifamily,47.06,34.56,7.35,7.35,1.47,136,1.032,0.6899
20352108,BOEDO,Comuna 5,residential_multifamily,36.13,22.69,24.37,8.4,6.72,119,1.0777,0.7364
20352109,BOEDO,Comuna 5,office,34.74,29.47,3.16,16.32,2.11,190,0.9298,0.603
20352110,BOEDO,Comuna 5,office,28.03,17.42,35.61,15.91,3.03,132,1.1273,0.7655
20352111,BOEDO,Comuna 5,residential_multifamily,43.09,31.71,18.7,2.44,4.07,123,1.0842,0.763
20352112,BOEDO,Comuna 5,residential_multifamily,51.72,37.93,5.17,0.0,5.17,58,1.0353,0.7052
20352201,BOEDO,Comuna 5,commercial,28.89,23.7,36.3,5.19,5.93,135,1.1338,0.8274
20352202,BOEDO,Comuna 5,residential_multifamily,44.92,29.41,16.58,3.21,5.35,187,1.0703,0.7363
20352203,BOEDO,Comuna 5,residential_singlefamily,40.3,43.28,11.94,1.49,2.99,134,1.0537,0.7604
20352204,BOEDO,Comuna 5,commercial,32.74,21.97,39.46,1.79,4.04,223,1.1628,0.8666
20352205,BOEDO,Comuna 5,residential_multifamily,46.63,30.67,8.59,2.45,10.43,163,1.0193,0.6752
20352206,BOEDO,Comuna 5,residential_multifamily,50.0,35.05,6.7,3.09,4.12,194,1.035,0.6969
20352207,BOEDO,Comuna 5,residential_multifamily,50.98,27.45,5.88,13.73,1.96,51,1.0333,0.6274
20352208,BOEDO,Comuna 5,residential_singlefamily,30.77,42.95,14.1,1.28,10.26,156,1.0247,0.7455
20352209,BOEDO,Comuna 5,residential_multifamily,49.75,29.06,6.9,0.99,12.81,203,1.0141,0.6581
20352210,BOEDO,Comuna 5,residential_multifamily,52.56,29.49,8.97,2.56,6.41,156,1.0474,0.6891
20352211,BOEDO,Comuna 5,residential_multifamily,45.91,38.99,5.03,0.0,10.06,159,1.0113,0.6874
20352212,BOEDO,Comuna 5,residential_multifamily,41.63,25.84,24.88,0.96,6.22,209,1.1027,0.7851
20352213,BOEDO,Comuna 5,commercial,38.04,16.56,32.52,4.29,7.36,163,1.1215,0.7879
20420101,CABALLITO,Comuna 6,residential_multifamily,38.78,29.93,21.77,2.72,6.8,147,1.083,0.7646
20420102,CABALLITO,Comuna 6,residential_multifamily,37.36,31.87,17.58,6.59,5.49,91,1.0571,0.7317
20420103,CABALLITO,Comuna 6,residential_multifamily,62.75,19.61,5.88,0.0,11.76,51,1.0353,0.6373
20420104,CABALLITO,Comuna 6,residential_multifamily,60.0,13.64,18.18,0.91,6.36,110,1.0977,0.7142
20420105,CABALLITO,Comuna 6,residential_multifamily,56.44,24.75,10.89,4.95,2.97,101,1.0698,0.6906
20420106,CABALLITO,Comuna 6,residential_multifamily,51.43,31.43,5.71,1.9,8.57,105,1.0209,0.6697
20420107,CABALLITO,Comuna 6,residential_multifamily,50.0,26.53,11.22,1.02,11.22,98,1.0408,0.6837
20420108,CABALLITO,Comuna 6,residential_multifamily,40.65,34.15,13.01,4.07,8.13,123,1.0412,0.7106
20420109,CABALLITO,Comuna 6,residential_multifamily,46.97,36.36,7.58,1.52,6.82,132,1.0292,0.7023
20420110,CABALLITO,Comuna 6,residential_multifamily,45.56,30.0,11.11,2.22,10.0,90,1.0311,0.6916
20420111,CABALLITO,Comuna 6,residential_multifamily,39.66,33.62,15.52,0.86,9.48,116,1.0462,0.7361
20420112,CABALLITO,Comuna 6,residential_multifamily,56.52,13.04,21.74,4.35,4.35,23,1.1152,0.7239
20420201,CABALLITO,Comuna 6,residential_multifamily,44.38,32.02,16.85,0.56,5.62,178,1.0724,0.7568
20420202,CABALLITO,Comuna 6,residential_singlefamily,39.31,56.65,1.16,1.16,1.16,173,1.007,0.7389
20420203,CABALLITO,Comuna 6,residential_singlefamily,35.76,57.62,2.65,3.97,0.0,151,1.0116,0.7401
20420204,CABALLITO,Comuna 6,residential_singlefamily,41.18,44.44,10.46,1.96,1.96,153,1.051,0.7562
20420205,CABALLITO,Comuna 6,residential_multifamily,37.5,36.11,25.0,1.39,0.0,144,1.1174,0.8333
20420206,CABALLITO,Comuna 6,residential_multifamily,50.4,35.2,9.6,2.4,1.6,125,1.058,0.7282
20420207,CABALLITO,Comuna 6,commercial,50.88,7.02,42.11,0.0,0.0,57,1.2159,0.8702
20420208,CABALLITO,Comuna 6,residential_multifamily,41.67,34.44,20.0,3.33,0.56,180,1.0975,0.7872
20420209,CABALLITO,Comuna 6,residential_multifamily,46.55,37.07,6.03,5.17,5.17,116,1.0262,0.6823
20420210,CABALLITO,Comuna 6,residential_multifamily,40.16,38.58,7.09,9.45,1.57,127,1.0138,0.6882
20420211,CABALLITO,Comuna 6,residential_multifamily,48.0,34.67,9.33,4.0,2.67,75,1.046,0.7135
20420212,CABALLITO,Comuna 6,residential_multifamily,46.75,22.08,25.97,2.6,2.6,77,1.1266,0.7876
20420301,CABALLITO,Comuna 6,residential_multifamily,43.15,32.19,20.55,1.37,2.74,146,1.0976,0.786
20420302,CABALLITO,Comuna 6,residential_singlefamily,36.26,47.25,3.85,9.34,2.75,182,1.0016,0.684
20420303,CABALLITO,Comuna 6,residential_multifamily,39.31,30.64,27.17,0.58,1.73,173,1.1229,0.8311
20420304,CABALLITO,Comuna 6,residential_multifamily,44.79,31.25,15.62,4.17,4.17,96,1.0708,0.7343
20420305,CABALLITO,Comuna 6,residential_multifamily,50.0,25.0,17.5,5.0,2.5,40,1.0913,0.7325
20420306,CABALLITO,Comuna 6,commercial,41.51,18.87,31.13,3.77,4.72,106,1.1344,0.7962
20420307,CABALLITO,Comuna 6,residential_multifamily,55.36,22.32,12.5,2.68,7.14,112,1.0652,0.6888
20420308,CABALLITO,Comuna 6,commercial,48.39,7.53,37.63,2.15,4.3,93,1.1769,0.8167
20420309,CABALLITO,Comuna 6,commercial,49.12,14.04,33.33,1.75,1.75,57,1.1666,0.8194
20420310,CABALLITO,Comuna 6,residential_multifamily,50.0,19.0,27.0,1.0,2.0,100,1.135,0.7985
20420311,CABALLITO,Comuna 6,residential_multifamily,51.85,25.93,16.05,3.7,2.47,81,1.0889,0.7327
20420401,CABALLITO,Comuna 6,residential_multifamily,55.7,27.85,7.59,0.0,8.86,79,1.0411,0.6797
20420402,CABALLITO,Comuna 6,residential_singlefamily,38.39,46.45,8.53,3.32,2.37,211,1.0313,0.7426
20420403,CABALLITO,Comuna 6,residential_multifamily,49.45,38.46,6.59,1.1,3.3,91,1.0379,0.7183
20420404,CABALLITO,Comuna 6,residential_singlefamily,37.5,42.5,15.83,3.33,0.83,120,1.0716,0.7813
20420405,CABALLITO,Comuna 6,residential_singlefamily,35.71,45.24,7.14,5.95,5.95,84,1.0118,0.7024
20420406,CABALLITO,Comuna 6,residential_multifamily,52.78,30.56,13.89,2.78,0.0,72,1.089,0.7458
20420407,CABALLITO,Comuna 6,residential_singlefamily,33.75,47.5,13.75,2.5,2.5,160,1.0525,0.7787
20420408,CABALLITO,Comuna 6,residential_singlefamily,36.36,38.89,20.2,3.03,1.01,198,1.0871,0.8003
20420409,CABALLITO,Comuna 6,residential_singlefamily,40.1,44.16,12.69,3.05,0.0,197,1.0642,0.7713
20420410,CABALLITO,Comuna 6,residential_multifamily,50.98,27.45,20.59,0.0,0.0,102,1.1147,0.7941
20420411,CABALLITO,Comuna 6,residential_multifamily,56.04,25.27,17.58,1.1,0.0,91,1.112,0.7632
20420412,CABALLITO,Comuna 6,residential_multifamily,50.76,24.24,21.97,0.76,1.52,132,1.1163,0.7839
20420501,CABALLITO,Comuna 6,commercial,40.91,9.09,47.73,2.27,0.0,44,1.2239,0.8978
20420502,CABALLITO,Comuna 6,commercial,48.0,12.0,40.0,0.0,0.0,50,1.202,0.87
20420503,CABALLITO,Comuna 6,commercial,52.38,11.43,30.48,4.76,0.95,105,1.1581,0.7839
20420504,CABALLITO,Comuna 6,residential_multifamily,62.75,13.73,23.53,0.0,0.0,51,1.1501,0.7755
20420505,CABALLITO,Comuna 6,residential_multifamily,52.5,28.33,15.0,2.5,1.67,120,1.0887,0.7416
20420506,CABALLITO,Comuna 6,commercial,28.07,14.04,54.39,3.51,0.0,57,1.2334,0.9439
20420507,CABALLITO,Comuna 6,commercial,50.45,9.91,37.84,0.0,0.9,111,1.1892,0.8505
20420508,CABALLITO,Comuna 6,residential_multifamily,71.43,21.43,7.14,0.0,0.0,14,1.0893,0.6964
20420509,CABALLITO,Comuna 6,residential_multifamily,57.89,10.53,21.05,0.0,0.0,19,1.0842,0.7706
20420510,CABALLITO,Comuna 6,residential_multifamily,55.88,32.35,10.29,0.0,0.0,68,1.0735,0.7448
20420511,CABALLITO,Comuna 6,residential_multifamily,53.85,9.62,26.92,7.69,1.92,52,1.1385,0.7394
20420512,CABALLITO,Comuna 6,commercial,45.35,12.79,38.37,1.16,1.16,86,1.1808,0.8547
20420513,CABALLITO,Comuna 6,commercial,28.57,0.0,71.43,0.0,0.0,7,1.3143,1.0286
20420601,CABALLITO,Comuna 6,commercial,47.22,11.11,36.11,5.56,0.0,36,1.1778,0.8166
20420602,CABALLITO,Comuna 6,residential_multifamily,70.0,2.0,24.0,2.0,0.0,50,1.152,0.7418
20420603,CABALLITO,Comuna 6,commercial,52.83,7.55,37.74,0.0,0.0,53,1.1906,0.85
20420604,CABALLITO,Comuna 6,commercial,51.61,4.84,41.94,1.61,0.0,62,1.2145,0.8557
20420605,CABALLITO,Comuna 6,commercial,42.86,14.29,37.14,5.71,0.0,35,1.1757,0.83
20420606,CABALLITO,Comuna 6,residential_multifamily,38.1,23.81,28.57,9.52,0.0,21,1.1262,0.7833
20420607,CABALLITO,Comuna 6,residential_multifamily,66.67,6.06,24.24,3.03,0.0,33,1.1561,0.7454
20420608,CABALLITO,Comuna 6,commercial,51.43,2.86,42.86,2.86,0.0,70,1.2173,0.85
20420609,CABALLITO,Comuna 6,commercial,36.25,7.5,47.5,6.25,2.5,80,1.2044,0.8625
20420701,CABALLITO,Comuna 6,office,51.52,3.03,27.27,18.18,0.0,33,1.1318,0.6803
20420702,CABALLITO,Comuna 6,residential_multifamily,54.55,16.36,21.82,7.27,0.0,55,1.1227,0.7355
20420703,CABALLITO,Comuna 6,office,28.57,0.0,14.29,42.86,0.0,7,0.95,0.45
20420704,CABALLITO,Comuna 6,residential_multifamily,43.08,32.31,21.54,1.54,1.54,65,1.1055,0.7961
20420705,CABALLITO,Comuna 6,commercial,37.32,14.08,41.55,5.63,1.41,142,1.183,0.8507
20420706,CABALLITO,Comuna 6,commercial,43.24,5.41,39.19,12.16,0.0,74,1.1791,0.7879
20420707,CABALLITO,Comuna 6,residential_multifamily,56.19,19.05,16.19,4.76,2.86,105,1.0895,0.7106
20420708,CABALLITO,Comuna 6,residential_multifamily,54.74,23.16,18.95,2.11,0.0,95,1.1106,0.7627
20420709,CABALLITO,Comuna 6,residential_multifamily,55.7,27.85,13.92,2.53,0.0,79,1.0937,0.7405
20420710,CABALLITO,Comuna 6,residential_multifamily,44.76,44.76,4.76,3.81,1.9,105,1.029,0.7138
20420711,CABALLITO,Comuna 6,residential_multifamily,52.63,34.21,7.89,5.26,0.0,38,1.0591,0.7066
20420712,CABALLITO,Comuna 6,residential_singlefamily,34.69,42.86,19.39,3.06,0.0,98,1.0862,0.8082
20420713,CABALLITO,Comuna 6,commercial,56.36,7.27,32.73,3.64,0.0,55,1.1782,0.7964
20420801,CABALLITO,Comuna 6,residential_multifamily,51.11,24.44,20.0,3.33,1.11,90,1.11,0.76
20420802,CABALLITO,Comuna 6,residential_multifamily,40.52,24.18,28.76,4.58,0.0,153,1.1268,0.8143
20420803,CABALLITO,Comuna 6,residential_multifamily,66.0,16.0,18.0,0.0,0.0,50,1.13,0.748
20420804,CABALLITO,Comuna 6,residential_multifamily,45.33,25.33,25.33,2.67,1.33,75,1.1253,0.7967
20420805,CABALLITO,Comuna 6,commercial,67.65,0.0,32.35,0.0,0.0,34,1.1971,0.7941
20420806,CABALLITO,Comuna 6,residential_multifamily,40.0,35.0,7.5,12.5,2.5,40,1.0125,0.6615
20420807,CABALLITO,Comuna 6,residential_multifamily,46.07,32.58,16.85,3.37,0.0,89,1.0865,0.7676
20420808,CABALLITO,Comuna 6,residential_multifamily,52.94,35.29,8.82,2.94,0.0,34,1.0661,0.7265
20420809,CABALLITO,Comuna 6,commercial,52.46,4.92,37.7,4.92,0.0,61,1.1934,0.8139
20420810,CABALLITO,Comuna 6,residential_multifamily,66.67,13.33,15.56,4.44,0.0,45,1.1156,0.7045
20420811,CABALLITO,Comuna 6,residential_multifamily,61.76,29.41,0.0,8.82,0.0,34,1.0338,0.6294
20420901,CABALLITO,Comuna 6,commercial,50.0,0.0,50.0,0.0,0.0,20,1.25,0.9
20420902,CABALLITO,Comuna 6,commercial,24.32,2.7,70.27,2.7,0.0,37,1.2999,1.0149
20420903,CABALLITO,Comuna 6,commercial,28.07,3.51,68.42,0.0,0.0,57,1.3,1.0193
20420904,CABALLITO,Comuna 6,commercial,23.94,0.0,71.83,4.23,0.0,71,1.3049,1.0098
20420905,CABALLITO,Comuna 6,commercial,30.43,0.0,65.22,4.35,0.0,23,1.2848,0.9696
20420906,CABALLITO,Comuna 6,residential_multifamily,66.67,9.09,18.18,6.06,0.0,66,1.1258,0.7015
20420907,CABALLITO,Comuna 6,residential_multifamily,65.0,5.0,20.0,5.0,0.0,20,1.11,0.7132
20420908,CABALLITO,Comuna 6,commercial,29.63,3.7,62.96,3.7,0.0,27,1.274,0.9685
20420909,CABALLITO,Comuna 6,commercial,53.57,2.38,38.1,5.95,0.0,84,1.1959,0.8048
20420910,CABALLITO,Comuna 6,commercial,45.95,6.31,43.24,4.5,0.0,111,1.209,0.8527
20421001,CABALLITO,Comuna 6,commercial,42.65,4.41,51.47,1.47,0.0,68,1.2441,0.9125
20421002,CABALLITO,Comuna 6,commercial,17.24,3.45,72.41,6.9,0.0,29,1.2948,1.0086
20421003,CABALLITO,Comuna 6,residential_multifamily,46.88,12.5,21.88,12.5,3.12,32,1.0829,0.6904
20421004,CABALLITO,Comuna 6,commercial,52.94,1.96,37.25,5.88,0.0,51,1.1823,0.803
20421005,CABALLITO,Comuna 6,commercial,43.86,0.0,54.39,1.75,0.0,57,1.2588,0.9176
20421006,CABALLITO,Comuna 6,commercial,34.92,4.76,57.14,1.59,0.0,63,1.2508,0.9524
20421007,CABALLITO,Comuna 6,commercial,10.0,0.0,88.57,1.43,0.0,70,1.3621,1.1243
20421008,CABALLITO,Comuna 6,commercial,34.92,1.59,63.49,0.0,0.0,63,1.2881,0.9849
20421009,CABALLITO,Comuna 6,office,20.0,0.0,60.0,20.0,0.0,5,1.23,0.86
20421010,CABALLITO,Comuna 6,commercial,52.31,7.69,40.0,0.0,0.0,65,1.2085,0.8592
20421101,CABALLITO,Comuna 6,residential_multifamily,51.0,37.0,6.0,3.0,3.0,100,1.0415,0.7015
20421102,CABALLITO,Comuna 6,residential_multifamily,51.9,24.05,20.25,2.53,1.27,79,1.1126,0.7639
20421103,CABALLITO,Comuna 6,residential_multifamily,50.79,22.22,23.81,0.0,0.0,63,1.119,0.8049
20421104,CABALLITO,Comuna 6,residential_multifamily,44.74,34.21,7.89,2.63,2.63,38,1.0065,0.7186
20421105,CABALLITO,Comuna 6,residential_multifamily,53.85,21.54,13.85,10.77,0.0,65,1.0824,0.6831
20421106,CABALLITO,Comuna 6,residential_multifamily,49.07,27.78,22.22,0.93,0.0,108,1.1227,0.7981
20421107,CABALLITO,Comuna 6,residential_multifamily,62.5,5.0,25.0,5.0,2.5,40,1.1438,0.7275
20421108,CABALLITO,Comuna 6,commercial,49.45,10.99,38.46,1.1,0.0,91,1.1961,0.8527
20421109,CABALLITO,Comuna 6,residential_multifamily,54.67,14.67,26.67,4.0,0.0,75,1.1481,0.7767
20421110,CABALLITO,Comuna 6,residential_multifamily,85.71,0.0,14.29,0.0,0.0,7,1.1429,0.6857
20421201,CABALLITO,Comuna 6,residential_multifamily,40.0,40.0,10.0,5.0,5.0,0,1.035,0.715
20421202,CABALLITO,Comuna 6,residential_multifamily,47.14,27.14,17.14,1.43,7.14,70,1.0749,0.735
20421203,CABALLITO,Comuna 6,residential_multifamily,37.43,18.71,22.22,5.26,14.04,171,1.0482,0.7
20421204,CABALLITO,Comuna 6,commercial,34.62,19.23,46.15,0.0,0.0,26,1.2096,0.925
20421205,CABALLITO,Comuna 6,commercial,51.06,8.51,40.43,0.0,0.0,47,1.2085,0.8639
20421206,CABALLITO,Comuna 6,commercial,52.94,5.88,35.29,5.88,0.0,34,1.1823,0.7971
20421207,CABALLITO,Comuna 6,commercial,42.5,17.5,35.0,2.5,2.5,40,1.1613,0.8312
20421208,CABALLITO,Comuna 6,commercial,59.52,4.76,33.33,2.38,0.0,42,1.1868,0.8
20421209,CABALLITO,Comuna 6,commercial,46.67,4.44,44.44,4.44,0.0,45,1.2155,0.8556
20421210,CABALLITO,Comuna 6,commercial,36.17,4.26,48.94,2.13,2.13,47,1.1873,0.9045
20421211,CABALLITO,Comuna 6,commercial,38.89,6.94,47.22,5.56,1.39,72,1.2111,0.8673
20421212,CABALLITO,Comuna 6,commercial,33.33,5.0,58.33,3.33,0.0,60,1.2591,0.9459
20421301,CABALLITO,Comuna 6,commercial,47.14,12.86,35.71,1.43,0.0,70,1.1671,0.8463
20421302,CABALLITO,Comuna 6,residential_multifamily,58.7,10.87,23.91,6.52,0.0,46,1.1391,0.738
20421303,CABALLITO,Comuna 6,residential_multifamily,57.69,7.69,25.0,7.69,0.0,52,1.1327,0.7333
20421304,CABALLITO,Comuna 6,residential_multifamily,57.63,6.78,28.81,3.39,1.69,59,1.15,0.769
20421305,CABALLITO,Comuna 6,commercial,48.94,12.77,31.91,6.38,0.0,47,1.1606,0.7915
20421306,CABALLITO,Comuna 6,commercial,59.09,4.55,31.82,4.55,0.0,44,1.1774,0.7795
20421307,CABALLITO,Comuna 6,residential_multifamily,60.32,20.63,14.29,4.76,0.0,63,1.1,0.7135
20421308,CABALLITO,Comuna 6,residential_multifamily,76.0,8.0,12.0,4.0,0.0,25,1.114,0.672
20421309,CABALLITO,Comuna 6,residential_multifamily,65.52,20.69,13.79,0.0,0.0,29,1.1103,0.7345
20421310,CABALLITO,Comuna 6,residential_multifamily,66.67,19.44,13.89,0.0,0.0,36,1.1125,0.7319
20421311,CABALLITO,Comuna 6,commercial,46.34,12.2,36.59,2.44,2.44,41,1.1745,0.8281
20421312,CABALLITO,Comuna 6,residential_multifamily,50.0,17.57,28.38,2.7,1.35,74,1.146,0.7953
20421313,CABALLITO,Comuna 6,residential_multifamily,75.0,3.57,21.43,0.0,0.0,28,1.1589,0.7375
20421401,CABALLITO,Comuna 6,residential_multifamily,56.86,23.53,15.69,3.92,0.0,51,1.102,0.7334
20421402,CABALLITO,Comuna 6,residential_multifamily,48.28,26.44,24.14,1.15,0.0,87,1.13,0.8052
20421403,CABALLITO,Comuna 6,residential_multifamily,52.46,22.95,18.03,6.56,0.0,61,1.1033,0.7328
20421404,CABALLITO,Comuna 6,residential_multifamily,58.33,13.33,23.33,5.0,0.0,60,1.1374,0.7483
20421405,CABALLITO,Comuna 6,residential_multifamily,70.11,19.54,8.05,2.3,0.0,87,1.0891,0.6856
20421406,CABALLITO,Comuna 6,commercial,51.14,10.23,34.09,4.55,0.0,88,1.1757,0.8073
20421407,CABALLITO,Comuna 6,residential_multifamily,59.26,37.04,0.0,3.7,0.0,27,1.0352,0.6741
20421408,CABALLITO,Comuna 6,residential_multifamily,59.52,19.05,16.67,4.76,0.0,42,1.1095,0.7238
20421409,CABALLITO,Comuna 6,residential_multifamily,46.58,28.77,20.55,2.74,1.37,73,1.1056,0.776
20421410,CABALLITO,Comuna 6,residential_multifamily,58.62,10.34,24.14,6.9,0.0,29,1.1397,0.7362
20421411,CABALLITO,Comuna 6,residential_multifamily,76.47,17.65,5.88,0.0,0.0,34,1.0912,0.6794
20421412,CABALLITO,Comuna 6,residential_multifamily,45.9,24.59,24.59,1.64,0.0,61,1.1131,0.8076
20421501,CABALLITO,Comuna 6,commercial,42.39,15.22,38.04,4.35,0.0,92,1.1804,0.8445
20421502,CABALLITO,Comuna 6,residential_multifamily,62.16,2.7,29.73,5.41,0.0,37,1.1716,0.7581
20421503,CABALLITO,Comuna 6,residential_multifamily,64.29,14.29,19.64,1.79,0.0,56,1.1331,0.7446
20421504,CABALLITO,Comuna 6,residential_multifamily,48.84,39.53,6.98,4.65,0.0,43,1.05,0.7175
20421505,CABALLITO,Comuna 6,residential_multifamily,64.29,26.19,4.76,4.76,0.0,42,1.0631,0.6702
20421506,CABALLITO,Comuna 6,residential_singlefamily,37.11,49.06,12.58,1.26,0.0,159,1.0611,0.7918
20421507,CABALLITO,Comuna 6,residential_multifamily,47.5,28.12,20.62,3.12,0.62,160,1.109,0.776
20421508,CABALLITO,Comuna 6,residential_multifamily,71.11,17.78,11.11,0.0,0.0,45,1.1067,0.7111
20421509,CABALLITO,Comuna 6,residential_multifamily,54.29,31.43,11.43,2.86,0.0,35,1.0801,0.7328
20421510,CABALLITO,Comuna 6,residential_multifamily,70.0,8.0,22.0,0.0,0.0,50,1.154,0.752
20421601,CABALLITO,Comuna 6,residential_multifamily,58.33,41.67,0.0,0.0,0.0,12,1.0375,0.7042
20421602,CABALLITO,Comuna 6,residential_singlefamily,38.04,53.26,7.61,1.09,0.0,92,1.0402,0.7734
20421603,CABALLITO,Comuna 6,residential_multifamily,60.47,30.23,9.3,0.0,0.0,43,1.0826,0.7314
20421604,CABALLITO,Comuna 6,residential_multifamily,58.62,26.44,10.34,2.3,2.3,87,1.0753,0.7074
20421605,CABALLITO,Comuna 6,residential_multifamily,79.27,12.2,7.32,1.22,0.0,82,1.1007,0.6683
20421606,CABALLITO,Comuna 6,residential_multifamily,60.75,20.56,18.69,0.0,0.0,107,1.1252,0.7635
20421607,CABALLITO,Comuna 6,residential_multifamily,66.67,22.55,10.78,0.0,0.0,102,1.0985,0.7211
20421608,CABALLITO,Comuna 6,residential_multifamily,50.68,35.62,13.7,0.0,0.0,73,1.0877,0.7712
20421609,CABALLITO,Comuna 6,residential_multifamily,50.0,16.22,29.73,2.7,1.35,74,1.152,0.8
20421610,CABALLITO,Comuna 6,commercial,48.57,17.14,34.29,0.0,0.0,35,1.1772,0.8486
20421611,CABALLITO,Comuna 6,residential_multifamily,52.78,19.44,26.85,0.93,0.0,108,1.1491,0.805
20421612,CABALLITO,Comuna 6,residential_multifamily,58.82,17.65,23.53,0.0,0.0,51,1.1441,0.7853
20421613,CABALLITO,Comuna 6,residential_multifamily,57.63,27.12,11.86,3.39,0.0,59,1.0864,0.722
20421614,CABALLITO,Comuna 6,residential_multifamily,58.49,16.98,20.75,0.0,3.77,53,1.1198,0.7519
20421701,CABALLITO,Comuna 6,commercial,40.45,11.24,42.7,2.25,2.25,89,1.1888,0.867
20421702,CABALLITO,Comuna 6,commercial,25.0,1.47,69.12,1.47,0.0,68,1.2838,1.0235
20421703,CABALLITO,Comuna 6,commercial,37.5,0.0,59.38,0.0,3.12,32,1.2641,0.9438
20421704,CABALLITO,Comuna 6,commercial,55.0,7.5,37.5,0.0,0.0,40,1.2012,0.8438
20421705,CABALLITO,Comuna 6,commercial,36.04,4.5,58.56,0.9,0.0,111,1.2667,0.9581
20421706,CABALLITO,Comuna 6,commercial,50.0,3.57,46.43,0.0,0.0,56,1.2339,0.8875
20421707,CABALLITO,Comuna 6,residential_multifamily,50.0,21.15,26.92,1.92,0.0,52,1.1442,0.8048
20421801,CABALLITO,Comuna 6,commercial,45.45,0.0,51.52,3.03,0.0,33,1.247,0.894
20421802,CABALLITO,Comuna 6,residential_multifamily,68.18,4.55,21.21,3.03,1.52,66,1.1333,0.7192
20421803,CABALLITO,Comuna 6,commercial,47.73,4.55,47.73,0.0,0.0,44,1.2365,0.8977
20421804,CABALLITO,Comuna 6,commercial,43.88,3.06,50.0,3.06,0.0,98,1.2378,0.8923
20421805,CABALLITO,Comuna 6,residential_multifamily,82.35,0.0,17.65,0.0,0.0,17,1.1529,0.7059
20421806,CABALLITO,Comuna 6,residential_multifamily,42.67,24.0,28.0,5.33,0.0,75,1.1347,0.8013
20421807,CABALLITO,Comuna 6,commercial,60.0,6.67,33.33,0.0,0.0,60,1.19,0.8167
20421808,CABALLITO,Comuna 6,residential_multifamily,62.22,4.44,24.44,6.67,0.0,45,1.1366,0.7272
20421809,CABALLITO,Comuna 6,residential_multifamily,51.35,13.51,29.73,4.05,0.0,74,1.1506,0.7946
20421901,CABALLITO,Comuna 6,commercial,60.87,4.35,34.78,0.0,0.0,46,1.1978,0.8196
20421902,CABALLITO,Comuna 6,commercial,50.85,8.47,40.68,0.0,0.0,59,1.2093,0.8653
20421903,CABALLITO,Comuna 6,commercial,56.25,1.56,37.5,4.69,0.0,64,1.1984,0.8054
20421904,CABALLITO,Comuna 6,commercial,52.0,4.0,44.0,0.0,0.0,50,1.226,0.874
20421905,CABALLITO,Comuna 6,commercial,54.84,9.68,35.48,0.0,0.0,31,1.1919,0.8371
20421906,CABALLITO,Comuna 6,commercial,53.95,3.95,36.84,5.26,0.0,76,1.1914,0.8046
20421907,CABALLITO,Comuna 6,commercial,62.07,3.45,34.48,0.0,0.0,58,1.1983,0.8155
20421908,CABALLITO,Comuna 6,commercial,60.87,8.7,30.43,0.0,0.0,46,1.1782,0.8043
20422001,CABALLITO,Comuna 6,residential_multifamily,65.96,10.64,21.28,0.0,0.0,47,1.1352,0.7576
20422002,CABALLITO,Comuna 6,residential_multifamily,59.09,18.18,22.73,0.0,0.0,44,1.1409,0.7818
20422003,CABALLITO,Comuna 6,commercial,58.67,5.33,30.67,5.33,0.0,75,1.1707,0.7707
20422004,CABALLITO,Comuna 6,commercial,50.0,2.0,48.0,0.0,0.0,50,1.241,0.893
20422005,CABALLITO,Comuna 6,commercial,53.19,0.0,44.68,2.13,0.0,47,1.2287,0.8574
20422006,CABALLITO,Comuna 6,commercial,38.46,1.92,50.0,9.62,0.0,52,1.2231,0.8567
20422007,CABALLITO,Comuna 6,residential_multifamily,57.14,31.87,8.79,2.2,0.0,91,1.0731,0.7214
20422008,CABALLITO,Comuna 6,commercial,53.62,13.04,31.88,0.0,1.45,69,1.1695,0.8181
20422009,CABALLITO,Comuna 6,commercial,53.73,10.45,32.84,2.99,0.0,67,1.1755,0.8082
20422010,CABALLITO,Comuna 6,commercial,52.08,10.42,35.42,2.08,0.0,48,1.1854,0.8282
20422101,CABALLITO,Comuna 6,commercial,48.94,8.51,38.3,4.26,0.0,47,1.1916,0.8298
20422102,CABALLITO,Comuna 6,residential_multifamily,56.9,6.9,29.31,5.17,1.72,58,1.1569,0.7604
20422103,CABALLITO,Comuna 6,residential_multifamily,56.47,27.06,12.94,2.35,1.18,85,1.087,0.7288
20422104,CABALLITO,Comuna 6,residential_multifamily,56.6,28.3,11.32,0.0,3.77,53,1.0745,0.7236
20422105,CABALLITO,Comuna 6,residential_multifamily,50.75,20.9,25.37,2.99,0.0,67,1.1374,0.7895
20422106,CABALLITO,Comuna 6,residential_multifamily,66.67,7.69,12.82,5.13,7.69,39,1.0795,0.6397
20422107,CABALLITO,Comuna 6,commercial,36.26,19.3,38.01,4.68,1.75,171,1.1655,0.8459
20422108,CABALLITO,Comuna 6,commercial,40.7,13.95,39.53,3.49,2.33,86,1.1785,0.8453
20422109,CABALLITO,Comuna 6,commercial,34.46,12.16,50.0,2.03,1.35,148,1.2206,0.9149
20422110,CABALLITO,Comuna 6,residential_multifamily,53.54,16.16,25.25,3.03,1.01,99,1.1333,0.7745
20422111,CABALLITO,Comuna 6,commercial,43.36,16.08,37.76,2.1,0.7,143,1.1808,0.8535
20422112,CABALLITO,Comuna 6,residential_multifamily,45.95,33.78,13.51,2.7,4.05,74,1.0648,0.7358
20490101,FLORES,Comuna 7,commercial,8.49,7.69,58.36,1.59,23.34,377,1.1514,0.8695
20490102,FLORES,Comuna 7,commercial,21.02,20.45,32.39,3.98,22.16,176,1.0568,0.7369
20490103,FLORES,Comuna 7,commercial,14.61,2.25,54.49,3.93,23.6,178,1.1374,0.821
20490104,FLORES,Comuna 7,industrial,2.15,0.92,68.97,0.77,27.19,651,1.1812,0.9035
20490105,FLORES,Comuna 7,commercial,3.64,0.81,70.85,0.4,24.29,247,1.201,0.928
20490106,FLORES,Comuna 7,commercial,4.04,1.01,73.06,2.02,19.87,297,1.2232,0.9513
20490107,FLORES,Comuna 7,commercial,21.55,3.45,57.76,1.72,15.52,116,1.194,0.8845
20490108,FLORES,Comuna 7,commercial,22.41,5.17,58.62,8.62,5.17,58,1.2232,0.9009
20490109,FLORES,Comuna 7,commercial,31.09,14.29,42.86,1.68,10.08,119,1.1576,0.8442
20490110,FLORES,Comuna 7,residential_multifamily,41.18,24.71,22.35,7.06,3.53,85,1.0894,0.7482
20490111,FLORES,Comuna 7,residential_multifamily,61.54,3.85,21.15,11.54,1.92,52,1.1202,0.6711
20490201,FLORES,Comuna 7,residential_multifamily,44.19,27.91,16.28,4.07,7.56,172,1.0629,0.7169
20490202,FLORES,Comuna 7,residential_singlefamily,38.0,39.33,15.33,2.0,4.67,150,1.057,0.7627
20490203,FLORES,Comuna 7,residential_singlefamily,36.69,40.24,15.38,1.78,5.33,169,1.0539,0.7636
20490204,FLORES,Comuna 7,residential_singlefamily,38.06,39.55,2.24,1.49,18.66,134,0.9597,0.6302
20490205,FLORES,Comuna 7,commercial,31.14,8.98,40.12,4.19,15.57,167,1.1263,0.7799
20490206,FLORES,Comuna 7,commercial,8.57,0.48,76.67,1.9,12.38,210,1.2688,1.0022
20490207,FLORES,Comuna 7,commercial,21.29,3.87,52.9,6.45,15.48,155,1.167,0.8329
20490208,FLORES,Comuna 7,residential_multifamily,33.8,33.8,18.31,12.68,1.41,71,1.0662,0.7253
20490209,FLORES,Comuna 7,residential_singlefamily,33.33,42.34,16.22,6.31,0.9,111,1.0599,0.7695
20490301,FLORES,Comuna 7,residential_singlefamily,41.1,49.32,8.22,0.0,1.37,73,1.0446,0.7671
20490302,FLORES,Comuna 7,residential_multifamily,50.0,35.71,10.32,0.79,3.17,126,1.0611,0.7346
20490303,FLORES,Comuna 7,residential_singlefamily,41.67,45.0,7.5,4.17,1.67,120,1.0372,0.73
20490304,FLORES,Comuna 7,residential_multifamily,47.14,45.71,3.57,2.14,1.43,140,1.0303,0.7193
20490305,FLORES,Comuna 7,residential_singlefamily,35.57,48.32,10.74,0.67,4.7,149,1.0369,0.7631
20490306,FLORES,Comuna 7,residential_singlefamily,35.85,60.38,1.89,1.89,0.0,106,1.0105,0.7528
20490307,FLORES,Comuna 7,residential_singlefamily,42.62,55.74,1.64,0.0,0.0,61,1.0213,0.7492
20490308,FLORES,Comuna 7,residential_multifamily,45.28,24.53,28.3,1.89,0.0,53,1.1434,0.8217
20490309,FLORES,Comuna 7,residential_multifamily,49.32,17.81,23.29,9.59,0.0,73,1.1193,0.7363
20490310,FLORES,Comuna 7,residential_multifamily,63.33,10.0,20.0,6.67,0.0,30,1.1283,0.7116
20490311,FLORES,Comuna 7,residential_singlefamily,35.48,54.84,3.23,6.45,0.0,31,1.0113,0.7242
20490312,FLORES,Comuna 7,residential_multifamily,60.87,31.88,4.35,2.9,0.0,69,1.058,0.6913
20490313,FLORES,Comuna 7,residential_multifamily,56.92,16.92,21.54,0.0,4.62,65,1.1185,0.7531
20490401,FLORES,Comuna 7,residential_multifamily,40.79,26.32,27.63,2.63,1.32,76,1.123,0.816
20490402,FLORES,Comuna 7,residential_multifamily,58.21,35.82,4.48,1.49,0.0,67,1.056,0.709
20490403,FLORES,Comuna 7,residential_multifamily,47.06,26.47,22.55,0.98,2.94,102,1.1123,0.7848
20490404,FLORES,Comuna 7,residential_multifamily,64.29,14.29,21.43,0.0,0.0,28,1.143,0.7643
20490405,FLORES,Comuna 7,residential_singlefamily,44.35,46.09,4.35,1.74,3.48,115,1.024,0.7187
20490406,FLORES,Comuna 7,residential_multifamily,48.94,36.88,12.06,2.13,0.0,141,1.0756,0.7539
20490407,FLORES,Comuna 7,residential_multifamily,44.78,17.91,22.39,7.46,7.46,67,1.0881,0.712
20490408,FLORES,Comuna 7,residential_multifamily,48.48,30.3,6.06,4.55,10.61,66,1.0136,0.6469
20490409,FLORES,Comuna 7,residential_singlefamily,36.23,42.03,4.35,10.14,7.25,69,0.992,0.6515
20490410,FLORES,Comuna 7,residential_multifamily,53.97,30.16,11.11,1.59,3.17,63,1.0698,0.7214
20490411,FLORES,Comuna 7,residential_multifamily,65.96,12.77,19.15,2.13,0.0,47,1.1331,0.7362
20490501,FLORES,Comuna 7,commercial,30.56,9.72,51.39,5.56,2.78,72,1.2133,0.8937
20490502,FLORES,Comuna 7,commercial,33.72,19.77,40.7,4.65,1.16,86,1.1756,0.8657
20490503,FLORES,Comuna 7,residential_singlefamily,35.0,40.0,5.0,5.0,0.0,20,0.9525,0.7235
20490504,FLORES,Comuna 7,commercial,21.33,0.0,72.0,5.33,1.33,75,1.2966,1.0001
20490505,FLORES,Comuna 7,residential_singlefamily,27.46,30.99,29.58,5.63,4.23,142,1.0965,0.8144
20490506,FLORES,Comuna 7,residential_multifamily,50.0,25.0,17.5,2.5,5.0,80,1.0862,0.735
20490507,FLORES,Comuna 7,residential_multifamily,34.48,33.33,29.89,2.3,0.0,87,1.1339,0.8512
20490508,FLORES,Comuna 7,residential_singlefamily,38.18,45.45,9.09,7.27,0.0,55,1.0409,0.7318
20490509,FLORES,Comuna 7,residential_multifamily,44.32,37.5,9.09,7.95,0.0,88,1.0443,0.7098
20490510,FLORES,Comuna 7,commercial,30.7,15.79,42.11,10.53,0.88,114,1.1725,0.8359
20490511,FLORES,Comuna 7,residential_multifamily,45.78,39.76,7.23,1.2,6.02,83,1.0319,0.7127
20490601,FLORES,Comuna 7,residential_singlefamily,36.23,46.38,10.14,7.25,0.0,69,1.0427,0.7405
20490602,FLORES,Comuna 7,residential_multifamily,58.14,13.95,18.6,6.98,0.0,43,1.1034,0.7142
20490603,FLORES,Comuna 7,residential_multifamily,46.3,16.67,29.63,5.56,0.0,54,1.1389,0.7952
20490604,FLORES,Comuna 7,office,30.0,3.33,46.67,16.67,0.0,30,1.1734,0.8121
20490605,FLORES,Comuna 7,residential_multifamily,68.18,6.82,13.64,11.36,0.0,44,1.1023,0.6421
20490606,FLORES,Comuna 7,commercial,50.0,2.63,36.84,2.63,2.63,38,1.1565,0.8153
20490607,FLORES,Comuna 7,commercial,30.11,7.53,56.99,2.15,1.08,93,1.2366,0.9533
20490608,FLORES,Comuna 7,commercial,6.25,0.0,82.5,5.0,6.25,80,1.3069,1.045
20490609,FLORES,Comuna 7,commercial,21.21,1.52,72.73,4.55,0.0,66,1.3046,1.0174
20490701,FLORES,Comuna 7,commercial,16.96,8.93,61.61,5.36,6.25,112,1.2246,0.9432
20490702,FLORES,Comuna 7,commercial,50.0,8.0,36.0,4.0,2.0,50,1.177,0.808
20490703,FLORES,Comuna 7,residential_multifamily,65.38,19.23,7.69,3.85,3.85,26,1.0673,0.6596
20490704,FLORES,Comuna 7,residential_multifamily,33.33,27.78,22.22,13.89,2.78,36,1.0778,0.7222
20490705,FLORES,Comuna 7,office,52.0,16.0,6.0,24.0,2.0,50,1.025,0.548
20490706,FLORES,Comuna 7,residential_multifamily,47.06,15.29,27.06,4.71,2.35,85,1.1147,0.7738
20490707,FLORES,Comuna 7,commercial,25.0,11.54,42.31,5.77,9.62,52,1.1173,0.8285
20490708,FLORES,Comuna 7,commercial,28.4,6.17,61.73,2.47,0.0,81,1.2624,0.9781
20490709,FLORES,Comuna 7,commercial,26.52,4.97,60.77,2.76,4.42,181,1.2447,0.9475
20490710,FLORES,Comuna 7,commercial,22.99,11.49,59.77,4.6,1.15,87,1.2454,0.9597
20490711,FLORES,Comuna 7,commercial,18.99,0.0,75.95,3.8,1.27,79,1.3127,1.0316
20490801,FLORES,Comuna 7,commercial,29.31,8.62,62.07,0.0,0.0,58,1.2733,0.994
20490802,FLORES,Comuna 7,commercial,38.74,15.32,41.44,4.5,0.0,111,1.1901,0.8644
20490803,FLORES,Comuna 7,commercial,44.64,10.71,37.5,5.36,1.79,56,1.175,0.8178
20490804,FLORES,Comuna 7,residential_multifamily,39.39,26.26,27.27,4.04,3.03,99,1.1186,0.797
20490805,FLORES,Comuna 7,residential_multifamily,42.95,30.87,19.46,2.68,3.36,149,1.0862,0.7682
20490806,FLORES,Comuna 7,residential_multifamily,55.68,29.55,12.5,0.0,2.27,88,1.083,0.7398
20490807,FLORES,Comuna 7,commercial,37.93,20.69,37.93,1.72,1.72,58,1.1707,0.8639
20490808,FLORES,Comuna 7,residential_multifamily,47.67,16.28,27.91,6.98,1.16,86,1.1366,0.7686
20490901,FLORES,Comuna 7,residential_multifamily,46.55,18.97,27.59,5.17,1.72,58,1.1336,0.7802
20490902,FLORES,Comuna 7,residential_multifamily,51.85,14.81,29.63,3.7,0.0,54,1.1574,0.7963
20490903,FLORES,Comuna 7,residential_multifamily,59.46,10.81,24.32,5.41,0.0,37,1.1432,0.7459
20490904,FLORES,Comuna 7,residential_multifamily,46.24,21.51,27.96,0.0,3.23,93,1.1307,0.8109
20490905,FLORES,Comuna 7,residential_multifamily,65.38,21.15,13.46,0.0,0.0,52,1.1086,0.7336
20490906,FLORES,Comuna 7,residential_multifamily,46.91,28.4,17.28,4.94,2.47,81,1.0858,0.7401
20490907,FLORES,Comuna 7,commercial,35.71,10.71,44.64,8.93,0.0,56,1.1955,0.85
20490908,FLORES,Comuna 7,commercial,35.12,6.55,52.38,5.36,0.0,168,1.2304,0.9057
20490909,FLORES,Comuna 7,commercial,34.67,2.67,61.33,0.0,0.0,75,1.272,0.9797
20490910,FLORES,Comuna 7,commercial,51.79,5.36,41.07,1.79,0.0,56,1.2108,0.8508
20490911,FLORES,Comuna 7,commercial,45.45,12.12,39.39,3.03,0.0,66,1.1924,0.8515
20491001,FLORES,Comuna 7,commercial,25.53,4.96,63.83,4.96,0.71,141,1.2684,0.9678
20491002,FLORES,Comuna 7,commercial,35.82,1.49,61.19,0.0,1.49,67,1.2746,0.9649
20491003,FLORES,Comuna 7,commercial,36.54,7.69,53.85,0.0,1.92,52,1.2414,0.9346
20491004,FLORES,Comuna 7,commercial,48.78,4.88,46.34,0.0,0.0,41,1.2317,0.8902
20491005,FLORES,Comuna 7,residential_multifamily,45.45,30.3,19.7,4.55,0.0,66,1.1023,0.7712
20491006,FLORES,Comuna 7,residential_multifamily,54.12,12.94,24.71,8.24,0.0,85,1.1342,0.7394
20491007,FLORES,Comuna 7,commercial,28.85,15.38,44.23,11.54,0.0,52,1.1808,0.8461
20491008,FLORES,Comuna 7,residential_multifamily,56.9,8.62,27.59,5.17,1.72,58,1.1492,0.7544
20491009,FLORES,Comuna 7,residential_multifamily,56.86,23.53,13.73,3.92,0.0,51,1.0843,0.724
20491010,FLORES,Comuna 7,residential_multifamily,56.98,17.44,20.93,4.65,0.0,86,1.125,0.7459
20491101,FLORES,Comuna 7,residential_multifamily,62.96,0.0,29.63,7.41,0.0,27,1.1704,0.7407
20491102,FLORES,Comuna 7,commercial,29.31,24.14,39.66,6.9,0.0,58,1.1656,0.8638
20491103,FLORES,Comuna 7,commercial,51.35,5.41,40.54,2.7,0.0,37,1.2068,0.8433
20491104,FLORES,Comuna 7,residential_multifamily,41.18,25.74,23.53,9.56,0.0,136,1.1082,0.7577
20491105,FLORES,Comuna 7,commercial,42.25,18.31,35.21,4.23,0.0,71,1.1676,0.8359
20491106,FLORES,Comuna 7,residential_multifamily,59.46,27.03,13.51,0.0,0.0,37,1.1,0.7486
20491107,FLORES,Comuna 7,residential_multifamily,56.25,9.38,21.88,9.38,3.12,32,1.1142,0.6953
20491108,FLORES,Comuna 7,commercial,41.38,3.45,41.38,10.34,0.0,29,1.1724,0.8125
20491109,FLORES,Comuna 7,commercial,40.51,18.99,34.18,6.33,0.0,79,1.1583,0.8209
20491110,FLORES,Comuna 7,commercial,28.21,38.46,30.77,2.56,0.0,39,1.1282,0.868
20491111,FLORES,Comuna 7,commercial,46.67,8.89,42.22,2.22,0.0,45,1.2078,0.8644
20491201,PARQUE CHACABUCO,Comuna 7,residential_multifamily,43.02,36.31,10.06,2.79,7.26,179,1.0327,0.7088
20491202,PARQUE CHACABUCO,Comuna 7,residential_singlefamily,27.78,34.57,27.78,4.32,5.56,162,1.0958,0.8092
20491203,PARQUE CHACABUCO,Comuna 7,residential_singlefamily,35.68,40.7,5.03,13.57,3.52,199,0.9953,0.6508
20491204,PARQUE CHACABUCO,Comuna 7,office,33.33,16.67,33.33,16.67,0.0,6,1.1333,0.7583
20491205,PARQUE CHACABUCO,Comuna 7,commercial,25.64,35.9,35.9,2.56,0.0,39,1.1475,0.8923
20491206,PARQUE CHACABUCO,Comuna 7,residential_singlefamily,26.76,57.04,9.86,3.52,2.82,142,1.0225,0.7729
20491207,PARQUE CHACABUCO,Comuna 7,residential_singlefamily,36.14,39.16,15.06,2.41,6.02,166,1.0461,0.754
20491208,PARQUE CHACABUCO,Comuna 7,commercial,21.36,36.89,30.1,2.43,8.25,206,1.0859,0.8299
20491209,PARQUE CHACABUCO,Comuna 7,residential_singlefamily,40.96,43.37,12.05,2.41,1.2,83,1.0596,0.7639
20491301,FLORES,Comuna 7,residential_singlefamily,31.43,38.57,14.29,5.71,10.0,70,1.0257,0.7136
20491302,FLORES,Comuna 7,residential_multifamily,44.74,21.05,26.32,2.63,5.26,76,1.1171,0.7764
20491303,FLORES,Comuna 7,residential_singlefamily,40.45,49.44,6.74,1.12,1.12,89,1.0314,0.7557
20491304,FLORES,Comuna 7,residential_multifamily,52.83,26.42,13.21,7.55,0.0,53,1.0812,0.7075
20491305,FLORES,Comuna 7,residential_singlefamily,43.81,52.38,1.9,0.0,1.9,105,1.0185,0.7348
20491306,FLORES,Comuna 7,residential_singlefamily,12.9,84.79,0.92,0.92,0.46,217,0.9711,0.8111
20491307,FLORES,Comuna 7,residential_multifamily,51.58,27.37,14.74,2.11,4.21,95,1.0791,0.7295
20491308,FLORES,Comuna 7,commercial,33.48,19.82,37.0,6.17,2.64,227,1.1486,0.8322
20491309,FLORES,Comuna 7,residential_singlefamily,16.67,81.33,1.33,0.0,0.67,150,0.979,0.8086
20491310,FLORES,Comuna 7,residential_singlefamily,16.13,77.42,3.23,0.0,3.23,93,0.9791,0.8
20491311,FLORES,Comuna 7,residential_singlefamily,25.7,73.36,0.47,0.0,0.47,214,0.9893,0.7843
20491312,FLORES,Comuna 7,commercial,29.55,29.01,32.61,7.39,1.44,555,1.1294,0.8255
20491313,FLORES,Comuna 7,residential_singlefamily,14.16,75.97,5.58,3.43,0.86,233,0.9903,0.8028
20491314,FLORES,Comuna 7,residential_singlefamily,29.01,51.85,9.26,2.47,4.94,162,1.0068,0.757
20491315,FLORES,Comuna 7,residential_singlefamily,38.58,43.31,11.02,6.3,0.79,127,1.0488,0.7397
20491401,FLORES,Comuna 7,residential_multifamily,54.17,34.52,5.95,2.98,2.38,168,1.0479,0.6976
20491402,FLORES,Comuna 7,residential_multifamily,43.84,36.3,14.38,2.74,2.74,146,1.0695,0.7524
20491403,FLORES,Comuna 7,residential_multifamily,46.09,37.5,10.16,3.91,2.34,128,1.0539,0.7258
20491404,FLORES,Comuna 7,residential_singlefamily,36.65,42.86,16.15,3.11,1.24,161,1.0709,0.7835
20491405,FLORES,Comuna 7,residential_singlefamily,44.31,45.51,4.79,1.2,4.19,167,1.0243,0.7198
20491406,FLORES,Comuna 7,residential_multifamily,48.15,40.21,5.82,2.12,3.17,189,1.0344,0.7128
20491407,FLORES,Comuna 7,residential_multifamily,44.81,44.81,5.46,1.64,2.73,183,1.0295,0.7264
20491408,FLORES,Comuna 7,residential_singlefamily,38.89,45.3,8.12,4.27,2.99,234,1.0297,0.7292
20491409,FLORES,Comuna 7,residential_singlefamily,35.11,37.78,18.67,2.22,5.78,225,1.0651,0.773
20491410,FLORES,Comuna 7,residential_multifamily,41.81,38.98,9.04,3.95,5.65,177,1.0299,0.71
20491411,FLORES,Comuna 7,residential_multifamily,44.16,37.23,9.96,1.3,6.93,231,1.0371,0.7191
20491412,FLORES,Comuna 7,residential_singlefamily,38.15,54.91,4.62,0.0,2.31,173,1.021,0.7558
20491413,FLORES,Comuna 7,residential_singlefamily,29.68,34.7,15.98,13.7,5.48,219,1.0342,0.6926
20491501,FLORES,Comuna 7,residential_multifamily,39.06,32.66,15.82,6.4,5.39,297,1.0542,0.7238
20491502,FLORES,Comuna 7,residential_singlefamily,35.86,45.86,7.93,0.69,7.93,290,1.0072,0.7293
20491503,FLORES,Comuna 7,residential_multifamily,45.51,37.13,8.98,0.6,7.78,167,1.0347,0.7126
20491504,FLORES,Comuna 7,residential_singlefamily,43.37,43.98,3.01,3.01,6.02,166,1.0048,0.6894
20491505,FLORES,Comuna 7,residential_multifamily,41.61,27.52,16.78,2.68,10.07,149,1.049,0.7174
20491506,FLORES,Comuna 7,office,80.0,0.0,0.0,20.0,0.0,5,1.05,0.5
20491507,FLORES,Comuna 7,residential_multifamily,100.0,0.0,0.0,0.0,0.0,2,1.1,0.6
20491508,FLORES,Comuna 7,residential_multifamily,100.0,0.0,0.0,0.0,0.0,1,1.1,0.6
20491509,FLORES,Comuna 7,residential_multifamily,25.0,20.83,25.0,4.17,25.0,24,1.0208,0.6812
20491510,FLORES,Comuna 7,residential_singlefamily,34.13,47.22,2.78,1.59,14.29,252,0.9693,0.6696
20491511,FLORES,Comuna 7,residential_multifamily,33.33,32.57,10.34,4.21,19.16,261,0.9831,0.646
20491601,FLORES,Comuna 7,residential_singlefamily,18.44,50.62,29.38,1.56,0.0,320,1.1083,0.895
20491602,FLORES,Comuna 7,residential_singlefamily,31.72,58.62,7.59,1.72,0.34,290,1.029,0.7821
20491603,FLORES,Comuna 7,residential_multifamily,42.75,38.89,16.91,1.45,0.0,414,1.0888,0.7914
20491604,FLORES,Comuna 7,residential_multifamily,45.51,39.89,5.06,1.69,7.3,178,1.015,0.6929
20491605,FLORES,Comuna 7,residential_singlefamily,35.93,45.51,5.39,1.2,10.78,167,0.9893,0.6982
20491606,FLORES,Comuna 7,residential_singlefamily,30.51,52.54,11.86,2.97,1.69,236,1.0392,0.7817
20491607,FLORES,Comuna 7,residential_singlefamily,26.87,48.9,11.89,2.2,9.69,227,1.0105,0.7445
20491608,FLORES,Comuna 7,residential_multifamily,37.0,36.0,11.0,3.0,8.0,100,1.0055,0.7147
20491609,FLORES,Comuna 7,residential_singlefamily,29.11,40.38,16.43,1.88,11.27,213,1.0277,0.7464
20491701,FLORES,Comuna 7,office,0.0,0.0,0.0,100.0,0.0,6,0.85,0.1
20491702,FLORES,Comuna 7,residential_multifamily,40.0,40.0,10.0,5.0,5.0,0,1.035,0.715
20491703,FLORES,Comuna 7,residential_multifamily,40.0,40.0,10.0,5.0,5.0,0,1.035,0.715
20491704,FLORES,Comuna 7,residential_multifamily,40.0,40.0,10.0,5.0,5.0,0,1.035,0.715
20491705,FLORES,Comuna 7,residential_multifamily,40.0,40.0,10.0,5.0,5.0,0,1.035,0.715
20491706,FLORES,Comuna 7,residential_multifamily,40.0,40.0,10.0,5.0,5.0,0,1.035,0.715
20491707,FLORES,Comuna 7,residential_singlefamily,0.0,100.0,0.0,0.0,0.0,1,0.95,0.85
20491708,FLORES,Comuna 7,residential_multifamily,40.0,40.0,10.0,5.0,5.0,0,1.035,0.715
20491709,FLORES,Comuna 7,residential_multifamily,40.0,40.0,10.0,5.0,5.0,0,1.035,0.715
20491710,FLORES,Comuna 7,residential_multifamily,40.0,40.0,10.0,5.0,5.0,0,1.035,0.715
20491711,FLORES,Comuna 7,residential_multifamily,40.0,40.0,10.0,5.0,5.0,0,1.035,0.715
20491712,FLORES,Comuna 7,residential_multifamily,40.0,40.0,10.0,5.0,5.0,0,1.035,0.715
20491713,FLORES,Comuna 7,residential_multifamily,40.0,40.0,10.0,5.0,5.0,0,1.035,0.715
20491801,FLORES,Comuna 7,residential_multifamily,40.0,40.0,10.0,5.0,5.0,0,1.035,0.715
20491802,FLORES,Comuna 7,residential_multifamily,40.0,40.0,10.0,5.0,5.0,0,1.035,0.715
20491803,FLORES,Comuna 7,residential_singlefamily,0.0,75.0,0.0,0.0,25.0,4,0.875,0.6875
20491804,FLORES,Comuna 7,residential_multifamily,100.0,0.0,0.0,0.0,0.0,1,1.1,0.6
20491805,FLORES,Comuna 7,residential_multifamily,40.0,40.0,10.0,5.0,5.0,0,1.035,0.715
20491806,FLORES,Comuna 7,industrial,0.0,18.75,12.5,37.5,31.25,16,0.875,0.4094
20491807,FLORES,Comuna 7,residential_singlefamily,0.0,100.0,0.0,0.0,0.0,1,0.95,0.85
20491808,FLORES,Comuna 7,office,50.0,0.0,0.0,50.0,0.0,2,0.975,0.35
20491809,FLORES,Comuna 7,office,0.0,40.0,0.0,60.0,0.0,5,0.89,0.4
20491810,FLORES,Comuna 7,residential_multifamily,40.0,40.0,10.0,5.0,5.0,0,1.035,0.715
20491811,FLORES,Comuna 7,commercial,0.0,66.67,33.33,0.0,0.0,3,1.1,0.9667
20491812,FLORES,Comuna 7,residential_multifamily,40.0,40.0,10.0,5.0,5.0,0,1.035,0.715
20491813,FLORES,Comuna 7,residential_multifamily,40.0,40.0,10.0,5.0,5.0,0,1.035,0.715
20491901,FLORES,Comuna 7,commercial,60.0,0.0,40.0,0.0,0.0,10,1.22,0.84
20491902,FLORES,Comuna 7,industrial,0.0,0.0,0.0,33.33,66.67,3,0.7167,0.1667
20491903,FLORES,Comuna 7,residential_multifamily,100.0,0.0,0.0,0.0,0.0,2,1.1,0.6
20491904,FLORES,Comuna 7,office,0.0,0.0,0.0,100.0,0.0,3,0.85,0.1
20491905,FLORES,Comuna 7,industrial,0.0,50.0,0.0,0.0,50.0,2,0.8,0.525
20491906,FLORES,Comuna 7,residential_multifamily,40.0,40.0,10.0,5.0,5.0,0,1.035,0.715
20492001,PARQUE CHACABUCO,Comuna 7,residential_multifamily,40.43,38.26,18.7,1.3,1.3,230,1.0896,0.7962
20492002,PARQUE CHACABUCO,Comuna 7,residential_singlefamily,36.23,54.35,6.52,2.17,0.72,138,1.0293,0.7613
20492003,PARQUE CHACABUCO,Comuna 7,residential_singlefamily,27.64,60.98,3.25,1.63,6.5,123,0.985,0.7378
20492004,PARQUE CHACABUCO,Comuna 7,residential_singlefamily,34.11,48.06,6.98,2.33,8.53,129,1.0048,0.7162
20492005,PARQUE CHACABUCO,Comuna 7,residential_singlefamily,24.89,46.61,11.76,2.26,14.48,221,0.9946,0.7179
20492006,PARQUE CHACABUCO,Comuna 7,residential_singlefamily,33.79,56.55,2.07,1.38,6.21,145,0.99,0.7221
20492007,PARQUE CHACABUCO,Comuna 7,residential_singlefamily,22.06,50.0,14.22,2.45,10.78,204,1.0101,0.7557
20492008,PARQUE CHACABUCO,Comuna 7,residential_singlefamily,23.02,40.65,21.94,1.8,12.23,278,1.0432,0.776
20492009,PARQUE CHACABUCO,Comuna 7,residential_singlefamily,24.63,40.65,23.44,2.08,8.61,337,1.0619,0.7986
20492010,PARQUE CHACABUCO,Comuna 7,residential_singlefamily,26.62,46.4,16.55,2.52,7.91,278,1.0382,0.7711
20492011,PARQUE CHACABUCO,Comuna 7,residential_singlefamily,22.55,51.91,8.94,1.7,14.89,235,0.9776,0.7154
20492012,PARQUE CHACABUCO,Comuna 7,residential_singlefamily,25.0,45.24,11.51,1.98,15.87,252,0.9879,0.7092
20492013,PARQUE CHACABUCO,Comuna 7,office,19.05,4.76,42.86,19.05,4.76,21,1.0953,0.7711
20492101,PARQUE CHACABUCO,Comuna 7,residential_singlefamily,34.0,52.0,8.5,3.0,2.5,200,1.0288,0.756
20492102,PARQUE CHACABUCO,Comuna 7,residential_multifamily,40.4,37.37,14.14,3.03,5.05,99,1.056,0.7429
20492103,PARQUE CHACABUCO,Comuna 7,residential_multifamily,55.42,20.48,22.89,1.2,0.0,83,1.1349,0.7826
20492104,PARQUE CHACABUCO,Comuna 7,residential_multifamily,44.44,38.89,9.26,5.56,1.85,54,1.0472,0.7176
20492105,PARQUE CHACABUCO,Comuna 7,residential_multifamily,39.68,33.33,16.4,2.12,8.47,189,1.0558,0.7372
20492106,PARQUE CHACABUCO,Comuna 7,residential_multifamily,59.15,30.99,8.45,1.41,0.0,71,1.0753,0.7211
20492107,PARQUE CHACABUCO,Comuna 7,residential_multifamily,41.54,25.38,28.46,3.85,0.77,130,1.1342,0.8119
20492108,PARQUE CHACABUCO,Comuna 7,commercial,43.0,6.0,43.0,7.0,0.0,100,1.1965,0.8404
20492109,PARQUE CHACABUCO,Comuna 7,residential_singlefamily,30.91,56.36,10.91,1.82,0.0,55,1.0436,0.7973
20492110,PARQUE CHACABUCO,Comuna 7,residential_singlefamily,40.68,45.76,11.86,1.69,0.0,59,1.0627,0.7771
20492111,PARQUE CHACABUCO,Comuna 7,residential_singlefamily,34.02,58.76,4.12,2.06,1.03,97,1.0144,0.7572
20492112,PARQUE CHACABUCO,Comuna 7,residential_singlefamily,27.19,64.06,4.15,0.92,3.23,217,0.9968,0.7683
20492113,PARQUE CHACABUCO,Comuna 7,residential_multifamily,59.52,28.57,11.9,0.0,0.0,42,1.0928,0.7428
20492114,PARQUE CHACABUCO,Comuna 7,residential_multifamily,60.0,25.71,14.29,0.0,0.0,35,1.1043,0.75
20492201,PARQUE CHACABUCO,Comuna 7,residential_multifamily,56.25,12.5,28.12,1.56,1.56,64,1.1546,0.7859
20492202,PARQUE CHACABUCO,Comuna 7,residential_multifamily,47.15,26.02,20.33,3.25,2.44,123,1.098,0.7623
20492203,PARQUE CHACABUCO,Comuna 7,office,18.38,38.46,10.26,17.52,0.43,234,0.9377,0.6804
20492204,PARQUE CHACABUCO,Comuna 7,residential_singlefamily,21.46,70.82,6.44,1.29,0.0,233,1.01,0.8092
20492205,PARQUE CHACABUCO,Comuna 7,residential_multifamily,36.72,35.16,14.84,10.94,2.34,128,1.0539,0.7129
20492206,PARQUE CHACABUCO,Comuna 7,residential_multifamily,51.56,33.59,0.78,7.81,3.91,128,1.0007,0.6348
20492207,PARQUE CHACABUCO,Comuna 7,residential_multifamily,49.21,33.33,6.35,9.52,1.59,63,1.0381,0.6675
20492208,PARQUE CHACABUCO,Comuna 7,residential_multifamily,48.33,43.33,3.33,3.33,0.0,60,1.0266,0.7136
20492209,PARQUE CHACABUCO,Comuna 7,residential_singlefamily,21.88,68.3,8.48,1.34,0.0,224,1.0196,0.8149
20492210,PARQUE CHACABUCO,Comuna 7,commercial,36.0,26.0,36.0,0.5,1.5,200,1.161,0.8725
20492211,PARQUE CHACABUCO,Comuna 7,residential_singlefamily,16.09,77.59,6.32,0.0,0.0,174,1.0026,0.8319
20492212,PARQUE CHACABUCO,Comuna 7,residential_multifamily,47.37,15.79,26.32,10.53,0.0,19,1.1291,0.7447
20492213,PARQUE CHACABUCO,Comuna 7,residential_singlefamily,16.98,53.3,28.77,0.94,0.0,212,1.1039,0.9012
20492214,PARQUE CHACABUCO,Comuna 7,residential_multifamily,63.64,13.64,13.64,0.0,0.0,22,1.066,0.7275
20492301,PARQUE CHACABUCO,Comuna 7,residential_multifamily,40.22,32.4,19.55,3.91,2.79,179,1.0809,0.7695
20492302,PARQUE CHACABUCO,Comuna 7,office,34.29,20.0,25.71,16.19,1.9,105,1.0866,0.718
20492303,PARQUE CHACABUCO,Comuna 7,residential_multifamily,48.78,29.27,14.63,7.32,0.0,41,1.0817,0.7244
20492304,PARQUE CHACABUCO,Comuna 7,residential_multifamily,64.71,20.59,11.76,2.94,0.0,34,1.097,0.7073
20492305,PARQUE CHACABUCO,Comuna 7,office,46.15,26.92,7.69,16.67,1.28,78,1.0275,0.6253
20492306,PARQUE CHACABUCO,Comuna 7,office,40.4,35.1,5.3,16.56,1.99,151,1.009,0.629
20492307,PARQUE CHACABUCO,Comuna 7,commercial,35.71,23.38,30.52,6.49,3.9,154,1.1227,0.7935
20492308,PARQUE CHACABUCO,Comuna 7,residential_multifamily,42.74,28.23,20.16,2.42,5.65,124,1.0819,0.7581
20492309,PARQUE CHACABUCO,Comuna 7,residential_singlefamily,29.34,43.11,23.95,1.8,1.8,167,1.0946,0.8353
20492310,PARQUE CHACABUCO,Comuna 7,office,42.86,19.64,7.14,28.57,1.79,56,1.0125,0.5419
20492401,PARQUE CHACABUCO,Comuna 7,residential_multifamily,36.27,33.68,25.91,1.04,3.11,193,1.1107,0.822
20492402,PARQUE CHACABUCO,Comuna 7,residential_singlefamily,40.67,41.33,7.33,2.67,8.0,150,1.0173,0.702
20492403,PARQUE CHACABUCO,Comuna 7,residential_singlefamily,40.0,42.86,7.43,2.29,7.43,175,1.019,0.7105
20492404,PARQUE CHACABUCO,Comuna 7,residential_multifamily,36.77,35.74,15.81,4.81,5.5,291,1.0488,0.7401
20492405,PARQUE CHACABUCO,Comuna 7,residential_multifamily,48.21,32.59,5.36,3.12,10.27,224,1.0105,0.6572
20492406,PARQUE CHACABUCO,Comuna 7,residential_multifamily,44.44,38.68,5.35,1.65,9.88,243,1.0094,0.681
20492407,PARQUE CHACABUCO,Comuna 7,residential_singlefamily,37.38,49.07,6.07,1.4,6.07,214,1.0137,0.7278
20492408,PARQUE CHACABUCO,Comuna 7,residential_multifamily,38.86,33.71,16.57,3.43,5.71,175,1.0546,0.7462
20492409,PARQUE CHACABUCO,Comuna 7,residential_singlefamily,31.85,37.1,22.98,2.02,5.24,248,1.0798,0.8012
20492410,PARQUE CHACABUCO,Comuna 7,residential_singlefamily,37.62,42.57,13.86,0.99,4.95,202,1.0529,0.7649
20492411,PARQUE CHACABUCO,Comuna 7,residential_singlefamily,38.19,43.31,14.17,0.0,3.94,254,1.0575,0.7782
20560101,VILLA LUGANO,Comuna 8,residential_multifamily,40.0,40.0,10.0,5.0,5.0,0,1.035,0.715
20560102,VILLA LUGANO,Comuna 8,industrial,18.91,34.45,10.08,0.42,35.29,238,0.9136,0.6034
20560103,VILLA LUGANO,Comuna 8,commercial,12.5,25.0,50.0,0.0,12.5,8,1.1562,0.9125
20560104,VILLA LUGANO,Comuna 8,residential_multifamily,40.0,40.0,10.0,5.0,5.0,0,1.035,0.715
20560105,VILLA LUGANO,Comuna 8,residential_multifamily,40.0,40.0,10.0,5.0,5.0,0,1.035,0.715
20560106,VILLA LUGANO,Comuna 8,residential_multifamily,40.0,40.0,10.0,5.0,5.0,0,1.035,0.715
20560107,VILLA LUGANO,Comuna 8,residential_multifamily,40.0,40.0,10.0,5.0,5.0,0,1.035,0.715
20560108,VILLA LUGANO,Comuna 8,industrial,25.83,32.45,13.25,0.66,27.15,151,0.9633,0.649
20560109,VILLA LUGANO,Comuna 8,residential_singlefamily,28.57,39.8,11.22,1.02,18.37,98,0.9826,0.6891
20560110,VILLA LUGANO,Comuna 8,residential_multifamily,40.0,40.0,10.0,5.0,5.0,0,1.035,0.715
20560111,VILLA LUGANO,Comuna 8,office,0.0,0.0,0.0,100.0,0.0,5,0.85,0.1
20560112,VILLA LUGANO,Comuna 8,industrial,0.0,0.0,0.0,0.0,100.0,2,0.65,0.2
20560113,VILLA LUGANO,Comuna 8,industrial,16.67,41.67,0.0,0.0,41.67,12,0.8501,0.5375
20560114,VILLA LUGANO,Comuna 8,residential_multifamily,33.33,33.33,16.67,0.0,16.67,18,1.025,0.7167
20560115,VILLA LUGANO,Comuna 8,industrial,16.67,16.67,0.0,0.0,66.67,6,0.7751,0.375
20560116,VILLA LUGANO,Comuna 8,residential_multifamily,40.0,40.0,10.0,5.0,5.0,0,1.035,0.715
20560117,VILLA LUGANO,Comuna 8,residential_multifamily,40.0,40.0,10.0,5.0,5.0,0,1.035,0.715
20560118,VILLA LUGANO,Comuna 8,residential_multifamily,100.0,0.0,0.0,0.0,0.0,1,1.1,0.6
20560119,VILLA LUGANO,Comuna 8,industrial,0.0,50.0,16.67,0.0,33.33,6,0.925,0.6917
20560120,VILLA LUGANO,Comuna 8,residential_multifamily,40.0,40.0,10.0,5.0,5.0,0,1.035,0.715
20560121,VILLA LUGANO,Comuna 8,industrial,0.0,0.0,0.0,0.0,100.0,1,0.65,0.2
20560122,VILLA LUGANO,Comuna 8,industrial,5.88,5.88,17.65,0.0,70.59,17,0.8265,0.4382
20560123,VILLA LUGANO,Comuna 8,residential_multifamily,40.0,40.0,10.0,5.0,5.0,0,1.035,0.715
20560124,VILLA LUGANO,Comuna 8,residential_multifamily,64.06,18.75,12.5,1.56,1.56,64,1.089,0.7096
20560201,VILLA LUGANO,Comuna 8,residential_multifamily,40.0,40.0,10.0,5.0,5.0,0,1.035,0.715
20560202,VILLA LUGANO,Comuna 8,residential_multifamily,40.0,40.0,10.0,5.0,5.0,0,1.035,0.715
20560203,VILLA LUGANO,Comuna 8,residential_multifamily,40.0,40.0,10.0,5.0,5.0,0,1.035,0.715
20560204,VILLA LUGANO,Comuna 8,office,0.0,0.0,0.0,100.0,0.0,2,0.85,0.1
20560205,VILLA LUGANO,Comuna 8,residential_multifamily,40.0,40.0,10.0,5.0,5.0,0,1.035,0.715
20560206,VILLA LUGANO,Comuna 8,residential_multifamily,40.0,40.0,10.0,5.0,5.0,0,1.035,0.715
20560207,VILLA LUGANO,Comuna 8,residential_multifamily,40.0,40.0,10.0,5.0,5.0,0,1.035,0.715
20560208,VILLA LUGANO,Comuna 8,office,0.0,0.0,0.0,100.0,0.0,1,0.85,0.1
20560209,VILLA LUGANO,Comuna 8,residential_multifamily,40.0,40.0,10.0,5.0,5.0,0,1.035,0.715
20560210,VILLA LUGANO,Comuna 8,residential_multifamily,40.0,40.0,10.0,5.0,5.0,0,1.035,0.715
20560301,VILLA LUGANO,Comuna 8,residential_singlefamily,32.64,38.58,7.72,1.19,19.88,337,0.973,0.6573
20560302,VILLA LUGANO,Comuna 8,residential_singlefamily,29.06,46.79,10.94,0.38,12.83,265,1.0039,0.7294
20560303,VILLA LUGANO,Comuna 8,industrial,15.73,35.48,7.26,3.63,36.69,248,0.8871,0.567
20560304,VILLA LUGANO,Comuna 8,residential_singlefamily,23.86,49.47,3.16,1.05,21.75,285,0.9305,0.6507
20560305,VILLA LUGANO,Comuna 8,residential_singlefamily,22.02,43.68,18.05,4.33,11.55,277,1.0236,0.7502
20560306,VILLA LUGANO,Comuna 8,residential_singlefamily,34.57,35.69,12.64,5.95,10.04,269,1.0177,0.6962
20560307,VILLA LUGANO,Comuna 8,residential_singlefamily,23.72,53.49,6.51,0.47,15.81,215,0.967,0.7072
20560308,VILLA LUGANO,Comuna 8,residential_multifamily,40.0,40.0,10.0,5.0,5.0,0,1.035,0.715
20560309,VILLA LUGANO,Comuna 8,office,40.0,40.0,0.0,20.0,0.0,5,0.99,0.6
20560310,VILLA LUGANO,Comuna 8,residential_multifamily,40.0,40.0,10.0,5.0,5.0,0,1.035,0.715
20560311,VILLA LUGANO,Comuna 8,residential_multifamily,40.0,40.0,10.0,5.0,5.0,0,1.035,0.715
20560312,VILLA LUGANO,Comuna 8,residential_multifamily,40.0,40.0,10.0,5.0,5.0,0,1.035,0.715
20560313,VILLA LUGANO,Comuna 8,residential_multifamily,40.0,40.0,10.0,5.0,5.0,0,1.035,0.715
20560314,VILLA LUGANO,Comuna 8,residential_multifamily,40.0,40.0,10.0,5.0,5.0,0,1.035,0.715
20560401,VILLA LUGANO,Comuna 8,residential_singlefamily,27.57,31.28,13.58,2.47,24.28,243,0.9735,0.6506
20560402,VILLA LUGANO,Comuna 8,residential_singlefamily,26.11,45.0,6.67,1.11,20.56,180,0.9539,0.6651
20560403,VILLA LUGANO,Comuna 8,residential_singlefamily,32.57,50.29,4.57,1.71,10.29,175,0.9843,0.704
20560404,VILLA LUGANO,Comuna 8,residential_singlefamily,35.47,45.93,6.98,1.74,9.3,172,1.0024,0.7115
20560405,VILLA LUGANO,Comuna 8,residential_singlefamily,42.91,44.88,4.72,0.39,7.09,254,1.0139,0.7102
20560406,VILLA LUGANO,Comuna 8,residential_singlefamily,26.11,43.35,14.24,1.11,14.72,632,1.0059,0.73
20560407,VILLA LUGANO,Comuna 8,residential_singlefamily,22.04,43.42,10.86,1.64,21.71,304,0.9637,0.6789
20560408,VILLA LUGANO,Comuna 8,residential_multifamily,31.3,30.08,18.29,1.63,17.89,246,1.0203,0.7061
20560409,VILLA LUGANO,Comuna 8,residential_singlefamily,17.2,60.8,8.4,1.6,12.0,250,0.976,0.7464
20560410,VILLA LUGANO,Comuna 8,residential_singlefamily,35.76,45.7,9.27,1.32,7.62,302,1.0197,0.7332
20560411,VILLA LUGANO,Comuna 8,residential_singlefamily,27.27,62.99,3.9,1.3,4.55,154,0.9936,0.7562
20560501,VILLA LUGANO,Comuna 8,residential_singlefamily,29.59,52.04,6.12,0.51,10.71,196,0.9846,0.7227
20560502,VILLA LUGANO,Comuna 8,residential_singlefamily,42.62,43.17,6.01,0.55,7.1,183,1.0167,0.7135
20560503,VILLA LUGANO,Comuna 8,residential_singlefamily,29.0,55.41,3.9,1.73,9.09,231,0.9781,0.7179
20560504,VILLA LUGANO,Comuna 8,residential_singlefamily,29.8,52.53,6.06,1.01,9.09,198,0.9869,0.7282
20560505,VILLA LUGANO,Comuna 8,residential_singlefamily,27.4,50.0,19.71,0.0,2.4,208,1.0704,0.8348
20560506,VILLA LUGANO,Comuna 8,residential_singlefamily,30.52,58.22,5.63,0.47,3.76,213,1.0031,0.7642
20560507,VILLA LUGANO,Comuna 8,residential_singlefamily,28.22,49.01,12.87,5.94,3.96,202,1.0324,0.7542
20560508,VILLA LUGANO,Comuna 8,residential_multifamily,40.0,40.0,10.0,5.0,5.0,0,1.035,0.715
20560509,VILLA LUGANO,Comuna 8,residential_multifamily,40.0,40.0,10.0,5.0,5.0,0,1.035,0.715
20560510,VILLA LUGANO,Comuna 8,residential_multifamily,40.0,40.0,10.0,5.0,5.0,0,1.035,0.715
20560511,VILLA LUGANO,Comuna 8,commercial,25.0,25.0,50.0,0.0,0.0,8,1.2125,0.9625
20560601,VILLA LUGANO,Comuna 8,mixed,0.0,0.0,0.0,0.0,0.0,8,0.5,0.75
20560602,VILLA LUGANO,Comuna 8,commercial,1.79,12.5,39.29,0.0,0.0,56,0.9206,1.0983
20560603,VILLA LUGANO,Comuna 8,commercial,7.32,26.83,58.54,2.44,4.88,41,1.2074,0.9866
20560604,VILLA LUGANO,Comuna 8,residential_singlefamily,30.0,55.22,7.83,1.3,5.22,230,1.0113,0.7583
20560605,VILLA LUGANO,Comuna 8,residential_singlefamily,35.63,45.98,8.05,0.0,9.2,261,1.0069,0.7279
20560606,VILLA LUGANO,Comuna 8,residential_multifamily,39.52,35.71,12.86,0.95,10.0,210,1.0319,0.7229
20560607,VILLA LUGANO,Comuna 8,residential_singlefamily,35.79,48.42,3.68,3.16,8.42,190,0.9894,0.6941
20560608,VILLA LUGANO,Comuna 8,residential_singlefamily,35.29,47.55,9.31,0.49,6.37,204,1.0208,0.7483
20560609,VILLA LUGANO,Comuna 8,residential_singlefamily,36.82,47.76,6.97,0.5,7.96,201,1.0123,0.7269
20560610,VILLA LUGANO,Comuna 8,residential_singlefamily,36.61,45.9,13.66,1.09,2.73,183,1.0571,0.7804
20560611,VILLA LUGANO,Comuna 8,residential_singlefamily,28.12,47.66,17.19,0.0,5.47,128,1.0461,0.8036
20560701,VILLA LUGANO,Comuna 8,residential_singlefamily,22.22,38.89,11.11,4.17,23.61,72,0.9583,0.6486
20560702,VILLA LUGANO,Comuna 8,commercial,36.56,21.51,38.71,0.0,3.23,93,1.1694,0.8731
20560703,VILLA LUGANO,Comuna 8,commercial,55.56,11.11,33.33,0.0,0.0,18,1.1833,0.8278
20560704,VILLA LUGANO,Comuna 8,commercial,40.0,20.0,40.0,0.0,0.0,5,1.19,0.89
20560705,VILLA LUGANO,Comuna 8,residential_multifamily,40.0,40.0,10.0,5.0,5.0,0,1.035,0.715
20560706,VILLA LUGANO,Comuna 8,commercial,0.0,0.0,100.0,0.0,0.0,1,1.4,1.2
20560707,VILLA LUGANO,Comuna 8,residential_multifamily,40.0,40.0,10.0,5.0,5.0,0,1.035,0.715
20560708,VILLA LUGANO,Comuna 8,residential_multifamily,100.0,0.0,0.0,0.0,0.0,1,1.1,0.6
20560709,VILLA LUGANO,Comuna 8,residential_multifamily,40.0,40.0,10.0,5.0,5.0,0,1.035,0.715
20560710,VILLA LUGANO,Comuna 8,residential_multifamily,40.0,40.0,10.0,5.0,5.0,0,1.035,0.715
20560711,VILLA LUGANO,Comuna 8,residential_singlefamily,33.33,58.33,0.0,0.0,8.33,12,0.975,0.7125
20560712,VILLA LUGANO,Comuna 8,office,20.0,40.0,0.0,20.0,20.0,5,0.9,0.52
20560713,VILLA LUGANO,Comuna 8,office,26.32,36.84,10.53,15.79,10.53,19,0.9896,0.6342
20560714,VILLA LUGANO,Comuna 8,residential_multifamily,40.0,40.0,10.0,5.0,5.0,0,1.035,0.715
20560715,VILLA LUGANO,Comuna 8,residential_multifamily,40.0,40.0,10.0,5.0,5.0,0,1.035,0.715
20560716,VILLA LUGANO,Comuna 8,residential_multifamily,40.0,40.0,10.0,5.0,5.0,0,1.035,0.715
20560801,VILLA LUGANO,Comuna 8,residential_singlefamily,34.39,58.82,5.43,0.9,0.45,221,1.0237,0.7733
20560802,VILLA LUGANO,Comuna 8,residential_singlefamily,34.73,52.72,6.28,0.42,5.86,239,1.0124,0.7439
20560803,VILLA LUGANO,Comuna 8,residential_singlefamily,31.7,56.25,8.04,1.79,2.23,224,1.0253,0.771
20560804,VILLA LUGANO,Comuna 8,residential_singlefamily,33.01,43.04,18.45,2.59,2.27,309,1.0703,0.7975
20560805,VILLA LUGANO,Comuna 8,commercial,27.03,27.8,37.07,4.25,3.86,259,1.1416,0.8552
20560806,VILLA LUGANO,Comuna 8,commercial,21.21,32.9,41.99,3.03,0.87,462,1.1651,0.9156
20560807,VILLA LUGANO,Comuna 8,residential_singlefamily,35.21,52.58,4.69,2.35,4.69,213,1.0053,0.7297
20560808,VILLA LUGANO,Comuna 8,residential_singlefamily,30.1,58.25,5.83,1.94,2.91,206,1.0063,0.7608
20560809,VILLA LUGANO,Comuna 8,residential_multifamily,39.97,33.68,15.01,2.09,8.55,573,1.0466,0.7305
20560810,VILLA LUGANO,Comuna 8,residential_singlefamily,26.98,52.56,10.7,1.4,8.37,215,1.0122,0.7551
20560811,VILLA LUGANO,Comuna 8,commercial,29.63,14.81,48.15,0.0,7.41,27,1.1889,0.8963
20560901,VILLA RIACHUELO,Comuna 8,residential_singlefamily,21.47,54.45,19.9,1.57,2.62,191,1.0624,0.8372
20560902,VILLA RIACHUELO,Comuna 8,residential_singlefamily,25.62,50.0,19.01,1.24,3.31,242,1.0591,0.8214
20560903,VILLA RIACHUELO,Comuna 8,commercial,25.0,31.87,38.74,0.0,4.4,364,1.1487,0.8945
20560904,VILLA RIACHUELO,Comuna 8,commercial,18.13,22.13,56.0,2.67,0.8,375,1.2229,0.9758
20560905,VILLA RIACHUELO,Comuna 8,commercial,24.44,19.37,53.33,1.27,0.95,315,1.2196,0.9606
20560906,VILLA RIACHUELO,Comuna 8,residential_singlefamily,14.29,85.71,0.0,0.0,0.0,14,0.9714,0.8143
20560907,VILLA RIACHUELO,Comuna 8,residential_singlefamily,25.0,63.24,5.88,2.94,2.94,204,1.0022,0.7669
20560908,VILLA RIACHUELO,Comuna 8,residential_singlefamily,30.95,37.7,22.62,2.78,5.16,252,1.0764,0.797
20560909,VILLA RIACHUELO,Comuna 8,residential_singlefamily,28.36,41.82,20.73,0.0,8.36,275,1.0575,0.7969
20561001,VILLA LUGANO,Comuna 8,residential_singlefamily,32.43,40.54,27.03,0.0,0.0,37,1.1203,0.8635
20561002,VILLA LUGANO,Comuna 8,residential_singlefamily,28.21,35.9,28.21,2.56,5.13,39,1.1014,0.8257
20561003,VILLA LUGANO,Comuna 8,office,0.0,0.0,0.0,100.0,0.0,1,0.85,0.1
20561004,VILLA LUGANO,Comuna 8,residential_multifamily,40.0,40.0,10.0,5.0,5.0,0,1.035,0.715
20561005,VILLA LUGANO,Comuna 8,residential_multifamily,40.0,40.0,10.0,5.0,5.0,0,1.035,0.715
20561006,VILLA LUGANO,Comuna 8,residential_multifamily,40.0,40.0,10.0,5.0,5.0,0,1.035,0.715
20561007,VILLA LUGANO,Comuna 8,residential_singlefamily,0.0,100.0,0.0,0.0,0.0,1,0.95,0.85
20561008,VILLA LUGANO,Comuna 8,office,4.76,0.0,4.76,47.62,4.76,21,0.7452,0.2307
20561101,VILLA LUGANO,Comuna 8,residential_multifamily,40.0,40.0,10.0,5.0,5.0,0,1.035,0.715
20561102,VILLA LUGANO,Comuna 8,residential_singlefamily,37.5,50.0,12.5,0.0,0.0,8,1.0625,0.8
20561103,VILLA LUGANO,Comuna 8,residential_multifamily,40.0,40.0,10.0,5.0,5.0,0,1.035,0.715
20561104,VILLA LUGANO,Comuna 8,residential_multifamily,40.0,40.0,10.0,5.0,5.0,0,1.035,0.715
20561105,VILLA LUGANO,Comuna 8,residential_multifamily,40.0,40.0,10.0,5.0,5.0,0,1.035,0.715
20561201,VILLA RIACHUELO,Comuna 8,residential_singlefamily,25.32,59.66,7.73,3.0,3.43,233,1.0056,0.7683
20561202,VILLA RIACHUELO,Comuna 8,residential_singlefamily,29.54,47.69,13.88,2.14,5.69,281,1.0328,0.7709
20561203,VILLA RIACHUELO,Comuna 8,residential_singlefamily,27.08,51.99,14.44,0.36,6.14,277,1.0369,0.7902
20561204,VILLA RIACHUELO,Comuna 8,residential_singlefamily,31.27,35.52,12.74,2.7,16.99,259,0.9971,0.6844
20561205,VILLA RIACHUELO,Comuna 8,residential_singlefamily,29.69,47.66,13.67,0.78,7.81,256,1.0301,0.7667
20561206,VILLA RIACHUELO,Comuna 8,residential_singlefamily,20.39,55.34,14.08,0.49,8.74,206,1.0129,0.7872
20561207,VILLA RIACHUELO,Comuna 8,residential_singlefamily,23.33,33.33,22.0,7.33,13.67,300,1.0341,0.7244
20561301,VILLA SOLDATI,Comuna 8,residential_multifamily,31.7,29.02,8.93,8.04,7.59,224,0.9407,0.6652
20561302,VILLA SOLDATI,Comuna 8,industrial,11.63,16.86,1.74,0.58,68.02,172,0.7654,0.375
20561303,VILLA SOLDATI,Comuna 8,industrial,15.3,28.11,6.41,2.85,46.98,281,0.8564,0.5062
20561304,VILLA SOLDATI,Comuna 8,residential_singlefamily,17.93,35.63,20.46,1.38,24.6,435,0.9938,0.7065
20561305,VILLA SOLDATI,Comuna 8,residential_singlefamily,25.79,38.89,9.13,0.79,25.0,252,0.9522,0.6482
20561306,VILLA SOLDATI,Comuna 8,industrial,19.48,41.13,11.26,2.16,25.11,231,0.9485,0.6597
20561307,VILLA SOLDATI,Comuna 8,industrial,14.63,44.21,6.71,1.52,32.01,328,0.9005,0.6153
20561308,VILLA SOLDATI,Comuna 8,industrial,17.08,27.27,4.41,0.55,49.04,363,0.8404,0.494
20561309,VILLA SOLDATI,Comuna 8,residential_multifamily,77.78,0.0,0.0,11.11,11.11,9,1.0222,0.5
20561310,VILLA SOLDATI,Comuna 8,residential_multifamily,85.71,0.0,4.76,9.52,0.0,21,1.0904,0.581
20561311,VILLA SOLDATI,Comuna 8,residential_multifamily,46.15,0.0,0.0,0.0,23.08,13,0.8115,0.4666
20561401,VILLA SOLDATI,Comuna 8,residential_multifamily,100.0,0.0,0.0,0.0,0.0,1,1.1,0.6
20561402,VILLA SOLDATI,Comuna 8,residential_multifamily,40.0,40.0,10.0,5.0,5.0,0,1.035,0.715
20561403,VILLA SOLDATI,Comuna 8,commercial,50.0,0.0,50.0,0.0,0.0,2,1.25,0.9
20561404,VILLA SOLDATI,Comuna 8,residential_singlefamily,23.19,41.67,13.41,4.71,15.58,276,0.9872,0.7002
20561405,VILLA SOLDATI,Comuna 8,residential_singlefamily,21.86,35.48,13.26,7.89,21.15,279,0.9695,0.6444
20561406,VILLA SOLDATI,Comuna 8,residential_singlefamily,28.78,39.02,12.2,1.95,16.1,205,0.989,0.6985
20561407,VILLA SOLDATI,Comuna 8,residential_singlefamily,23.12,34.69,23.44,2.81,15.0,320,1.0381,0.7548
20561408,VILLA SOLDATI,Comuna 8,residential_singlefamily,22.73,48.48,4.17,3.79,20.08,264,0.9355,0.6473
20561409,VILLA SOLDATI,Comuna 8,industrial,22.04,37.83,4.28,1.64,33.22,304,0.8966,0.579
20561410,VILLA SOLDATI,Comuna 8,industrial,20.72,46.61,3.19,1.59,27.89,251,0.9102,0.6162
20561411,VILLA SOLDATI,Comuna 8,office,0.0,0.0,0.0,100.0,0.0,2,0.85,0.1
20561501,VILLA SOLDATI,Comuna 8,residential_multifamily,40.0,40.0,10.0,5.0,5.0,0,1.035,0.715
20561502,VILLA SOLDATI,Comuna 8,residential_multifamily,40.0,40.0,10.0,5.0,5.0,0,1.035,0.715
20561503,VILLA SOLDATI,Comuna 8,residential_multifamily,42.86,21.43,14.29,0.0,21.43,14,1.0144,0.6536
20561504,VILLA SOLDATI,Comuna 8,residential_multifamily,40.0,40.0,10.0,5.0,5.0,0,1.035,0.715
20561505,VILLA SOLDATI,Comuna 8,residential_multifamily,40.0,40.0,10.0,5.0,5.0,0,1.035,0.715
20561506,VILLA SOLDATI,Comuna 8,residential_multifamily,40.0,40.0,10.0,5.0,5.0,0,1.035,0.715
20561507,VILLA SOLDATI,Comuna 8,commercial,37.5,25.0,31.25,0.0,6.25,16,1.1281,0.825
20561508,VILLA SOLDATI,Comuna 8,residential_singlefamily,25.0,50.0,18.75,0.0,6.25,16,1.0531,0.8125
20561509,VILLA SOLDATI,Comuna 8,residential_singlefamily,30.43,44.2,5.07,1.45,18.12,138,0.9594,0.6616
20561510,VILLA SOLDATI,Comuna 8,residential_multifamily,35.68,35.14,7.57,0.54,20.0,185,0.9722,0.6511
20561511,VILLA SOLDATI,Comuna 8,industrial,9.38,18.75,12.5,28.12,31.25,32,0.8984,0.4563
20561512,VILLA SOLDATI,Comuna 8,residential_multifamily,80.95,0.0,14.29,4.76,0.0,21,1.131,0.6619
20561513,VILLA SOLDATI,Comuna 8,residential_singlefamily,0.0,100.0,0.0,0.0,0.0,2,0.95,0.85
20561514,VILLA SOLDATI,Comuna 8,residential_multifamily,40.0,40.0,10.0,5.0,5.0,0,1.035,0.715
20561515,VILLA SOLDATI,Comuna 8,residential_multifamily,40.0,40.0,10.0,5.0,5.0,0,1.035,0.715
20561516,VILLA SOLDATI,Comuna 8,residential_multifamily,40.0,40.0,10.0,5.0,5.0,0,1.035,0.715
20561517,VILLA SOLDATI,Comuna 8,residential_multifamily,40.0,40.0,10.0,5.0,5.0,0,1.035,0.715
20561518,VILLA SOLDATI,Comuna 8,residential_multifamily,40.0,40.0,10.0,5.0,5.0,0,1.035,0.715
20561519,VILLA SOLDATI,Comuna 8,residential_multifamily,40.0,40.0,10.0,5.0,5.0,0,1.035,0.715
20561601,VILLA SOLDATI,Comuna 8,residential_multifamily,40.0,40.0,10.0,5.0,5.0,0,1.035,0.715
20561602,VILLA SOLDATI,Comuna 8,residential_multifamily,40.0,40.0,10.0,5.0,5.0,0,1.035,0.715
20561603,VILLA SOLDATI,Comuna 8,residential_multifamily,40.0,40.0,10.0,5.0,5.0,0,1.035,0.715
20561604,VILLA SOLDATI,Comuna 8,residential_multifamily,40.0,40.0,10.0,5.0,5.0,0,1.035,0.715
20561605,VILLA SOLDATI,Comuna 8,residential_multifamily,40.0,40.0,10.0,5.0,5.0,0,1.035,0.715
20561606,VILLA SOLDATI,Comuna 8,residential_multifamily,40.0,40.0,10.0,5.0,5.0,0,1.035,0.715
20561607,VILLA SOLDATI,Comuna 8,residential_multifamily,40.0,40.0,10.0,5.0,5.0,0,1.035,0.715
20561608,VILLA SOLDATI,Comuna 8,residential_multifamily,40.0,40.0,10.0,5.0,5.0,0,1.035,0.715
20561609,VILLA SOLDATI,Comuna 8,residential_multifamily,40.0,40.0,10.0,5.0,5.0,0,1.035,0.715
20561610,VILLA SOLDATI,Comuna 8,residential_multifamily,40.0,40.0,10.0,5.0,5.0,0,1.035,0.715
20561701,VILLA LUGANO,Comuna 8,mixed,6.9,0.0,3.45,0.0,3.45,29,0.5776,0.65
20561702,VILLA LUGANO,Comuna 8,office,0.0,0.0,0.0,100.0,0.0,2,0.85,0.1
20561703,VILLA LUGANO,Comuna 8,residential_multifamily,40.0,40.0,10.0,5.0,5.0,0,1.035,0.715
20561704,VILLA LUGANO,Comuna 8,office,50.0,0.0,12.5,25.0,12.5,8,1.0188,0.5
20561705,VILLA LUGANO,Comuna 8,residential_multifamily,90.0,0.0,0.0,10.0,0.0,10,1.075,0.55
20561801,VILLA LUGANO,Comuna 8,residential_singlefamily,33.33,44.44,11.11,0.0,11.11,9,1.0166,0.7333
20561802,VILLA LUGANO,Comuna 8,residential_multifamily,40.0,40.0,10.0,5.0,5.0,0,1.035,0.715
20561803,VILLA LUGANO,Comuna 8,residential_multifamily,40.0,40.0,10.0,5.0,5.0,0,1.035,0.715
20561804,VILLA LUGANO,Comuna 8,commercial,0.0,50.0,50.0,0.0,0.0,2,1.175,1.025
20561805,VILLA LUGANO,Comuna 8,residential_multifamily,100.0,0.0,0.0,0.0,0.0,1,1.1,0.6
20561806,VILLA LUGANO,Comuna 8,residential_multifamily,40.0,28.57,20.0,0.0,11.43,35,1.0657,0.7457
20561807,VILLA LUGANO,Comuna 8,residential_multifamily,40.0,40.0,10.0,5.0,5.0,0,1.035,0.715
20561808,VILLA LUGANO,Comuna 8,residential_multifamily,40.0,40.0,10.0,5.0,5.0,0,1.035,0.715
20561809,VILLA LUGANO,Comuna 8,residential_multifamily,40.0,40.0,10.0,5.0,5.0,0,1.035,0.715
20630101,LINIERS,Comuna 9,residential_multifamily,100.0,0.0,0.0,0.0,0.0,1,1.1,0.6
20630102,LINIERS,Comuna 9,residential_multifamily,43.48,27.54,17.39,7.25,4.35,69,1.0733,0.7195
20630103,LINIERS,Comuna 9,residential_multifamily,40.12,27.54,25.75,1.8,4.19,167,1.109,0.7988
20630104,LINIERS,Comuna 9,commercial,32.23,13.55,47.62,3.3,1.83,273,1.1972,0.9002
20630105,LINIERS,Comuna 9,commercial,19.65,14.45,57.8,6.36,1.73,173,1.228,0.9442
20630106,LINIERS,Comuna 9,residential_singlefamily,26.43,30.84,19.38,11.01,4.85,227,1.0176,0.7286
20630107,LINIERS,Comuna 9,residential_singlefamily,26.4,36.04,20.81,9.64,5.58,197,1.05,0.7467
20630108,LINIERS,Comuna 9,commercial,24.22,31.06,37.89,6.83,0.0,161,1.15,0.8708
20630109,LINIERS,Comuna 9,commercial,8.0,0.0,84.0,4.0,0.0,25,1.318,1.1042
20630201,LINIERS,Comuna 9,commercial,41.62,21.83,30.46,4.06,1.52,197,1.1386,0.812
20630202,LINIERS,Comuna 9,residential_singlefamily,43.92,45.5,6.35,2.12,1.59,189,1.0352,0.7356
20630203,LINIERS,Comuna 9,residential_multifamily,44.37,36.42,13.25,3.31,2.65,151,1.0649,0.7434
20630204,LINIERS,Comuna 9,residential_multifamily,49.4,26.51,20.48,2.41,1.2,83,1.1102,0.7723
20630205,LINIERS,Comuna 9,residential_multifamily,47.53,38.89,12.35,0.62,0.62,162,1.0745,0.7657
20630206,LINIERS,Comuna 9,residential_singlefamily,33.93,55.36,7.14,1.19,1.79,168,1.0238,0.7691
20630207,LINIERS,Comuna 9,residential_multifamily,40.0,35.29,18.82,2.94,2.35,170,1.082,0.7781
20630208,LINIERS,Comuna 9,residential_singlefamily,42.47,49.32,2.05,2.74,3.42,146,1.0099,0.7082
20630209,LINIERS,Comuna 9,residential_multifamily,47.26,30.82,15.75,1.37,4.79,146,1.076,0.7456
20630210,LINIERS,Comuna 9,residential_singlefamily,38.26,42.05,12.88,5.68,1.14,264,1.0563,0.7494
20630211,LINIERS,Comuna 9,residential_singlefamily,29.96,42.11,19.84,3.64,4.05,247,1.0666,0.7907
20630212,LINIERS,Comuna 9,residential_singlefamily,36.68,41.21,14.07,1.51,5.53,199,1.0457,0.7594
20630213,LINIERS,Comuna 9,residential_multifamily,50.0,23.68,18.42,2.63,5.26,38,1.0894,0.7355
20630301,LINIERS,Comuna 9,commercial,15.34,8.52,71.02,5.11,0.0,176,1.2874,1.0219
20630302,LINIERS,Comuna 9,commercial,23.26,15.28,59.38,2.08,0.0,288,1.25,0.9841
20630303,LINIERS,Comuna 9,commercial,23.05,24.07,50.51,2.03,0.0,295,1.2083,0.9543
20630304,LINIERS,Comuna 9,commercial,20.77,45.08,31.69,2.46,0.0,366,1.1213,0.8905
20630305,LINIERS,Comuna 9,commercial,23.94,1.41,73.24,0.0,0.0,71,1.3091,1.0493
20630306,LINIERS,Comuna 9,residential_singlefamily,31.27,44.79,22.01,1.93,0.0,259,1.094,0.8344
20630307,LINIERS,Comuna 9,residential_singlefamily,19.33,77.7,2.23,0.74,0.0,269,0.9883,0.8039
20630308,LINIERS,Comuna 9,residential_singlefamily,13.43,83.75,2.47,0.0,0.35,283,0.9802,0.8228
20630309,LINIERS,Comuna 9,residential_singlefamily,28.8,63.87,5.76,0.52,0.0,191,1.0139,0.7937
20630310,LINIERS,Comuna 9,residential_singlefamily,17.74,78.39,2.9,0.65,0.0,310,0.9876,0.8108
20630311,LINIERS,Comuna 9,residential_singlefamily,26.34,69.08,3.05,0.0,1.15,262,0.9981,0.7871
20630312,LINIERS,Comuna 9,residential_singlefamily,33.88,56.83,5.46,0.55,1.64,183,1.0125,0.7683
20630313,LINIERS,Comuna 9,residential_singlefamily,26.67,56.97,13.94,0.0,1.21,165,1.0437,0.8239
20630401,LINIERS,Comuna 9,residential_singlefamily,24.64,72.04,1.42,0.0,1.42,211,0.9869,0.7838
20630402,LINIERS,Comuna 9,residential_singlefamily,34.68,49.83,13.8,0.67,1.01,297,1.0604,0.8
20630403,LINIERS,Comuna 9,residential_singlefamily,39.65,50.53,7.72,1.05,1.05,285,1.04,0.7632
20630404,LINIERS,Comuna 9,residential_singlefamily,41.7,49.8,5.67,1.62,0.4,247,1.0316,0.75
20630405,LINIERS,Comuna 9,residential_singlefamily,36.95,54.62,6.43,2.01,0.0,249,1.0324,0.7651
20630406,LINIERS,Comuna 9,residential_singlefamily,35.2,46.37,12.85,1.68,2.23,179,1.0447,0.7787
20630407,LINIERS,Comuna 9,residential_singlefamily,34.19,43.59,18.8,0.0,3.42,234,1.0756,0.8081
20630408,LINIERS,Comuna 9,residential_multifamily,47.06,35.88,10.59,2.35,3.53,170,1.0527,0.7281
20630409,LINIERS,Comuna 9,commercial,31.54,29.88,37.76,0.83,0.0,241,1.1665,0.8971
20630410,LINIERS,Comuna 9,residential_multifamily,55.83,34.36,4.91,0.0,3.07,163,1.0384,0.705
20630411,LINIERS,Comuna 9,residential_singlefamily,35.56,51.05,10.46,0.42,2.09,239,1.0418,0.7807
20630501,LINIERS,Comuna 9,residential_multifamily,48.11,41.62,4.86,1.62,3.24,185,1.0302,0.7128
20630502,LINIERS,Comuna 9,residential_multifamily,41.71,32.23,21.33,2.37,1.9,211,1.0984,0.79
20630503,LINIERS,Comuna 9,residential_multifamily,39.89,29.79,24.47,3.19,2.66,188,1.1088,0.7947
20630504,LINIERS,Comuna 9,residential_singlefamily,36.68,39.3,21.83,0.44,1.31,229,1.0969,0.8228
20630505,LINIERS,Comuna 9,commercial,38.75,26.57,31.73,1.85,1.11,271,1.1458,0.8431
20630506,LINIERS,Comuna 9,residential_singlefamily,35.68,46.49,10.81,1.08,5.95,185,1.0333,0.7519
20630507,LINIERS,Comuna 9,residential_multifamily,41.3,29.55,22.27,0.81,6.07,247,1.0931,0.7792
20630508,LINIERS,Comuna 9,residential_singlefamily,42.44,43.02,6.98,2.33,4.07,172,1.0253,0.7229
20630509,LINIERS,Comuna 9,residential_multifamily,46.05,36.74,13.02,2.79,0.47,215,1.0693,0.7556
20630510,LINIERS,Comuna 9,residential_multifamily,59.04,30.72,6.02,2.41,1.81,166,1.0578,0.6936
20630511,LINIERS,Comuna 9,residential_multifamily,42.74,42.32,12.45,0.41,1.66,241,1.0629,0.7725
20630601,MATADEROS,Comuna 9,residential_multifamily,51.18,37.44,4.74,2.37,3.79,211,1.0322,0.6955
20630602,MATADEROS,Comuna 9,residential_multifamily,46.86,36.57,10.29,2.86,3.43,175,1.0535,0.7251
20630603,MATADEROS,Comuna 9,commercial,28.78,19.06,45.32,4.32,2.16,278,1.1847,0.8904
20630604,MATADEROS,Comuna 9,commercial,31.52,23.64,36.67,1.21,6.97,330,1.1403,0.8452
20630605,MATADEROS,Comuna 9,residential_singlefamily,39.51,48.95,7.34,1.05,2.8,286,1.0313,0.7505
20630606,MATADEROS,Comuna 9,residential_singlefamily,40.8,53.73,3.98,0.5,1.0,201,1.0257,0.7517
20630607,MATADEROS,Comuna 9,commercial,35.39,28.65,30.9,0.56,4.49,178,1.1281,0.8363
20630608,MATADEROS,Comuna 9,residential_singlefamily,33.33,43.45,19.05,0.6,3.57,168,1.0744,0.8056
20630609,MATADEROS,Comuna 9,commercial,25.0,6.25,65.62,0.0,3.12,32,1.2734,0.9969
20630610,MATADEROS,Comuna 9,residential_multifamily,49.13,38.15,5.2,1.73,5.78,173,1.028,0.6948
20630611,MATADEROS,Comuna 9,residential_multifamily,46.71,40.72,5.99,0.6,4.79,167,1.0267,0.717
20630612,MATADEROS,Comuna 9,residential_singlefamily,37.91,48.82,10.43,0.47,2.37,211,1.0462,0.7728
20630701,MATADEROS,Comuna 9,residential_singlefamily,36.49,57.66,2.7,2.7,0.45,222,1.0128,0.745
20630702,MATADEROS,Comuna 9,residential_singlefamily,31.06,61.36,5.3,1.52,0.38,264,1.0161,0.7768
20630703,MATADEROS,Comuna 9,residential_singlefamily,37.5,44.4,15.09,1.29,1.72,232,1.0677,0.7882
20630704,MATADEROS,Comuna 9,residential_singlefamily,38.89,54.04,6.06,0.0,1.01,198,1.0326,0.7674
20630705,MATADEROS,Comuna 9,residential_singlefamily,38.91,53.39,4.52,0.9,2.26,221,1.0209,0.7471
20630706,MATADEROS,Comuna 9,residential_multifamily,47.62,43.72,4.76,1.73,2.16,231,1.0346,0.7206
20630707,MATADEROS,Comuna 9,residential_singlefamily,38.29,40.0,14.29,0.57,6.29,175,1.0498,0.7586
20630708,MATADEROS,Comuna 9,residential_singlefamily,35.85,48.11,7.08,1.42,7.55,212,1.0117,0.7254
20630709,MATADEROS,Comuna 9,residential_multifamily,50.27,41.18,4.28,0.53,3.74,187,1.0329,0.711
20630710,MATADEROS,Comuna 9,residential_multifamily,41.36,39.51,14.2,0.0,4.94,162,1.0612,0.7642
20630711,MATADEROS,Comuna 9,residential_singlefamily,42.03,45.41,6.76,1.45,4.35,207,1.029,0.7294
20630712,MATADEROS,Comuna 9,residential_multifamily,34.16,33.33,25.93,1.65,4.94,243,1.1015,0.8109
20630713,MATADEROS,Comuna 9,commercial,33.98,27.18,33.5,1.46,3.4,206,1.1379,0.8492
20630714,MATADEROS,Comuna 9,commercial,29.83,17.68,45.86,2.76,2.76,181,1.1851,0.8978
20630801,MATADEROS,Comuna 9,residential_multifamily,38.63,35.62,23.61,1.72,0.43,233,1.1113,0.8204
20630802,MATADEROS,Comuna 9,residential_singlefamily,30.86,41.26,26.02,1.12,0.74,269,1.11,0.8507
20630803,MATADEROS,Comuna 9,residential_singlefamily,28.47,53.56,12.2,1.36,4.07,295,1.0325,0.7846
20630804,MATADEROS,Comuna 9,residential_multifamily,43.93,42.99,6.54,1.87,3.74,107,1.028,0.7236
20630805,MATADEROS,Comuna 9,residential_singlefamily,35.77,41.15,6.54,2.31,14.23,260,0.9881,0.6736
20630806,MATADEROS,Comuna 9,residential_singlefamily,32.3,41.63,10.12,3.11,12.84,257,1.0024,0.6979
20630807,MATADEROS,Comuna 9,residential_singlefamily,29.08,43.26,9.93,1.42,15.6,141,0.9869,0.6989
20630808,MATADEROS,Comuna 9,residential_singlefamily,28.24,31.68,13.36,4.2,22.14,262,0.9801,0.65
20630809,MATADEROS,Comuna 9,residential_singlefamily,21.77,36.53,22.14,1.48,18.08,271,1.0266,0.7444
20630810,MATADEROS,Comuna 9,residential_singlefamily,31.56,37.33,11.56,2.22,17.33,225,0.9951,0.6823
20630811,MATADEROS,Comuna 9,industrial,30.89,28.8,7.85,2.62,29.32,191,0.9387,0.5887
20630812,MATADEROS,Comuna 9,residential_singlefamily,28.26,52.17,5.07,4.35,9.42,138,0.9793,0.7022
20630813,MATADEROS,Comuna 9,residential_singlefamily,29.83,43.65,4.42,0.0,20.99,181,0.9467,0.6523
20630901,MATADEROS,Comuna 9,residential_multifamily,41.21,41.21,8.48,3.03,6.06,165,1.0287,0.7145
20630902,MATADEROS,Comuna 9,residential_singlefamily,26.78,40.44,14.75,3.28,14.21,183,1.0082,0.717
20630903,MATADEROS,Comuna 9,residential_multifamily,31.69,31.28,22.22,3.7,11.11,243,1.0605,0.7486
20630904,MATADEROS,Comuna 9,industrial,15.65,24.78,9.13,6.09,43.48,230,0.8741,0.5116
20630905,MATADEROS,Comuna 9,industrial,19.11,25.33,26.22,3.56,25.33,225,1.0151,0.702
20630906,MATADEROS,Comuna 9,residential_singlefamily,36.3,47.95,4.79,2.05,8.22,146,0.9962,0.7062
20630907,MATADEROS,Comuna 9,residential_multifamily,47.37,44.74,3.51,0.88,3.51,114,1.0255,0.7145
20630908,MATADEROS,Comuna 9,residential_singlefamily,45.45,47.47,3.03,0.0,2.02,99,1.0166,0.7314
20630909,MATADEROS,Comuna 9,residential_singlefamily,30.16,37.7,28.17,0.79,2.78,252,1.1111,0.8492
20630910,MATADEROS,Comuna 9,residential_singlefamily,33.06,40.0,15.51,1.63,8.98,245,1.0371,0.7502
20630911,MATADEROS,Comuna 9,residential_multifamily,38.22,32.0,16.0,0.0,13.78,225,1.038,0.7209
20630912,MATADEROS,Comuna 9,residential_multifamily,42.31,34.13,5.77,0.48,16.83,208,0.9863,0.6505
20630913,MATADEROS,Comuna 9,residential_singlefamily,35.57,49.66,2.68,2.01,10.07,149,0.9832,0.6899
20630914,MATADEROS,Comuna 9,residential_multifamily,44.38,38.12,9.38,0.62,5.62,160,1.0328,0.7284
20631001,PARQUE AVELLANEDA,Comuna 9,residential_multifamily,48.51,36.57,7.46,2.99,4.48,134,1.04,0.7033
20631002,PARQUE AVELLANEDA,Comuna 9,residential_singlefamily,31.23,36.28,25.87,3.79,2.84,317,1.101,0.8156
20631003,PARQUE AVELLANEDA,Comuna 9,residential_singlefamily,32.07,35.02,7.59,9.7,11.39,237,0.9694,0.6408
20631004,PARQUE AVELLANEDA,Comuna 9,residential_singlefamily,35.66,51.75,5.59,1.4,4.2,143,1.0083,0.7411
20631005,PARQUE AVELLANEDA,Comuna 9,residential_multifamily,42.86,41.07,10.71,0.0,4.46,112,1.0451,0.7504
20631006,PARQUE AVELLANEDA,Comuna 9,residential_multifamily,44.76,43.81,6.67,1.9,2.86,105,1.0367,0.7286
20631007,PARQUE AVELLANEDA,Comuna 9,residential_singlefamily,35.56,47.41,10.37,0.74,5.19,135,1.0304,0.7574
20631008,PARQUE AVELLANEDA,Comuna 9,residential_singlefamily,42.41,44.94,12.03,0.0,0.63,158,1.066,0.782
20631009,PARQUE AVELLANEDA,Comuna 9,residential_singlefamily,12.5,75.0,0.0,12.5,0.0,16,0.9562,0.725
20631010,PARQUE AVELLANEDA,Comuna 9,office,50.0,0.0,0.0,50.0,0.0,2,0.975,0.35
20631011,PARQUE AVELLANEDA,Comuna 9,office,0.0,0.0,0.0,100.0,0.0,1,0.85,0.1
20631012,PARQUE AVELLANEDA,Comuna 9,commercial,42.86,19.05,33.33,0.0,4.76,21,1.15,0.8286
20631101,PARQUE AVELLANEDA,Comuna 9,residential_multifamily,42.4,23.2,25.6,4.0,4.0,125,1.1092,0.777
20631102,PARQUE AVELLANEDA,Comuna 9,residential_multifamily,39.18,33.33,16.96,1.17,6.43,171,1.0514,0.7581
20631103,PARQUE AVELLANEDA,Comuna 9,residential_singlefamily,34.19,47.1,10.97,1.29,5.81,155,1.0291,0.7549
20631104,PARQUE AVELLANEDA,Comuna 9,residential_singlefamily,44.0,50.67,2.67,0.0,1.33,150,1.018,0.7392
20631105,PARQUE AVELLANEDA,Comuna 9,residential_singlefamily,37.55,53.28,5.68,0.0,3.49,229,1.0214,0.7533
20631106,PARQUE AVELLANEDA,Comuna 9,residential_multifamily,47.95,36.3,10.27,1.37,4.11,146,1.0544,0.7291
20631107,PARQUE AVELLANEDA,Comuna 9,residential_singlefamily,40.2,50.75,2.51,1.51,4.52,199,1.0042,0.7169
20631108,PARQUE AVELLANEDA,Comuna 9,residential_multifamily,52.45,36.36,3.5,4.2,3.5,143,1.0298,0.6769
20631109,PARQUE AVELLANEDA,Comuna 9,residential_multifamily,46.15,35.66,5.59,5.59,6.29,143,1.0167,0.6701
20631110,PARQUE AVELLANEDA,Comuna 9,residential_multifamily,44.85,34.55,12.73,1.82,6.06,165,1.0547,0.7294
20631111,PARQUE AVELLANEDA,Comuna 9,residential_multifamily,37.68,33.82,17.87,1.45,9.18,207,1.0579,0.7478
20631112,PARQUE AVELLANEDA,Comuna 9,residential_multifamily,43.9,42.07,7.93,1.83,4.27,164,1.0369,0.7265
20631201,PARQUE AVELLANEDA,Comuna 9,residential_singlefamily,39.29,42.46,13.89,0.79,3.17,252,1.0593,0.7736
20631202,PARQUE AVELLANEDA,Comuna 9,residential_singlefamily,26.19,66.67,5.36,0.6,1.19,168,1.0093,0.7911
20631203,PARQUE AVELLANEDA,Comuna 9,residential_singlefamily,36.26,46.18,14.5,0.76,2.29,262,1.062,0.7895
20631204,PARQUE AVELLANEDA,Comuna 9,residential_multifamily,44.87,44.87,2.56,0.64,7.05,156,1.007,0.6961
20631205,PARQUE AVELLANEDA,Comuna 9,residential_singlefamily,40.51,42.41,11.39,0.63,4.43,158,1.0453,0.7545
20631206,PARQUE AVELLANEDA,Comuna 9,residential_multifamily,44.1,41.03,9.23,0.51,3.59,195,1.0395,0.7433
20631207,PARQUE AVELLANEDA,Comuna 9,residential_singlefamily,36.93,43.75,14.2,3.41,1.14,176,1.0599,0.774
20631208,PARQUE AVELLANEDA,Comuna 9,residential_singlefamily,26.57,63.64,3.85,2.45,3.5,286,0.9943,0.7559
20631209,PARQUE AVELLANEDA,Comuna 9,residential_singlefamily,37.5,45.0,10.0,1.25,5.83,240,1.0306,0.7435
20631210,PARQUE AVELLANEDA,Comuna 9,residential_singlefamily,33.19,46.38,9.79,0.43,9.36,235,1.0115,0.7363
20631211,PARQUE AVELLANEDA,Comuna 9,residential_singlefamily,24.8,36.99,26.83,1.22,9.76,246,1.0756,0.8092
20631212,PARQUE AVELLANEDA,Comuna 9,residential_singlefamily,19.49,56.92,14.36,0.51,8.72,195,1.0172,0.791
20631301,PARQUE AVELLANEDA,Comuna 9,residential_singlefamily,27.67,47.57,17.72,1.21,5.1,412,1.0514,0.8003
20631302,PARQUE AVELLANEDA,Comuna 9,commercial,28.74,32.34,31.14,1.8,5.69,334,1.1131,0.8366
20631303,PARQUE AVELLANEDA,Comuna 9,residential_multifamily,36.19,33.81,22.86,0.48,6.67,210,1.0868,0.7926
20631304,PARQUE AVELLANEDA,Comuna 9,residential_singlefamily,24.75,64.85,5.45,0.0,3.47,202,0.9946,0.7837
20631305,PARQUE AVELLANEDA,Comuna 9,residential_singlefamily,26.87,50.68,5.78,0.68,13.95,294,0.9646,0.7043
20631306,PARQUE AVELLANEDA,Comuna 9,residential_singlefamily,25.26,51.03,8.25,2.06,11.34,194,0.9797,0.724
20631307,PARQUE AVELLANEDA,Comuna 9,residential_multifamily,36.83,36.19,5.08,7.62,10.48,315,0.9719,0.6426
20631401,PARQUE AVELLANEDA,Comuna 9,residential_singlefamily,32.1,45.2,13.97,1.75,6.55,458,1.0377,0.7626
20631402,PARQUE AVELLANEDA,Comuna 9,commercial,24.86,33.7,37.29,1.1,2.21,362,1.1436,0.8961
20631403,PARQUE AVELLANEDA,Comuna 9,residential_singlefamily,25.2,30.0,29.6,2.8,11.2,250,1.0792,0.7962
20631404,PARQUE AVELLANEDA,Comuna 9,residential_singlefamily,23.18,45.03,9.93,1.99,17.88,151,0.9649,0.6925
20631405,PARQUE AVELLANEDA,Comuna 9,residential_multifamily,40.0,40.0,10.0,5.0,5.0,0,1.035,0.715
20631406,PARQUE AVELLANEDA,Comuna 9,residential_multifamily,40.0,40.0,10.0,5.0,5.0,0,1.035,0.715
20631407,PARQUE AVELLANEDA,Comuna 9,residential_multifamily,46.15,15.38,23.08,0.0,0.0,13,1.0538,0.8091
20631408,PARQUE AVELLANEDA,Comuna 9,office,16.67,33.33,16.67,16.67,16.67,6,0.9834,0.6333
20631409,PARQUE AVELLANEDA,Comuna 9,residential_singlefamily,22.92,46.35,20.83,3.65,4.17,192,1.0526,0.8103
20631410,PARQUE AVELLANEDA,Comuna 9,residential_multifamily,100.0,0.0,0.0,0.0,0.0,2,1.1,0.6
20631411,PARQUE AVELLANEDA,Comuna 9,residential_multifamily,40.0,40.0,10.0,5.0,5.0,0,1.035,0.715
20631412,PARQUE AVELLANEDA,Comuna 9,commercial,0.0,66.67,33.33,0.0,0.0,3,1.1,0.9667
20631413,PARQUE AVELLANEDA,Comuna 9,residential_multifamily,40.0,40.0,10.0,5.0,5.0,0,1.035,0.715
20631414,PARQUE AVELLANEDA,Comuna 9,residential_multifamily,50.0,37.5,12.5,0.0,0.0,8,1.0813,0.7687
20631415,PARQUE AVELLANEDA,Comuna 9,residential_multifamily,80.0,0.0,0.0,0.0,20.0,5,1.01,0.52
20631501,MATADEROS,Comuna 9,industrial,15.04,21.54,5.28,3.25,52.44,246,0.8247,0.456
20631502,MATADEROS,Comuna 9,residential_singlefamily,34.31,35.78,8.33,0.49,20.59,204,0.9744,0.6549
20631503,MATADEROS,Comuna 9,residential_singlefamily,31.44,34.78,8.36,1.34,24.08,299,0.9612,0.6341
20631504,MATADEROS,Comuna 9,residential_multifamily,39.75,35.66,5.74,2.05,16.8,244,0.983,0.6461
20631505,MATADEROS,Comuna 9,residential_singlefamily,41.01,44.7,6.45,1.84,5.53,217,1.02,0.7197
20631506,MATADEROS,Comuna 9,residential_singlefamily,27.97,48.95,20.63,1.05,1.4,286,1.0795,0.8353
20631507,MATADEROS,Comuna 9,residential_singlefamily,34.53,35.74,13.81,0.9,14.71,333,1.0175,0.7092
20631508,MATADEROS,Comuna 9,residential_singlefamily,37.84,38.74,7.21,0.9,15.32,222,0.9924,0.6743
20631509,MATADEROS,Comuna 9,residential_multifamily,35.65,31.94,6.94,1.39,24.07,216,0.9611,0.6183
20631510,MATADEROS,Comuna 9,industrial,22.64,20.75,21.13,1.13,34.34,265,0.9748,0.6356
20631511,MATADEROS,Comuna 9,residential_singlefamily,33.46,36.76,15.44,1.1,12.87,272,1.0283,0.728
20631601,MATADEROS,Comuna 9,residential_singlefamily,28.89,44.44,11.67,2.78,12.22,180,1.0064,0.7183
20631602,MATADEROS,Comuna 9,residential_multifamily,41.87,33.74,6.1,1.22,16.67,246,0.9872,0.6484
20631603,MATADEROS,Comuna 9,residential_singlefamily,25.63,42.71,17.59,2.01,11.56,199,1.0287,0.7568
20631604,MATADEROS,Comuna 9,industrial,13.93,32.14,17.14,5.36,31.07,280,0.9478,0.6322
20631605,MATADEROS,Comuna 9,residential_singlefamily,30.09,50.93,4.17,0.46,14.35,216,0.9704,0.6926
20631606,MATADEROS,Comuna 9,residential_multifamily,44.23,36.86,7.05,1.28,10.58,312,1.0151,0.6857
20631607,MATADEROS,Comuna 9,residential_singlefamily,38.67,40.0,16.0,0.33,4.67,300,1.0642,0.7763
20631608,MATADEROS,Comuna 9,residential_singlefamily,28.23,49.28,4.78,4.78,11.96,209,0.9688,0.6809
20631609,MATADEROS,Comuna 9,residential_singlefamily,25.97,48.06,11.63,1.16,13.18,258,1.0006,0.7314
20631610,MATADEROS,Comuna 9,residential_singlefamily,33.63,40.71,15.04,3.54,7.08,113,1.0433,0.746
20631611,MATADEROS,Comuna 9,office,71.43,0.0,0.0,28.57,0.0,7,1.0286,0.4572
20631612,MATADEROS,Comuna 9,residential_multifamily,83.33,0.0,0.0,0.0,16.67,6,1.025,0.5333
20631613,MATADEROS,Comuna 9,residential_singlefamily,31.71,51.22,7.32,2.44,7.32,41,1.0062,0.7305
20700101,VILLA REAL,Comuna 10,residential_singlefamily,36.02,51.69,10.17,1.27,0.85,236,1.046,0.7805
20700102,VILLA REAL,Comuna 10,commercial,35.14,27.48,34.23,1.35,1.8,222,1.15,0.8601
20700103,VILLA REAL,Comuna 10,residential_multifamily,41.99,39.42,12.18,1.92,4.49,312,1.0524,0.7441
20700104,VILLA REAL,Comuna 10,residential_singlefamily,37.85,49.4,5.18,0.8,6.37,251,1.0084,0.7256
20700105,VILLA REAL,Comuna 10,residential_multifamily,49.71,44.44,3.51,1.17,0.58,171,1.0348,0.7247
20700106,VILLA REAL,Comuna 10,residential_singlefamily,40.69,54.55,1.73,0.87,2.16,231,1.0115,0.7338
20700107,VILLA REAL,Comuna 10,residential_multifamily,45.93,42.44,5.23,1.16,4.65,172,1.0247,0.7138
20700108,VILLA REAL,Comuna 10,residential_multifamily,43.14,42.14,11.71,1.67,1.0,299,1.0612,0.7638
20700201,VILLA REAL,Comuna 10,residential_multifamily,36.71,36.71,23.78,2.8,0.0,286,1.1093,0.8205
20700202,VILLA REAL,Comuna 10,residential_singlefamily,42.86,46.29,5.71,1.14,2.86,175,1.0251,0.7344
20700203,VILLA REAL,Comuna 10,residential_singlefamily,38.89,53.54,4.04,0.0,3.54,198,1.016,0.7439
20700204,VILLA REAL,Comuna 10,residential_singlefamily,32.65,61.22,2.04,2.04,0.68,147,0.9979,0.7545
20700205,VILLA REAL,Comuna 10,residential_singlefamily,29.66,59.75,2.12,5.08,2.97,236,0.9882,0.7253
20700206,VILLA REAL,Comuna 10,residential_singlefamily,34.78,46.86,8.21,8.7,0.48,207,1.0246,0.7222
20700207,VILLA REAL,Comuna 10,residential_singlefamily,34.85,50.38,11.74,1.14,1.52,264,1.0477,0.7853
20700208,VILLA REAL,Comuna 10,residential_singlefamily,32.53,45.18,15.06,0.6,3.61,166,1.0415,0.7917
20700301,VERSALLES,Comuna 10,residential_singlefamily,29.63,61.48,6.67,1.48,0.0,135,1.0197,0.7877
20700302,VERSALLES,Comuna 10,residential_singlefamily,24.58,67.92,5.0,1.25,1.25,240,1.0044,0.7886
20700303,VERSALLES,Comuna 10,residential_singlefamily,20.41,68.57,9.8,1.22,0.0,245,1.0235,0.8241
20700304,VERSALLES,Comuna 10,residential_singlefamily,26.64,66.36,2.8,2.8,1.4,214,0.9956,0.7631
20700305,VERSALLES,Comuna 10,residential_singlefamily,38.54,59.02,0.49,0.49,1.46,205,1.0051,0.7422
20700306,VERSALLES,Comuna 10,residential_multifamily,45.59,36.76,1.47,11.76,0.0,68,0.9934,0.6439
20700307,VERSALLES,Comuna 10,residential_singlefamily,33.58,53.36,9.7,1.49,1.87,268,1.0369,0.7767
20700308,VERSALLES,Comuna 10,residential_singlefamily,35.86,42.23,16.33,2.79,2.79,251,1.0661,0.7784
20700401,VERSALLES,Comuna 10,residential_singlefamily,27.88,57.08,7.52,2.21,0.88,226,1.0009,0.7813
20700402,VERSALLES,Comuna 10,residential_singlefamily,22.27,56.36,17.27,1.36,0.45,220,1.0481,0.8414
20700403,VERSALLES,Comuna 10,residential_singlefamily,28.76,61.95,5.75,2.21,0.44,226,1.0115,0.7782
20700404,VERSALLES,Comuna 10,residential_singlefamily,31.61,54.4,3.63,1.55,7.77,193,0.9842,0.7202
20700405,VERSALLES,Comuna 10,residential_singlefamily,36.19,50.0,10.0,1.43,1.9,210,1.04,0.7711
20700406,VERSALLES,Comuna 10,residential_singlefamily,36.52,56.18,4.49,0.56,1.12,178,1.016,0.7619
20700407,VERSALLES,Comuna 10,residential_singlefamily,39.06,50.0,9.38,0.0,1.56,128,1.0461,0.775
20700408,VERSALLES,Comuna 10,residential_singlefamily,37.13,48.02,9.9,1.98,1.98,202,1.0379,0.7632
20700409,VERSALLES,Comuna 10,residential_singlefamily,31.25,40.28,21.53,0.0,2.78,144,1.0667,0.8283
20700501,MONTE CASTRO,Comuna 10,residential_singlefamily,36.49,58.11,4.05,0.45,0.45,222,1.0191,0.7663
20700502,MONTE CASTRO,Comuna 10,residential_singlefamily,43.51,44.16,5.84,2.6,3.25,154,1.0263,0.7202
20700503,MONTE CASTRO,Comuna 10,residential_multifamily,42.57,32.13,18.47,0.4,6.43,249,1.0773,0.7634
20700504,MONTE CASTRO,Comuna 10,residential_multifamily,44.05,39.21,6.17,4.41,6.17,227,1.021,0.6883
20700505,MONTE CASTRO,Comuna 10,residential_multifamily,40.34,34.45,17.65,4.2,3.36,238,1.0757,0.7576
20700506,MONTE CASTRO,Comuna 10,residential_singlefamily,39.38,47.5,5.0,0.62,6.88,160,1.0075,0.7189
20700507,MONTE CASTRO,Comuna 10,residential_singlefamily,33.71,41.29,21.97,0.76,2.27,264,1.0919,0.8222
20700508,MONTE CASTRO,Comuna 10,residential_multifamily,41.31,28.96,23.94,0.77,5.02,259,1.1039,0.7921
20700509,MONTE CASTRO,Comuna 10,commercial,30.52,22.09,44.98,0.8,1.61,249,1.1926,0.9147
20700510,MONTE CASTRO,Comuna 10,residential_multifamily,45.85,25.33,25.33,1.75,1.31,229,1.1251,0.8022
20700511,MONTE CASTRO,Comuna 10,residential_multifamily,48.4,41.49,4.26,1.06,3.72,188,1.0247,0.7103
20700512,MONTE CASTRO,Comuna 10,residential_multifamily,54.71,40.0,2.35,1.76,1.18,170,1.0373,0.7006
20700513,MONTE CASTRO,Comuna 10,residential_singlefamily,37.34,50.64,10.3,0.43,1.29,233,1.0481,0.7811
20700514,MONTE CASTRO,Comuna 10,residential_multifamily,44.5,39.5,9.5,0.5,3.0,200,1.0365,0.7456
20700601,MONTE CASTRO,Comuna 10,residential_singlefamily,34.81,39.23,18.23,3.87,3.87,181,1.0689,0.7726
20700602,MONTE CASTRO,Comuna 10,residential_singlefamily,45.83,47.62,3.57,0.0,2.38,168,1.025,0.7317
20700603,MONTE CASTRO,Comuna 10,residential_singlefamily,40.0,47.14,6.07,3.21,2.86,280,1.0223,0.7277
20700604,MONTE CASTRO,Comuna 10,residential_multifamily,44.25,33.19,15.49,0.44,6.19,226,1.0651,0.7496
20700605,MONTE CASTRO,Comuna 10,residential_multifamily,38.89,36.75,16.24,4.27,2.14,234,1.063,0.7622
20700606,MONTE CASTRO,Comuna 10,residential_singlefamily,34.95,46.12,6.8,2.43,9.71,206,1.0016,0.7051
20700607,MONTE CASTRO,Comuna 10,residential_singlefamily,37.24,42.35,10.2,1.02,7.14,196,1.0201,0.7362
20700608,MONTE CASTRO,Comuna 10,residential_singlefamily,30.46,36.21,24.14,1.15,8.05,174,1.0791,0.7974
20700609,MONTE CASTRO,Comuna 10,residential_multifamily,36.73,29.93,14.97,6.12,11.56,147,1.0286,0.6884
20700610,MONTE CASTRO,Comuna 10,commercial,39.11,18.22,32.0,4.44,5.78,225,1.1289,0.7931
20700611,MONTE CASTRO,Comuna 10,residential_singlefamily,38.05,50.51,7.07,0.67,3.7,297,1.0271,0.7505
20700612,MONTE CASTRO,Comuna 10,residential_singlefamily,29.14,60.57,7.43,1.14,1.71,175,1.0208,0.7835
20700613,MONTE CASTRO,Comuna 10,commercial,28.17,22.27,45.63,1.75,1.97,458,1.189,0.9135
20700614,MONTE CASTRO,Comuna 10,commercial,34.95,22.33,30.1,3.88,8.74,103,1.1078,0.7821
20700701,MONTE CASTRO,Comuna 10,residential_multifamily,35.29,24.79,26.05,3.36,10.08,238,1.0846,0.7619
20700702,MONTE CASTRO,Comuna 10,residential_multifamily,47.98,37.5,10.08,1.21,3.23,248,1.0564,0.7353
20700703,MONTE CASTRO,Comuna 10,residential_singlefamily,38.2,41.2,15.45,0.43,4.72,233,1.0622,0.7747
20700704,MONTE CASTRO,Comuna 10,residential_multifamily,37.13,37.13,16.18,4.04,4.41,272,1.0562,0.7538
20700705,MONTE CASTRO,Comuna 10,residential_multifamily,27.03,22.52,28.38,4.5,17.12,222,1.0604,0.7362
20700706,MONTE CASTRO,Comuna 10,residential_multifamily,41.26,32.74,8.07,1.79,15.7,223,0.9973,0.6588
20700707,MONTE CASTRO,Comuna 10,residential_multifamily,51.52,39.39,6.06,3.03,0.0,33,1.0515,0.7197
20700708,MONTE CASTRO,Comuna 10,residential_multifamily,39.51,37.04,19.14,3.09,0.62,162,1.0877,0.7907
20700709,MONTE CASTRO,Comuna 10,residential_singlefamily,38.94,46.02,7.52,3.1,3.98,226,1.0252,0.7293
20700710,MONTE CASTRO,Comuna 10,residential_singlefamily,38.79,42.99,12.15,0.0,6.07,214,1.0446,0.7561
20700801,VILLA LURO,Comuna 10,residential_multifamily,43.24,41.08,7.57,1.08,5.95,185,1.0251,0.7202
20700802,VILLA LURO,Comuna 10,residential_singlefamily,40.56,45.45,8.04,1.4,4.55,286,1.032,0.7367
20700803,VILLA LURO,Comuna 10,residential_multifamily,46.41,44.44,2.61,0.65,5.88,153,1.013,0.7
20700804,VILLA LURO,Comuna 10,residential_singlefamily,40.55,45.28,5.51,2.36,6.3,254,1.0144,0.7093
20700805,VILLA LURO,Comuna 10,residential_multifamily,48.98,39.29,6.12,1.53,3.57,196,1.0365,0.7136
20700806,VILLA LURO,Comuna 10,residential_singlefamily,45.4,46.63,4.29,1.23,2.45,163,1.0288,0.7264
20700807,VILLA LURO,Comuna 10,residential_singlefamily,41.86,46.51,3.49,2.91,4.07,172,1.0082,0.7076
20700808,VILLA LURO,Comuna 10,residential_singlefamily,41.85,43.61,9.25,0.88,4.41,227,1.0403,0.7425
20700809,VILLA LURO,Comuna 10,residential_multifamily,37.63,31.18,18.28,2.15,8.6,93,1.051,0.7456
20700901,VELEZ SARSFIELD,Comuna 10,residential_multifamily,43.1,28.16,22.99,1.15,3.45,174,1.1014,0.791
20700902,VELEZ SARSFIELD,Comuna 10,residential_multifamily,45.85,44.88,5.37,0.0,3.9,205,1.0312,0.7288
20700903,VELEZ SARSFIELD,Comuna 10,residential_multifamily,45.93,44.31,4.88,0.41,4.07,246,1.0264,0.7222
20700904,VELEZ SARSFIELD,Comuna 10,residential_multifamily,44.83,40.69,4.83,2.07,7.59,145,1.0142,0.69
20700905,VELEZ SARSFIELD,Comuna 10,residential_singlefamily,41.98,45.68,7.41,0.62,4.32,162,1.0328,0.7383
20700906,VELEZ SARSFIELD,Comuna 10,residential_singlefamily,35.76,49.67,7.28,0.0,6.62,151,1.0135,0.7423
20700907,VELEZ SARSFIELD,Comuna 10,residential_multifamily,40.57,34.91,21.23,0.94,2.36,212,1.0985,0.8005
20700908,VELEZ SARSFIELD,Comuna 10,residential_multifamily,46.56,40.21,7.41,1.59,3.7,189,1.0381,0.7229
20700909,VELEZ SARSFIELD,Comuna 10,residential_singlefamily,38.83,46.6,8.74,0.0,5.83,206,1.0301,0.7456
20700910,VELEZ SARSFIELD,Comuna 10,residential_multifamily,47.71,31.65,9.63,1.83,8.26,218,1.0341,0.6956
20701001,FLORESTA,Comuna 10,residential_singlefamily,37.91,43.13,13.54,1.93,3.09,517,1.0548,0.7677
20701002,FLORESTA,Comuna 10,residential_multifamily,40.0,36.06,12.12,2.12,7.58,330,1.0301,0.7246
20701003,FLORESTA,Comuna 10,residential_singlefamily,23.05,58.44,14.94,0.65,2.6,308,1.0419,0.8228
20701004,FLORESTA,Comuna 10,residential_singlefamily,27.93,59.91,11.26,0.45,0.45,222,1.0408,0.8133
20701005,FLORESTA,Comuna 10,residential_multifamily,48.82,35.29,7.65,2.35,5.29,170,1.0367,0.7018
20701006,FLORESTA,Comuna 10,residential_singlefamily,21.95,66.77,9.45,1.22,0.3,328,1.0219,0.817
20701007,FLORESTA,Comuna 10,residential_singlefamily,36.04,40.54,14.41,4.5,4.5,111,1.0509,0.7473
20701008,FLORESTA,Comuna 10,residential_multifamily,46.86,43.43,6.86,0.57,1.71,175,1.0429,0.7408
20701009,FLORESTA,Comuna 10,residential_multifamily,41.57,35.96,18.54,1.69,2.25,178,1.0874,0.7837
20701010,FLORESTA,Comuna 10,residential_multifamily,48.11,32.97,16.22,0.54,2.16,185,1.0881,0.7684
20701011,FLORESTA,Comuna 10,residential_multifamily,40.96,35.64,8.51,1.06,11.7,188,1.004,0.69
20701012,FLORESTA,Comuna 10,residential_multifamily,40.72,21.56,25.15,0.6,11.98,167,1.0878,0.7539
20701101,FLORESTA,Comuna 10,commercial,25.31,21.22,44.08,4.08,4.49,245,1.1651,0.8815
20701102,FLORESTA,Comuna 10,residential_multifamily,37.21,34.3,17.44,2.91,6.98,172,1.0552,0.7497
20701103,FLORESTA,Comuna 10,residential_multifamily,43.27,22.81,20.47,4.09,8.77,171,1.074,0.7251
20701104,FLORESTA,Comuna 10,residential_multifamily,30.77,18.88,28.67,2.8,18.88,143,1.0657,0.7297
20701105,FLORESTA,Comuna 10,industrial,13.81,9.31,42.34,3.9,30.03,333,1.0645,0.7385
20701106,FLORESTA,Comuna 10,industrial,2.19,1.03,68.51,1.03,27.25,778,1.1789,0.8995
20701107,FLORESTA,Comuna 10,residential_multifamily,32.02,24.72,23.03,2.25,16.85,178,1.0438,0.7227
20701108,FLORESTA,Comuna 10,residential_singlefamily,37.7,39.34,9.84,5.74,7.38,122,1.023,0.6992
20701109,FLORESTA,Comuna 10,residential_multifamily,35.07,16.42,29.1,3.73,15.67,134,1.0828,0.7343
20701110,FLORESTA,Comuna 10,commercial,22.73,10.61,60.61,0.0,4.55,66,1.2364,0.9776
20701111,FLORESTA,Comuna 10,industrial,7.14,1.88,63.91,0.0,26.69,266,1.1665,0.8825
20701201,FLORESTA,Comuna 10,residential_multifamily,41.75,28.16,23.3,3.88,2.91,103,1.1049,0.7792
20701202,FLORESTA,Comuna 10,residential_multifamily,55.0,27.0,15.0,2.0,1.0,100,1.095,0.7435
20701203,FLORESTA,Comuna 10,residential_multifamily,60.0,20.0,8.0,9.33,2.67,75,1.0587,0.6407
20701204,FLORESTA,Comuna 10,commercial,21.48,14.07,39.26,8.15,17.04,135,1.0996,0.7618
20701205,FLORESTA,Comuna 10,commercial,4.66,1.86,66.77,1.86,24.84,322,1.181,0.8966
20701206,FLORESTA,Comuna 10,commercial,6.07,7.14,62.14,1.07,23.57,280,1.1669,0.8911
20701207,FLORESTA,Comuna 10,residential_multifamily,46.75,28.57,11.69,9.09,2.6,77,1.05,0.6868
20701208,FLORESTA,Comuna 10,residential_multifamily,60.38,3.77,18.87,9.43,5.66,53,1.0906,0.6539
20701209,FLORESTA,Comuna 10,residential_multifamily,49.28,18.84,27.54,2.9,1.45,69,1.1407,0.792
20701210,FLORESTA,Comuna 10,residential_multifamily,41.86,32.56,23.26,2.33,0.0,43,1.1152,0.8093
20701301,VELEZ SARSFIELD,Comuna 10,residential_singlefamily,39.24,48.73,3.16,3.16,5.06,158,1.0018,0.7054
20701302,VELEZ SARSFIELD,Comuna 10,residential_multifamily,53.41,21.59,12.5,7.95,4.55,88,1.0648,0.671
20701303,VELEZ SARSFIELD,Comuna 10,residential_multifamily,35.53,35.03,26.9,0.0,2.03,197,1.116,0.8421
20701304,VELEZ SARSFIELD,Comuna 10,residential_multifamily,42.31,25.0,25.0,0.0,5.77,52,1.1,0.7931
20701305,VELEZ SARSFIELD,Comuna 10,residential_multifamily,46.49,35.14,11.89,3.24,3.24,185,1.0603,0.73
20701306,VELEZ SARSFIELD,Comuna 10,residential_singlefamily,35.12,48.81,9.52,2.38,3.57,168,1.0297,0.7539
20701307,VELEZ SARSFIELD,Comuna 10,residential_singlefamily,32.31,37.69,21.54,2.31,5.38,130,1.0735,0.7919
20701308,VELEZ SARSFIELD,Comuna 10,residential_multifamily,46.15,42.74,5.98,2.56,1.71,117,1.0346,0.7242
20701309,VELEZ SARSFIELD,Comuna 10,residential_singlefamily,31.75,57.14,7.14,3.17,0.79,126,1.0242,0.7667
20701310,VELEZ SARSFIELD,Comuna 10,residential_singlefamily,36.9,48.81,9.52,3.57,0.0,84,1.0392,0.7633
20701311,VELEZ SARSFIELD,Comuna 10,residential_multifamily,66.67,17.95,15.38,0.0,0.0,39,1.1192,0.7372
20701312,VELEZ SARSFIELD,Comuna 10,residential_singlefamily,43.28,46.27,1.49,5.97,1.49,67,1.0044,0.6902
20701401,VELEZ SARSFIELD,Comuna 10,commercial,34.32,27.54,32.63,2.12,3.39,236,1.136,0.8405
20701402,VELEZ SARSFIELD,Comuna 10,residential_multifamily,45.75,32.39,17.0,2.02,2.83,247,1.0846,0.7616
20701403,VELEZ SARSFIELD,Comuna 10,residential_multifamily,46.77,30.65,11.83,3.76,6.99,186,1.0487,0.7008
20701404,VELEZ SARSFIELD,Comuna 10,residential_multifamily,47.31,41.92,7.19,1.2,2.4,167,1.0451,0.7323
20701405,VELEZ SARSFIELD,Comuna 10,residential_singlefamily,40.2,51.96,3.92,1.47,2.45,204,1.0191,0.7363
20701406,VELEZ SARSFIELD,Comuna 10,residential_singlefamily,34.42,60.39,2.6,1.95,0.65,154,1.0095,0.7542
20701407,VELEZ SARSFIELD,Comuna 10,residential_singlefamily,42.36,43.75,7.64,2.78,3.47,144,1.0347,0.7274
20701408,VELEZ SARSFIELD,Comuna 10,residential_multifamily,45.36,22.68,24.74,3.09,3.09,97,1.1123,0.7792
20701409,VELEZ SARSFIELD,Comuna 10,commercial,38.0,13.0,44.5,2.5,1.5,200,1.198,0.8824
20701410,VELEZ SARSFIELD,Comuna 10,residential_multifamily,47.01,40.3,8.21,0.0,3.73,134,1.0429,0.7361
20701411,VELEZ SARSFIELD,Comuna 10,commercial,44.3,18.99,34.18,2.53,0.0,79,1.1677,0.8399
20701501,VILLA LURO,Comuna 10,residential_multifamily,52.48,25.74,16.83,1.98,1.98,101,1.0921,0.749
20701502,VILLA LURO,Comuna 10,residential_multifamily,44.65,35.22,15.09,0.63,3.14,159,1.0691,0.765
20701503,VILLA LURO,Comuna 10,residential_singlefamily,40.37,44.95,8.26,4.59,1.83,109,1.0376,0.7317
20701504,VILLA LURO,Comuna 10,residential_singlefamily,39.56,47.25,8.79,2.2,2.2,91,1.0401,0.7511
20701505,VILLA LURO,Comuna 10,residential_singlefamily,41.77,51.9,1.27,2.53,1.9,158,1.0073,0.7179
20701506,VILLA LURO,Comuna 10,residential_multifamily,40.49,26.99,27.61,1.84,2.45,163,1.123,0.8155
20701507,VILLA LURO,Comuna 10,commercial,32.83,16.16,44.95,4.55,1.52,198,1.1925,0.8812
20701508,VILLA LURO,Comuna 10,commercial,37.07,20.85,30.12,7.34,4.25,259,1.1194,0.7798
20701509,VILLA LURO,Comuna 10,residential_multifamily,39.53,32.56,20.93,4.65,0.0,43,1.0883,0.7881
20701601,VILLA LURO,Comuna 10,residential_multifamily,39.34,22.75,27.96,3.79,6.16,211,1.1126,0.781
20701602,VILLA LURO,Comuna 10,residential_multifamily,42.45,24.53,20.75,0.0,11.32,106,1.0688,0.7419
20701603,VILLA LURO,Comuna 10,commercial,58.06,8.06,30.65,0.0,3.23,62,1.1653,0.7911
20701604,VILLA LURO,Comuna 10,residential_multifamily,50.0,31.58,18.42,0.0,0.0,152,1.1079,0.7895
20701605,VILLA LURO,Comuna 10,residential_singlefamily,40.69,50.34,7.59,1.38,0.0,145,1.0438,0.7645
20701606,VILLA LURO,Comuna 10,residential_multifamily,49.37,42.62,5.49,0.0,2.11,237,1.0406,0.7316
20701607,VILLA LURO,Comuna 10,residential_multifamily,45.81,45.25,5.03,0.0,3.35,179,1.0288,0.7306
20701608,VILLA LURO,Comuna 10,residential_singlefamily,42.91,45.28,8.66,0.0,3.15,254,1.0439,0.7526
20701609,VILLA LURO,Comuna 10,residential_singlefamily,41.99,46.32,11.26,0.0,0.43,231,1.0624,0.7816
20701610,VILLA LURO,Comuna 10,residential_multifamily,57.29,36.46,4.17,0.0,2.08,96,1.0485,0.7079
20701701,VILLA LURO,Comuna 10,residential_multifamily,47.62,29.76,19.05,1.19,2.38,84,1.0988,0.7732
20701702,VILLA LURO,Comuna 10,residential_multifamily,43.22,43.22,9.32,3.39,0.85,118,1.0508,0.7436
20701703,VILLA LURO,Comuna 10,residential_multifamily,47.4,35.26,11.56,2.31,2.89,173,1.0595,0.7352
20701704,VILLA LURO,Comuna 10,residential_multifamily,48.57,42.86,5.71,2.86,0.0,35,1.0457,0.7271
20701705,VILLA LURO,Comuna 10,residential_multifamily,45.09,34.82,3.12,11.16,4.46,224,1.0011,0.6326
20701706,VILLA LURO,Comuna 10,residential_multifamily,45.11,42.98,2.98,2.13,6.81,235,1.0086,0.6874
20701707,VILLA LURO,Comuna 10,residential_multifamily,35.14,35.14,13.13,9.27,6.18,259,1.0289,0.6967
20701708,VILLA LURO,Comuna 10,residential_singlefamily,42.76,47.37,6.58,0.66,2.63,152,1.0352,0.7441
20701709,VILLA LURO,Comuna 10,residential_multifamily,46.0,41.0,3.0,4.0,6.0,100,1.0105,0.6765
20701710,VILLA LURO,Comuna 10,commercial,31.18,12.9,51.08,1.08,3.76,186,1.2143,0.9183
20701801,VELEZ SARSFIELD,Comuna 10,residential_singlefamily,38.99,53.46,5.66,0.0,1.89,159,1.0283,0.7601
20701802,VELEZ SARSFIELD,Comuna 10,residential_multifamily,51.15,42.75,4.58,0.0,1.53,131,1.0428,0.7282
20701803,VELEZ SARSFIELD,Comuna 10,residential_multifamily,44.9,30.61,16.33,2.72,5.44,147,1.0718,0.7391
20701804,VELEZ SARSFIELD,Comuna 10,commercial,37.23,13.14,39.42,8.03,1.46,137,1.1676,0.825
20701805,VELEZ SARSFIELD,Comuna 10,commercial,33.33,11.59,48.55,3.62,2.17,138,1.205,0.8957
20701806,VELEZ SARSFIELD,Comuna 10,commercial,18.75,12.5,65.62,1.56,0.0,64,1.2648,1.0238
20701807,VELEZ SARSFIELD,Comuna 10,residential_multifamily,40.91,31.82,25.0,2.27,0.0,44,1.1216,0.8182
20701808,VELEZ SARSFIELD,Comuna 10,residential_singlefamily,40.74,48.15,1.85,7.41,0.0,54,1.0037,0.6962
20701809,VELEZ SARSFIELD,Comuna 10,residential_multifamily,50.0,36.27,8.82,1.96,0.0,102,1.0495,0.7379
20701810,VELEZ SARSFIELD,Comuna 10,commercial,22.29,26.86,49.71,0.57,0.57,175,1.2048,0.9603
20701811,VELEZ SARSFIELD,Comuna 10,commercial,35.51,28.97,33.64,0.93,0.93,107,1.1508,0.8659
20701812,VELEZ SARSFIELD,Comuna 10,residential_multifamily,43.75,38.75,11.25,3.75,1.25,160,1.0531,0.7424
20701901,FLORESTA,Comuna 10,commercial,14.91,4.39,77.19,1.75,1.75,114,1.3127,1.0584
20701902,FLORESTA,Comuna 10,commercial,31.65,5.7,55.06,3.16,4.43,158,1.2288,0.9111
20701903,FLORESTA,Comuna 10,commercial,36.81,16.48,34.62,3.3,8.24,182,1.1305,0.8006
20701904,FLORESTA,Comuna 10,residential_multifamily,56.25,22.32,11.61,7.14,1.79,112,1.0701,0.6833
20701905,FLORESTA,Comuna 10,residential_multifamily,67.11,18.42,7.89,2.63,3.95,76,1.0717,0.6644
20701906,FLORESTA,Comuna 10,residential_multifamily,51.58,28.42,13.68,3.16,3.16,95,1.0763,0.7247
20701907,FLORESTA,Comuna 10,residential_multifamily,41.18,29.41,5.88,5.88,11.76,17,0.9706,0.6344
20701908,FLORESTA,Comuna 10,commercial,31.82,9.09,52.27,2.27,4.55,44,1.217,0.9068
20701909,FLORESTA,Comuna 10,residential_multifamily,37.33,24.67,25.33,3.33,9.33,150,1.0886,0.7597
20701910,FLORESTA,Comuna 10,residential_singlefamily,32.61,35.87,21.74,5.43,3.26,92,1.0766,0.7819
20701911,FLORESTA,Comuna 10,residential_singlefamily,38.81,48.51,4.48,4.48,2.99,134,1.0116,0.7146
20701912,FLORESTA,Comuna 10,residential_multifamily,41.04,28.77,22.64,3.77,3.3,212,1.0976,0.7766
20701913,FLORESTA,Comuna 10,residential_multifamily,48.98,18.37,26.53,2.04,4.08,49,1.1286,0.7786
20770101,VILLA DEVOTO,Comuna 11,residential_singlefamily,44.26,45.08,2.46,1.64,6.56,244,1.0061,0.693
20770102,VILLA DEVOTO,Comuna 11,residential_multifamily,42.61,39.44,15.49,0.7,1.41,284,1.0771,0.783
20770103,VILLA DEVOTO,Comuna 11,residential_singlefamily,41.18,48.53,4.41,0.98,4.41,204,1.0152,0.7259
20770104,VILLA DEVOTO,Comuna 11,residential_multifamily,47.02,29.76,11.9,2.98,5.95,168,1.0425,0.7097
20770105,VILLA DEVOTO,Comuna 11,residential_multifamily,46.25,43.12,6.25,1.25,2.5,160,1.0359,0.7299
20770106,VILLA DEVOTO,Comuna 11,residential_singlefamily,38.46,48.08,11.06,0.48,1.92,208,1.0512,0.7765
20770107,VILLA DEVOTO,Comuna 11,commercial,31.82,21.36,42.27,0.91,2.27,220,1.1741,0.8975
20770108,VILLA DEVOTO,Comuna 11,residential_multifamily,48.02,21.47,23.73,0.56,4.52,177,1.107,0.7782
20770109,VILLA DEVOTO,Comuna 11,residential_multifamily,45.57,30.38,16.46,2.53,3.8,79,1.0728,0.7487
20770110,VILLA DEVOTO,Comuna 11,residential_multifamily,45.65,26.09,21.74,3.26,2.17,92,1.1016,0.7726
20770111,VILLA DEVOTO,Comuna 11,residential_multifamily,42.27,32.99,19.59,2.06,2.06,97,1.0887,0.7834
20770112,VILLA DEVOTO,Comuna 11,residential_multifamily,41.99,29.83,17.13,8.84,1.66,181,1.0738,0.7272
20770113,VILLA DEVOTO,Comuna 11,residential_multifamily,50.0,15.96,24.47,6.38,2.13,94,1.1176,0.7479
20770114,VILLA DEVOTO,Comuna 11,commercial,37.93,13.79,44.83,3.45,0.0,29,1.2052,0.8862
20770201,VILLA DEVOTO,Comuna 11,residential_singlefamily,44.39,49.33,2.69,1.79,1.79,223,1.0215,0.7234
20770202,VILLA DEVOTO,Comuna 11,residential_multifamily,45.8,43.71,5.59,0.7,3.15,286,1.029,0.7281
20770203,VILLA DEVOTO,Comuna 11,residential_multifamily,41.83,35.29,9.15,5.88,7.19,153,1.0235,0.6855
20770204,VILLA DEVOTO,Comuna 11,residential_multifamily,51.52,39.39,7.07,1.01,1.01,99,1.0551,0.7318
20770205,VILLA DEVOTO,Comuna 11,residential_singlefamily,42.91,51.01,4.45,0.81,0.4,247,1.0305,0.7492
20770206,VILLA DEVOTO,Comuna 11,residential_singlefamily,41.18,47.06,8.82,1.76,1.18,170,1.0462,0.757
20770207,VILLA DEVOTO,Comuna 11,residential_singlefamily,38.46,56.11,4.07,0.0,1.36,221,1.0219,0.7593
20770208,VILLA DEVOTO,Comuna 11,residential_singlefamily,35.71,57.52,4.51,1.13,0.75,266,1.0188,0.7628
20770209,VILLA DEVOTO,Comuna 11,residential_singlefamily,31.44,67.01,0.52,0.52,0.0,194,0.9967,0.7689
20770210,VILLA DEVOTO,Comuna 11,residential_singlefamily,30.25,63.03,3.78,1.68,0.42,238,1.0057,0.7716
20770211,VILLA DEVOTO,Comuna 11,residential_singlefamily,40.34,43.75,9.09,5.11,1.7,176,1.0412,0.7316
20770301,VILLA DEVOTO,Comuna 11,residential_singlefamily,31.03,55.17,11.21,2.59,0.0,116,1.0444,0.7922
20770302,VILLA DEVOTO,Comuna 11,residential_singlefamily,30.48,67.62,0.95,0.95,0.0,105,0.999,0.77
20770303,VILLA DEVOTO,Comuna 11,residential_singlefamily,34.42,50.65,9.09,5.19,0.0,154,1.0344,0.7562
20770304,VILLA DEVOTO,Comuna 11,residential_singlefamily,31.72,59.31,6.9,2.07,0.0,145,1.0266,0.7793
20770305,VILLA DEVOTO,Comuna 11,residential_singlefamily,30.17,62.07,4.31,3.45,0.0,116,1.0112,0.7638
20770306,VILLA DEVOTO,Comuna 11,residential_singlefamily,29.45,63.19,6.75,0.0,0.0,163,1.0218,0.7997
20770307,VILLA DEVOTO,Comuna 11,residential_singlefamily,35.63,63.22,1.15,0.0,0.0,87,1.0086,0.765
20770308,VILLA DEVOTO,Comuna 11,residential_singlefamily,30.87,37.83,28.7,2.61,0.0,230,1.1229,0.8537
20770309,VILLA DEVOTO,Comuna 11,residential_singlefamily,36.36,40.69,21.21,1.73,0.0,231,1.0982,0.8204
20770310,VILLA DEVOTO,Comuna 11,residential_singlefamily,31.87,46.15,18.68,3.3,0.0,91,1.0786,0.811
20770311,VILLA DEVOTO,Comuna 11,residential_singlefamily,33.09,52.52,8.63,2.16,2.16,139,1.0233,0.766
20770312,VILLA DEVOTO,Comuna 11,residential_singlefamily,35.03,45.76,16.95,1.69,0.56,177,1.0754,0.8054
20770401,VILLA DEVOTO,Comuna 11,residential_singlefamily,29.85,67.16,2.49,0.0,0.0,201,1.0037,0.7838
20770402,VILLA DEVOTO,Comuna 11,residential_singlefamily,36.72,59.38,0.0,0.78,0.0,128,0.9903,0.7492
20770403,VILLA DEVOTO,Comuna 11,residential_singlefamily,28.38,66.22,3.38,1.35,0.0,148,1.0034,0.7803
20770404,VILLA DEVOTO,Comuna 11,residential_singlefamily,25.25,52.53,17.17,5.05,0.0,198,1.0601,0.8091
20770405,VILLA DEVOTO,Comuna 11,residential_singlefamily,26.71,42.55,27.64,2.17,0.93,322,1.1095,0.8576
20770406,VILLA DEVOTO,Comuna 11,residential_singlefamily,22.07,66.21,9.66,2.07,0.0,145,1.0246,0.8131
20770407,VILLA DEVOTO,Comuna 11,residential_singlefamily,27.81,68.87,1.99,0.66,0.0,151,0.997,0.782
20770408,VILLA DEVOTO,Comuna 11,commercial,26.95,35.93,32.93,2.99,0.6,167,1.1311,0.8717
20770409,VILLA DEVOTO,Comuna 11,commercial,28.0,34.29,31.14,3.43,2.57,350,1.1184,0.8465
20770410,VILLA DEVOTO,Comuna 11,commercial,40.43,26.95,30.5,0.71,1.42,141,1.143,0.8411
20770411,VILLA DEVOTO,Comuna 11,residential_singlefamily,37.32,38.28,19.14,3.35,0.48,209,1.0809,0.7947
20770412,VILLA DEVOTO,Comuna 11,residential_singlefamily,43.88,45.92,7.65,1.53,1.02,196,1.0457,0.749
20770413,VILLA DEVOTO,Comuna 11,residential_singlefamily,39.56,46.15,9.89,2.2,2.2,91,1.045,0.7549
20770501,VILLA DEVOTO,Comuna 11,residential_singlefamily,37.39,57.98,1.26,2.52,0.84,238,1.0067,0.7366
20770502,VILLA DEVOTO,Comuna 11,residential_singlefamily,41.62,50.76,4.57,2.54,0.0,197,1.0282,0.7423
20770503,VILLA DEVOTO,Comuna 11,residential_singlefamily,40.88,52.2,4.4,1.26,1.26,159,1.0261,0.7456
20770504,VILLA DEVOTO,Comuna 11,commercial,36.8,30.4,31.2,0.0,0.8,125,1.1396,0.8621
20770505,VILLA DEVOTO,Comuna 11,residential_singlefamily,41.88,44.38,13.75,0.0,0.0,160,1.0748,0.7934
20770506,VILLA DEVOTO,Comuna 11,residential_singlefamily,42.57,51.98,4.46,0.0,0.99,202,1.031,0.7528
20770507,VILLA DEVOTO,Comuna 11,residential_multifamily,36.68,34.67,26.13,1.01,1.51,199,1.1171,0.8324
20770508,VILLA DEVOTO,Comuna 11,residential_singlefamily,45.15,52.43,0.97,0.49,0.97,206,1.0188,0.7306
20770509,VILLA DEVOTO,Comuna 11,commercial,40.08,26.86,30.58,1.65,0.83,242,1.1436,0.8391
20770510,VILLA DEVOTO,Comuna 11,commercial,28.32,16.81,52.65,1.33,0.44,226,1.2247,0.9511
20770601,VILLA DEVOTO,Comuna 11,residential_singlefamily,39.13,45.65,13.04,0.0,2.17,46,1.0608,0.7837
20770602,VILLA DEVOTO,Comuna 11,residential_singlefamily,42.8,50.85,3.39,1.27,1.69,236,1.0231,0.7344
20770603,VILLA DEVOTO,Comuna 11,residential_singlefamily,40.37,40.99,10.56,0.0,8.07,161,1.0338,0.7336
20770604,VILLA DEVOTO,Comuna 11,residential_multifamily,37.86,30.71,21.07,2.14,8.21,280,1.0748,0.7597
20770605,VILLA DEVOTO,Comuna 11,commercial,36.11,21.83,36.51,3.17,1.98,252,1.1575,0.8509
20770606,VILLA DEVOTO,Comuna 11,residential_multifamily,47.1,33.2,15.83,1.93,1.16,259,1.083,0.765
20770607,VILLA DEVOTO,Comuna 11,residential_multifamily,49.44,38.76,6.74,1.69,3.37,178,1.0427,0.7154
20770608,VILLA DEVOTO,Comuna 11,residential_multifamily,37.64,29.52,25.09,0.74,6.64,271,1.097,0.7948
20770609,VILLA DEVOTO,Comuna 11,residential_singlefamily,36.98,46.42,14.34,0.0,2.26,265,1.0632,0.793
20770610,VILLA DEVOTO,Comuna 11,residential_multifamily,47.29,38.42,5.42,3.94,4.43,203,1.0258,0.6916
20770611,VILLA DEVOTO,Comuna 11,residential_multifamily,39.76,31.73,23.29,0.8,4.42,249,1.1004,0.7974
20770701,VILLA DEVOTO,Comuna 11,residential_singlefamily,32.69,43.59,12.18,2.56,8.97,156,1.0243,0.7334
20770702,VILLA DEVOTO,Comuna 11,residential_singlefamily,44.1,47.6,3.93,1.31,3.06,229,1.0233,0.7238
20770703,VILLA DEVOTO,Comuna 11,residential_multifamily,50.89,37.05,8.04,2.23,1.34,224,1.0542,0.7249
20770704,VILLA DEVOTO,Comuna 11,residential_singlefamily,39.18,54.29,5.31,0.41,0.82,245,1.0299,0.7622
20770705,VILLA DEVOTO,Comuna 11,residential_singlefamily,33.94,52.04,10.41,0.9,2.71,221,1.0387,0.7772
20770706,VILLA DEVOTO,Comuna 11,residential_singlefamily,33.06,38.37,22.04,2.86,3.27,245,1.0843,0.8016
20770707,VILLA DEVOTO,Comuna 11,residential_singlefamily,39.89,50.53,6.91,0.0,2.66,188,1.0329,0.7572
20770708,VILLA DEVOTO,Comuna 11,residential_multifamily,44.29,44.29,4.29,2.14,4.29,140,1.0176,0.7094
20770709,VILLA DEVOTO,Comuna 11,residential_multifamily,50.0,42.26,4.76,0.6,2.38,168,1.0387,0.7217
20770710,VILLA DEVOTO,Comuna 11,residential_multifamily,41.71,41.71,13.37,2.14,1.07,187,1.0674,0.7695
20770711,VILLA DEVOTO,Comuna 11,residential_singlefamily,41.59,42.04,11.95,0.44,3.54,226,1.0531,0.7611
20770712,VILLA DEVOTO,Comuna 11,residential_singlefamily,40.51,43.09,12.86,2.25,1.29,311,1.0625,0.7685
20770801,VILLA DEL PARQUE,Comuna 11,residential_multifamily,46.26,44.22,4.08,1.36,3.4,147,1.0231,0.7154
20770802,VILLA DEL PARQUE,Comuna 11,residential_singlefamily,42.65,47.39,5.21,2.84,0.95,211,1.0274,0.733
20770803,VILLA DEL PARQUE,Comuna 11,residential_multifamily,47.31,47.31,2.15,1.08,2.15,93,1.0231,0.7172
20770804,VILLA DEL PARQUE,Comuna 11,residential_multifamily,45.92,39.8,14.29,0.0,0.0,98,1.0833,0.7852
20770805,VILLA DEL PARQUE,Comuna 11,residential_multifamily,46.4,25.6,27.2,0.8,0.0,125,1.1412,0.8232
20770806,VILLA DEL PARQUE,Comuna 11,residential_multifamily,41.79,41.29,15.42,1.49,0.0,201,1.0805,0.7883
20770807,VILLA DEL PARQUE,Comuna 11,residential_singlefamily,40.34,52.36,5.58,0.0,1.29,233,1.0298,0.7599
20770808,VILLA DEL PARQUE,Comuna 11,residential_singlefamily,41.09,51.98,4.46,0.99,0.99,202,1.0255,0.7485
20770809,VILLA DEL PARQUE,Comuna 11,residential_multifamily,52.94,29.41,13.24,2.94,1.47,68,1.0816,0.7324
20770901,VILLA DEL PARQUE,Comuna 11,residential_singlefamily,37.73,52.27,4.09,1.82,2.73,220,1.0089,0.7371
20770902,VILLA DEL PARQUE,Comuna 11,residential_multifamily,43.28,42.54,9.7,2.99,1.49,134,1.0511,0.7436
20770903,VILLA DEL PARQUE,Comuna 11,residential_singlefamily,45.54,48.51,3.96,0.99,0.99,101,1.0321,0.7361
20770904,VILLA DEL PARQUE,Comuna 11,residential_multifamily,47.0,40.0,6.0,3.0,2.0,100,1.0295,0.7153
20770905,VILLA DEL PARQUE,Comuna 11,residential_multifamily,50.98,45.1,1.96,1.96,0.0,51,1.0333,0.7147
20770906,VILLA DEL PARQUE,Comuna 11,residential_multifamily,53.54,32.32,13.13,0.0,0.0,99,1.0849,0.7612
20770907,VILLA DEL PARQUE,Comuna 11,commercial,32.45,18.62,47.34,1.6,0.0,188,1.2102,0.9226
20770908,VILLA DEL PARQUE,Comuna 11,residential_multifamily,51.25,36.25,6.25,6.25,0.0,80,1.0488,0.6969
20770909,VILLA DEL PARQUE,Comuna 11,commercial,43.33,13.33,35.0,6.67,0.0,60,1.1583,0.8135
20770910,VILLA DEL PARQUE,Comuna 11,office,32.14,32.14,17.86,17.86,0.0,28,1.0607,0.6982
20770911,VILLA DEL PARQUE,Comuna 11,commercial,16.88,6.88,71.25,4.38,0.62,160,1.2898,1.0203
20770912,VILLA DEL PARQUE,Comuna 11,commercial,31.58,17.11,46.05,5.26,0.0,76,1.1993,0.8928
20771001,VILLA DEL PARQUE,Comuna 11,residential_singlefamily,37.62,53.47,7.92,0.99,0.0,101,1.0411,0.7762
20771002,VILLA DEL PARQUE,Comuna 11,residential_multifamily,44.35,37.9,12.1,4.84,0.81,124,1.0637,0.7399
20771003,VILLA DEL PARQUE,Comuna 11,residential_multifamily,47.27,41.82,7.27,1.82,1.82,55,1.0463,0.7318
20771004,VILLA DEL PARQUE,Comuna 11,residential_multifamily,45.11,35.34,15.04,3.01,0.75,133,1.0767,0.7618
20771005,VILLA DEL PARQUE,Comuna 11,residential_multifamily,50.0,40.0,6.15,2.31,0.0,130,1.0434,0.7273
20771006,VILLA DEL PARQUE,Comuna 11,residential_multifamily,59.76,31.71,7.32,1.22,0.0,82,1.0715,0.7171
20771007,VILLA DEL PARQUE,Comuna 11,residential_multifamily,51.28,25.64,14.1,6.41,2.56,78,1.0762,0.7064
20771008,VILLA DEL PARQUE,Comuna 11,residential_multifamily,54.02,34.48,5.75,1.15,3.45,87,1.0402,0.7023
20771009,VILLA DEL PARQUE,Comuna 11,residential_multifamily,57.78,36.67,3.33,0.0,1.11,90,1.0433,0.7084
20771010,VILLA DEL PARQUE,Comuna 11,residential_multifamily,50.43,30.77,5.98,3.42,9.4,117,1.0209,0.6581
20771011,VILLA DEL PARQUE,Comuna 11,residential_multifamily,47.13,19.54,29.89,2.3,0.0,87,1.1478,0.8192
20771101,VILLA DEL PARQUE,Comuna 11,residential_multifamily,45.22,44.35,6.52,0.43,2.61,230,1.035,0.7386
20771102,VILLA DEL PARQUE,Comuna 11,residential_multifamily,50.0,45.45,2.02,1.01,1.01,198,1.0278,0.7173
20771103,VILLA DEL PARQUE,Comuna 11,residential_multifamily,49.41,38.24,4.12,0.0,8.24,170,1.018,0.6874
20771104,VILLA DEL PARQUE,Comuna 11,residential_singlefamily,29.37,54.76,3.17,5.56,7.14,126,0.9813,0.6996
20771105,VILLA DEL PARQUE,Comuna 11,residential_singlefamily,42.17,43.78,4.42,0.4,7.63,249,1.0027,0.7051
20771106,VILLA DEL PARQUE,Comuna 11,residential_singlefamily,42.28,43.62,9.4,0.67,4.03,149,1.043,0.746
20771107,VILLA DEL PARQUE,Comuna 11,residential_multifamily,43.1,33.19,20.69,0.86,0.43,232,1.0978,0.8046
20771108,VILLA DEL PARQUE,Comuna 11,residential_multifamily,44.56,26.94,23.83,1.55,3.11,193,1.1131,0.7902
20771109,VILLA DEL PARQUE,Comuna 11,residential_singlefamily,30.26,48.72,14.87,1.54,4.1,195,1.0462,0.7879
20771201,VILLA DEL PARQUE,Comuna 11,commercial,36.79,30.05,30.57,0.0,2.07,193,1.1342,0.8516
20771202,VILLA DEL PARQUE,Comuna 11,residential_multifamily,39.78,38.71,18.28,1.08,2.15,93,1.0844,0.7925
20771203,VILLA DEL PARQUE,Comuna 11,residential_multifamily,41.74,39.67,11.57,1.65,4.13,242,1.0451,0.7456
20771204,VILLA DEL PARQUE,Comuna 11,residential_multifamily,47.78,40.0,7.78,2.22,2.22,90,1.0478,0.7267
20771205,VILLA DEL PARQUE,Comuna 11,residential_multifamily,57.45,37.23,3.19,0.0,0.0,94,1.0409,0.7147
20771206,VILLA DEL PARQUE,Comuna 11,residential_multifamily,52.33,31.98,13.37,1.16,1.16,172,1.084,0.7497
20771207,VILLA DEL PARQUE,Comuna 11,commercial,42.98,16.67,36.84,2.63,0.0,114,1.1737,0.8518
20771208,VILLA DEL PARQUE,Comuna 11,residential_multifamily,48.53,43.38,4.41,1.47,1.47,136,1.0334,0.7226
20771209,VILLA DEL PARQUE,Comuna 11,commercial,32.43,13.51,51.35,0.9,0.9,111,1.222,0.9368
20771210,VILLA DEL PARQUE,Comuna 11,residential_multifamily,70.21,7.45,21.28,1.06,0.0,94,1.15,0.741
20771301,VILLA DEL PARQUE,Comuna 11,commercial,33.12,9.74,53.9,2.6,0.0,154,1.2368,0.9369
20771302,VILLA DEL PARQUE,Comuna 11,commercial,28.33,6.67,62.5,1.67,0.83,120,1.2696,0.98
20771303,VILLA DEL PARQUE,Comuna 11,commercial,18.56,5.39,70.06,4.79,0.6,167,1.2838,1.0099
20771304,VILLA DEL PARQUE,Comuna 11,commercial,37.5,14.29,45.54,1.79,0.89,112,1.2068,0.8964
20771305,VILLA DEL PARQUE,Comuna 11,commercial,28.71,32.67,33.66,3.96,0.99,101,1.1376,0.8599
20771306,VILLA DEL PARQUE,Comuna 11,residential_multifamily,47.71,32.03,16.99,3.27,0.0,153,1.0948,0.7657
20771307,VILLA DEL PARQUE,Comuna 11,commercial,36.57,15.67,46.27,0.75,0.0,134,1.209,0.9154
20771308,VILLA DEL PARQUE,Comuna 11,residential_multifamily,48.08,40.38,5.77,2.88,0.96,104,1.0336,0.7196
20771309,VILLA DEL PARQUE,Comuna 11,residential_multifamily,52.94,34.56,9.56,2.21,0.74,136,1.0681,0.7297
20771310,VILLA DEL PARQUE,Comuna 11,residential_multifamily,48.05,29.22,20.13,0.0,1.95,154,1.1039,0.7872
20771311,VILLA DEL PARQUE,Comuna 11,residential_multifamily,40.72,29.38,28.87,0.52,0.0,194,1.1382,0.8453
20771401,VILLA DEL PARQUE,Comuna 11,residential_multifamily,45.5,37.5,8.5,3.0,5.5,200,1.037,0.7077
20771402,VILLA DEL PARQUE,Comuna 11,residential_multifamily,52.38,44.05,2.98,0.0,0.6,168,1.0403,0.7256
20771403,VILLA DEL PARQUE,Comuna 11,residential_singlefamily,42.27,51.82,2.73,0.45,1.82,220,1.0157,0.7377
20771404,VILLA DEL PARQUE,Comuna 11,residential_singlefamily,39.78,43.01,8.6,4.3,4.3,93,1.0311,0.7204
20771405,VILLA DEL PARQUE,Comuna 11,residential_singlefamily,45.25,49.43,3.42,1.14,0.76,263,1.0298,0.7354
20771406,VILLA DEL PARQUE,Comuna 11,residential_multifamily,41.89,35.14,18.92,1.35,2.03,148,1.0875,0.7878
20771407,VILLA DEL PARQUE,Comuna 11,commercial,33.13,23.93,37.42,2.45,2.45,163,1.1555,0.8639
20771408,VILLA DEL PARQUE,Comuna 11,commercial,44.79,20.83,33.33,0.0,1.04,96,1.164,0.8479
20771501,VILLA SANTA RITA,Comuna 11,residential_multifamily,39.3,37.99,17.9,0.44,4.37,229,1.0759,0.7827
20771502,VILLA SANTA RITA,Comuna 11,residential_multifamily,49.27,34.63,12.2,0.0,3.41,205,1.0664,0.7469
20771503,VILLA SANTA RITA,Comuna 11,residential_multifamily,52.61,35.45,6.72,0.37,4.85,268,1.0442,0.7077
20771504,VILLA SANTA RITA,Comuna 11,residential_multifamily,46.96,43.48,3.91,0.0,5.22,230,1.0204,0.7118
20771505,VILLA SANTA RITA,Comuna 11,residential_multifamily,50.0,45.12,0.0,1.22,3.66,82,1.0128,0.6921
20771506,VILLA SANTA RITA,Comuna 11,residential_singlefamily,39.81,55.25,4.94,0.0,0.0,324,1.0319,0.7678
20771507,VILLA SANTA RITA,Comuna 11,commercial,42.31,22.44,31.41,1.28,1.92,156,1.1449,0.832
20771508,VILLA SANTA RITA,Comuna 11,commercial,40.16,22.13,36.07,0.82,0.82,122,1.1693,0.8644
20771509,VILLA SANTA RITA,Comuna 11,residential_multifamily,43.29,31.1,23.17,1.83,0.0,164,1.1146,0.8089
20771510,VILLA SANTA RITA,Comuna 11,residential_singlefamily,37.54,55.09,4.91,1.05,1.4,285,1.0231,0.7564
20771511,VILLA SANTA RITA,Comuna 11,residential_multifamily,44.86,42.06,7.48,0.47,4.21,214,1.0337,0.7321
20771601,VILLA SANTA RITA,Comuna 11,residential_singlefamily,35.63,53.45,5.17,1.72,3.45,174,1.012,0.7431
20771602,VILLA SANTA RITA,Comuna 11,residential_multifamily,52.17,30.43,17.39,0.0,0.0,46,1.1065,0.7804
20771603,VILLA SANTA RITA,Comuna 11,residential_multifamily,64.94,20.78,9.09,1.3,3.9,77,1.0754,0.6844
20771604,VILLA SANTA RITA,Comuna 11,commercial,41.74,22.61,32.17,0.87,2.61,115,1.1487,0.8348
20771605,VILLA SANTA RITA,Comuna 11,residential_multifamily,53.52,30.99,5.63,0.0,9.86,71,1.026,0.6718
20771606,VILLA SANTA RITA,Comuna 11,residential_multifamily,52.0,32.0,12.0,0.0,4.0,25,1.07,0.736
20771607,VILLA SANTA RITA,Comuna 11,commercial,32.77,12.99,50.85,0.56,2.82,177,1.2189,0.9235
20771608,VILLA SANTA RITA,Comuna 11,residential_multifamily,62.24,23.47,11.22,1.02,2.04,98,1.0867,0.7127
20771609,VILLA SANTA RITA,Comuna 11,residential_multifamily,45.65,31.52,15.22,4.35,3.26,92,1.0728,0.7353
20771610,VILLA SANTA RITA,Comuna 11,residential_singlefamily,42.25,43.66,9.15,1.41,3.52,142,1.0425,0.7429
20771611,VILLA SANTA RITA,Comuna 11,residential_multifamily,58.82,33.33,7.84,0.0,0.0,51,1.0735,0.7304
20771701,VILLA SANTA RITA,Comuna 11,residential_singlefamily,36.67,39.52,14.29,5.24,3.33,210,1.0498,0.7464
20771702,VILLA SANTA RITA,Comuna 11,residential_singlefamily,38.58,48.22,6.09,4.57,1.52,197,1.0216,0.7295
20771703,VILLA SANTA RITA,Comuna 11,residential_multifamily,43.79,39.22,7.84,2.61,4.58,153,1.0258,0.716
20771704,VILLA SANTA RITA,Comuna 11,residential_singlefamily,36.79,39.62,4.25,5.66,13.68,212,0.9776,0.6415
20771705,VILLA SANTA RITA,Comuna 11,residential_multifamily,45.45,35.23,9.09,2.27,7.95,176,1.0329,0.6995
20771706,VILLA SANTA RITA,Comuna 11,residential_multifamily,38.02,35.54,9.5,3.72,12.81,242,1.0058,0.6763
20771707,VILLA SANTA RITA,Comuna 11,residential_multifamily,41.76,30.59,11.18,2.35,13.53,170,1.0174,0.6781
20771708,VILLA SANTA RITA,Comuna 11,commercial,27.57,18.92,38.38,2.7,11.35,185,1.1225,0.8211
20771801,VILLA SANTA RITA,Comuna 11,residential_multifamily,45.81,34.19,9.68,0.0,10.32,155,1.0313,0.7023
20771802,VILLA SANTA RITA,Comuna 11,residential_multifamily,47.46,38.42,6.21,2.82,4.52,177,1.0302,0.7017
20771803,VILLA SANTA RITA,Comuna 11,residential_multifamily,41.85,41.85,11.96,0.54,3.26,184,1.0538,0.7615
20771804,VILLA SANTA RITA,Comuna 11,residential_multifamily,35.97,24.46,29.5,2.88,6.47,139,1.1112,0.7993
20771805,VILLA SANTA RITA,Comuna 11,commercial,37.99,16.76,40.78,1.12,3.35,179,1.1793,0.8676
20771806,VILLA SANTA RITA,Comuna 11,residential_multifamily,53.85,32.97,6.59,1.1,4.4,91,1.0412,0.7
20771807,VILLA SANTA RITA,Comuna 11,commercial,35.32,17.89,37.16,3.67,5.96,218,1.1486,0.8255
20771808,VILLA SANTA RITA,Comuna 11,commercial,34.04,26.06,30.32,1.06,7.45,188,1.1093,0.8143
20771809,VILLA SANTA RITA,Comuna 11,residential_multifamily,32.58,20.22,28.09,1.69,17.42,178,1.0713,0.741
20771810,VILLA SANTA RITA,Comuna 11,commercial,29.03,25.81,32.26,0.0,12.9,31,1.1,0.8065
20771901,VILLA GRAL. MITRE,Comuna 11,residential_multifamily,44.78,35.82,11.19,3.73,4.48,134,1.0504,0.7201
20771902,VILLA GRAL. MITRE,Comuna 11,residential_multifamily,40.23,37.93,5.75,4.6,10.34,87,0.9954,0.6657
20771903,VILLA GRAL. MITRE,Comuna 11,residential_multifamily,55.32,34.04,8.51,0.0,2.13,47,1.0649,0.7276
20771904,VILLA GRAL. MITRE,Comuna 11,residential_multifamily,46.39,40.36,9.04,0.6,3.01,166,1.0479,0.7409
20771905,VILLA GRAL. MITRE,Comuna 11,residential_multifamily,55.67,35.05,2.06,1.03,6.19,97,1.0232,0.6701
20771906,VILLA GRAL. MITRE,Comuna 11,residential_multifamily,45.45,40.56,5.59,2.1,3.5,143,1.0181,0.7136
20771907,VILLA GRAL. MITRE,Comuna 11,residential_multifamily,42.66,25.87,24.48,2.1,4.2,143,1.1063,0.7855
20771908,VILLA GRAL. MITRE,Comuna 11,residential_singlefamily,34.08,50.84,7.26,1.68,5.03,179,1.012,0.7437
20771909,VILLA GRAL. MITRE,Comuna 11,residential_multifamily,42.76,19.08,26.97,6.58,4.61,152,1.1151,0.7582
20772001,VILLA GRAL. MITRE,Comuna 11,residential_multifamily,43.75,25.0,14.77,5.11,9.66,176,1.0403,0.6884
20772002,VILLA GRAL. MITRE,Comuna 11,residential_multifamily,48.0,28.0,7.2,4.8,12.0,125,1.0136,0.6412
20772003,VILLA GRAL. MITRE,Comuna 11,residential_multifamily,43.24,27.03,15.68,3.78,10.27,185,1.0508,0.7017
20772004,VILLA GRAL. MITRE,Comuna 11,residential_singlefamily,41.96,48.95,4.2,1.4,3.5,143,1.02,0.7266
20772005,VILLA GRAL. MITRE,Comuna 11,residential_multifamily,35.53,33.55,19.74,3.29,6.58,152,1.0632,0.7617
20772006,VILLA GRAL. MITRE,Comuna 11,residential_multifamily,37.82,23.08,24.36,3.85,8.97,156,1.0769,0.7516
20772007,VILLA GRAL. MITRE,Comuna 11,residential_multifamily,43.2,35.2,12.0,2.4,6.4,125,1.0436,0.7234
20772008,VILLA GRAL. MITRE,Comuna 11,residential_multifamily,49.5,36.63,7.92,0.99,4.95,101,1.044,0.7144
20772009,VILLA GRAL. MITRE,Comuna 11,residential_multifamily,52.17,30.43,4.35,8.7,4.35,23,1.0261,0.6413
20772010,VILLA GRAL. MITRE,Comuna 11,commercial,39.57,20.14,35.97,2.16,2.16,139,1.1626,0.8467
20772011,VILLA GRAL. MITRE,Comuna 11,residential_multifamily,31.94,31.25,22.22,2.78,11.81,144,1.0597,0.7503
20772101,VILLA GRAL. MITRE,Comuna 11,residential_multifamily,45.61,24.56,18.42,2.63,7.02,114,1.0697,0.733
20772102,VILLA GRAL. MITRE,Comuna 11,residential_multifamily,50.41,17.36,4.96,3.31,21.49,121,0.969,0.5699
20772103,VILLA GRAL. MITRE,Comuna 11,residential_multifamily,53.85,15.38,16.92,4.62,9.23,65,1.0746,0.6799
20772104,VILLA GRAL. MITRE,Comuna 11,commercial,35.4,8.85,38.94,4.42,12.39,113,1.1367,0.7841
20772105,VILLA GRAL. MITRE,Comuna 11,residential_multifamily,53.12,15.62,12.5,3.12,15.62,32,1.0359,0.636
20772106,VILLA GRAL. MITRE,Comuna 11,residential_multifamily,40.95,29.52,17.14,3.81,8.57,105,1.059,0.7233
20772107,VILLA GRAL. MITRE,Comuna 11,residential_multifamily,30.43,30.43,17.39,0.0,21.74,23,1.0086,0.6935
20772108,VILLA GRAL. MITRE,Comuna 11,residential_multifamily,35.21,32.39,11.27,5.63,15.49,71,1.0014,0.6585
20772109,VILLA GRAL. MITRE,Comuna 11,residential_multifamily,42.86,32.14,3.57,3.57,14.29,28,0.9678,0.6278
20772110,VILLA GRAL. MITRE,Comuna 11,residential_singlefamily,34.93,45.21,8.9,2.74,7.53,146,1.014,0.7235
20772111,VILLA GRAL. MITRE,Comuna 11,commercial,36.51,26.98,30.95,2.38,3.17,126,1.1321,0.8286
20772112,VILLA GRAL. MITRE,Comuna 11,commercial,49.46,8.6,34.41,3.23,2.15,93,1.1597,0.8077
20772201,VILLA GRAL. MITRE,Comuna 11,residential_multifamily,47.06,31.93,7.56,3.36,8.4,119,1.0184,0.6761
20772202,VILLA GRAL. MITRE,Comuna 11,residential_multifamily,45.03,33.33,9.36,4.68,7.6,171,1.0322,0.6857
20772203,VILLA GRAL. MITRE,Comuna 11,residential_singlefamily,42.61,46.59,5.11,2.84,2.84,176,1.0255,0.7216
20772204,VILLA GRAL. MITRE,Comuna 11,residential_multifamily,41.73,35.43,9.45,0.79,11.02,127,1.0142,0.6988
20772205,VILLA GRAL. MITRE,Comuna 11,residential_singlefamily,39.39,46.06,5.45,4.24,3.64,165,1.013,0.7135
20772206,VILLA GRAL. MITRE,Comuna 11,residential_multifamily,40.82,25.85,27.89,2.04,3.4,147,1.1245,0.8082
20772207,VILLA GRAL. MITRE,Comuna 11,commercial,31.94,16.67,38.89,9.72,2.78,72,1.1549,0.8153
20772208,VILLA GRAL. MITRE,Comuna 11,residential_multifamily,52.6,30.52,9.09,3.25,4.55,154,1.053,0.6964
20772209,VILLA GRAL. MITRE,Comuna 11,residential_multifamily,47.06,37.65,4.71,4.71,4.71,85,1.0177,0.6809
20772210,VILLA GRAL. MITRE,Comuna 11,commercial,40.44,19.85,36.76,0.0,2.94,136,1.1672,0.8585
20772211,VILLA GRAL. MITRE,Comuna 11,commercial,40.88,16.06,38.69,1.46,2.92,137,1.1753,0.8533
20840101,SAAVEDRA,Comuna 12,residential_singlefamily,30.3,61.9,4.76,2.6,0.0,231,1.0123,0.7711
20840102,SAAVEDRA,Comuna 12,residential_singlefamily,16.67,74.51,5.88,2.45,0.49,204,0.9975,0.8073
20840103,SAAVEDRA,Comuna 12,residential_singlefamily,17.78,67.78,1.67,12.22,0.0,180,0.9695,0.719
20840104,SAAVEDRA,Comuna 12,residential_singlefamily,38.54,53.65,4.17,2.6,1.04,192,1.0209,0.742
20840105,SAAVEDRA,Comuna 12,residential_singlefamily,43.62,50.0,2.66,1.6,1.06,188,1.0179,0.7301
20840106,SAAVEDRA,Comuna 12,residential_singlefamily,40.51,42.19,5.91,5.06,5.49,237,1.012,0.6945
20840107,SAAVEDRA,Comuna 12,residential_singlefamily,33.33,58.33,4.76,2.38,1.19,168,1.0154,0.7577
20840108,SAAVEDRA,Comuna 12,office,47.14,23.57,4.29,21.43,3.57,140,1.0079,0.5632
20840109,SAAVEDRA,Comuna 12,residential_multifamily,48.84,35.66,4.26,4.65,6.2,258,1.0174,0.6669
20840110,SAAVEDRA,Comuna 12,residential_singlefamily,40.37,44.1,7.45,0.62,7.45,161,1.0211,0.7221
20840111,SAAVEDRA,Comuna 12,residential_multifamily,45.28,35.04,10.24,3.15,5.91,254,1.0414,0.7101
20840201,SAAVEDRA,Comuna 12,commercial,32.83,16.67,39.9,6.57,4.04,198,1.1602,0.832
20840202,SAAVEDRA,Comuna 12,residential_singlefamily,35.61,40.15,21.97,1.52,0.76,132,1.0986,0.8215
20840203,SAAVEDRA,Comuna 12,commercial,29.06,22.22,47.86,0.0,0.0,117,1.2051,0.9457
20840204,SAAVEDRA,Comuna 12,residential_multifamily,43.79,42.41,11.03,0.69,2.07,290,1.0584,0.7605
20840205,SAAVEDRA,Comuna 12,residential_multifamily,51.85,40.21,6.35,1.06,0.53,189,1.0537,0.7312
20840206,SAAVEDRA,Comuna 12,residential_singlefamily,44.1,47.18,6.67,1.03,1.03,195,1.0421,0.7487
20840207,SAAVEDRA,Comuna 12,residential_multifamily,44.49,37.8,12.2,0.79,4.33,254,1.0561,0.747
20840208,SAAVEDRA,Comuna 12,residential_singlefamily,40.8,49.43,5.17,0.57,3.45,174,1.0209,0.7387
20840209,SAAVEDRA,Comuna 12,residential_multifamily,44.62,35.38,12.31,3.08,4.62,65,1.0555,0.7284
20840301,SAAVEDRA,Comuna 12,office,29.63,37.04,3.7,25.93,0.0,27,0.9685,0.5846
20840302,SAAVEDRA,Comuna 12,residential_singlefamily,36.99,54.91,3.47,1.16,0.58,173,1.0052,0.7544
20840303,SAAVEDRA,Comuna 12,residential_singlefamily,42.21,55.78,1.01,0.5,0.0,199,1.0151,0.7437
20840304,SAAVEDRA,Comuna 12,residential_multifamily,47.03,44.86,3.24,2.7,1.62,185,1.0251,0.7122
20840305,SAAVEDRA,Comuna 12,residential_multifamily,47.09,38.1,7.94,1.59,3.7,189,1.0366,0.7221
20840306,SAAVEDRA,Comuna 12,residential_multifamily,47.83,34.78,8.7,4.35,4.35,23,1.0436,0.7
20840307,SAAVEDRA,Comuna 12,residential_multifamily,35.0,35.0,20.0,10.0,0.0,20,1.0825,0.7575
20840308,SAAVEDRA,Comuna 12,residential_multifamily,50.0,34.42,11.04,3.25,1.3,154,1.0676,0.7308
20840309,SAAVEDRA,Comuna 12,residential_singlefamily,42.38,47.68,5.96,1.99,1.99,151,1.0324,0.7371
20840310,SAAVEDRA,Comuna 12,residential_multifamily,45.22,38.85,14.01,0.0,1.91,157,1.0751,0.7736
20840311,SAAVEDRA,Comuna 12,residential_singlefamily,41.88,42.93,12.57,1.57,1.05,191,1.0647,0.7707
20840401,SAAVEDRA,Comuna 12,residential_multifamily,58.08,34.13,4.79,0.6,2.4,167,1.0509,0.7015
20840402,SAAVEDRA,Comuna 12,residential_multifamily,62.37,26.34,5.38,1.08,4.3,186,1.0514,0.6759
20840403,SAAVEDRA,Comuna 12,residential_multifamily,49.26,38.42,8.37,1.97,0.99,203,1.0522,0.7338
20840404,SAAVEDRA,Comuna 12,residential_singlefamily,43.11,48.5,3.59,4.19,0.6,167,1.0248,0.7195
20840405,SAAVEDRA,Comuna 12,residential_multifamily,42.18,40.28,12.32,3.32,1.42,211,1.059,0.7531
20840406,SAAVEDRA,Comuna 12,residential_multifamily,52.83,29.56,9.43,2.52,5.66,159,1.0522,0.6952
20840407,SAAVEDRA,Comuna 12,commercial,39.69,13.74,40.46,5.34,0.76,131,1.1839,0.8474
20840408,SAAVEDRA,Comuna 12,residential_multifamily,44.19,43.02,6.98,2.91,2.91,172,1.0362,0.7232
20840409,SAAVEDRA,Comuna 12,residential_multifamily,53.64,37.27,5.45,1.82,0.91,110,1.0463,0.7142
20840410,SAAVEDRA,Comuna 12,residential_singlefamily,40.94,44.44,7.6,2.34,3.51,171,1.0275,0.7325
20840501,SAAVEDRA,Comuna 12,residential_singlefamily,40.0,44.67,11.33,2.67,1.33,150,1.0543,0.761
20840502,SAAVEDRA,Comuna 12,residential_multifamily,48.33,38.33,9.17,2.5,1.67,120,1.0562,0.7317
20840503,SAAVEDRA,Comuna 12,residential_multifamily,62.0,10.0,26.0,2.0,0.0,50,1.158,0.771
20840504,SAAVEDRA,Comuna 12,residential_multifamily,46.55,37.93,10.34,1.72,1.72,58,1.0516,0.7439
20840505,SAAVEDRA,Comuna 12,residential_multifamily,37.14,30.0,27.14,1.43,2.86,70,1.1114,0.8224
20840506,SAAVEDRA,Comuna 12,commercial,50.93,12.96,31.48,2.78,0.93,108,1.1583,0.8056
20840507,SAAVEDRA,Comuna 12,commercial,41.86,4.65,48.84,4.65,0.0,43,1.2279,0.8814
20840508,SAAVEDRA,Comuna 12,residential_multifamily,47.37,42.11,10.53,0.0,0.0,19,1.0685,0.7684
20840509,SAAVEDRA,Comuna 12,residential_multifamily,58.89,26.67,11.11,3.33,0.0,90,1.085,0.7167
20840510,SAAVEDRA,Comuna 12,residential_singlefamily,40.88,45.99,7.3,2.92,1.46,137,1.0303,0.7404
20840511,SAAVEDRA,Comuna 12,residential_multifamily,48.24,25.88,22.35,1.18,1.18,85,1.1129,0.7904
20840512,SAAVEDRA,Comuna 12,residential_multifamily,52.08,35.42,6.25,0.0,6.25,48,1.0375,0.701
20840601,SAAVEDRA,Comuna 12,commercial,31.82,31.06,33.33,2.27,1.52,132,1.1409,0.8602
20840602,SAAVEDRA,Comuna 12,residential_multifamily,48.48,26.06,23.64,1.21,0.61,165,1.1261,0.7985
20840603,SAAVEDRA,Comuna 12,residential_multifamily,46.88,44.38,5.62,2.5,0.62,160,1.0413,0.7297
20840604,SAAVEDRA,Comuna 12,residential_multifamily,56.73,35.1,6.25,1.44,0.0,208,1.0596,0.7186
20840605,SAAVEDRA,Comuna 12,residential_singlefamily,32.76,50.86,10.34,1.72,4.31,116,1.031,0.7634
20840606,SAAVEDRA,Comuna 12,residential_multifamily,55.3,36.36,6.82,0.0,1.52,132,1.0591,0.7257
20840607,SAAVEDRA,Comuna 12,residential_multifamily,50.82,27.87,4.92,8.2,8.2,61,1.0157,0.6254
20840608,SAAVEDRA,Comuna 12,commercial,38.89,18.06,40.28,1.39,0.0,72,1.182,0.8838
20840609,SAAVEDRA,Comuna 12,residential_multifamily,47.01,25.37,19.4,3.73,3.73,134,1.0895,0.7474
20840610,SAAVEDRA,Comuna 12,residential_multifamily,47.62,45.24,2.38,1.59,2.38,126,1.0199,0.7108
20840701,COGHLAN,Comuna 12,residential_multifamily,47.09,32.28,15.87,2.12,2.65,189,1.0821,0.7547
20840702,COGHLAN,Comuna 12,residential_multifamily,52.15,38.04,6.75,1.23,1.84,163,1.0519,0.7221
20840703,COGHLAN,Comuna 12,residential_singlefamily,44.55,46.04,5.94,1.98,1.49,202,1.0371,0.7349
20840704,COGHLAN,Comuna 12,residential_multifamily,46.05,35.53,14.91,2.19,1.32,228,1.08,0.7621
20840705,COGHLAN,Comuna 12,commercial,36.2,17.79,38.65,3.68,3.07,163,1.1626,0.8472
20840706,COGHLAN,Comuna 12,residential_multifamily,45.3,37.18,9.4,4.7,3.42,234,1.0453,0.7122
20840707,COGHLAN,Comuna 12,residential_multifamily,42.24,39.13,11.8,3.73,3.11,161,1.0535,0.7375
20840708,COGHLAN,Comuna 12,residential_singlefamily,35.33,36.0,23.33,1.33,4.0,150,1.0946,0.8074
20840709,COGHLAN,Comuna 12,residential_multifamily,57.65,23.53,11.76,2.35,4.71,85,1.0729,0.6988
20840710,COGHLAN,Comuna 12,residential_multifamily,64.52,19.35,6.45,1.61,8.06,62,1.05,0.6468
20840711,COGHLAN,Comuna 12,commercial,52.38,4.76,35.71,2.38,4.76,42,1.1726,0.7952
20840712,COGHLAN,Comuna 12,commercial,48.89,11.11,35.56,0.0,2.22,45,1.1667,0.8375
20840713,COGHLAN,Comuna 12,commercial,31.0,18.0,45.0,0.0,4.0,100,1.178,0.9051
20840801,COGHLAN,Comuna 12,residential_multifamily,43.51,42.86,9.09,1.95,1.95,154,1.0455,0.7451
20840802,COGHLAN,Comuna 12,residential_singlefamily,38.71,56.45,3.23,1.61,0.0,124,1.021,0.7525
20840803,COGHLAN,Comuna 12,residential_singlefamily,38.64,54.09,5.45,0.91,0.45,220,1.0282,0.7623
20840804,COGHLAN,Comuna 12,residential_singlefamily,37.95,57.23,3.01,0.6,1.2,166,1.0162,0.7534
20840805,COGHLAN,Comuna 12,commercial,27.27,40.91,31.82,0.0,0.0,22,1.1341,0.8932
20840806,COGHLAN,Comuna 12,residential_multifamily,48.72,36.75,11.11,2.56,0.85,117,1.0679,0.7423
20840807,COGHLAN,Comuna 12,residential_singlefamily,31.96,43.3,17.53,3.09,3.09,97,1.0598,0.7876
20840808,COGHLAN,Comuna 12,commercial,28.85,12.82,53.63,3.85,0.85,468,1.2282,0.9312
20840809,COGHLAN,Comuna 12,residential_singlefamily,37.5,56.25,0.0,6.25,0.0,32,1.0,0.7094
20840810,COGHLAN,Comuna 12,residential_singlefamily,32.0,60.0,2.0,4.0,2.0,50,0.997,0.734
20840811,COGHLAN,Comuna 12,residential_singlefamily,35.9,58.97,2.56,2.56,0.0,39,1.0128,0.75
20840812,COGHLAN,Comuna 12,residential_singlefamily,42.35,49.41,1.18,4.71,2.35,85,1.0071,0.6977
20840901,VILLA URQUIZA,Comuna 12,residential_multifamily,45.14,38.52,12.06,1.56,2.33,257,1.0617,0.7521
20840902,VILLA URQUIZA,Comuna 12,residential_multifamily,44.18,38.15,11.24,0.8,4.82,249,1.0479,0.7407
20840903,VILLA URQUIZA,Comuna 12,residential_multifamily,53.92,19.61,10.78,3.92,9.8,102,1.0372,0.656
20840904,VILLA URQUIZA,Comuna 12,residential_multifamily,49.75,26.11,17.73,0.99,5.42,203,1.0872,0.745
20840905,VILLA URQUIZA,Comuna 12,residential_multifamily,51.04,36.93,9.13,0.41,1.66,241,1.0585,0.7396
20840906,VILLA URQUIZA,Comuna 12,residential_multifamily,49.28,36.36,8.13,0.48,5.74,209,1.0428,0.7143
20840907,VILLA URQUIZA,Comuna 12,residential_multifamily,44.44,43.33,6.67,3.7,1.48,270,1.0368,0.7244
20840908,VILLA URQUIZA,Comuna 12,residential_multifamily,55.21,32.29,3.12,1.04,8.33,96,1.0208,0.6609
20841001,VILLA URQUIZA,Comuna 12,residential_multifamily,53.27,36.68,4.02,1.01,4.52,199,1.0312,0.6932
20841002,VILLA URQUIZA,Comuna 12,residential_multifamily,43.87,39.35,12.9,2.58,1.29,155,1.0674,0.7577
20841003,VILLA URQUIZA,Comuna 12,residential_multifamily,47.74,37.19,12.56,2.01,0.5,199,1.0746,0.7563
20841004,VILLA URQUIZA,Comuna 12,residential_singlefamily,41.74,46.96,7.83,1.74,0.43,230,1.039,0.756
20841005,VILLA URQUIZA,Comuna 12,residential_singlefamily,36.96,52.17,8.7,2.17,0.0,92,1.0424,0.7718
20841006,VILLA URQUIZA,Comuna 12,residential_multifamily,50.0,25.93,15.74,4.63,3.7,108,1.0801,0.7213
20841007,VILLA URQUIZA,Comuna 12,residential_singlefamily,43.38,44.85,10.29,0.0,0.74,136,1.0558,0.7722
20841008,VILLA URQUIZA,Comuna 12,residential_multifamily,46.15,25.0,25.0,3.85,0.0,52,1.1279,0.7932
20841009,VILLA URQUIZA,Comuna 12,residential_multifamily,44.87,41.03,12.18,0.64,0.64,156,1.0667,0.771
20841010,VILLA URQUIZA,Comuna 12,residential_multifamily,40.22,35.87,19.57,2.17,0.0,92,1.0865,0.8006
20841011,VILLA URQUIZA,Comuna 12,residential_multifamily,37.04,34.57,22.22,6.17,0.0,81,1.0994,0.7889
20841012,VILLA URQUIZA,Comuna 12,residential_multifamily,52.63,21.05,19.74,2.63,3.95,76,1.1033,0.7421
20841013,VILLA URQUIZA,Comuna 12,residential_multifamily,72.22,18.52,7.41,0.0,0.0,54,1.0834,0.6925
20841101,VILLA URQUIZA,Comuna 12,residential_multifamily,51.25,32.5,15.0,1.25,0.0,80,1.0931,0.765
20841102,VILLA URQUIZA,Comuna 12,residential_multifamily,34.55,32.73,27.27,3.64,1.82,55,1.1155,0.8199
20841103,VILLA URQUIZA,Comuna 12,residential_multifamily,45.8,33.59,18.32,0.76,1.53,131,1.0958,0.784
20841104,VILLA URQUIZA,Comuna 12,residential_multifamily,44.12,43.53,8.24,3.53,0.59,170,1.0481,0.7382
20841105,VILLA URQUIZA,Comuna 12,residential_multifamily,55.56,28.89,13.33,2.22,0.0,45,1.0911,0.7411
20841106,VILLA URQUIZA,Comuna 12,residential_multifamily,44.0,40.0,11.2,1.6,2.4,125,1.054,0.7508
20841107,VILLA URQUIZA,Comuna 12,residential_singlefamily,29.08,61.7,7.8,0.71,0.0,141,1.0248,0.7989
20841108,VILLA URQUIZA,Comuna 12,residential_singlefamily,33.54,56.33,4.43,3.16,1.27,158,1.0076,0.7484
20841109,VILLA URQUIZA,Comuna 12,residential_singlefamily,37.5,59.17,1.67,1.67,0.0,120,1.0122,0.7496
20841110,VILLA URQUIZA,Comuna 12,residential_singlefamily,25.26,57.09,12.8,3.11,1.38,289,1.0366,0.7992
20841111,VILLA URQUIZA,Comuna 12,residential_singlefamily,25.82,59.15,11.27,1.88,1.88,213,1.0319,0.7986
20841112,VILLA URQUIZA,Comuna 12,commercial,38.33,8.33,48.33,5.0,0.0,60,1.2199,0.8858
20841113,VILLA URQUIZA,Comuna 12,residential_multifamily,51.9,27.85,11.39,1.27,7.59,79,1.0551,0.7013
20841201,VILLA URQUIZA,Comuna 12,commercial,28.38,9.46,59.46,2.7,0.0,74,1.2574,0.9669
20841202,VILLA URQUIZA,Comuna 12,residential_multifamily,59.74,15.58,18.18,3.9,2.6,77,1.1097,0.7181
20841203,VILLA URQUIZA,Comuna 12,residential_multifamily,53.95,32.89,13.16,0.0,0.0,76,1.0901,0.7612
20841204,VILLA URQUIZA,Comuna 12,residential_multifamily,41.83,27.09,28.29,1.99,0.8,251,1.1357,0.8243
20841205,VILLA URQUIZA,Comuna 12,residential_multifamily,43.68,40.0,13.16,2.63,0.53,190,1.0705,0.7637
20841206,VILLA URQUIZA,Comuna 12,commercial,30.0,13.33,56.67,0.0,0.0,60,1.25,0.9733
20841207,VILLA URQUIZA,Comuna 12,commercial,30.52,9.09,57.79,1.95,0.65,154,1.2519,0.9571
20841208,VILLA URQUIZA,Comuna 12,residential_multifamily,39.81,28.98,25.16,2.87,2.87,314,1.1101,0.7982
20841209,VILLA URQUIZA,Comuna 12,commercial,41.67,16.67,41.67,0.0,0.0,24,1.2001,0.8917
20841301,VILLA URQUIZA,Comuna 12,residential_multifamily,45.0,10.0,15.0,15.0,15.0,20,1.025,0.58
20841302,VILLA URQUIZA,Comuna 12,residential_multifamily,59.09,13.64,22.73,4.55,0.0,44,1.1365,0.7477
20841303,VILLA URQUIZA,Comuna 12,residential_multifamily,67.86,25.0,7.14,0.0,0.0,28,1.0839,0.7053
20841304,VILLA URQUIZA,Comuna 12,commercial,53.45,5.17,34.48,6.9,0.0,58,1.1784,0.7853
20841305,VILLA URQUIZA,Comuna 12,commercial,44.9,16.33,36.73,2.04,0.0,49,1.1806,0.851
20841306,VILLA URQUIZA,Comuna 12,commercial,32.88,4.11,61.64,1.37,0.0,73,1.2753,0.9733
20841307,VILLA URQUIZA,Comuna 12,commercial,28.57,4.08,64.29,3.06,0.0,98,1.2791,0.9806
20841308,VILLA URQUIZA,Comuna 12,residential_multifamily,65.85,12.2,19.51,2.44,0.0,41,1.1341,0.7354
20841309,VILLA URQUIZA,Comuna 12,residential_multifamily,67.74,6.45,25.81,0.0,0.0,31,1.1678,0.771
20841310,VILLA URQUIZA,Comuna 12,commercial,55.81,11.63,30.23,0.0,0.0,43,1.1593,0.8155
20841311,VILLA URQUIZA,Comuna 12,commercial,58.54,4.88,31.71,0.0,4.88,41,1.166,0.7829
20841401,VILLA URQUIZA,Comuna 12,commercial,35.87,5.43,52.17,6.52,0.0,92,1.232,0.894
20841402,VILLA URQUIZA,Comuna 12,commercial,32.62,5.67,58.16,3.55,0.0,141,1.2571,0.9454
20841403,VILLA URQUIZA,Comuna 12,residential_multifamily,61.7,10.64,23.4,0.0,2.13,47,1.1319,0.7619
20841404,VILLA URQUIZA,Comuna 12,commercial,55.26,13.16,31.58,0.0,0.0,38,1.175,0.8224
20841405,VILLA URQUIZA,Comuna 12,commercial,58.14,9.3,30.23,0.0,0.0,43,1.1628,0.8095
20841406,VILLA URQUIZA,Comuna 12,residential_multifamily,57.75,21.13,15.49,1.41,4.23,71,1.0923,0.7218
20841407,VILLA URQUIZA,Comuna 12,residential_multifamily,56.89,12.57,28.74,1.2,0.6,167,1.1617,0.7955
20841408,VILLA URQUIZA,Comuna 12,residential_multifamily,70.27,10.81,18.92,0.0,0.0,37,1.1405,0.7405
20841409,VILLA URQUIZA,Comuna 12,residential_multifamily,44.54,42.02,7.56,4.2,0.0,119,1.0391,0.7316
20841410,VILLA URQUIZA,Comuna 12,residential_singlefamily,37.19,46.28,11.57,0.83,3.31,121,1.0434,0.7691
20841411,VILLA URQUIZA,Comuna 12,residential_multifamily,51.61,14.52,24.19,8.06,0.0,62,1.1209,0.7435
20841412,VILLA URQUIZA,Comuna 12,residential_multifamily,55.56,20.63,20.63,1.59,1.59,63,1.1198,0.761
20841501,VILLA URQUIZA,Comuna 12,commercial,34.83,21.35,34.83,1.12,5.62,89,1.1309,0.8397
20841502,VILLA URQUIZA,Comuna 12,residential_multifamily,59.02,18.03,21.31,1.64,0.0,61,1.1328,0.7647
20841503,VILLA URQUIZA,Comuna 12,commercial,42.35,23.53,30.59,1.18,2.35,85,1.1429,0.8271
20841504,VILLA URQUIZA,Comuna 12,commercial,26.72,12.98,56.49,3.82,0.0,131,1.2406,0.9523
20841505,VILLA URQUIZA,Comuna 12,commercial,39.8,15.31,41.84,3.06,0.0,98,1.195,0.874
20841506,VILLA URQUIZA,Comuna 12,residential_multifamily,68.0,8.0,24.0,0.0,0.0,50,1.16,0.764
20841507,VILLA URQUIZA,Comuna 12,residential_multifamily,63.41,21.95,12.2,2.44,0.0,41,1.0976,0.7159
20841508,VILLA URQUIZA,Comuna 12,residential_multifamily,58.44,32.47,2.6,5.19,1.3,77,1.0403,0.6656
20841509,VILLA URQUIZA,Comuna 12,residential_multifamily,45.83,22.22,25.0,2.78,4.17,72,1.116,0.775
20841510,VILLA URQUIZA,Comuna 12,residential_multifamily,36.28,30.53,26.55,2.21,3.54,226,1.1071,0.8123
20841511,VILLA URQUIZA,Comuna 12,residential_singlefamily,36.11,52.31,9.72,0.46,1.39,216,1.0432,0.7813
20841512,VILLA URQUIZA,Comuna 12,residential_multifamily,46.5,42.04,8.92,1.27,1.27,157,1.0548,0.7472
20841513,VILLA URQUIZA,Comuna 12,residential_singlefamily,36.62,49.3,9.86,4.23,0.0,71,1.0452,0.7612
20841514,VILLA URQUIZA,Comuna 12,residential_multifamily,51.11,32.22,10.0,2.22,3.33,90,1.0544,0.7174
20841515,VILLA URQUIZA,Comuna 12,commercial,48.84,16.28,34.88,0.0,0.0,43,1.1802,0.85
20841516,VILLA URQUIZA,Comuna 12,residential_multifamily,59.77,25.29,8.05,6.9,0.0,87,1.0691,0.677
20841601,VILLA URQUIZA,Comuna 12,residential_multifamily,46.49,41.08,3.78,2.7,4.86,185,1.0146,0.6935
20841602,VILLA URQUIZA,Comuna 12,residential_multifamily,49.14,26.72,20.69,2.59,0.86,116,1.1116,0.7746
20841603,VILLA URQUIZA,Comuna 12,commercial,41.94,14.52,35.48,6.45,1.61,62,1.1613,0.8105
20841604,VILLA URQUIZA,Comuna 12,commercial,60.0,0.0,33.33,3.33,3.33,30,1.1766,0.77
20841605,VILLA URQUIZA,Comuna 12,residential_multifamily,60.0,0.0,30.0,10.0,0.0,10,1.165,0.73
20841606,VILLA URQUIZA,Comuna 12,residential_multifamily,57.89,26.32,15.79,0.0,0.0,38,1.1079,0.7605
20841607,VILLA URQUIZA,Comuna 12,commercial,27.78,11.11,50.0,5.56,5.56,54,1.1945,0.8777
20841608,VILLA URQUIZA,Comuna 12,residential_multifamily,51.59,30.16,16.67,0.79,0.79,126,1.0992,0.7683
20841609,VILLA URQUIZA,Comuna 12,commercial,30.77,12.82,46.15,7.69,2.56,39,1.1884,0.8603
20841610,VILLA URQUIZA,Comuna 12,commercial,28.32,8.85,54.87,7.08,0.88,113,1.2297,0.9124
20841611,VILLA URQUIZA,Comuna 12,residential_multifamily,60.98,30.49,7.32,0.0,1.22,82,1.0708,0.7153
20841612,VILLA URQUIZA,Comuna 12,residential_multifamily,49.21,12.7,25.4,6.35,4.76,63,1.1104,0.7355
20841613,VILLA URQUIZA,Comuna 12,residential_multifamily,43.28,35.82,13.43,2.99,4.48,67,1.0589,0.7373
20841614,VILLA URQUIZA,Comuna 12,office,31.25,0.0,50.0,15.62,0.0,32,1.1922,0.8291
20841615,VILLA URQUIZA,Comuna 12,residential_multifamily,65.62,9.38,21.88,3.12,0.0,32,1.1438,0.7391
20841616,VILLA URQUIZA,Comuna 12,residential_multifamily,72.41,3.45,20.69,0.0,3.45,29,1.1414,0.719
20841617,VILLA URQUIZA,Comuna 12,residential_multifamily,55.0,20.0,23.33,1.67,0.0,60,1.1358,0.7816
20841618,VILLA URQUIZA,Comuna 12,commercial,58.33,4.17,37.5,0.0,0.0,24,1.2062,0.8354
20841619,VILLA URQUIZA,Comuna 12,residential_multifamily,78.57,14.29,0.0,0.0,0.0,14,1.0357,0.6385
20841620,VILLA URQUIZA,Comuna 12,residential_multifamily,82.86,5.71,11.43,0.0,0.0,35,1.1257,0.6829
20841621,VILLA URQUIZA,Comuna 12,residential_multifamily,60.0,8.0,30.0,0.0,0.0,50,1.166,0.8041
20841701,VILLA URQUIZA,Comuna 12,residential_singlefamily,44.96,47.48,6.47,0.36,0.72,278,1.044,0.7529
20841702,VILLA URQUIZA,Comuna 12,residential_multifamily,50.26,40.74,3.7,2.12,2.12,189,1.0288,0.7061
20841703,VILLA URQUIZA,Comuna 12,residential_multifamily,56.89,33.33,8.89,0.44,0.0,225,1.0729,0.7351
20841704,VILLA URQUIZA,Comuna 12,residential_multifamily,48.9,25.27,18.68,1.1,4.4,182,1.0857,0.7547
20841705,VILLA URQUIZA,Comuna 12,residential_multifamily,53.23,21.51,19.35,3.76,2.15,186,1.1067,0.7425
20841706,VILLA URQUIZA,Comuna 12,residential_multifamily,55.9,35.38,6.67,0.51,0.51,195,1.0572,0.7252
20841707,VILLA URQUIZA,Comuna 12,residential_multifamily,51.69,34.75,10.59,1.69,1.27,236,1.0696,0.7369
20841708,VILLA URQUIZA,Comuna 12,commercial,38.89,18.89,33.33,4.44,4.44,90,1.1405,0.8073
20841709,VILLA URQUIZA,Comuna 12,residential_multifamily,55.1,12.24,28.57,4.08,0.0,49,1.1571,0.7816
20841710,VILLA URQUIZA,Comuna 12,residential_multifamily,50.85,15.25,27.97,3.39,0.85,118,1.1386,0.7888
20841801,VILLA URQUIZA,Comuna 12,residential_multifamily,40.0,28.39,22.58,3.23,5.81,155,1.091,0.767
20841802,VILLA URQUIZA,Comuna 12,residential_singlefamily,36.72,47.27,13.67,1.17,1.17,256,1.0619,0.7897
20841803,VILLA URQUIZA,Comuna 12,residential_singlefamily,38.99,42.66,13.76,2.75,1.83,218,1.0621,0.7682
20841804,VILLA URQUIZA,Comuna 12,residential_multifamily,43.72,42.71,10.55,1.01,1.51,199,1.0553,0.7598
20841805,VILLA URQUIZA,Comuna 12,residential_multifamily,48.26,29.85,15.42,2.49,2.99,201,1.0759,0.7442
20841806,VILLA URQUIZA,Comuna 12,residential_singlefamily,44.54,47.48,5.88,0.84,1.26,238,1.0386,0.7447
20841807,VILLA URQUIZA,Comuna 12,residential_multifamily,45.32,29.56,15.76,3.45,5.91,203,1.0677,0.7276
20841808,VILLA URQUIZA,Comuna 12,residential_multifamily,51.91,28.96,12.02,2.19,4.92,183,1.065,0.7139
20841809,VILLA URQUIZA,Comuna 12,residential_multifamily,40.57,30.66,23.58,0.94,4.25,212,1.1033,0.7964
20841810,VILLA URQUIZA,Comuna 12,residential_multifamily,48.33,29.19,14.83,3.83,3.35,209,1.0732,0.73
20841811,VILLA URQUIZA,Comuna 12,residential_multifamily,60.0,25.0,7.0,2.0,5.0,100,1.05,0.6753
20841812,VILLA URQUIZA,Comuna 12,residential_multifamily,66.67,14.29,14.29,4.76,0.0,21,1.1096,0.6977
20841813,VILLA URQUIZA,Comuna 12,commercial,34.29,17.14,34.29,8.57,5.71,35,1.13,0.7829
20841814,VILLA URQUIZA,Comuna 12,residential_multifamily,51.43,27.14,12.86,4.29,4.29,70,1.0679,0.7064
20841815,VILLA URQUIZA,Comuna 12,residential_multifamily,32.0,18.0,22.0,8.0,18.0,50,1.026,0.6663
20841901,VILLA PUEYRREDON,Comuna 12,commercial,0.0,0.0,100.0,0.0,0.0,1,1.4,1.2
20841902,VILLA PUEYRREDON,Comuna 12,office,23.08,38.46,15.38,15.38,0.0,13,1.0038,0.7208
20841903,VILLA PUEYRREDON,Comuna 12,residential_multifamily,50.0,26.92,11.54,11.54,0.0,26,1.0654,0.6788
20841904,VILLA PUEYRREDON,Comuna 12,residential_multifamily,42.44,40.12,15.12,0.0,0.58,172,1.0721,0.792
20841905,VILLA PUEYRREDON,Comuna 12,residential_singlefamily,36.61,43.05,14.92,2.03,3.05,295,1.0593,0.7754
20841906,VILLA PUEYRREDON,Comuna 12,residential_singlefamily,40.15,47.96,7.43,2.6,1.12,269,1.0344,0.7481
20841907,VILLA PUEYRREDON,Comuna 12,residential_multifamily,41.12,37.69,14.64,3.74,2.18,321,1.0644,0.7556
20841908,VILLA PUEYRREDON,Comuna 12,residential_singlefamily,40.44,52.0,3.56,4.0,0.0,225,1.0227,0.7314
20841909,VILLA PUEYRREDON,Comuna 12,residential_multifamily,40.15,30.68,26.52,1.89,0.38,264,1.1248,0.8257
20841910,VILLA PUEYRREDON,Comuna 12,residential_singlefamily,44.25,51.77,3.1,0.0,0.88,226,1.0277,0.7445
20841911,VILLA PUEYRREDON,Comuna 12,residential_multifamily,44.35,43.48,6.96,0.87,3.48,230,1.0327,0.7333
20841912,VILLA PUEYRREDON,Comuna 12,residential_multifamily,42.34,25.55,29.2,2.19,0.73,137,1.1406,0.8252
20841913,VILLA PUEYRREDON,Comuna 12,residential_singlefamily,36.89,55.34,1.94,1.94,3.88,103,1.0004,0.7248
20842001,VILLA PUEYRREDON,Comuna 12,residential_singlefamily,42.79,53.49,3.72,0.0,0.0,215,1.0309,0.756
20842002,VILLA PUEYRREDON,Comuna 12,residential_multifamily,40.0,38.46,20.77,0.0,0.77,130,1.1012,0.8177
20842003,VILLA PUEYRREDON,Comuna 12,commercial,35.85,26.42,33.96,1.89,1.26,159,1.1481,0.8569
20842004,VILLA PUEYRREDON,Comuna 12,residential_singlefamily,41.32,47.57,8.33,1.74,0.69,288,1.0441,0.758
20842005,VILLA PUEYRREDON,Comuna 12,residential_singlefamily,35.41,40.86,20.23,1.56,1.17,257,1.0856,0.8127
20842006,VILLA PUEYRREDON,Comuna 12,residential_multifamily,39.62,27.31,28.85,1.54,1.54,260,1.128,0.8301
20842007,VILLA PUEYRREDON,Comuna 12,commercial,31.95,22.82,41.91,2.9,0.41,241,1.1823,0.8924
20842008,VILLA PUEYRREDON,Comuna 12,residential_multifamily,42.02,28.99,22.69,3.78,2.52,238,1.1038,0.7796
20842009,VILLA PUEYRREDON,Comuna 12,residential_multifamily,56.69,25.98,16.54,0.79,0.0,127,1.1087,0.7602
20842010,VILLA PUEYRREDON,Comuna 12,residential_singlefamily,44.58,48.19,3.61,1.2,2.41,83,1.0246,0.7265
20842101,VILLA PUEYRREDON,Comuna 12,residential_multifamily,49.33,42.67,5.33,0.0,2.67,75,1.04,0.728
20842102,VILLA PUEYRREDON,Comuna 12,residential_multifamily,57.81,29.69,4.69,1.56,3.12,64,1.0328,0.6847
20842103,VILLA PUEYRREDON,Comuna 12,residential_multifamily,45.68,41.98,8.64,1.23,2.47,81,1.0488,0.7408
20842104,VILLA PUEYRREDON,Comuna 12,residential_multifamily,56.55,32.14,6.55,1.19,2.38,168,1.0506,0.7054
20842105,VILLA PUEYRREDON,Comuna 12,residential_multifamily,50.54,42.39,2.17,0.54,4.35,184,1.0219,0.6989
20842106,VILLA PUEYRREDON,Comuna 12,residential_multifamily,54.8,37.85,4.52,0.56,1.69,177,1.0443,0.7128
20842107,VILLA PUEYRREDON,Comuna 12,residential_multifamily,47.73,35.23,9.85,1.14,5.68,264,1.0461,0.7192
20842108,VILLA PUEYRREDON,Comuna 12,residential_singlefamily,37.66,39.75,17.99,1.67,2.93,239,1.077,0.7872
20842109,VILLA PUEYRREDON,Comuna 12,residential_multifamily,40.67,31.58,25.84,0.48,0.48,209,1.1211,0.8319
20842110,VILLA PUEYRREDON,Comuna 12,residential_multifamily,40.89,33.99,20.69,1.48,2.46,203,1.0934,0.7928
20842111,VILLA PUEYRREDON,Comuna 12,residential_multifamily,51.58,18.95,26.32,0.0,2.11,95,1.1348,0.7989
20842112,VILLA PUEYRREDON,Comuna 12,residential_multifamily,55.13,34.62,6.41,2.56,1.28,78,1.0551,0.7071
20842113,VILLA PUEYRREDON,Comuna 12,residential_multifamily,57.89,23.68,15.79,0.0,0.0,76,1.096,0.7581
20842201,VILLA PUEYRREDON,Comuna 12,residential_singlefamily,41.26,54.71,2.24,0.0,1.79,223,1.0166,0.7431
20842202,VILLA PUEYRREDON,Comuna 12,residential_multifamily,48.46,41.85,3.52,0.44,4.85,227,1.0196,0.7051
20842203,VILLA PUEYRREDON,Comuna 12,residential_multifamily,44.98,43.54,8.13,0.0,2.87,209,1.0433,0.7469
20842204,VILLA PUEYRREDON,Comuna 12,residential_singlefamily,40.65,50.93,3.74,1.4,3.27,214,1.0166,0.7297
20842205,VILLA PUEYRREDON,Comuna 12,residential_singlefamily,42.31,46.58,7.26,0.85,2.56,234,1.0356,0.7462
20842206,VILLA PUEYRREDON,Comuna 12,commercial,42.31,22.12,30.77,0.0,3.85,104,1.1361,0.8267
20842207,VILLA PUEYRREDON,Comuna 12,residential_multifamily,52.5,33.75,5.0,2.5,5.0,80,1.0281,0.6829
20842208,VILLA PUEYRREDON,Comuna 12,residential_multifamily,52.85,37.31,7.25,0.52,1.55,193,1.0544,0.7286
20842209,VILLA PUEYRREDON,Comuna 12,residential_singlefamily,42.28,47.97,3.25,0.0,6.5,123,1.0085,0.7134
20842210,VILLA PUEYRREDON,Comuna 12,residential_singlefamily,41.63,48.57,9.8,0.0,0.0,245,1.0565,0.7802
20842211,VILLA PUEYRREDON,Comuna 12,residential_multifamily,46.7,32.49,19.8,0.0,1.02,197,1.1062,0.7959
20842212,VILLA PUEYRREDON,Comuna 12,residential_singlefamily,41.46,56.1,1.63,0.0,0.81,123,1.0171,0.7468
20842213,VILLA PUEYRREDON,Comuna 12,residential_multifamily,43.24,43.24,2.7,5.41,2.7,37,1.0013,0.6889
20842214,VILLA PUEYRREDON,Comuna 12,residential_multifamily,53.49,23.26,11.63,2.33,9.3,43,1.0524,0.6791
20842215,VILLA PUEYRREDON,Comuna 12,residential_multifamily,46.88,37.5,8.33,2.08,4.17,96,1.0385,0.7179
20910101,NUÑEZ,Comuna 13,residential_singlefamily,31.45,53.46,14.47,0.63,0.0,159,1.0618,0.8173
20910102,NUÑEZ,Comuna 13,residential_singlefamily,41.67,51.19,5.95,1.19,0.0,84,1.0381,0.7577
20910103,NUÑEZ,Comuna 13,residential_singlefamily,32.23,61.98,3.31,2.48,0.0,121,1.0108,0.7624
20910104,NUÑEZ,Comuna 13,residential_multifamily,64.86,21.62,10.81,2.7,0.0,37,1.0932,0.7054
20910105,NUÑEZ,Comuna 13,commercial,60.0,0.0,40.0,0.0,0.0,20,1.22,0.84
20910106,NUÑEZ,Comuna 13,residential_multifamily,47.37,35.96,13.16,1.75,0.88,114,1.0719,0.758
20910107,NUÑEZ,Comuna 13,residential_singlefamily,25.13,67.54,4.19,2.09,1.05,191,1.0013,0.7793
20910108,NUÑEZ,Comuna 13,residential_singlefamily,31.82,61.36,6.82,0.0,0.0,44,1.0284,0.7943
20910109,NUÑEZ,Comuna 13,residential_singlefamily,31.43,62.86,0.0,2.86,2.86,35,0.9858,0.7314
20910110,NUÑEZ,Comuna 13,residential_singlefamily,44.26,54.1,1.64,0.0,0.0,61,1.0238,0.7451
20910111,NUÑEZ,Comuna 13,residential_singlefamily,31.91,38.3,22.34,5.32,2.13,94,1.0867,0.7947
20910112,NUÑEZ,Comuna 13,commercial,28.69,22.95,46.72,1.64,0.0,122,1.2016,0.9295
20910113,NUÑEZ,Comuna 13,residential_singlefamily,29.46,46.43,21.43,2.68,0.0,112,1.0879,0.8313
20910114,NUÑEZ,Comuna 13,commercial,37.88,27.27,33.33,1.52,0.0,66,1.1553,0.8606
20910115,NUÑEZ,Comuna 13,residential_multifamily,85.71,0.0,11.43,2.86,0.0,35,1.1271,0.6543
20910201,NUÑEZ,Comuna 13,commercial,31.08,16.22,48.65,2.7,0.0,74,1.2068,0.9233
20910202,NUÑEZ,Comuna 13,residential_singlefamily,42.78,48.33,7.22,1.11,0.56,180,1.0439,0.7564
20910203,NUÑEZ,Comuna 13,residential_multifamily,55.05,34.86,9.17,0.92,0.0,109,1.0729,0.7376
20910204,NUÑEZ,Comuna 13,residential_singlefamily,42.78,46.67,3.89,5.0,0.56,180,1.02,0.714
20910205,NUÑEZ,Comuna 13,residential_multifamily,50.0,33.93,9.82,3.57,0.0,112,1.0536,0.7294
20910206,NUÑEZ,Comuna 13,residential_multifamily,86.11,5.56,8.33,0.0,0.0,36,1.1166,0.6639
20910207,NUÑEZ,Comuna 13,residential_multifamily,55.26,28.95,10.53,0.0,5.26,38,1.0645,0.7145
20910208,NUÑEZ,Comuna 13,residential_multifamily,40.0,34.67,21.33,4.0,0.0,75,1.102,0.7947
20910209,NUÑEZ,Comuna 13,commercial,50.98,13.73,31.37,1.96,1.96,51,1.1598,0.8049
20910210,NUÑEZ,Comuna 13,commercial,39.13,21.74,35.51,0.72,2.17,138,1.158,0.857
20910211,NUÑEZ,Comuna 13,residential_multifamily,67.86,10.71,17.86,3.57,0.0,28,1.1286,0.7161
20910212,NUÑEZ,Comuna 13,commercial,47.92,4.17,41.67,4.17,0.0,48,1.1959,0.8447
20910213,NUÑEZ,Comuna 13,residential_multifamily,60.0,20.0,10.0,2.0,8.0,50,1.059,0.668
20910301,NUÑEZ,Comuna 13,residential_multifamily,41.96,33.04,18.75,4.46,0.89,112,1.0861,0.7708
20910302,NUÑEZ,Comuna 13,residential_multifamily,35.79,11.05,28.95,15.0,6.05,380,1.0866,0.7055
20910303,NUÑEZ,Comuna 13,residential_multifamily,47.57,32.04,15.53,0.97,3.88,103,1.0786,0.7529
20910304,NUÑEZ,Comuna 13,residential_multifamily,62.26,15.09,18.87,3.77,0.0,53,1.1245,0.7321
20910305,NUÑEZ,Comuna 13,residential_multifamily,48.46,39.23,6.92,3.85,0.0,130,1.0431,0.7222
20910306,NUÑEZ,Comuna 13,residential_multifamily,47.37,39.77,9.36,1.75,1.75,171,1.0562,0.7398
20910307,NUÑEZ,Comuna 13,residential_multifamily,43.06,34.72,18.06,4.17,0.0,72,1.0918,0.7743
20910308,NUÑEZ,Comuna 13,residential_multifamily,54.41,27.94,14.71,0.0,1.47,68,1.0868,0.7545
20910309,NUÑEZ,Comuna 13,residential_multifamily,39.13,38.26,13.91,6.96,1.74,115,1.0591,0.7374
20910310,NUÑEZ,Comuna 13,residential_multifamily,45.95,16.22,24.32,8.11,2.7,37,1.1,0.7389
20910311,NUÑEZ,Comuna 13,commercial,41.18,5.88,41.18,5.88,5.88,17,1.1736,0.8089
20910312,NUÑEZ,Comuna 13,residential_multifamily,49.12,28.07,21.05,0.0,1.75,57,1.1131,0.7895
20910313,NUÑEZ,Comuna 13,residential_multifamily,70.59,8.82,8.82,2.94,8.82,34,1.0661,0.625
20910401,NUÑEZ,Comuna 13,commercial,35.9,11.54,44.87,7.69,0.0,78,1.1981,0.8596
20910402,NUÑEZ,Comuna 13,residential_multifamily,39.86,28.59,26.9,2.54,1.83,710,1.1216,0.8135
20910403,NUÑEZ,Comuna 13,residential_multifamily,49.43,20.69,26.44,2.3,1.15,87,1.1375,0.7942
20910404,NUÑEZ,Comuna 13,commercial,34.56,12.5,48.53,2.94,1.47,136,1.2129,0.9019
20910405,NUÑEZ,Comuna 13,commercial,26.97,5.62,64.04,3.37,0.0,89,1.2753,0.9814
20910406,NUÑEZ,Comuna 13,residential_multifamily,41.67,29.17,25.0,3.12,1.04,96,1.1188,0.8032
20910407,NUÑEZ,Comuna 13,residential_multifamily,55.0,21.67,11.67,10.0,1.67,60,1.0701,0.6675
20910408,NUÑEZ,Comuna 13,residential_singlefamily,37.72,47.37,14.04,0.88,0.0,114,1.069,0.7982
20910409,NUÑEZ,Comuna 13,commercial,36.36,4.55,57.58,1.52,0.0,66,1.2622,0.9492
20910410,NUÑEZ,Comuna 13,commercial,33.87,4.84,58.06,3.23,0.0,62,1.2588,0.9443
20910411,NUÑEZ,Comuna 13,residential_multifamily,51.28,29.49,16.67,2.56,0.0,78,1.0994,0.7609
20910412,NUÑEZ,Comuna 13,residential_multifamily,55.1,30.61,12.24,2.04,0.0,49,1.0856,0.7398
20910413,NUÑEZ,Comuna 13,residential_multifamily,65.22,4.35,28.26,2.17,0.0,46,1.1728,0.7696
20910414,NUÑEZ,Comuna 13,commercial,27.4,6.85,61.64,4.11,0.0,73,1.2644,0.9664
20910415,NUÑEZ,Comuna 13,commercial,56.6,5.66,35.85,1.89,0.0,53,1.1943,0.8198
20910416,NUÑEZ,Comuna 13,residential_multifamily,75.68,8.11,13.51,2.7,0.0,37,1.1216,0.6878
20910501,NUÑEZ,Comuna 13,residential_multifamily,53.25,38.96,6.49,0.0,1.3,77,1.0552,0.7311
20910502,NUÑEZ,Comuna 13,residential_multifamily,47.17,30.19,16.98,3.77,1.89,106,1.0877,0.7509
20910503,NUÑEZ,Comuna 13,residential_multifamily,57.89,26.32,13.16,2.63,0.0,38,1.0934,0.7316
20910504,NUÑEZ,Comuna 13,residential_multifamily,79.07,9.3,6.98,4.65,0.0,43,1.0954,0.6419
20910505,NUÑEZ,Comuna 13,residential_multifamily,50.41,40.65,7.32,0.81,0.81,123,1.0553,0.7383
20910506,NUÑEZ,Comuna 13,residential_multifamily,55.77,19.23,19.23,5.77,0.0,52,1.1144,0.7346
20910507,NUÑEZ,Comuna 13,commercial,56.06,6.06,34.85,1.52,1.52,66,1.1849,0.8105
20910508,NUÑEZ,Comuna 13,residential_multifamily,73.33,11.11,15.56,0.0,0.0,45,1.13,0.7211
20910509,NUÑEZ,Comuna 13,residential_multifamily,69.23,15.38,3.85,7.69,3.85,26,1.0519,0.6077
20910510,NUÑEZ,Comuna 13,residential_multifamily,70.73,2.44,21.95,4.88,0.0,41,1.15,0.7134
20910511,NUÑEZ,Comuna 13,commercial,62.16,5.41,32.43,0.0,0.0,37,1.1892,0.8081
20910512,NUÑEZ,Comuna 13,commercial,60.47,4.65,30.23,4.65,0.0,43,1.1721,0.7698
20910601,NUÑEZ,Comuna 13,residential_multifamily,32.79,31.15,26.23,9.84,0.0,61,1.1075,0.786
20910602,NUÑEZ,Comuna 13,residential_multifamily,54.86,33.33,8.33,1.39,0.69,144,1.06,0.7253
20910603,NUÑEZ,Comuna 13,residential_multifamily,46.78,35.67,15.2,2.34,0.0,171,1.0862,0.7687
20910604,NUÑEZ,Comuna 13,residential_multifamily,54.44,35.56,7.78,1.11,0.0,90,1.0606,0.7315
20910605,NUÑEZ,Comuna 13,residential_multifamily,64.1,15.38,17.95,1.28,1.28,78,1.1218,0.7346
20910606,NUÑEZ,Comuna 13,commercial,38.64,13.64,42.05,5.68,0.0,88,1.1916,0.858
20910607,NUÑEZ,Comuna 13,residential_multifamily,46.85,28.83,22.52,1.8,0.0,111,1.1198,0.7982
20910608,NUÑEZ,Comuna 13,residential_multifamily,40.17,24.79,23.93,8.55,1.71,117,1.1004,0.7573
20910701,BELGRANO,Comuna 13,residential_multifamily,46.15,41.76,7.69,1.1,3.3,91,1.0428,0.7318
20910702,BELGRANO,Comuna 13,residential_multifamily,42.22,26.67,24.44,4.44,2.22,90,1.1122,0.7823
20910703,BELGRANO,Comuna 13,residential_multifamily,69.74,13.16,17.11,0.0,0.0,76,1.1317,0.7355
20910704,BELGRANO,Comuna 13,residential_multifamily,78.57,7.14,10.71,3.57,0.0,28,1.1124,0.6643
20910705,BELGRANO,Comuna 13,commercial,41.18,2.35,52.94,3.53,0.0,85,1.2465,0.9059
20910706,BELGRANO,Comuna 13,commercial,52.38,14.29,30.16,3.17,0.0,63,1.1611,0.8008
20910707,BELGRANO,Comuna 13,residential_multifamily,68.89,17.78,8.89,4.44,0.0,45,1.0889,0.6756
20910708,BELGRANO,Comuna 13,residential_multifamily,72.5,17.5,5.0,5.0,0.0,40,1.0762,0.6488
20910709,BELGRANO,Comuna 13,residential_multifamily,65.52,12.07,18.97,3.45,0.0,58,1.1303,0.7267
20910801,BELGRANO,Comuna 13,commercial,16.92,10.77,67.69,4.62,0.0,65,1.2754,1.01
20910802,BELGRANO,Comuna 13,residential_multifamily,63.16,5.26,23.68,7.89,0.0,38,1.1434,0.7158
20910803,BELGRANO,Comuna 13,commercial,48.98,10.2,30.61,6.12,4.08,49,1.1428,0.7623
20910804,BELGRANO,Comuna 13,residential_multifamily,84.91,1.89,9.43,1.89,0.0,53,1.1095,0.6528
20910805,BELGRANO,Comuna 13,residential_multifamily,62.64,9.89,21.98,4.4,0.0,91,1.1336,0.7361
20910806,BELGRANO,Comuna 13,commercial,41.82,7.27,47.27,3.64,0.0,55,1.2218,0.8836
20910807,BELGRANO,Comuna 13,commercial,55.1,4.08,40.82,0.0,0.0,49,1.2163,0.8551
20910808,BELGRANO,Comuna 13,commercial,36.14,1.2,60.24,0.0,0.0,83,1.2644,0.9735
20910809,BELGRANO,Comuna 13,residential_multifamily,55.81,16.28,25.58,0.0,0.0,43,1.1383,0.7988
20910810,BELGRANO,Comuna 13,commercial,28.57,0.0,69.64,0.0,0.0,56,1.2982,1.0255
20910811,BELGRANO,Comuna 13,residential_multifamily,62.86,8.57,25.71,2.86,0.0,35,1.1571,0.7614
20910901,BELGRANO,Comuna 13,commercial,38.71,16.13,38.71,6.45,0.0,31,1.1758,0.8403
20910902,BELGRANO,Comuna 13,commercial,40.54,5.41,50.0,2.7,1.35,74,1.2291,0.8946
20910903,BELGRANO,Comuna 13,commercial,10.0,0.0,88.57,1.43,0.0,70,1.3621,1.1243
20910904,BELGRANO,Comuna 13,commercial,13.24,1.47,83.82,1.47,0.0,68,1.3456,1.0992
20910905,BELGRANO,Comuna 13,commercial,61.29,3.23,35.48,0.0,0.0,31,1.2016,0.821
20910906,BELGRANO,Comuna 13,residential_multifamily,61.54,21.54,12.31,4.62,0.0,65,1.0932,0.7046
20910907,BELGRANO,Comuna 13,residential_multifamily,69.57,17.39,13.04,0.0,0.0,23,1.113,0.7217
20910908,BELGRANO,Comuna 13,residential_multifamily,59.46,5.41,29.73,5.41,0.0,37,1.1677,0.7648
20910909,BELGRANO,Comuna 13,residential_multifamily,71.88,3.12,21.88,3.12,0.0,32,1.1532,0.7235
20910910,BELGRANO,Comuna 13,commercial,17.53,2.06,74.23,6.19,0.0,97,1.3042,1.0195
20910911,BELGRANO,Comuna 13,commercial,51.22,9.76,34.15,2.44,0.0,41,1.1671,0.8225
20911001,BELGRANO,Comuna 13,residential_multifamily,66.67,11.11,22.22,0.0,0.0,18,1.15,0.7611
20911002,BELGRANO,Comuna 13,commercial,35.9,24.36,37.18,1.28,1.28,78,1.166,0.8725
20911003,BELGRANO,Comuna 13,residential_multifamily,72.41,6.9,17.24,3.45,0.0,29,1.1327,0.7034
20911004,BELGRANO,Comuna 13,office,32.79,9.84,36.07,19.67,0.0,61,1.1345,0.745
20911005,BELGRANO,Comuna 13,commercial,38.82,11.84,40.13,7.89,1.32,152,1.177,0.8256
20911006,BELGRANO,Comuna 13,residential_multifamily,35.29,31.37,23.53,3.92,5.88,51,1.0872,0.7765
20911007,BELGRANO,Comuna 13,residential_multifamily,60.98,15.85,20.73,2.44,0.0,82,1.1323,0.7518
20911008,BELGRANO,Comuna 13,commercial,50.0,0.0,50.0,0.0,0.0,2,1.25,0.9
20911009,BELGRANO,Comuna 13,commercial,32.86,4.29,58.57,4.29,0.0,70,1.2587,0.9407
20911010,BELGRANO,Comuna 13,commercial,18.75,4.86,73.61,2.08,0.0,144,1.3041,1.0465
20911011,BELGRANO,Comuna 13,commercial,30.85,6.38,59.57,3.19,0.0,94,1.2611,0.9575
20911012,BELGRANO,Comuna 13,residential_multifamily,59.46,13.51,24.32,0.0,2.7,37,1.1405,0.7689
20911013,BELGRANO,Comuna 13,residential_multifamily,62.5,15.0,17.5,5.0,0.0,40,1.1175,0.7175
20911014,BELGRANO,Comuna 13,commercial,46.27,7.46,31.34,10.45,4.48,67,1.1365,0.7365
20911015,BELGRANO,Comuna 13,commercial,57.14,2.86,40.0,0.0,0.0,35,1.2157,0.8471
20911101,BELGRANO,Comuna 13,residential_singlefamily,18.45,63.69,9.52,7.14,0.6,168,1.0089,0.7793
20911102,BELGRANO,Comuna 13,residential_singlefamily,27.06,63.76,4.13,4.13,0.46,218,1.0016,0.7624
20911103,BELGRANO,Comuna 13,residential_singlefamily,25.35,67.61,6.34,0.7,0.0,142,1.0159,0.8036
20911104,BELGRANO,Comuna 13,commercial,32.54,32.54,30.95,3.97,0.0,126,1.1341,0.8472
20911105,BELGRANO,Comuna 13,residential_singlefamily,30.82,61.64,6.92,0.63,0.0,159,1.0268,0.7925
20911106,BELGRANO,Comuna 13,residential_singlefamily,24.5,45.7,14.57,11.26,1.32,151,1.0252,0.7439
20911107,BELGRANO,Comuna 13,residential_singlefamily,26.62,54.55,14.29,1.3,0.65,154,1.0393,0.8187
20911201,BELGRANO,Comuna 13,residential_multifamily,35.25,22.95,27.05,13.11,0.0,122,1.1041,0.7567
20911202,BELGRANO,Comuna 13,residential_singlefamily,24.66,63.01,4.11,8.22,0.0,73,0.9973,0.7411
20911203,BELGRANO,Comuna 13,residential_singlefamily,20.19,54.81,16.35,7.69,0.0,104,1.0418,0.7986
20911204,BELGRANO,Comuna 13,residential_singlefamily,22.92,62.5,7.29,5.21,1.04,96,1.0042,0.7716
20911205,BELGRANO,Comuna 13,office,26.09,45.65,9.78,17.39,1.09,92,1.0125,0.6815
20911206,BELGRANO,Comuna 13,residential_singlefamily,37.5,50.0,8.33,2.08,2.08,48,1.0354,0.7563
20911207,BELGRANO,Comuna 13,residential_multifamily,41.18,35.29,14.71,5.88,2.94,34,1.0633,0.7353
20911208,BELGRANO,Comuna 13,residential_multifamily,35.37,26.83,26.83,7.32,1.22,82,1.1019,0.7912
20911209,BELGRANO,Comuna 13,residential_multifamily,52.31,29.23,7.69,7.69,0.0,65,1.0415,0.6833
20911210,BELGRANO,Comuna 13,office,62.71,11.86,10.17,15.25,0.0,59,1.0745,0.6144
20911301,BELGRANO,Comuna 13,residential_multifamily,84.38,3.12,9.38,3.12,0.0,32,1.1157,0.6485
20911302,BELGRANO,Comuna 13,commercial,15.0,10.0,75.0,0.0,0.0,20,1.31,1.075
20911303,BELGRANO,Comuna 13,commercial,26.96,3.48,66.09,3.48,0.0,115,1.2845,0.9878
20911304,BELGRANO,Comuna 13,commercial,45.0,5.0,40.0,5.0,0.0,20,1.17,0.8395
20911305,BELGRANO,Comuna 13,commercial,30.0,5.0,65.0,0.0,0.0,20,1.2875,1.0025
20911306,BELGRANO,Comuna 13,commercial,46.67,0.0,53.33,0.0,0.0,15,1.26,0.92
20911307,BELGRANO,Comuna 13,commercial,34.38,9.38,43.75,12.5,0.0,32,1.186,0.8234
20911308,BELGRANO,Comuna 13,residential_multifamily,84.48,6.9,6.9,1.72,0.0,58,1.1061,0.65
20911309,BELGRANO,Comuna 13,residential_multifamily,84.21,0.0,10.53,5.26,0.0,19,1.1184,0.6369
20911310,BELGRANO,Comuna 13,residential_multifamily,88.89,0.0,0.0,11.11,0.0,9,1.0722,0.5444
20911311,BELGRANO,Comuna 13,residential_multifamily,63.16,26.32,0.0,10.53,0.0,19,1.0343,0.6131
20911312,BELGRANO,Comuna 13,residential_multifamily,83.33,5.56,0.0,5.56,0.0,18,1.0445,0.5853
20911313,BELGRANO,Comuna 13,office,80.0,0.0,0.0,20.0,0.0,5,1.05,0.5
20911314,BELGRANO,Comuna 13,residential_multifamily,90.0,10.0,0.0,0.0,0.0,10,1.085,0.625
20911315,BELGRANO,Comuna 13,residential_multifamily,73.33,6.67,20.0,0.0,0.0,30,1.15,0.7367
20911401,BELGRANO,Comuna 13,commercial,52.94,0.0,47.06,0.0,0.0,34,1.2412,0.8824
20911402,BELGRANO,Comuna 13,commercial,31.11,17.78,48.89,2.22,0.0,45,1.2145,0.9267
20911403,BELGRANO,Comuna 13,commercial,47.83,10.14,40.58,1.45,0.0,69,1.2029,0.8616
20911404,BELGRANO,Comuna 13,commercial,57.38,4.92,34.43,1.64,0.0,61,1.182,0.8142
20911405,BELGRANO,Comuna 13,residential_multifamily,74.07,0.0,14.81,11.11,0.0,27,1.1166,0.6333
20911406,BELGRANO,Comuna 13,commercial,14.39,0.76,81.82,3.03,0.0,132,1.3367,1.0777
20911407,BELGRANO,Comuna 13,commercial,0.0,0.0,94.74,5.26,0.0,38,1.3711,1.1421
20911408,BELGRANO,Comuna 13,commercial,47.83,0.0,52.17,0.0,0.0,23,1.2565,0.913
20911409,BELGRANO,Comuna 13,commercial,37.5,0.0,50.0,4.17,0.0,24,1.1896,0.9045
20911410,BELGRANO,Comuna 13,commercial,55.56,5.56,38.89,0.0,0.0,18,1.2084,0.8472
20911411,BELGRANO,Comuna 13,residential_multifamily,92.86,0.0,7.14,0.0,0.0,14,1.1214,0.6428
20911501,BELGRANO,Comuna 13,commercial,45.24,2.38,52.38,0.0,0.0,42,1.2536,0.9202
20911502,BELGRANO,Comuna 13,commercial,16.25,7.5,76.25,0.0,0.0,80,1.3175,1.0762
20911503,BELGRANO,Comuna 13,commercial,38.78,6.12,46.94,8.16,0.0,49,1.2112,0.8561
20911504,BELGRANO,Comuna 13,office,18.18,18.18,36.36,27.27,0.0,11,1.1136,0.7273
20911505,BELGRANO,Comuna 13,commercial,50.0,4.17,45.83,0.0,0.0,24,1.2312,0.8854
20911506,BELGRANO,Comuna 13,commercial,57.69,11.54,30.77,0.0,0.0,26,1.175,0.8135
20911507,BELGRANO,Comuna 13,commercial,54.84,6.45,32.26,6.45,0.0,31,1.171,0.7774
20911508,BELGRANO,Comuna 13,commercial,39.39,3.03,54.55,3.03,0.0,33,1.2515,0.9197
20911509,BELGRANO,Comuna 13,commercial,26.97,2.63,67.11,3.29,0.0,152,1.2892,0.9928
20911510,BELGRANO,Comuna 13,commercial,40.0,6.67,50.0,3.33,0.0,30,1.2317,0.9
20911511,BELGRANO,Comuna 13,commercial,33.33,16.67,50.0,0.0,0.0,18,1.225,0.9417
20911512,BELGRANO,Comuna 13,residential_multifamily,73.68,0.0,26.32,0.0,0.0,19,1.179,0.7579
20911601,BELGRANO,Comuna 13,commercial,32.53,7.23,60.24,0.0,0.0,83,1.2699,0.9795
20911602,BELGRANO,Comuna 13,commercial,37.08,7.87,48.31,4.49,2.25,89,1.2118,0.8781
20911603,BELGRANO,Comuna 13,commercial,24.0,2.0,68.0,5.33,0.0,150,1.2837,0.989
20911604,BELGRANO,Comuna 13,commercial,45.16,0.0,38.71,12.9,3.23,31,1.1693,0.7548
20911605,BELGRANO,Comuna 13,commercial,40.91,4.55,45.45,9.09,0.0,44,1.2068,0.8386
20911606,BELGRANO,Comuna 13,commercial,53.33,2.22,44.44,0.0,0.0,45,1.2299,0.8722
20911607,BELGRANO,Comuna 13,commercial,45.65,2.17,52.17,0.0,0.0,46,1.2532,0.9185
20911608,BELGRANO,Comuna 13,residential_multifamily,50.0,10.0,30.0,10.0,0.0,20,1.15,0.755
20911609,BELGRANO,Comuna 13,residential_multifamily,57.14,11.43,28.57,2.86,0.0,35,1.1614,0.7857
20911610,BELGRANO,Comuna 13,commercial,52.56,2.56,39.74,5.13,0.0,78,1.2025,0.8192
20911611,BELGRANO,Comuna 13,commercial,51.06,0.0,48.94,0.0,0.0,47,1.2468,0.8936
20911612,BELGRANO,Comuna 13,commercial,35.56,2.22,60.0,2.22,0.0,45,1.2711,0.9545
20911613,BELGRANO,Comuna 13,residential_multifamily,76.47,17.65,5.88,0.0,0.0,34,1.0912,0.6794
20911701,BELGRANO,Comuna 13,residential_multifamily,50.0,9.62,28.85,5.77,3.85,52,1.1289,0.7559
20911702,BELGRANO,Comuna 13,residential_multifamily,55.38,6.15,29.23,6.15,3.08,65,1.1492,0.7477
20911703,BELGRANO,Comuna 13,residential_multifamily,63.33,16.67,18.33,0.0,1.67,60,1.1225,0.745
20911704,BELGRANO,Comuna 13,commercial,51.52,15.15,33.33,0.0,0.0,33,1.1773,0.8379
20911705,BELGRANO,Comuna 13,residential_multifamily,40.38,32.69,19.23,5.77,0.0,52,1.0826,0.7716
20911706,BELGRANO,Comuna 13,residential_multifamily,56.82,22.73,18.18,2.27,0.0,44,1.1148,0.7546
20911707,BELGRANO,Comuna 13,residential_multifamily,80.0,20.0,0.0,0.0,0.0,20,1.07,0.65
20911708,BELGRANO,Comuna 13,residential_multifamily,67.86,14.29,14.29,3.57,0.0,28,1.1126,0.7036
20911709,BELGRANO,Comuna 13,residential_multifamily,64.81,12.96,18.52,3.7,0.0,54,1.1268,0.725
20911710,BELGRANO,Comuna 13,commercial,23.74,4.04,66.16,6.06,0.0,198,1.2773,0.9768
20911711,BELGRANO,Comuna 13,residential_multifamily,55.17,13.79,27.59,3.45,0.0,29,1.1535,0.7828
20911712,BELGRANO,Comuna 13,commercial,38.64,6.82,50.0,4.55,0.0,44,1.2285,0.8943
20911713,BELGRANO,Comuna 13,commercial,48.53,8.82,30.88,5.88,5.88,68,1.1382,0.7544
20911801,BELGRANO,Comuna 13,residential_multifamily,42.74,31.62,23.08,2.56,0.0,117,1.1154,0.8047
20911802,BELGRANO,Comuna 13,residential_multifamily,57.69,30.77,7.69,3.85,0.0,26,1.0673,0.7038
20911803,BELGRANO,Comuna 13,residential_multifamily,39.13,27.17,28.26,4.35,0.0,92,1.1266,0.8181
20911804,BELGRANO,Comuna 13,residential_singlefamily,41.79,53.73,2.99,1.49,0.0,67,1.0246,0.7448
20911805,BELGRANO,Comuna 13,residential_multifamily,49.52,44.76,3.81,0.95,0.95,105,1.0376,0.7262
20911806,BELGRANO,Comuna 13,residential_singlefamily,18.38,74.26,4.41,0.74,1.47,136,0.9889,0.804
20911807,BELGRANO,Comuna 13,residential_multifamily,46.11,40.12,11.38,2.4,0.0,167,1.0681,0.7566
20911808,BELGRANO,Comuna 13,residential_singlefamily,30.71,47.86,16.43,5.0,0.0,140,1.065,0.7932
20911809,BELGRANO,Comuna 13,residential_singlefamily,22.41,52.3,18.39,5.17,0.57,174,1.0543,0.8155
20911810,BELGRANO,Comuna 13,residential_singlefamily,29.47,52.63,6.32,9.47,0.0,95,1.0037,0.7248
20911901,BELGRANO,Comuna 13,commercial,23.4,14.89,55.32,4.26,0.0,47,1.2202,0.9554
20911902,BELGRANO,Comuna 13,commercial,30.91,5.45,60.0,3.64,0.0,55,1.2627,0.9554
20911903,BELGRANO,Comuna 13,commercial,53.12,9.38,34.38,3.12,0.0,32,1.1813,0.8141
20911904,BELGRANO,Comuna 13,commercial,53.33,13.33,33.33,0.0,0.0,30,1.1799,0.8333
20911905,BELGRANO,Comuna 13,residential_multifamily,51.96,18.63,24.51,4.9,0.0,102,1.1333,0.7691
20911906,BELGRANO,Comuna 13,residential_singlefamily,31.25,62.5,0.0,6.25,0.0,16,0.9906,0.725
20911907,BELGRANO,Comuna 13,residential_singlefamily,19.28,67.47,1.2,12.05,0.0,83,0.9723,0.7156
20911908,BELGRANO,Comuna 13,residential_singlefamily,37.84,40.54,13.51,8.11,0.0,37,1.0594,0.7419
20911909,BELGRANO,Comuna 13,commercial,61.54,0.0,30.77,7.69,0.0,26,1.1731,0.7462
20911910,BELGRANO,Comuna 13,residential_singlefamily,42.86,57.14,0.0,0.0,0.0,7,1.0143,0.7429
20911911,BELGRANO,Comuna 13,office,20.0,0.0,40.0,40.0,0.0,5,1.12,0.64
20911912,BELGRANO,Comuna 13,residential_singlefamily,37.01,40.16,15.75,6.3,0.0,127,1.0666,0.7647
20912001,BELGRANO,Comuna 13,commercial,66.67,0.0,33.33,0.0,0.0,21,1.2,0.8
20912002,BELGRANO,Comuna 13,commercial,54.05,5.41,37.84,2.7,0.0,37,1.1987,0.8271
20912003,BELGRANO,Comuna 13,commercial,36.17,4.26,48.94,10.64,0.0,47,1.2139,0.8511
20912004,BELGRANO,Comuna 13,commercial,44.44,2.78,47.22,5.56,0.0,36,1.2236,0.8625
20912005,BELGRANO,Comuna 13,commercial,30.77,4.4,59.34,5.49,0.0,91,1.2577,0.9396
20912006,BELGRANO,Comuna 13,commercial,40.62,2.08,53.12,4.17,0.0,96,1.2458,0.9031
20912007,BELGRANO,Comuna 13,commercial,35.82,8.96,47.76,7.46,0.0,67,1.2112,0.8717
20912008,BELGRANO,Comuna 13,commercial,40.85,2.82,54.93,1.41,0.0,71,1.2571,0.9295
20912009,BELGRANO,Comuna 13,commercial,44.9,10.2,40.82,4.08,0.0,49,1.197,0.85
20912010,BELGRANO,Comuna 13,commercial,42.5,0.0,57.5,0.0,0.0,40,1.2725,0.945
20912011,BELGRANO,Comuna 13,commercial,36.96,2.17,56.52,4.35,0.0,46,1.2554,0.9228
20912012,BELGRANO,Comuna 13,commercial,41.51,0.0,56.6,1.89,0.0,53,1.2651,0.9301
20912101,BELGRANO,Comuna 13,commercial,20.0,2.14,77.14,0.0,0.0,140,1.3239,1.0716
20912102,BELGRANO,Comuna 13,office,25.0,0.0,57.14,17.86,0.0,28,1.2268,0.8535
20912103,BELGRANO,Comuna 13,commercial,39.13,4.35,50.0,6.52,0.0,46,1.2272,0.8783
20912104,BELGRANO,Comuna 13,commercial,33.33,7.69,56.41,2.56,0.0,39,1.2512,0.9449
20912105,BELGRANO,Comuna 13,residential_multifamily,81.48,0.0,18.52,0.0,0.0,27,1.1556,0.7111
20912106,BELGRANO,Comuna 13,residential_multifamily,80.0,0.0,20.0,0.0,0.0,20,1.16,0.72
20912107,BELGRANO,Comuna 13,commercial,66.67,0.0,33.33,0.0,0.0,12,1.2,0.8
20912108,BELGRANO,Comuna 13,residential_multifamily,78.57,0.0,14.29,7.14,0.0,14,1.125,0.65
20912109,BELGRANO,Comuna 13,commercial,38.46,1.54,50.77,7.69,0.0,65,1.2215,0.8742
20912110,BELGRANO,Comuna 13,residential_multifamily,56.0,32.0,8.0,4.0,0.0,25,1.066,0.708
20912201,BELGRANO,Comuna 13,commercial,21.19,13.56,59.32,5.08,0.0,118,1.2398,0.9675
20912202,BELGRANO,Comuna 13,residential_multifamily,67.74,3.23,25.81,3.23,0.0,31,1.1646,0.7468
20912203,BELGRANO,Comuna 13,residential_multifamily,94.12,0.0,5.88,0.0,0.0,17,1.1176,0.6353
20912204,BELGRANO,Comuna 13,residential_multifamily,65.79,26.32,5.26,2.63,0.0,38,1.0697,0.6842
20912205,BELGRANO,Comuna 13,residential_multifamily,54.39,33.33,0.0,10.53,0.0,57,1.0132,0.6312
20912206,BELGRANO,Comuna 13,residential_multifamily,90.91,9.09,0.0,0.0,0.0,22,1.0864,0.6227
20912207,BELGRANO,Comuna 13,residential_multifamily,71.43,19.05,4.76,4.76,0.0,21,1.0738,0.6524
20912208,BELGRANO,Comuna 13,commercial,57.35,4.41,36.76,1.47,0.0,68,1.1999,0.8243
20912209,BELGRANO,Comuna 13,residential_multifamily,100.0,0.0,0.0,0.0,0.0,2,1.1,0.6
20912301,COLEGIALES,Comuna 13,residential_multifamily,68.57,20.0,8.57,2.86,0.0,35,1.0886,0.6871
20912302,COLEGIALES,Comuna 13,residential_multifamily,61.76,17.65,20.59,0.0,0.0,34,1.1353,0.7677
20912303,COLEGIALES,Comuna 13,commercial,57.89,5.26,31.58,2.63,0.0,38,1.1644,0.7946
20912304,COLEGIALES,Comuna 13,commercial,61.29,0.0,38.71,0.0,0.0,31,1.2161,0.8323
20912305,COLEGIALES,Comuna 13,residential_multifamily,59.26,5.56,27.78,7.41,0.0,54,1.1566,0.7435
20912306,COLEGIALES,Comuna 13,residential_multifamily,66.67,2.78,25.0,5.56,0.0,36,1.157,0.7291
20912307,COLEGIALES,Comuna 13,residential_multifamily,60.53,5.26,26.32,7.89,0.0,38,1.1513,0.7316
20912308,COLEGIALES,Comuna 13,commercial,68.75,0.0,31.25,0.0,0.0,16,1.1938,0.7875
20912309,COLEGIALES,Comuna 13,residential_multifamily,75.68,2.7,5.41,13.51,0.0,37,1.0622,0.5709
20912310,COLEGIALES,Comuna 13,residential_multifamily,66.67,0.0,25.93,7.41,0.0,27,1.1594,0.7185
20912311,COLEGIALES,Comuna 13,commercial,49.12,0.0,47.37,1.75,0.0,57,1.2272,0.8804
20912312,COLEGIALES,Comuna 13,office,38.89,22.22,19.44,16.67,2.78,72,1.0708,0.6777
20912401,COLEGIALES,Comuna 13,residential_multifamily,32.89,30.26,28.95,6.58,1.32,76,1.1191,0.8112
20912402,COLEGIALES,Comuna 13,commercial,13.64,31.82,50.0,4.55,0.0,66,1.191,0.9568
20912403,COLEGIALES,Comuna 13,commercial,30.33,28.69,32.79,3.28,1.64,122,1.1201,0.8538
20912404,COLEGIALES,Comuna 13,commercial,34.65,18.81,42.57,1.98,1.98,101,1.1856,0.8847
20912405,COLEGIALES,Comuna 13,residential_singlefamily,35.81,39.86,20.27,3.38,0.68,148,1.0895,0.8017
20912406,COLEGIALES,Comuna 13,residential_multifamily,42.11,32.63,23.16,1.05,1.05,95,1.1132,0.8111
20912407,COLEGIALES,Comuna 13,residential_singlefamily,38.38,50.51,10.1,0.0,1.01,99,1.05,0.7828
20912408,COLEGIALES,Comuna 13,residential_multifamily,45.61,31.58,11.4,6.14,5.26,114,1.0477,0.6956
20912409,COLEGIALES,Comuna 13,residential_singlefamily,37.43,49.2,11.76,0.53,1.07,187,1.0553,0.7866
20912410,COLEGIALES,Comuna 13,residential_singlefamily,42.24,49.69,3.73,2.48,1.86,161,1.0221,0.7268
20912501,COLEGIALES,Comuna 13,residential_singlefamily,40.79,47.37,6.58,2.63,2.63,76,1.0303,0.7342
20912502,COLEGIALES,Comuna 13,commercial,32.11,18.95,43.16,3.68,2.11,190,1.1825,0.8795
20912503,COLEGIALES,Comuna 13,residential_multifamily,50.0,42.86,2.86,1.43,2.86,70,1.028,0.7057
20912504,COLEGIALES,Comuna 13,residential_multifamily,46.36,27.15,25.83,0.66,0.0,151,1.1351,0.8196
20912505,COLEGIALES,Comuna 13,residential_multifamily,48.78,29.27,20.73,1.22,0.0,82,1.1152,0.7915
20912506,COLEGIALES,Comuna 13,residential_singlefamily,35.61,43.18,17.42,2.27,0.76,132,1.0738,0.7996
20912507,COLEGIALES,Comuna 13,commercial,33.33,18.33,43.33,5.0,0.0,60,1.1899,0.8808
20912508,COLEGIALES,Comuna 13,commercial,38.41,18.84,41.3,0.72,0.72,138,1.1905,0.8884
20912601,COLEGIALES,Comuna 13,residential_multifamily,40.97,39.58,10.42,6.94,2.08,144,1.0451,0.7185
20912602,COLEGIALES,Comuna 13,residential_multifamily,59.05,20.0,18.1,1.9,0.95,105,1.1153,0.7453
20912603,COLEGIALES,Comuna 13,residential_multifamily,43.48,26.09,9.78,13.04,6.52,92,1.0217,0.633
20912604,COLEGIALES,Comuna 13,residential_multifamily,56.25,35.42,4.17,4.17,0.0,48,1.0491,0.6927
20912605,COLEGIALES,Comuna 13,residential_multifamily,37.96,31.48,21.3,6.48,1.85,108,1.0866,0.7683
20912606,COLEGIALES,Comuna 13,residential_multifamily,41.94,40.32,11.29,6.45,0.0,62,1.0573,0.7363
20912607,COLEGIALES,Comuna 13,commercial,45.65,6.52,43.48,0.0,2.17,46,1.1978,0.8745
20912608,COLEGIALES,Comuna 13,commercial,29.51,18.03,50.82,1.64,0.0,61,1.2213,0.9418
20912609,COLEGIALES,Comuna 13,commercial,27.37,29.47,35.79,7.37,0.0,95,1.1447,0.8516
20912610,COLEGIALES,Comuna 13,residential_multifamily,54.55,24.68,15.58,3.9,1.3,77,1.0942,0.7305
20912611,COLEGIALES,Comuna 13,commercial,33.64,8.41,50.47,7.48,0.0,107,1.2201,0.8864
20912701,COLEGIALES,Comuna 13,residential_multifamily,77.78,0.0,11.11,11.11,0.0,18,1.1056,0.6111
20912702,COLEGIALES,Comuna 13,residential_multifamily,74.29,5.71,17.14,2.86,0.0,35,1.1357,0.7028
20912703,COLEGIALES,Comuna 13,residential_multifamily,65.31,6.12,24.49,4.08,0.0,49,1.1541,0.7418
20912704,COLEGIALES,Comuna 13,residential_multifamily,62.07,20.69,6.9,6.9,3.45,29,1.057,0.6448
20912705,COLEGIALES,Comuna 13,office,55.56,11.11,11.11,18.52,0.0,27,1.0482,0.6019
20912706,COLEGIALES,Comuna 13,commercial,54.72,7.55,35.85,1.89,0.0,53,1.1916,0.8245
20912707,COLEGIALES,Comuna 13,residential_multifamily,66.67,15.38,7.69,10.26,0.0,39,1.0744,0.6333
20912708,COLEGIALES,Comuna 13,residential_multifamily,62.22,6.67,28.89,2.22,0.0,45,1.1711,0.7789
20912709,COLEGIALES,Comuna 13,commercial,51.06,8.51,36.17,4.26,0.0,47,1.1851,0.817
20912710,COLEGIALES,Comuna 13,residential_multifamily,72.41,10.34,17.24,0.0,0.0,29,1.1362,0.7293
20912711,COLEGIALES,Comuna 13,commercial,48.78,7.32,39.02,4.88,0.0,41,1.1939,0.828
20912801,COLEGIALES,Comuna 13,commercial,27.03,2.7,66.22,2.7,1.35,74,1.2818,0.9852
20912802,COLEGIALES,Comuna 13,commercial,18.82,3.53,75.29,2.35,0.0,85,1.3146,1.0489
20912803,COLEGIALES,Comuna 13,commercial,59.02,8.2,31.15,1.64,0.0,61,1.1772,0.7992
20912804,COLEGIALES,Comuna 13,commercial,52.78,8.33,36.11,0.0,0.0,36,1.1792,0.8443
20912805,COLEGIALES,Comuna 13,residential_multifamily,48.39,32.26,6.45,12.9,0.0,31,1.0387,0.6548
20912806,COLEGIALES,Comuna 13,residential_multifamily,55.17,24.14,13.79,3.45,3.45,29,1.081,0.712
20912807,COLEGIALES,Comuna 13,residential_multifamily,62.5,12.5,21.88,3.12,0.0,32,1.1391,0.7469
20912808,COLEGIALES,Comuna 13,residential_multifamily,69.39,4.08,26.53,0.0,0.0,49,1.1735,0.7694
20912809,COLEGIALES,Comuna 13,residential_multifamily,57.97,23.19,15.94,2.9,0.0,69,1.1058,0.7391
20912810,COLEGIALES,Comuna 13,residential_multifamily,54.29,17.14,22.86,5.71,0.0,35,1.1286,0.7515
20912901,COLEGIALES,Comuna 13,residential_singlefamily,41.51,42.45,12.26,3.77,0.0,106,1.0636,0.7609
20912902,COLEGIALES,Comuna 13,residential_multifamily,52.24,31.34,8.96,4.48,1.49,67,1.053,0.7053
20912903,COLEGIALES,Comuna 13,residential_singlefamily,39.73,42.47,12.33,5.48,0.0,73,1.0597,0.7527
20912904,COLEGIALES,Comuna 13,residential_singlefamily,47.12,48.08,2.88,1.92,0.0,104,1.0317,0.7279
20912905,COLEGIALES,Comuna 13,residential_singlefamily,42.5,46.25,5.0,6.25,0.0,80,1.03,0.7144
20912906,COLEGIALES,Comuna 13,residential_multifamily,50.0,37.84,4.05,8.11,0.0,74,1.0351,0.6783
20912907,COLEGIALES,Comuna 13,residential_multifamily,46.29,36.0,14.29,1.14,2.29,175,1.0758,0.7609
20912908,COLEGIALES,Comuna 13,residential_multifamily,43.81,30.48,15.24,8.57,0.95,105,1.0686,0.7222
20912909,COLEGIALES,Comuna 13,residential_multifamily,100.0,0.0,0.0,0.0,0.0,1,1.1,0.6
20912910,COLEGIALES,Comuna 13,residential_multifamily,40.0,40.0,10.0,5.0,5.0,0,1.035,0.715
20912911,COLEGIALES,Comuna 13,office,37.74,7.55,33.96,16.98,3.77,53,1.1311,0.7227
20980101,PALERMO,Comuna 14,commercial,29.73,2.7,62.16,5.41,0.0,37,1.2689,0.9527
20980102,PALERMO,Comuna 14,commercial,38.1,0.0,57.14,4.76,0.0,42,1.2595,0.919
20980103,PALERMO,Comuna 14,commercial,60.27,2.74,34.25,2.74,0.0,73,1.1918,0.7986
20980104,PALERMO,Comuna 14,residential_multifamily,45.45,40.91,6.82,5.68,0.0,88,1.0381,0.7161
20980105,PALERMO,Comuna 14,commercial,53.33,1.67,41.67,1.67,0.0,60,1.2084,0.85
20980106,PALERMO,Comuna 14,commercial,37.63,4.3,54.84,3.23,0.0,93,1.25,0.9236
20980107,PALERMO,Comuna 14,commercial,48.21,8.93,37.5,5.36,0.0,56,1.1857,0.8205
20980108,PALERMO,Comuna 14,residential_singlefamily,31.63,41.33,11.73,14.8,0.0,196,1.0331,0.7002
20980109,PALERMO,Comuna 14,commercial,54.55,7.58,34.85,3.03,0.0,66,1.1857,0.8129
20980110,PALERMO,Comuna 14,residential_multifamily,78.95,10.53,0.0,10.53,0.0,19,1.058,0.5737
20980201,PALERMO,Comuna 14,residential_multifamily,92.86,7.14,0.0,0.0,0.0,14,1.0893,0.6179
20980202,PALERMO,Comuna 14,commercial,41.89,4.05,45.95,8.11,0.0,74,1.2115,0.8453
20980203,PALERMO,Comuna 14,commercial,59.38,4.69,34.38,1.56,0.0,64,1.1923,0.8102
20980204,PALERMO,Comuna 14,commercial,39.47,10.53,50.0,0.0,0.0,38,1.2342,0.9263
20980205,PALERMO,Comuna 14,commercial,56.67,3.33,36.67,3.33,0.0,30,1.1967,0.8117
20980206,PALERMO,Comuna 14,commercial,57.14,0.0,42.86,0.0,0.0,14,1.2286,0.8572
20980207,PALERMO,Comuna 14,commercial,29.41,0.0,70.59,0.0,0.0,34,1.3118,1.0235
20980208,PALERMO,Comuna 14,commercial,54.76,9.52,32.14,3.57,0.0,84,1.1732,0.7988
20980209,PALERMO,Comuna 14,commercial,62.5,1.79,35.71,0.0,0.0,56,1.2044,0.8187
20980210,PALERMO,Comuna 14,commercial,37.66,1.3,57.14,3.9,0.0,77,1.2597,0.9266
20980301,PALERMO,Comuna 14,commercial,58.33,5.0,31.67,3.33,1.67,60,1.1717,0.7792
20980302,PALERMO,Comuna 14,commercial,35.82,19.4,37.31,4.48,1.49,67,1.1559,0.8477
20980303,PALERMO,Comuna 14,commercial,39.66,3.45,53.45,3.45,0.0,58,1.2467,0.912
20980304,PALERMO,Comuna 14,commercial,40.0,6.67,48.89,2.22,2.22,45,1.2211,0.89
20980305,PALERMO,Comuna 14,residential_multifamily,73.33,0.0,23.33,3.33,0.0,30,1.1616,0.7233
20980306,PALERMO,Comuna 14,commercial,41.46,7.32,48.78,2.44,0.0,41,1.2293,0.8988
20980307,PALERMO,Comuna 14,commercial,57.5,5.0,37.5,0.0,0.0,40,1.205,0.8375
20980308,PALERMO,Comuna 14,commercial,35.38,3.08,55.38,6.15,0.0,65,1.2461,0.9093
20980309,PALERMO,Comuna 14,commercial,31.71,0.0,63.41,4.88,0.0,41,1.278,0.9561
20980310,PALERMO,Comuna 14,commercial,29.31,5.17,62.07,1.72,1.72,58,1.2664,0.9699
20980311,PALERMO,Comuna 14,commercial,37.93,3.45,56.9,1.72,0.0,58,1.2612,0.9414
20980312,PALERMO,Comuna 14,commercial,38.0,2.0,46.0,10.0,2.0,50,1.189,0.8276
20980401,PALERMO,Comuna 14,commercial,34.55,1.82,56.36,7.27,0.0,55,1.2482,0.9064
20980402,PALERMO,Comuna 14,residential_multifamily,46.74,38.04,10.87,4.35,0.0,92,1.0647,0.7386
20980403,PALERMO,Comuna 14,residential_singlefamily,26.44,59.77,2.3,11.49,0.0,87,0.9885,0.7058
20980404,PALERMO,Comuna 14,commercial,44.44,4.44,48.89,2.22,0.0,45,1.2344,0.8934
20980405,PALERMO,Comuna 14,residential_multifamily,53.33,13.33,23.33,10.0,0.0,30,1.1249,0.7233
20980406,PALERMO,Comuna 14,commercial,43.42,5.26,46.05,5.26,0.0,76,1.217,0.8632
20980407,PALERMO,Comuna 14,commercial,47.06,8.82,38.24,5.88,0.0,34,1.1868,0.8221
20980408,PALERMO,Comuna 14,residential_multifamily,66.67,0.0,20.0,6.67,0.0,15,1.1034,0.6928
20980409,PALERMO,Comuna 14,commercial,27.4,31.51,31.51,9.59,0.0,73,1.1234,0.8199
20980410,PALERMO,Comuna 14,commercial,43.24,8.11,42.34,5.41,0.0,111,1.1959,0.8495
20980501,PALERMO,Comuna 14,residential_multifamily,55.56,22.22,11.11,0.0,11.11,9,1.05,0.6778
20980502,PALERMO,Comuna 14,residential_multifamily,40.0,30.0,30.0,0.0,0.0,10,1.145,0.855
20980503,PALERMO,Comuna 14,residential_multifamily,49.44,24.72,7.87,11.24,5.62,89,1.0265,0.6307
20980504,PALERMO,Comuna 14,residential_multifamily,75.0,2.5,15.0,5.0,2.5,40,1.1175,0.6612
20980505,PALERMO,Comuna 14,residential_multifamily,66.0,10.0,18.0,4.0,0.0,50,1.117,0.7153
20980506,PALERMO,Comuna 14,residential_multifamily,63.64,9.09,27.27,0.0,0.0,44,1.1682,0.7863
20980507,PALERMO,Comuna 14,office,70.0,10.0,2.5,17.5,0.0,40,1.0488,0.5525
20980508,PALERMO,Comuna 14,residential_multifamily,51.08,25.18,10.07,7.91,5.76,139,1.0467,0.6608
20980509,PALERMO,Comuna 14,office,56.25,18.75,0.0,25.0,0.0,16,1.0094,0.5219
20980510,PALERMO,Comuna 14,residential_multifamily,62.67,9.33,25.33,2.67,0.0,75,1.1553,0.762
20980601,PALERMO,Comuna 14,commercial,55.0,10.0,35.0,0.0,0.0,20,1.19,0.835
20980602,PALERMO,Comuna 14,residential_multifamily,48.89,13.33,26.67,11.11,0.0,45,1.1322,0.7378
20980603,PALERMO,Comuna 14,residential_multifamily,45.91,31.82,16.36,4.55,1.36,220,1.0839,0.7495
20980604,PALERMO,Comuna 14,residential_multifamily,57.43,12.87,21.78,3.96,3.96,101,1.1183,0.7272
20980605,PALERMO,Comuna 14,commercial,48.15,3.7,46.91,0.0,1.23,81,1.2296,0.8858
20980606,PALERMO,Comuna 14,residential_multifamily,67.39,4.35,28.26,0.0,0.0,46,1.1783,0.7804
20980607,PALERMO,Comuna 14,residential_multifamily,53.33,16.67,26.67,3.33,0.0,60,1.1467,0.785
20980608,PALERMO,Comuna 14,residential_multifamily,56.1,7.32,26.83,9.76,0.0,41,1.1452,0.7305
20980609,PALERMO,Comuna 14,residential_multifamily,54.72,7.55,28.3,7.55,1.89,53,1.1463,0.7434
20980610,PALERMO,Comuna 14,commercial,50.72,1.45,40.58,5.8,1.45,69,1.1985,0.8123
20980611,PALERMO,Comuna 14,residential_multifamily,66.67,7.84,15.69,1.96,5.88,51,1.0922,0.682
20980612,PALERMO,Comuna 14,residential_multifamily,68.18,6.82,22.73,2.27,0.0,44,1.1523,0.7421
20980613,PALERMO,Comuna 14,commercial,46.88,12.5,34.38,3.12,3.12,32,1.1626,0.8095
20980701,PALERMO,Comuna 14,commercial,32.81,7.81,51.56,4.69,1.56,64,1.2148,0.904
20980702,PALERMO,Comuna 14,commercial,45.45,12.12,33.33,6.06,3.03,33,1.153,0.7879
20980703,PALERMO,Comuna 14,residential_multifamily,44.67,28.67,20.0,6.67,0.0,150,1.1004,0.7583
20980704,PALERMO,Comuna 14,commercial,59.46,2.7,35.14,0.0,2.7,37,1.1892,0.8068
20980705,PALERMO,Comuna 14,residential_multifamily,38.35,23.3,26.7,8.25,2.43,206,1.1078,0.7691
20980706,PALERMO,Comuna 14,commercial,30.99,19.3,43.27,5.26,0.0,171,1.1806,0.8849
20980707,PALERMO,Comuna 14,commercial,36.63,11.05,45.93,4.65,1.16,172,1.2009,0.8769
20980708,PALERMO,Comuna 14,commercial,29.73,14.86,41.89,13.51,0.0,74,1.1695,0.821
20980709,PALERMO,Comuna 14,office,28.3,6.29,39.62,18.24,3.14,159,1.1232,0.7566
20980710,PALERMO,Comuna 14,commercial,42.5,10.0,40.0,5.0,1.25,80,1.1794,0.838
20980711,PALERMO,Comuna 14,commercial,45.07,7.04,39.44,5.63,1.41,71,1.1789,0.8236
20980712,PALERMO,Comuna 14,commercial,46.55,15.52,31.03,5.17,0.0,58,1.1465,0.8026
20980713,PALERMO,Comuna 14,residential_multifamily,43.86,17.54,28.07,7.02,3.51,57,1.1246,0.7631
20980714,PALERMO,Comuna 14,residential_multifamily,39.39,39.39,18.18,0.0,3.03,33,1.0818,0.7955
20980715,PALERMO,Comuna 14,residential_multifamily,55.17,10.34,24.14,10.34,0.0,29,1.131,0.719
20980716,PALERMO,Comuna 14,commercial,54.0,4.0,36.0,6.0,0.0,50,1.187,0.796
20980801,PALERMO,Comuna 14,commercial,31.19,19.27,36.7,9.17,3.67,109,1.1418,0.8078
20980802,PALERMO,Comuna 14,commercial,47.37,10.53,31.58,7.89,2.63,76,1.1474,0.7658
20980803,PALERMO,Comuna 14,commercial,48.15,7.41,33.33,7.41,3.7,54,1.1537,0.7667
20980804,PALERMO,Comuna 14,commercial,53.85,7.69,34.62,0.0,3.85,52,1.1751,0.8115
20980805,PALERMO,Comuna 14,residential_multifamily,61.54,0.0,26.92,5.77,3.85,52,1.1375,0.7196
20980806,PALERMO,Comuna 14,commercial,42.39,6.52,46.74,3.26,0.0,92,1.2157,0.8835
20980807,PALERMO,Comuna 14,commercial,55.81,6.98,32.56,2.33,2.33,43,1.171,0.7918
20980808,PALERMO,Comuna 14,commercial,43.24,5.41,41.89,5.41,2.7,74,1.1838,0.8301
20980809,PALERMO,Comuna 14,commercial,44.64,10.71,30.36,12.5,1.79,56,1.1357,0.7393
20980810,PALERMO,Comuna 14,office,34.78,8.7,39.13,15.22,0.0,46,1.1533,0.7844
20980811,PALERMO,Comuna 14,commercial,25.93,11.11,40.74,14.81,0.0,27,1.1241,0.814
20980812,PALERMO,Comuna 14,commercial,43.75,12.5,35.42,8.33,0.0,48,1.1667,0.8021
20980813,PALERMO,Comuna 14,residential_multifamily,48.89,17.78,26.67,6.67,0.0,45,1.1368,0.7711
20980814,PALERMO,Comuna 14,commercial,45.71,11.43,37.14,5.71,0.0,35,1.1799,0.8229
20980815,PALERMO,Comuna 14,commercial,46.88,9.38,37.5,6.25,0.0,32,1.1829,0.8172
20980901,PALERMO,Comuna 14,residential_multifamily,68.0,0.0,28.0,4.0,0.0,25,1.174,0.748
20980902,PALERMO,Comuna 14,commercial,60.87,0.0,34.78,4.35,0.0,46,1.1935,0.7869
20980903,PALERMO,Comuna 14,commercial,54.17,0.0,43.75,2.08,0.0,48,1.226,0.8521
20980904,PALERMO,Comuna 14,commercial,51.61,6.45,35.48,0.0,3.23,31,1.1629,0.8233
20980905,PALERMO,Comuna 14,commercial,51.61,0.0,48.39,0.0,0.0,31,1.2452,0.8903
20980906,PALERMO,Comuna 14,commercial,54.84,0.0,45.16,0.0,0.0,31,1.2355,0.871
20980907,PALERMO,Comuna 14,commercial,60.0,3.33,36.67,0.0,0.0,30,1.205,0.8283
20980908,PALERMO,Comuna 14,residential_multifamily,66.67,0.0,27.78,0.0,0.0,18,1.15,0.7765
20980909,PALERMO,Comuna 14,commercial,23.02,11.51,58.27,7.19,0.0,139,1.2395,0.9425
20980910,PALERMO,Comuna 14,residential_multifamily,63.64,0.0,27.27,9.09,0.0,11,1.1591,0.7182
20980911,PALERMO,Comuna 14,commercial,36.73,6.12,57.14,0.0,0.0,49,1.2622,0.9582
20980912,PALERMO,Comuna 14,commercial,39.08,1.15,42.53,12.64,0.0,87,1.1667,0.8043
20980913,PALERMO,Comuna 14,residential_multifamily,38.1,30.16,17.46,9.52,3.17,63,1.0595,0.7218
20980914,PALERMO,Comuna 14,office,57.69,0.0,26.92,15.38,0.0,26,1.1423,0.6846
20980915,PALERMO,Comuna 14,residential_multifamily,69.23,2.56,28.21,0.0,0.0,39,1.1808,0.7757
20980916,PALERMO,Comuna 14,commercial,38.64,18.18,40.91,2.27,0.0,44,1.1898,0.8796
20981001,PALERMO,Comuna 14,office,52.48,0.0,21.28,25.53,0.0,141,1.0958,0.6
20981002,PALERMO,Comuna 14,office,0.0,0.0,54.17,45.83,0.0,24,1.1479,0.6959
20981101,PALERMO,Comuna 14,commercial,28.85,0.96,57.69,12.5,0.0,104,1.2404,0.886
20981102,PALERMO,Comuna 14,residential_multifamily,81.82,0.0,18.18,0.0,0.0,22,1.1545,0.7091
20981103,PALERMO,Comuna 14,residential_multifamily,64.52,12.9,19.35,3.23,0.0,31,1.1306,0.7322
20981104,PALERMO,Comuna 14,residential_multifamily,65.71,2.86,25.71,5.71,0.0,35,1.1585,0.7329
20981105,PALERMO,Comuna 14,residential_multifamily,61.54,7.69,20.51,10.26,0.0,39,1.1243,0.691
20981106,PALERMO,Comuna 14,commercial,41.38,6.9,41.38,6.9,0.0,29,1.1759,0.8393
20981107,PALERMO,Comuna 14,residential_multifamily,53.57,3.57,21.43,14.29,0.0,28,1.0804,0.6711
20981108,PALERMO,Comuna 14,residential_multifamily,63.16,2.63,23.68,10.53,0.0,38,1.1408,0.696
20981109,PALERMO,Comuna 14,commercial,52.73,3.64,41.82,1.82,0.0,55,1.2156,0.8509
20981110,PALERMO,Comuna 14,commercial,34.62,0.0,61.54,3.85,0.0,52,1.2751,0.95
20981111,PALERMO,Comuna 14,residential_multifamily,40.0,40.0,10.0,5.0,5.0,0,1.035,0.715
20981112,PALERMO,Comuna 14,commercial,40.74,3.7,37.04,11.11,3.7,27,1.1389,0.7673
20981113,PALERMO,Comuna 14,residential_multifamily,70.0,10.0,10.0,10.0,0.0,10,1.09,0.635
20981114,PALERMO,Comuna 14,residential_multifamily,88.89,0.0,0.0,5.56,0.0,18,1.0528,0.5706
20981115,PALERMO,Comuna 14,commercial,50.0,5.0,40.0,5.0,0.0,20,1.2,0.8275
20981116,PALERMO,Comuna 14,residential_multifamily,70.37,0.0,29.63,0.0,0.0,27,1.1889,0.7778
20981117,PALERMO,Comuna 14,residential_multifamily,73.33,0.0,13.33,13.33,0.0,15,1.1066,0.6133
20981201,PALERMO,Comuna 14,commercial,52.94,4.41,36.76,4.41,1.47,68,1.186,0.8037
20981202,PALERMO,Comuna 14,commercial,43.33,5.0,50.0,1.67,0.0,60,1.2383,0.9041
20981203,PALERMO,Comuna 14,residential_multifamily,61.76,8.82,20.59,5.88,0.0,34,1.1161,0.7197
20981204,PALERMO,Comuna 14,residential_multifamily,53.49,2.33,27.91,13.95,2.33,43,1.135,0.6942
20981205,PALERMO,Comuna 14,commercial,42.86,2.86,44.29,8.57,1.43,70,1.2008,0.8243
20981206,PALERMO,Comuna 14,office,42.86,2.86,25.71,28.57,0.0,35,1.1014,0.6186
20981207,PALERMO,Comuna 14,commercial,50.0,3.57,39.29,3.57,3.57,28,1.1875,0.8125
20981208,PALERMO,Comuna 14,commercial,36.36,6.82,50.0,6.82,0.0,44,1.2227,0.883
20981209,PALERMO,Comuna 14,commercial,49.02,3.92,43.14,3.92,0.0,51,1.2137,0.849
20981210,PALERMO,Comuna 14,commercial,51.16,9.3,30.23,6.98,0.0,43,1.1453,0.7738
20981211,PALERMO,Comuna 14,commercial,27.16,1.23,69.14,2.47,0.0,81,1.2994,1.0056
20981212,PALERMO,Comuna 14,commercial,60.61,9.09,30.3,0.0,0.0,33,1.1773,0.8045
20981301,PALERMO,Comuna 14,commercial,36.31,10.61,35.2,7.26,8.38,179,1.1204,0.7718
20981302,PALERMO,Comuna 14,commercial,36.26,19.23,31.87,6.59,4.4,182,1.1206,0.7919
20981303,PALERMO,Comuna 14,commercial,45.9,13.11,37.7,1.64,0.0,61,1.1794,0.855
20981304,PALERMO,Comuna 14,residential_multifamily,40.0,23.33,24.17,10.0,2.5,120,1.1013,0.7433
20981305,PALERMO,Comuna 14,residential_multifamily,30.23,24.03,29.46,11.63,3.88,129,1.1012,0.7644
20981306,PALERMO,Comuna 14,commercial,19.91,18.96,52.13,7.58,0.95,211,1.2019,0.92
20981307,PALERMO,Comuna 14,commercial,14.48,18.62,60.0,4.83,2.07,145,1.2307,0.9741
20981308,PALERMO,Comuna 14,commercial,22.67,25.0,43.02,7.56,0.58,172,1.163,0.8838
20981309,PALERMO,Comuna 14,commercial,38.05,15.93,40.71,5.31,0.0,113,1.185,0.8575
20981310,PALERMO,Comuna 14,commercial,40.0,12.38,35.24,8.57,3.81,105,1.1486,0.7843
20981311,PALERMO,Comuna 14,commercial,36.63,9.9,45.54,6.93,0.99,101,1.1999,0.8594
20981312,PALERMO,Comuna 14,commercial,27.69,23.85,43.08,3.85,1.54,130,1.177,0.8927
20981401,PALERMO,Comuna 14,commercial,40.91,22.73,31.82,2.27,0.0,44,1.1421,0.8419
20981402,PALERMO,Comuna 14,residential_multifamily,63.83,4.26,29.79,2.13,0.0,47,1.1778,0.7787
20981403,PALERMO,Comuna 14,residential_multifamily,61.36,4.55,29.55,4.55,0.0,44,1.1706,0.7659
20981404,PALERMO,Comuna 14,commercial,41.67,15.0,33.33,10.0,0.0,60,1.1525,0.7875
20981405,PALERMO,Comuna 14,residential_multifamily,40.21,19.59,28.87,11.34,0.0,97,1.129,0.7655
20981406,PALERMO,Comuna 14,commercial,20.43,15.05,59.14,5.38,0.0,93,1.2414,0.9656
20981407,PALERMO,Comuna 14,commercial,33.98,18.45,44.66,0.97,0.97,103,1.1937,0.9083
20981408,PALERMO,Comuna 14,commercial,45.45,11.36,38.64,4.55,0.0,44,1.1875,0.8375
20981409,PALERMO,Comuna 14,residential_multifamily,53.49,11.63,25.58,9.3,0.0,43,1.136,0.7361
20981410,PALERMO,Comuna 14,commercial,43.75,4.69,50.0,1.56,0.0,64,1.2391,0.9039
20981411,PALERMO,Comuna 14,commercial,57.14,0.0,40.0,2.86,0.0,35,1.2129,0.8257
20981501,PALERMO,Comuna 14,commercial,48.33,1.67,46.67,3.33,0.0,60,1.2292,0.8675
20981502,PALERMO,Comuna 14,commercial,60.0,1.82,34.55,3.64,0.0,55,1.1919,0.7936
20981503,PALERMO,Comuna 14,commercial,37.5,0.0,60.94,1.56,0.0,64,1.2789,0.9578
20981504,PALERMO,Comuna 14,commercial,50.0,0.0,43.48,6.52,0.0,46,1.2141,0.8283
20981505,PALERMO,Comuna 14,commercial,56.36,1.82,41.82,0.0,0.0,55,1.2227,0.8555
20981506,PALERMO,Comuna 14,commercial,54.72,3.77,37.74,3.77,0.0,53,1.1981,0.817
20981507,PALERMO,Comuna 14,residential_multifamily,62.16,10.81,21.62,5.41,0.0,37,1.1351,0.7297
20981508,PALERMO,Comuna 14,commercial,63.24,0.0,33.82,2.94,0.0,68,1.1941,0.7882
20981601,PALERMO,Comuna 14,residential_multifamily,75.32,0.0,20.78,3.9,0.0,77,1.1526,0.7052
20981602,PALERMO,Comuna 14,residential_multifamily,73.68,7.89,10.53,7.89,0.0,38,1.1,0.6435
20981603,PALERMO,Comuna 14,residential_multifamily,71.21,1.52,27.27,0.0,0.0,66,1.1795,0.7674
20981604,PALERMO,Comuna 14,residential_multifamily,67.74,3.23,29.03,0.0,0.0,31,1.1822,0.7823
20981605,PALERMO,Comuna 14,residential_multifamily,67.57,16.22,8.11,8.11,0.0,37,1.0798,0.6487
20981606,PALERMO,Comuna 14,residential_multifamily,55.26,26.32,13.16,5.26,0.0,38,1.0869,0.7185
20981607,PALERMO,Comuna 14,residential_multifamily,82.61,0.0,13.04,0.0,0.0,23,1.113,0.6818
20981701,PALERMO,Comuna 14,commercial,53.33,0.0,40.0,6.67,0.0,15,1.2033,0.8066
20981702,PALERMO,Comuna 14,commercial,47.83,2.9,47.83,1.45,0.0,69,1.2356,0.887
20981703,PALERMO,Comuna 14,commercial,50.0,0.0,48.08,1.92,0.0,52,1.2394,0.8789
20981704,PALERMO,Comuna 14,commercial,54.1,0.0,44.26,1.64,0.0,61,1.2287,0.8574
20981705,PALERMO,Comuna 14,residential_multifamily,66.67,8.33,25.0,0.0,0.0,12,1.1625,0.7708
20981706,PALERMO,Comuna 14,residential_multifamily,51.76,32.94,11.76,3.53,0.0,85,1.077,0.7353
20981707,PALERMO,Comuna 14,commercial,39.08,2.3,57.47,0.0,1.15,87,1.2638,0.946
20981708,PALERMO,Comuna 14,commercial,41.51,0.0,56.6,0.0,1.89,53,1.2613,0.932
20981801,PALERMO,Comuna 14,commercial,43.54,0.0,54.42,2.04,0.0,147,1.2582,0.9163
20981802,PALERMO,Comuna 14,commercial,66.67,2.78,30.56,0.0,0.0,36,1.1876,0.7903
20981803,PALERMO,Comuna 14,residential_multifamily,65.85,0.0,29.27,4.88,0.0,41,1.1756,0.7512
20981804,PALERMO,Comuna 14,residential_multifamily,75.0,0.0,22.22,2.78,0.0,36,1.1597,0.7194
20981805,PALERMO,Comuna 14,residential_multifamily,67.92,0.0,24.53,5.66,1.89,53,1.1509,0.7113
20981806,PALERMO,Comuna 14,commercial,52.5,0.0,47.5,0.0,0.0,40,1.2425,0.885
20981807,PALERMO,Comuna 14,commercial,56.67,0.0,40.0,3.33,0.0,30,1.2117,0.8234
20981808,PALERMO,Comuna 14,commercial,27.5,0.0,72.5,0.0,0.0,40,1.3175,1.035
20981901,PALERMO,Comuna 14,commercial,48.0,2.0,42.0,8.0,0.0,50,1.203,0.817
20981902,PALERMO,Comuna 14,commercial,44.23,0.0,46.15,9.62,0.0,52,1.2144,0.8288
20981903,PALERMO,Comuna 14,residential_multifamily,64.91,1.75,29.82,3.51,0.0,57,1.178,0.7658
20981904,PALERMO,Comuna 14,commercial,54.55,1.82,40.0,3.64,0.0,55,1.2083,0.8263
20981905,PALERMO,Comuna 14,commercial,57.69,1.92,36.54,3.85,0.0,52,1.1971,0.8048
20982001,PALERMO,Comuna 14,commercial,41.43,4.29,51.43,2.86,0.0,70,1.2408,0.905
20982002,PALERMO,Comuna 14,commercial,48.48,1.52,46.97,3.03,0.0,66,1.2311,0.8705
20982003,PALERMO,Comuna 14,commercial,40.7,1.16,52.33,4.65,1.16,86,1.2384,0.889
20982004,PALERMO,Comuna 14,commercial,35.71,2.86,54.29,7.14,0.0,70,1.2407,0.8972
20982005,PALERMO,Comuna 14,commercial,42.11,1.75,52.63,1.75,0.0,57,1.2403,0.917
20982006,PALERMO,Comuna 14,commercial,63.89,2.78,33.33,0.0,0.0,36,1.1958,0.8069
20982007,PALERMO,Comuna 14,commercial,60.71,7.14,32.14,0.0,0.0,28,1.1856,0.8107
20982101,PALERMO,Comuna 14,commercial,32.64,8.29,46.63,9.33,2.07,193,1.1886,0.8482
20982102,PALERMO,Comuna 14,commercial,36.05,11.63,45.35,6.98,0.0,86,1.2013,0.8662
20982103,PALERMO,Comuna 14,commercial,25.55,13.87,51.82,7.3,1.46,137,1.2098,0.9033
20982104,PALERMO,Comuna 14,commercial,30.63,11.71,55.86,1.8,0.0,111,1.2455,0.9554
20982105,PALERMO,Comuna 14,commercial,18.93,8.23,69.14,3.29,0.0,243,1.2844,1.0207
20982106,PALERMO,Comuna 14,commercial,29.37,27.27,40.56,2.8,0.0,143,1.1738,0.8975
20982107,PALERMO,Comuna 14,commercial,54.05,10.81,31.08,2.7,1.35,74,1.1641,0.7946
20982108,PALERMO,Comuna 14,commercial,44.23,12.5,36.54,2.88,3.85,104,1.1663,0.8207
20982109,PALERMO,Comuna 14,residential_multifamily,48.51,26.73,18.81,2.97,2.97,101,1.0955,0.753
20982110,PALERMO,Comuna 14,residential_multifamily,56.9,22.41,15.52,3.45,0.0,58,1.094,0.7342
20982111,PALERMO,Comuna 14,commercial,24.24,14.14,55.05,4.55,2.02,198,1.2235,0.9348
20982201,PALERMO,Comuna 14,commercial,42.59,16.67,35.19,4.63,0.93,108,1.1649,0.8259
20982202,PALERMO,Comuna 14,residential_multifamily,46.75,25.32,24.03,1.95,1.95,154,1.1205,0.7899
20982203,PALERMO,Comuna 14,residential_multifamily,54.55,12.12,24.24,0.0,6.06,33,1.1091,0.7562
20982204,PALERMO,Comuna 14,residential_multifamily,41.86,30.23,11.63,11.63,4.65,86,1.0395,0.6686
20982205,PALERMO,Comuna 14,residential_multifamily,50.45,17.12,21.62,6.31,3.6,111,1.1018,0.7277
20982206,PALERMO,Comuna 14,residential_multifamily,34.84,32.26,26.45,3.23,3.23,155,1.1085,0.8103
20982207,PALERMO,Comuna 14,residential_multifamily,45.95,27.03,22.97,0.0,4.05,74,1.1101,0.7892
20982208,PALERMO,Comuna 14,commercial,40.72,14.97,37.13,4.79,1.8,167,1.1653,0.8304
20982209,PALERMO,Comuna 14,commercial,23.73,10.17,61.02,1.69,1.69,59,1.2458,0.9828
20982210,PALERMO,Comuna 14,residential_singlefamily,35.21,39.44,18.31,4.23,2.82,71,1.0726,0.776
20982211,PALERMO,Comuna 14,commercial,48.15,11.11,40.74,0.0,0.0,27,1.2056,0.8722
20982212,PALERMO,Comuna 14,commercial,32.5,2.5,50.0,15.0,0.0,40,1.2087,0.8312
20982301,PALERMO,Comuna 14,residential_multifamily,41.01,34.53,20.14,4.32,0.0,139,1.0978,0.7856
20982302,PALERMO,Comuna 14,residential_multifamily,50.0,23.33,23.33,0.0,0.0,30,1.115,0.8052
20982303,PALERMO,Comuna 14,commercial,36.7,19.27,42.2,0.92,0.0,109,1.1899,0.8995
20982304,PALERMO,Comuna 14,commercial,60.0,4.44,31.11,4.44,0.0,45,1.1755,0.7756
20982305,PALERMO,Comuna 14,commercial,50.68,0.0,42.47,6.85,0.0,73,1.2103,0.8206
20982306,PALERMO,Comuna 14,residential_multifamily,53.45,15.52,20.69,3.45,6.9,58,1.0992,0.7181
20982307,PALERMO,Comuna 14,residential_multifamily,52.38,16.67,25.0,3.57,2.38,84,1.1304,0.7643
20982308,PALERMO,Comuna 14,residential_multifamily,57.14,11.9,21.43,7.14,2.38,42,1.1178,0.7131
20982309,PALERMO,Comuna 14,residential_multifamily,68.0,16.0,12.0,4.0,0.0,25,1.102,0.692
20982310,PALERMO,Comuna 14,commercial,45.24,7.14,38.1,4.76,0.0,42,1.1631,0.8338
20982311,PALERMO,Comuna 14,commercial,37.68,5.8,50.72,4.35,0.0,69,1.2239,0.9014
20982312,PALERMO,Comuna 14,commercial,43.14,0.0,50.98,0.0,1.96,51,1.2206,0.9102
20982313,PALERMO,Comuna 14,commercial,62.96,0.0,33.33,3.7,0.0,27,1.1907,0.7815
20982314,PALERMO,Comuna 14,commercial,37.78,2.22,51.11,4.44,4.44,45,1.2189,0.8723
20982401,PALERMO,Comuna 14,residential_multifamily,63.33,10.0,13.33,13.33,0.0,30,1.0916,0.6383
20982402,PALERMO,Comuna 14,residential_multifamily,69.23,0.0,28.85,1.92,0.0,52,1.1818,0.7635
20982403,PALERMO,Comuna 14,commercial,46.81,2.13,40.43,10.64,0.0,47,1.1916,0.7947
20982404,PALERMO,Comuna 14,commercial,50.0,0.0,42.86,7.14,0.0,42,1.2107,0.8215
20982405,PALERMO,Comuna 14,residential_multifamily,63.83,6.38,25.53,4.26,0.0,47,1.1564,0.7478
20982406,PALERMO,Comuna 14,residential_multifamily,72.73,11.36,13.64,2.27,0.0,44,1.1182,0.6989
20982407,PALERMO,Comuna 14,commercial,42.86,0.0,55.1,2.04,0.0,49,1.2602,0.9204
20982408,PALERMO,Comuna 14,commercial,50.0,0.0,50.0,0.0,0.0,54,1.25,0.9
20982409,PALERMO,Comuna 14,commercial,53.06,2.04,38.78,6.12,0.0,49,1.198,0.8072
20982501,PALERMO,Comuna 14,commercial,53.49,0.0,41.86,4.65,0.0,43,1.214,0.8279
20982502,PALERMO,Comuna 14,office,66.67,0.0,16.67,16.67,0.0,6,1.1084,0.6167
20982503,PALERMO,Comuna 14,commercial,40.62,3.12,46.88,9.38,0.0,32,1.2125,0.8422
20982504,PALERMO,Comuna 14,commercial,43.75,13.39,40.18,2.68,0.0,112,1.1938,0.8612
20982505,PALERMO,Comuna 14,residential_multifamily,73.68,5.26,21.05,0.0,0.0,19,1.1552,0.7395
20982506,PALERMO,Comuna 14,residential_multifamily,72.5,12.5,5.0,10.0,0.0,40,1.0713,0.6113
20982507,PALERMO,Comuna 14,commercial,47.37,15.79,36.84,0.0,0.0,57,1.1868,0.8605
20982508,PALERMO,Comuna 14,residential_multifamily,75.68,2.7,18.92,0.0,2.7,37,1.1406,0.7095
20982509,PALERMO,Comuna 14,commercial,64.29,3.57,32.14,0.0,0.0,28,1.1911,0.8018
20982601,PALERMO,Comuna 14,commercial,46.88,0.0,48.44,4.69,0.0,64,1.2337,0.8672
20982602,PALERMO,Comuna 14,commercial,50.0,9.09,38.64,2.27,0.0,44,1.1966,0.8432
20982603,PALERMO,Comuna 14,commercial,45.28,0.0,52.83,1.89,0.0,53,1.2538,0.9075
20982604,PALERMO,Comuna 14,commercial,46.91,2.47,50.62,0.0,0.0,81,1.2482,0.9099
20982605,PALERMO,Comuna 14,commercial,55.32,0.0,42.55,2.13,0.0,47,1.2223,0.8446
20982606,PALERMO,Comuna 14,commercial,50.79,1.59,46.03,1.59,0.0,63,1.2317,0.8722
20982607,PALERMO,Comuna 14,commercial,56.25,1.56,37.5,3.12,0.0,64,1.1929,0.8167
20982701,PALERMO,Comuna 14,commercial,60.34,0.0,39.66,0.0,0.0,58,1.219,0.838
20982702,PALERMO,Comuna 14,commercial,55.0,0.0,35.0,10.0,0.0,40,1.18,0.76
20982703,PALERMO,Comuna 14,commercial,45.65,10.87,39.13,4.35,0.0,46,1.1902,0.8402
20982704,PALERMO,Comuna 14,commercial,56.36,0.0,41.82,1.82,0.0,55,1.2209,0.8418
20982705,PALERMO,Comuna 14,commercial,62.71,0.0,35.59,1.69,0.0,59,1.2025,0.8051
20982706,PALERMO,Comuna 14,commercial,43.48,4.35,52.17,0.0,0.0,46,1.25,0.9239
20982707,PALERMO,Comuna 14,commercial,43.9,0.0,53.66,2.44,0.0,41,1.2549,0.9098
20982801,PALERMO,Comuna 14,commercial,44.44,0.0,55.56,0.0,0.0,54,1.2667,0.9334
20982802,PALERMO,Comuna 14,commercial,41.18,5.88,47.06,5.88,0.0,34,1.2177,0.8677
20982803,PALERMO,Comuna 14,commercial,58.82,0.0,41.18,0.0,0.0,34,1.2235,0.8471
20982804,PALERMO,Comuna 14,commercial,51.72,0.0,44.83,3.45,0.0,29,1.2259,0.8517
20982805,PALERMO,Comuna 14,residential_multifamily,76.92,0.0,23.08,0.0,0.0,26,1.1692,0.7385
20982806,PALERMO,Comuna 14,commercial,28.0,0.0,72.0,0.0,0.0,50,1.316,1.032
20982807,PALERMO,Comuna 14,commercial,53.85,1.92,44.23,0.0,0.0,52,1.2298,0.8702
20982808,PALERMO,Comuna 14,commercial,34.29,2.86,60.0,2.86,0.0,35,1.2687,0.9528
20982809,PALERMO,Comuna 14,residential_multifamily,68.75,0.0,28.12,3.12,0.0,32,1.1765,0.7531
20982810,PALERMO,Comuna 14,commercial,57.69,3.85,34.62,3.85,0.0,26,1.1886,0.7981
20982811,PALERMO,Comuna 14,office,56.0,0.0,28.0,16.0,0.0,25,1.144,0.688
20982812,PALERMO,Comuna 14,commercial,31.17,0.0,64.94,2.6,1.3,77,1.2826,0.9714
20982901,PALERMO,Comuna 14,commercial,35.06,0.0,61.04,3.9,0.0,77,1.2734,0.9467
20982902,PALERMO,Comuna 14,commercial,38.46,0.0,53.85,7.69,0.0,65,1.2423,0.8846
20982903,PALERMO,Comuna 14,residential_multifamily,82.35,0.0,17.65,0.0,0.0,17,1.1529,0.7059
20982904,PALERMO,Comuna 14,commercial,41.67,0.0,58.33,0.0,0.0,12,1.275,0.95
20982905,PALERMO,Comuna 14,commercial,27.91,2.33,62.79,6.98,0.0,43,1.2675,0.9476
20982906,PALERMO,Comuna 14,commercial,53.7,1.85,42.59,1.85,0.0,54,1.2203,0.8509
20982907,PALERMO,Comuna 14,commercial,54.55,0.0,45.45,0.0,0.0,55,1.2364,0.8727
20982908,PALERMO,Comuna 14,office,52.0,0.0,20.0,28.0,0.0,25,1.09,0.58
20982909,PALERMO,Comuna 14,residential_multifamily,61.76,0.0,29.41,8.82,0.0,68,1.1661,0.7324
20982910,PALERMO,Comuna 14,commercial,53.12,6.25,34.38,6.25,0.0,32,1.1781,0.7907
20982911,PALERMO,Comuna 14,residential_multifamily,65.71,0.0,22.86,11.43,0.0,35,1.14,0.68
20983001,PALERMO,Comuna 14,residential_multifamily,53.49,23.26,20.93,0.0,0.0,43,1.114,0.7881
20983002,PALERMO,Comuna 14,commercial,27.27,6.06,60.61,6.06,0.0,33,1.2576,0.9485
20983003,PALERMO,Comuna 14,residential_multifamily,68.0,0.0,24.0,8.0,0.0,25,1.152,0.704
20983004,PALERMO,Comuna 14,commercial,37.93,0.0,51.72,6.9,0.0,29,1.2172,0.8857
20983005,PALERMO,Comuna 14,office,52.94,5.88,17.65,23.53,0.0,17,1.0853,0.6029
20983006,PALERMO,Comuna 14,commercial,48.0,4.0,48.0,0.0,0.0,25,1.238,0.898
20983007,PALERMO,Comuna 14,commercial,44.44,0.0,51.85,3.7,0.0,27,1.2462,0.8926
20983008,PALERMO,Comuna 14,residential_multifamily,75.68,0.0,18.92,5.41,0.0,37,1.1433,0.6865
20983009,PALERMO,Comuna 14,commercial,41.89,4.05,51.35,2.7,0.0,74,1.2412,0.9048
20983101,PALERMO,Comuna 14,residential_multifamily,76.0,2.0,14.0,8.0,0.0,50,1.119,0.649
20983102,PALERMO,Comuna 14,residential_multifamily,86.21,3.45,10.34,0.0,0.0,29,1.1258,0.6707
20983103,PALERMO,Comuna 14,commercial,46.34,2.44,43.9,4.88,0.0,41,1.2012,0.8512
20983104,PALERMO,Comuna 14,commercial,61.54,0.0,38.46,0.0,0.0,13,1.2154,0.8308
20983105,PALERMO,Comuna 14,residential_multifamily,60.0,8.0,24.0,8.0,0.0,25,1.14,0.724
20983106,PALERMO,Comuna 14,office,43.75,12.5,21.88,21.88,0.0,32,1.0923,0.6531
20983107,PALERMO,Comuna 14,residential_multifamily,57.81,17.19,12.5,12.5,0.0,64,1.0805,0.6555
20983108,PALERMO,Comuna 14,residential_singlefamily,22.58,66.82,3.69,6.45,0.0,217,0.992,0.7577
20983109,PALERMO,Comuna 14,residential_singlefamily,31.22,49.79,8.86,4.22,5.06,237,1.0135,0.7375
20983110,PALERMO,Comuna 14,residential_multifamily,48.51,27.23,14.47,8.51,0.85,235,1.0749,0.7094
20983111,PALERMO,Comuna 14,commercial,56.0,0.0,40.0,4.0,0.0,25,1.21,0.82
20983112,PALERMO,Comuna 14,commercial,54.76,0.0,45.24,0.0,0.0,42,1.2357,0.8714
21050101,AGRONOMIA,Comuna 15,residential_singlefamily,43.57,46.43,6.43,0.71,2.86,140,1.035,0.7397
21050102,AGRONOMIA,Comuna 15,residential_singlefamily,43.27,47.95,5.26,1.17,2.34,171,1.0303,0.7362
21050103,AGRONOMIA,Comuna 15,residential_multifamily,42.57,29.05,26.35,2.03,0.0,148,1.1304,0.8206
21050104,AGRONOMIA,Comuna 15,residential_singlefamily,41.05,44.21,13.68,1.05,0.0,95,1.072,0.7874
21050105,AGRONOMIA,Comuna 15,residential_singlefamily,36.59,44.51,11.59,4.88,2.44,164,1.0449,0.7466
21050106,AGRONOMIA,Comuna 15,residential_multifamily,43.92,27.7,22.97,2.7,2.03,148,1.1074,0.7867
21050107,AGRONOMIA,Comuna 15,residential_multifamily,45.62,44.38,6.25,0.62,3.12,160,1.0365,0.7329
21050108,AGRONOMIA,Comuna 15,residential_multifamily,50.94,26.42,18.24,1.89,1.26,159,1.0972,0.763
21050109,AGRONOMIA,Comuna 15,residential_multifamily,50.56,32.02,13.48,1.69,2.25,178,1.0781,0.7435
21050110,AGRONOMIA,Comuna 15,residential_multifamily,48.2,40.09,6.76,2.7,1.8,222,1.0426,0.7206
21050111,AGRONOMIA,Comuna 15,residential_multifamily,53.69,34.23,4.7,2.68,4.7,149,1.0349,0.6816
21050112,AGRONOMIA,Comuna 15,residential_multifamily,43.35,25.0,20.25,7.28,3.16,316,1.0851,0.7363
21050201,PARQUE CHAS,Comuna 15,residential_multifamily,43.94,34.85,18.18,2.02,1.01,198,1.0927,0.7821
21050202,PARQUE CHAS,Comuna 15,residential_singlefamily,46.88,47.92,3.12,1.04,0.52,192,1.0294,0.7319
21050203,PARQUE CHAS,Comuna 15,residential_singlefamily,32.09,61.4,3.26,0.93,0.93,215,1.0028,0.767
21050204,PARQUE CHAS,Comuna 15,residential_singlefamily,38.46,58.74,0.7,1.4,0.7,143,1.0073,0.7412
21050205,PARQUE CHAS,Comuna 15,residential_singlefamily,41.98,56.79,1.23,0.0,0.0,81,1.0185,0.7494
21050206,PARQUE CHAS,Comuna 15,residential_multifamily,48.2,46.76,2.88,2.16,0.0,139,1.0331,0.7234
21050207,PARQUE CHAS,Comuna 15,residential_singlefamily,39.29,48.81,11.31,0.6,0.0,168,1.0593,0.7869
21050208,PARQUE CHAS,Comuna 15,residential_singlefamily,41.57,54.22,1.2,3.01,0.0,166,1.0147,0.7277
21050209,PARQUE CHAS,Comuna 15,residential_multifamily,37.2,35.98,24.39,1.22,1.22,164,1.1108,0.8253
21050210,PARQUE CHAS,Comuna 15,residential_multifamily,37.86,33.01,25.73,2.43,0.49,206,1.1165,0.8239
21050301,VILLA ORTUZAR,Comuna 15,commercial,32.42,19.23,43.96,2.2,2.2,182,1.1877,0.892
21050302,VILLA ORTUZAR,Comuna 15,commercial,40.8,11.2,48.0,0.0,0.0,125,1.2272,0.916
21050303,VILLA ORTUZAR,Comuna 15,residential_multifamily,44.33,27.84,26.29,0.52,1.03,194,1.1313,0.8206
21050304,VILLA ORTUZAR,Comuna 15,residential_multifamily,41.22,25.19,29.77,2.29,0.0,131,1.1366,0.8337
21050305,VILLA ORTUZAR,Comuna 15,residential_multifamily,37.58,34.39,21.02,1.27,4.46,157,1.0806,0.7903
21050306,VILLA ORTUZAR,Comuna 15,residential_singlefamily,29.74,61.21,5.6,3.02,0.43,232,1.0155,0.7698
21050307,VILLA ORTUZAR,Comuna 15,residential_singlefamily,16.82,80.45,0.45,2.27,0.0,220,0.9749,0.7925
21050308,VILLA ORTUZAR,Comuna 15,residential_singlefamily,43.18,49.24,6.06,0.0,1.52,132,1.0375,0.7534
21050309,VILLA ORTUZAR,Comuna 15,residential_multifamily,45.16,29.68,20.0,1.94,3.23,155,1.0962,0.7716
21050310,VILLA ORTUZAR,Comuna 15,commercial,32.61,19.57,39.86,6.52,1.45,138,1.1675,0.8497
21050311,VILLA ORTUZAR,Comuna 15,residential_multifamily,46.21,27.27,19.7,3.79,3.03,132,1.0951,0.7553
21050312,VILLA ORTUZAR,Comuna 15,residential_multifamily,57.14,33.93,1.79,2.68,4.46,112,1.0277,0.6643
21050313,VILLA ORTUZAR,Comuna 15,residential_multifamily,58.38,24.86,10.81,3.78,1.62,185,1.0751,0.7022
21050401,VILLA ORTUZAR,Comuna 15,commercial,43.7,14.29,35.29,5.04,1.68,119,1.1643,0.8155
21050402,VILLA ORTUZAR,Comuna 15,residential_multifamily,42.11,26.32,24.34,1.97,5.26,152,1.1049,0.7809
21050403,VILLA ORTUZAR,Comuna 15,commercial,35.62,24.66,30.14,4.11,5.48,146,1.1186,0.8
21050404,VILLA ORTUZAR,Comuna 15,residential_multifamily,43.66,25.35,19.25,5.16,4.23,213,1.0737,0.7394
21050405,VILLA ORTUZAR,Comuna 15,residential_multifamily,46.78,22.81,14.62,7.02,8.77,171,1.0526,0.6746
21050406,VILLA ORTUZAR,Comuna 15,residential_multifamily,40.8,24.8,15.2,8.0,9.6,125,1.0356,0.676
21050407,VILLA ORTUZAR,Comuna 15,residential_multifamily,34.57,32.72,6.17,4.32,21.6,162,0.9577,0.6109
21050408,VILLA ORTUZAR,Comuna 15,residential_multifamily,38.64,29.09,6.36,6.82,18.64,220,0.9718,0.6022
21050409,VILLA ORTUZAR,Comuna 15,residential_multifamily,32.85,17.52,24.82,7.3,17.52,137,1.0512,0.6861
21050410,VILLA ORTUZAR,Comuna 15,industrial,22.71,23.19,7.73,8.21,38.16,207,0.8962,0.5107
21050411,VILLA ORTUZAR,Comuna 15,residential_singlefamily,32.84,36.32,11.44,4.98,12.94,201,1.0003,0.684
21050412,VILLA ORTUZAR,Comuna 15,residential_multifamily,38.36,16.44,25.34,6.16,11.64,146,1.0712,0.7182
21050413,VILLA ORTUZAR,Comuna 15,industrial,31.01,21.71,13.18,6.98,26.36,129,0.9663,0.593
21050414,VILLA ORTUZAR,Comuna 15,industrial,24.29,21.05,13.77,7.29,33.2,247,0.9397,0.5659
21050501,PARQUE CHAS,Comuna 15,residential_multifamily,50.0,41.67,6.25,0.69,0.69,144,1.0472,0.7364
21050502,PARQUE CHAS,Comuna 15,residential_singlefamily,40.24,47.81,10.76,1.2,0.0,251,1.0577,0.7781
21050503,PARQUE CHAS,Comuna 15,residential_multifamily,39.41,34.75,24.15,1.27,0.42,236,1.1153,0.8237
21050504,PARQUE CHAS,Comuna 15,residential_multifamily,53.15,18.02,20.72,1.8,6.31,111,1.1022,0.7351
21050505,PARQUE CHAS,Comuna 15,residential_multifamily,59.26,26.54,5.56,1.23,7.41,162,1.0405,0.6639
21050506,PARQUE CHAS,Comuna 15,residential_multifamily,58.48,29.24,4.09,2.92,4.68,171,1.0365,0.6647
21050507,PARQUE CHAS,Comuna 15,residential_multifamily,43.41,37.36,15.38,0.55,3.3,182,1.0739,0.7697
21050508,PARQUE CHAS,Comuna 15,residential_multifamily,47.76,36.82,5.97,1.99,5.97,201,1.0219,0.6955
21050509,PARQUE CHAS,Comuna 15,residential_multifamily,50.0,13.59,8.7,2.72,24.46,184,0.9857,0.5746
21050510,PARQUE CHAS,Comuna 15,residential_singlefamily,33.13,36.75,7.23,3.01,18.07,166,0.9669,0.6488
21050511,PARQUE CHAS,Comuna 15,residential_singlefamily,37.21,41.09,10.08,1.55,8.53,129,1.0171,0.7232
21050512,PARQUE CHAS,Comuna 15,residential_multifamily,47.67,36.79,5.18,1.04,9.33,193,1.0159,0.6805
21050513,PARQUE CHAS,Comuna 15,residential_singlefamily,40.57,49.71,4.57,2.29,1.71,175,1.0188,0.735
21050514,PARQUE CHAS,Comuna 15,residential_singlefamily,43.2,51.2,1.6,1.6,2.4,125,1.0132,0.72
21050601,AGRONOMIA,Comuna 15,residential_multifamily,40.0,37.5,19.17,0.83,0.83,120,1.0854,0.8047
21050602,AGRONOMIA,Comuna 15,commercial,30.38,8.86,55.7,3.8,0.0,79,1.2368,0.9417
21050603,AGRONOMIA,Comuna 15,residential_multifamily,44.16,42.86,9.09,2.6,0.0,77,1.0487,0.7506
21050604,AGRONOMIA,Comuna 15,residential_singlefamily,38.02,39.67,16.53,4.13,0.0,121,1.0699,0.7807
21050605,AGRONOMIA,Comuna 15,residential_singlefamily,33.33,34.0,23.33,5.33,3.33,150,1.0866,0.7863
21050606,AGRONOMIA,Comuna 15,residential_singlefamily,24.91,52.83,13.58,5.28,2.64,265,1.0319,0.7779
21050607,AGRONOMIA,Comuna 15,residential_multifamily,33.77,33.77,27.81,1.32,3.31,151,1.1145,0.8315
21050701,PATERNAL,Comuna 15,residential_singlefamily,23.04,47.47,6.45,2.76,18.89,217,0.9479,0.669
21050702,PATERNAL,Comuna 15,industrial,34.26,25.46,8.33,4.17,27.31,216,0.9507,0.5835
21050703,PATERNAL,Comuna 15,residential_multifamily,42.22,34.81,3.7,2.22,14.81,135,0.9733,0.6398
21050704,PATERNAL,Comuna 15,residential_singlefamily,30.83,39.1,12.78,3.76,13.53,133,1.0094,0.7015
21050705,PATERNAL,Comuna 15,industrial,31.48,28.7,9.26,2.31,28.24,216,0.9518,0.6028
21050706,PATERNAL,Comuna 15,residential_multifamily,37.04,29.63,8.64,4.94,19.75,81,0.9802,0.6222
21050707,PATERNAL,Comuna 15,commercial,33.06,19.01,35.54,5.79,5.79,121,1.1327,0.8104
21050708,PATERNAL,Comuna 15,residential_multifamily,41.32,31.82,11.57,2.89,11.98,242,1.0233,0.687
21050709,PATERNAL,Comuna 15,residential_singlefamily,43.62,46.28,0.53,3.19,6.38,188,0.9955,0.6774
21050710,PATERNAL,Comuna 15,residential_multifamily,50.64,26.28,16.67,2.56,3.21,156,1.0859,0.741
21050711,PATERNAL,Comuna 15,commercial,38.3,25.53,32.98,2.13,0.53,188,1.1498,0.8503
21050712,PATERNAL,Comuna 15,residential_singlefamily,39.57,51.49,4.68,0.43,3.4,235,1.0179,0.7417
21050713,PATERNAL,Comuna 15,residential_multifamily,35.14,21.62,21.62,2.7,13.51,37,1.0324,0.7229
21050801,PATERNAL,Comuna 15,residential_multifamily,36.71,27.85,8.86,4.64,21.1,237,0.9732,0.6153
21050802,PATERNAL,Comuna 15,industrial,33.44,21.86,11.25,4.82,28.62,311,0.9601,0.5836
21050803,PATERNAL,Comuna 15,residential_multifamily,43.75,24.55,13.39,4.46,12.95,224,1.0285,0.6682
21050804,PATERNAL,Comuna 15,residential_multifamily,42.01,19.53,11.83,5.33,21.3,169,0.997,0.608
21050805,PATERNAL,Comuna 15,commercial,31.91,18.09,42.55,0.0,6.38,94,1.1654,0.878
21050806,PATERNAL,Comuna 15,commercial,33.33,10.46,51.63,3.27,1.31,153,1.2251,0.9143
21050807,PATERNAL,Comuna 15,residential_multifamily,38.01,24.56,19.3,5.26,11.7,171,1.0482,0.7053
21050808,PATERNAL,Comuna 15,residential_multifamily,38.71,27.42,17.2,2.69,13.98,186,1.0408,0.7024
21050809,PATERNAL,Comuna 15,commercial,31.08,8.11,56.08,2.7,2.03,148,1.2402,0.9351
21050810,PATERNAL,Comuna 15,commercial,32.81,17.19,42.19,1.56,4.69,64,1.1664,0.8738
21050901,CHACARITA,Comuna 15,commercial,27.59,0.0,65.52,0.0,3.45,29,1.2604,0.9928
21050902,CHACARITA,Comuna 15,commercial,20.39,26.21,39.81,8.74,3.88,103,1.135,0.8476
21050903,CHACARITA,Comuna 15,residential_multifamily,43.14,9.8,17.65,9.8,19.61,51,1.0255,0.603
21050904,CHACARITA,Comuna 15,residential_singlefamily,29.2,35.4,7.08,7.96,18.58,113,0.9539,0.6172
21050905,CHACARITA,Comuna 15,residential_singlefamily,23.47,46.43,11.22,4.59,13.78,196,0.9875,0.7059
21050906,CHACARITA,Comuna 15,residential_singlefamily,33.33,35.09,8.77,6.14,16.67,114,0.9833,0.643
21050907,CHACARITA,Comuna 15,commercial,18.18,17.63,47.38,2.48,13.77,363,1.1442,0.8623
21050908,CHACARITA,Comuna 15,residential_multifamily,81.82,0.0,18.18,0.0,0.0,11,1.1545,0.7091
21050909,CHACARITA,Comuna 15,commercial,20.08,16.47,40.96,6.43,16.06,249,1.1098,0.7905
21050910,CHACARITA,Comuna 15,industrial,22.47,22.47,12.36,8.99,33.71,89,0.9292,0.5505
21050911,CHACARITA,Comuna 15,residential_multifamily,40.0,40.0,10.0,5.0,5.0,0,1.035,0.715
21051001,CHACARITA,Comuna 15,residential_multifamily,51.89,17.92,17.92,5.66,6.6,106,1.083,0.6976
21051002,CHACARITA,Comuna 15,residential_multifamily,42.31,21.43,15.93,6.04,13.74,182,1.0354,0.6643
21051003,CHACARITA,Comuna 15,residential_multifamily,47.31,30.65,13.44,5.38,3.23,186,1.0665,0.7174
21051004,CHACARITA,Comuna 15,residential_multifamily,38.8,21.86,11.48,6.56,21.31,183,0.9895,0.6055
21051005,CHACARITA,Comuna 15,residential_multifamily,42.03,37.68,4.35,4.35,10.14,69,0.9913,0.6588
21051006,CHACARITA,Comuna 15,residential_multifamily,80.36,8.93,1.79,7.14,1.79,56,1.0662,0.5902
21051007,CHACARITA,Comuna 15,commercial,50.6,3.61,37.35,7.23,1.2,83,1.1831,0.7922
21051008,CHACARITA,Comuna 15,commercial,30.32,9.68,54.19,3.23,1.29,155,1.2264,0.9323
21051009,CHACARITA,Comuna 15,residential_multifamily,41.67,20.24,22.62,14.29,1.19,84,1.0965,0.7101
21051010,CHACARITA,Comuna 15,residential_multifamily,47.19,24.72,20.22,5.62,2.25,89,1.0994,0.746
21051011,CHACARITA,Comuna 15,residential_multifamily,52.43,27.18,13.59,3.88,2.91,103,1.0771,0.7185
21051012,CHACARITA,Comuna 15,commercial,42.68,8.54,35.37,6.1,6.1,82,1.1433,0.7809
21051013,CHACARITA,Comuna 15,commercial,39.87,4.58,43.79,6.54,5.23,153,1.1847,0.8205
21051101,CHACARITA,Comuna 15,residential_multifamily,47.89,25.35,16.9,8.45,1.41,71,1.0852,0.7169
21051102,CHACARITA,Comuna 15,residential_multifamily,52.17,17.39,24.64,4.35,1.45,69,1.1304,0.7638
21051103,CHACARITA,Comuna 15,residential_multifamily,48.41,30.95,15.08,5.56,0.0,126,1.0849,0.7401
21051104,CHACARITA,Comuna 15,residential_multifamily,44.1,25.13,13.85,9.74,6.15,195,1.0456,0.6734
21051105,CHACARITA,Comuna 15,residential_multifamily,56.86,24.51,12.75,0.98,4.9,102,1.077,0.7133
21051106,CHACARITA,Comuna 15,residential_multifamily,40.83,35.83,3.33,10.0,9.17,120,0.9849,0.6231
21051107,CHACARITA,Comuna 15,residential_multifamily,36.0,30.29,20.57,2.29,10.29,175,1.0609,0.7474
21051108,CHACARITA,Comuna 15,residential_multifamily,40.16,36.07,13.93,3.28,3.28,122,1.045,0.7491
21051109,CHACARITA,Comuna 15,residential_multifamily,46.85,29.37,12.59,5.59,4.2,143,1.0524,0.7057
21051110,CHACARITA,Comuna 15,residential_multifamily,51.61,18.71,17.42,1.29,9.68,155,1.0697,0.7075
21051111,CHACARITA,Comuna 15,residential_multifamily,46.58,16.44,21.92,5.48,8.22,73,1.0823,0.7139
21051112,CHACARITA,Comuna 15,commercial,29.79,10.64,44.68,8.51,0.0,47,1.1585,0.8693
21051113,CHACARITA,Comuna 15,residential_multifamily,37.65,28.24,20.59,7.65,5.29,170,1.073,0.7355
21051114,CHACARITA,Comuna 15,commercial,29.55,1.14,56.82,6.82,5.68,88,1.2263,0.8869
21051115,CHACARITA,Comuna 15,commercial,45.54,6.25,41.96,3.57,2.68,112,1.1955,0.8388
21051116,CHACARITA,Comuna 15,commercial,57.14,3.57,35.71,3.57,0.0,28,1.1928,0.8054
21051201,VILLA CRESPO,Comuna 15,residential_multifamily,42.51,20.77,12.08,7.73,14.01,207,1.0053,0.6306
21051202,VILLA CRESPO,Comuna 15,residential_multifamily,43.03,22.42,21.21,7.27,4.85,165,1.0827,0.7291
21051203,VILLA CRESPO,Comuna 15,residential_multifamily,49.06,25.47,16.98,6.6,1.89,106,1.0877,0.725
21051204,VILLA CRESPO,Comuna 15,residential_multifamily,49.23,14.62,28.46,3.85,1.54,130,1.1331,0.7862
21051205,VILLA CRESPO,Comuna 15,residential_multifamily,53.12,20.0,15.0,4.38,7.5,160,1.0703,0.6881
21051206,VILLA CRESPO,Comuna 15,residential_multifamily,41.75,14.56,29.13,10.68,2.91,103,1.1199,0.7476
21051207,VILLA CRESPO,Comuna 15,commercial,27.45,11.76,56.86,1.96,1.96,51,1.2392,0.953
21051208,VILLA CRESPO,Comuna 15,commercial,41.18,5.88,52.94,0.0,0.0,34,1.25,0.9323
21051209,VILLA CRESPO,Comuna 15,commercial,35.9,2.56,58.97,0.0,2.56,39,1.2615,0.95
21051210,VILLA CRESPO,Comuna 15,residential_multifamily,60.0,11.43,20.0,0.0,8.57,35,1.1043,0.7143
21051301,VILLA CRESPO,Comuna 15,commercial,28.74,22.05,38.98,7.87,1.97,254,1.153,0.8427
21051302,VILLA CRESPO,Comuna 15,residential_multifamily,37.25,23.53,22.88,5.88,9.8,153,1.0706,0.7284
21051303,VILLA CRESPO,Comuna 15,commercial,37.5,5.21,38.54,9.38,9.38,96,1.1423,0.7598
21051304,VILLA CRESPO,Comuna 15,commercial,32.89,7.89,51.32,6.58,1.32,152,1.2197,0.8895
21051305,VILLA CRESPO,Comuna 15,residential_multifamily,55.56,6.67,28.89,6.67,2.22,45,1.1501,0.7478
21051306,VILLA CRESPO,Comuna 15,commercial,38.14,7.63,43.22,5.08,5.93,118,1.1788,0.8293
21051307,VILLA CRESPO,Comuna 15,residential_multifamily,50.0,10.87,26.09,4.35,6.52,46,1.1087,0.7389
21051308,VILLA CRESPO,Comuna 15,commercial,40.68,0.0,57.63,1.69,0.0,59,1.2687,0.9373
21051309,VILLA CRESPO,Comuna 15,commercial,40.79,0.0,56.58,1.32,1.32,76,1.2606,0.9276
21051310,VILLA CRESPO,Comuna 15,commercial,34.21,0.0,55.26,6.58,2.63,76,1.2296,0.892
21051401,VILLA CRESPO,Comuna 15,residential_multifamily,51.72,4.6,24.14,8.05,11.49,87,1.0937,0.6701
21051402,VILLA CRESPO,Comuna 15,commercial,44.68,2.13,51.06,2.13,0.0,47,1.2447,0.901
21051403,VILLA CRESPO,Comuna 15,commercial,38.81,2.99,49.25,5.97,1.49,67,1.2127,0.8712
21051404,VILLA CRESPO,Comuna 15,commercial,30.26,5.26,57.89,6.58,0.0,76,1.2493,0.9276
21051405,VILLA CRESPO,Comuna 15,commercial,33.01,6.8,51.46,1.94,5.83,103,1.2073,0.8956
21051406,VILLA CRESPO,Comuna 15,commercial,41.38,3.45,43.1,3.45,6.9,58,1.1741,0.8263
21051407,VILLA CRESPO,Comuna 15,residential_multifamily,42.31,15.38,19.23,3.85,19.23,26,1.0385,0.6577
21051408,VILLA CRESPO,Comuna 15,commercial,35.68,19.1,30.65,5.03,9.05,199,1.1071,0.7711
21051409,VILLA CRESPO,Comuna 15,commercial,26.1,8.43,50.6,1.2,12.85,249,1.1734,0.8695
21051410,VILLA CRESPO,Comuna 15,commercial,33.33,9.15,44.44,3.92,8.5,153,1.1676,0.8375
21051411,VILLA CRESPO,Comuna 15,residential_multifamily,32.63,29.0,21.15,2.72,14.5,331,1.0479,0.7278
21051501,VILLA CRESPO,Comuna 15,residential_multifamily,55.17,17.24,13.79,0.0,6.9,29,1.0431,0.7055
21051502,VILLA CRESPO,Comuna 15,residential_singlefamily,26.47,33.82,16.18,8.09,12.5,136,1.0037,0.6939
21051503,VILLA CRESPO,Comuna 15,residential_multifamily,44.44,22.22,22.22,0.0,0.0,9,1.0666,0.8125
21051504,VILLA CRESPO,Comuna 15,residential_singlefamily,33.56,34.23,25.5,1.34,4.7,149,1.0966,0.8145
21051505,VILLA CRESPO,Comuna 15,commercial,19.05,16.81,43.7,3.92,15.69,357,1.1205,0.8237
21051506,VILLA CRESPO,Comuna 15,residential_multifamily,28.9,27.46,29.77,2.6,10.4,346,1.0896,0.7944
21051507,VILLA CRESPO,Comuna 15,residential_multifamily,37.7,22.4,22.95,1.09,15.3,183,1.0603,0.7278
21051508,VILLA CRESPO,Comuna 15,residential_multifamily,33.94,30.29,22.63,2.55,9.85,274,1.0673,0.7605
21051509,VILLA CRESPO,Comuna 15,commercial,41.38,17.24,33.62,2.16,4.31,232,1.1425,0.8196
21051510,VILLA CRESPO,Comuna 15,commercial,41.29,16.13,32.9,1.94,7.74,155,1.1348,0.7971
21051601,VILLA CRESPO,Comuna 15,commercial,39.77,18.18,34.09,2.27,5.68,88,1.1437,0.8159
21051602,VILLA CRESPO,Comuna 15,residential_multifamily,45.58,17.01,24.49,0.0,10.88,147,1.0868,0.749
21051603,VILLA CRESPO,Comuna 15,residential_multifamily,49.17,25.83,15.83,0.83,6.67,120,1.0666,0.7309
21051604,VILLA CRESPO,Comuna 15,residential_multifamily,62.5,14.77,14.77,0.0,6.82,88,1.0846,0.6994
21051605,VILLA CRESPO,Comuna 15,commercial,27.45,7.84,60.78,1.96,1.96,51,1.2568,0.9667
21051606,VILLA CRESPO,Comuna 15,commercial,37.14,19.05,37.14,3.81,2.86,105,1.1605,0.84
21051607,VILLA CRESPO,Comuna 15,residential_multifamily,45.0,33.33,15.83,3.33,1.67,120,1.0766,0.7563
21051608,VILLA CRESPO,Comuna 15,residential_multifamily,45.76,34.75,16.95,1.69,0.85,118,1.0907,0.7767
21051609,VILLA CRESPO,Comuna 15,residential_multifamily,65.06,12.05,19.28,2.41,0.0,83,1.1265,0.7354
21051610,VILLA CRESPO,Comuna 15,commercial,37.21,9.3,51.16,1.86,0.47,215,1.2328,0.919
21051611,VILLA CRESPO,Comuna 15,commercial,33.33,14.81,46.3,1.85,1.85,54,1.1926,0.9038
21051701,VILLA CRESPO,Comuna 15,commercial,34.43,3.28,54.1,3.28,4.92,61,1.2271,0.8967
21051702,VILLA CRESPO,Comuna 15,commercial,19.61,2.94,66.67,7.84,2.94,102,1.2628,0.9564
21051703,VILLA CRESPO,Comuna 15,commercial,45.33,6.67,43.33,2.67,2.0,150,1.2043,0.8553
21051704,VILLA CRESPO,Comuna 15,residential_multifamily,39.52,24.19,29.03,6.45,0.81,124,1.131,0.7992
21051705,VILLA CRESPO,Comuna 15,residential_multifamily,51.0,22.0,24.0,3.0,0.0,100,1.1315,0.784
21051706,VILLA CRESPO,Comuna 15,residential_multifamily,53.52,36.62,5.63,2.82,1.41,71,1.0486,0.7056
21051707,VILLA CRESPO,Comuna 15,residential_multifamily,45.95,18.92,21.62,5.41,6.76,74,1.0845,0.7246
21051708,VILLA CRESPO,Comuna 15,residential_multifamily,52.05,9.59,27.4,4.11,6.85,73,1.1267,0.7404
21051709,VILLA CRESPO,Comuna 15,residential_multifamily,59.21,38.16,1.32,0.0,0.0,76,1.0389,0.7047
21051710,VILLA CRESPO,Comuna 15,commercial,46.67,10.48,37.14,4.76,0.95,105,1.1795,0.8214
21051711,VILLA CRESPO,Comuna 15,residential_multifamily,51.55,23.71,21.65,0.0,3.09,97,1.1155,0.7768
21051712,VILLA CRESPO,Comuna 15,commercial,42.25,19.72,32.39,4.23,1.41,71,1.1507,0.8169
21051801,VILLA CRESPO,Comuna 15,commercial,43.21,4.94,48.15,2.47,1.23,81,1.2253,0.884
21051802,VILLA CRESPO,Comuna 15,commercial,20.34,5.08,72.88,1.69,0.0,59,1.3067,1.0416
21051803,VILLA CRESPO,Comuna 15,commercial,25.32,4.43,66.46,2.53,1.27,158,1.2808,0.9921
21051804,VILLA CRESPO,Comuna 15,commercial,45.83,4.17,45.83,2.08,2.08,48,1.2166,0.8667
21051805,VILLA CRESPO,Comuna 15,residential_multifamily,57.14,14.29,26.53,0.0,2.04,49,1.149,0.7867
21051806,VILLA CRESPO,Comuna 15,commercial,35.14,17.57,39.19,1.35,6.76,74,1.1575,0.8453
21051807,VILLA CRESPO,Comuna 15,residential_multifamily,65.12,23.26,6.98,4.65,0.0,43,1.0745,0.6768
21051808,VILLA CRESPO,Comuna 15,commercial,44.23,9.62,38.46,7.69,0.0,52,1.1817,0.8164
21051809,VILLA CRESPO,Comuna 15,residential_multifamily,57.45,6.38,29.79,4.26,2.13,47,1.1597,0.7649
21051810,VILLA CRESPO,Comuna 15,residential_multifamily,66.67,9.09,24.24,0.0,0.0,33,1.1591,0.7682
21051811,VILLA CRESPO,Comuna 15,residential_multifamily,77.27,6.82,15.91,0.0,0.0,44,1.1375,0.7125
21051812,VILLA CRESPO,Comuna 15,residential_multifamily,65.22,23.91,10.87,0.0,0.0,46,1.0967,0.725
21051813,VILLA CRESPO,Comuna 15,commercial,46.67,6.67,43.33,3.33,0.0,30,1.2117,0.86
21051901,VILLA CRESPO,Comuna 15,commercial,40.98,4.92,52.46,0.0,1.64,61,1.2426,0.9205
21051902,VILLA CRESPO,Comuna 15,commercial,40.28,1.39,51.39,6.94,0.0,72,1.2347,0.8771
21051903,VILLA CRESPO,Comuna 15,commercial,57.89,1.75,35.09,3.51,1.75,57,1.1859,0.7904
21051904,VILLA CRESPO,Comuna 15,commercial,63.27,2.04,34.69,0.0,0.0,49,1.201,0.8132
21051905,VILLA CRESPO,Comuna 15,commercial,50.0,1.11,44.44,2.22,0.0,90,1.2127,0.8642
21051906,VILLA CRESPO,Comuna 15,commercial,50.63,6.33,36.71,5.06,1.27,79,1.1823,0.8057
21051907,VILLA CRESPO,Comuna 15,commercial,46.15,12.82,33.33,2.56,5.13,39,1.1512,0.7987
21051908,VILLA CRESPO,Comuna 15,commercial,43.48,2.17,54.35,0.0,0.0,46,1.2598,0.9315
21051909,VILLA CRESPO,Comuna 15,commercial,35.62,4.11,57.53,1.37,1.37,73,1.2568,0.9431
21051910,VILLA CRESPO,Comuna 15,commercial,18.42,0.0,81.58,0.0,0.0,38,1.3447,1.0895
21051911,VILLA CRESPO,Comuna 15,commercial,50.0,2.5,45.0,2.5,0.0,40,1.225,0.8638
21052001,VILLA CRESPO,Comuna 15,commercial,25.76,1.52,65.15,7.58,0.0,66,1.2743,0.9568
21052002,VILLA CRESPO,Comuna 15,commercial,20.0,2.61,73.04,4.35,0.0,115,1.3043,1.023
21052003,VILLA CRESPO,Comuna 15,commercial,35.71,3.57,50.89,4.46,5.36,112,1.212,0.8706
21052004,VILLA CRESPO,Comuna 15,commercial,49.18,0.0,47.54,1.64,1.64,61,1.2311,0.8705
21052005,VILLA CRESPO,Comuna 15,commercial,40.98,0.0,54.1,3.28,1.64,61,1.2467,0.9016
21052006,VILLA CRESPO,Comuna 15,commercial,37.3,4.76,56.35,1.59,0.0,126,1.2579,0.9421
21052007,VILLA CRESPO,Comuna 15,commercial,43.42,6.58,40.13,5.92,3.95,152,1.1779,0.8118
21052008,VILLA CRESPO,Comuna 15,commercial,32.23,14.88,42.15,6.61,4.13,121,1.169,0.8405
21052009,VILLA CRESPO,Comuna 15,residential_multifamily,36.73,14.29,28.57,12.24,8.16,49,1.0969,0.7133
21052010,VILLA CRESPO,Comuna 15,commercial,37.01,13.64,37.66,3.9,5.84,154,1.1448,0.8215
21052011,VILLA CRESPO,Comuna 15,residential_multifamily,36.92,16.92,29.23,11.54,3.85,130,1.1069,0.7468
21052012,VILLA CRESPO,Comuna 15,commercial,35.83,12.5,34.17,12.5,5.0,120,1.13,0.7538
21052101,VILLA CRESPO,Comuna 15,residential_multifamily,68.89,2.22,26.67,2.22,0.0,45,1.1711,0.7545
21052102,VILLA CRESPO,Comuna 15,residential_multifamily,52.75,16.48,23.08,6.59,1.1,91,1.1231,0.7423
21052103,VILLA CRESPO,Comuna 15,residential_multifamily,39.77,32.95,18.18,6.82,1.14,88,1.0761,0.7546
21052104,VILLA CRESPO,Comuna 15,residential_multifamily,51.58,23.16,12.63,10.53,2.11,95,1.0674,0.6726
21052105,VILLA CRESPO,Comuna 15,residential_multifamily,62.5,18.75,6.25,6.25,6.25,32,1.0469,0.6281
21052106,VILLA CRESPO,Comuna 15,residential_multifamily,67.02,7.45,20.21,2.13,3.19,94,1.1298,0.7165
21052107,VILLA CRESPO,Comuna 15,residential_multifamily,68.89,4.44,24.44,2.22,0.0,45,1.161,0.7467
21052108,VILLA CRESPO,Comuna 15,commercial,43.86,1.75,52.63,1.75,0.0,57,1.2508,0.9114
21052109,VILLA CRESPO,Comuna 15,commercial,50.68,8.22,39.73,0.0,1.37,73,1.2007,0.8534
21052110,VILLA CRESPO,Comuna 15,commercial,64.29,4.76,30.95,0.0,0.0,42,1.1857,0.7976
21052111,VILLA CRESPO,Comuna 15,commercial,58.14,4.65,32.56,0.0,2.33,43,1.1663,0.8024
21052112,VILLA CRESPO,Comuna 15,residential_multifamily,61.7,8.51,27.66,0.0,2.13,47,1.1606,0.7787
21052113,VILLA CRESPO,Comuna 15,commercial,46.99,9.64,37.35,4.82,0.0,83,1.1783,0.8268
