direccion,barrio,comuna,mas_info,materiales,longitude,latitude
Navarro 2429,Agronomia,15,Los materiales deben estar lim,Papel / Cartón / Plástico / Metal / Vidrio,-58.48966736993007,-34.590937439832665
Argerich 3916,Agronomia,15,Los materiales deben estar lim,Papel / Cartón / Plástico / Metal / Vidrio,-58.49840423293087,-34.592763088046794
"Artigas, Jose Gervasio, Gral. 3556",Agronomia,15,Los materiales deben estar lim,Papel / Cartón / Plástico / Metal / Vidrio,-58.49016342007716,-34.59181807284852
"Artigas, Jose Gervasio, Gral. 3706",Agronomia,15,Los materiales deben estar lim,Papel / Cartón / Plástico / Metal / Vidrio,-58.49124092470604,-34.59062494311944
"Artigas, Jose Gervasio, Gral. 3914",Agronomia,15,Los materiales deben estar lim,Papel / Cartón / Plástico / Metal / Vidrio,-58.4926000000515,-34.58913015211469
"Artigas, Jose Gervasio, Gral. 4124",Agronomia,15,Los materiales deben estar lim,Papel / Cartón / Plástico / Metal / Vidrio,-58.49393256503956,-34.587655900351216
Asuncion 2240,Agronomia,15,Los materiales deben estar lim,Papel / Cartón / Plástico / Metal / Vidrio,-58.489421163558305,-34.587493252826256
Asuncion 3097,Agronomia,15,Los materiales deben estar lim,Papel / Cartón / Plástico / Metal / Vidrio,-58.49946399198773,-34.593612692992295
"Beiro, Francisco Av. 2963",Agronomia,15,Los materiales deben estar lim,Papel / Cartón / Plástico / Metal / Vidrio,-58.494985666244155,-34.59538672408993
Caracas 3525,Agronomia,15,Los materiales deben estar lim,Papel / Cartón / Plástico / Metal / Vidrio,-58.48768080246756,-34.59052714952987
"Carril, Salvador Maria Del Av. 2276",Agronomia,15,Los materiales deben estar lim,Papel / Cartón / Plástico / Metal / Vidrio,-58.491068855205484,-34.58633788650167
Condarco 3750,Agronomia,15,Los materiales deben estar lim,Papel / Cartón / Plástico / Metal / Vidrio,-58.493744128250796,-34.591774719673055
Condarco 3950,Agronomia,15,Los materiales deben estar lim,Papel / Cartón / Plástico / Metal / Vidrio,-58.494969387393496,-34.590356266784426
"Cortazar, Julio 3664",Agronomia,15,Los materiales deben estar lim,Papel / Cartón / Plástico / Metal / Vidrio,-58.48746233316195,-34.596474781467165
Cuenca 3807,Agronomia,15,Los materiales deben estar lim,Papel / Cartón / Plástico / Metal / Vidrio,-58.500335124068975,-34.59506486471338
Estado Plurinacional De Bolivia 3541,Agronomia,15,Los materiales deben estar lim,Papel / Cartón / Plástico / Metal / Vidrio,-58.491115038990316,-34.5926050239348
Estado Plurinacional De Bolivia 3795,Agronomia,15,Los materiales deben estar lim,Papel / Cartón / Plástico / Metal / Vidrio,-58.49278293736113,-34.59075720518778
Helguera 3995,Agronomia,15,Los materiales deben estar lim,Papel / Cartón / Plástico / Metal / Vidrio,-58.50004493536844,-34.593100688829686
Llerena 3195,Agronomia,15,Los materiales deben estar lim,Papel / Cartón / Plástico / Metal / Vidrio,-58.481041702052735,-34.59016764405137
Melincue 2424,Agronomia,15,Los materiales deben estar lim,Papel / Cartón / Plástico / Metal / Vidrio,-58.48474255044703,-34.59707232865856
"Moran, Pedro 2247",Agronomia,15,Los materiales deben estar lim,Papel / Cartón / Plástico / Metal / Vidrio,-58.488908843743864,-34.58816235285812
"Moran, Pedro 2873",Agronomia,15,Los materiales deben estar lim,Papel / Cartón / Plástico / Metal / Vidrio,-58.49584763338192,-34.59245410261883
"Moran, Pedro 3066",Agronomia,15,Los materiales deben estar lim,Papel / Cartón / Plástico / Metal / Vidrio,-58.498351424702044,-34.59409451508762
Navarro 3005,Agronomia,15,Los materiales deben estar lim,Papel / Cartón / Plástico / Metal / Vidrio,-58.496424034718686,-34.59511195311322
Nazca Av. 3650,Agronomia,15,Los materiales deben estar lim,Papel / Cartón / Plástico / Metal / Vidrio,-58.4953507974823,-34.5939204531737
Nazca Av. 4043,Agronomia,15,Los materiales deben estar lim,Papel / Cartón / Plástico / Metal / Vidrio,-58.49775652054853,-34.59111288802372
Nazca Av. 4141,Agronomia,15,Los materiales deben estar lim,Papel / Cartón / Plástico / Metal / Vidrio,-58.498380119063306,-34.5904240516072
Nueva York 2187,Agronomia,15,Los materiales deben estar lim,Papel / Cartón / Plástico / Metal / Vidrio,-58.489450045016426,-34.58635190526789
Nueva York 2343,Agronomia,15,Los materiales deben estar lim,Papel / Cartón / Plástico / Metal / Vidrio,-58.49123678077946,-34.587457574301936
Nueva York 2643,Agronomia,15,Los materiales deben estar lim,Papel / Cartón / Plástico / Metal / Vidrio,-58.49461495399229,-34.58954914042424
Nueva York 3211,Agronomia,15,Los materiales deben estar lim,Papel / Cartón / Plástico / Metal / Vidrio,-58.50175443088322,-34.59395499553435
"Solano Lopez, F., Mariscal 2140",Agronomia,15,Los materiales deben estar lim,Papel / Cartón / Plástico / Metal / Vidrio,-58.486638912620286,-34.5880081373304
"Solano Lopez, F., Mariscal 2266",Agronomia,15,Los materiales deben estar lim,Papel / Cartón / Plástico / Metal / Vidrio,-58.48840576656032,-34.58910126722348
"Solano Lopez, F., Mariscal 3041",Agronomia,15,Los materiales deben estar lim,Papel / Cartón / Plástico / Metal / Vidrio,-58.497526199280735,-34.59464530784576
"Solano Lopez, F., Mariscal 3159",Agronomia,15,Los materiales deben estar lim,Papel / Cartón / Plástico / Metal / Vidrio,-58.49902348270224,-34.59557448332956
Terrada 3599,Agronomia,15,Los materiales deben estar lim,Papel / Cartón / Plástico / Metal / Vidrio,-58.49372642455591,-34.59361173165126
Terrada 3847,Agronomia,15,Los materiales deben estar lim,Papel / Cartón / Plástico / Metal / Vidrio,-58.49546372089937,-34.59169114620323
Tinogasta 2426,Agronomia,15,Los materiales deben estar lim,Papel / Cartón / Plástico / Metal / Vidrio,-58.4864546339994,-34.595063638200365
Venecia 3148,Agronomia,15,Los materiales deben estar lim,Papel / Cartón / Plástico / Metal / Vidrio,-58.488511840556065,-34.5968200149779
Zamudio 3225,Agronomia,15,Los materiales deben estar lim,Papel / Cartón / Plástico / Metal / Vidrio,-58.48383193405438,-34.596758970329226
Zamudio 3849,Agronomia,15,Los materiales deben estar lim,Papel / Cartón / Plástico / Metal / Vidrio,-58.49091945185358,-34.58890341390988
Rawson 362,Almagro,5,Los materiales deben estar lim,Papel / Cartón / Plástico / Metal / Vidrio,-58.42626793185961,-34.607713389201976
Sarmiento 3465,Almagro,5,Los materiales deben estar lim,Papel / Cartón / Plástico / Metal / Vidrio,-58.41443826693707,-34.60590802663431
Sarmiento 3669,Almagro,5,Los materiales deben estar lim,Papel / Cartón / Plástico / Metal / Vidrio,-58.416633771484996,-34.60551719266035
Sarmiento 4075,Almagro,5,Los materiales deben estar lim,Papel / Cartón / Plástico / Metal / Vidrio,-58.422297020581944,-34.60471194261764
Sarmiento 4271,Almagro,5,Los materiales deben estar lim,Papel / Cartón / Plástico / Metal / Vidrio,-58.424898453184916,-34.60438660817068
Sarmiento 4429,Almagro,5,Los materiales deben estar lim,Papel / Cartón / Plástico / Metal / Vidrio,-58.42776000751946,-34.60418420559051
Sarmiento 4625,Almagro,5,Los materiales deben estar lim,Papel / Cartón / Plástico / Metal / Vidrio,-58.43083179111357,-34.60397323088915
Mu?iz 178,Almagro,5,Los materiales deben estar lim,Papel / Cartón / Plástico / Metal / Vidrio,-58.42736628073494,-34.61577509371116
Mu?iz 454,Almagro,5,Los materiales deben estar lim,Papel / Cartón / Plástico / Metal / Vidrio,-58.4271651744983,-34.61877041205289
Mu?iz 360,Almagro,5,Los materiales deben estar lim,Papel / Cartón / Plástico / Metal / Vidrio,-58.42729113822313,-34.6177378830126
"Acu?a De Figueroa, Francisco 1044",Almagro,5,Los materiales deben estar lim,Papel / Cartón / Plástico / Metal / Vidrio,-58.422030994376975,-34.59897629004684
Aguirre 17,Almagro,5,Los materiales deben estar lim,Papel / Cartón / Plástico / Metal / Vidrio,-58.43197215310761,-34.60151294461783
Estado De Israel Av. 4323,Almagro,5,Los materiales deben estar lim,Papel / Cartón / Plástico / Metal / Vidrio,-58.427048797987375,-34.59794599159701
Agrelo 3949,Almagro,5,Los materiales deben estar lim,Papel / Cartón / Plástico / Metal / Vidrio,-58.42138290579178,-34.61886214651585
Agrelo 4173,Almagro,5,Los materiales deben estar lim,Papel / Cartón / Plástico / Metal / Vidrio,-58.42514062909242,-34.61913201992286
Avda Belgrano 3358,Almagro,5,Los materiales deben estar lim,Papel / Cartón / Plástico / Metal / Vidrio,-58.41370993507665,-34.615574990524955
Avda Belgrano 3926,Almagro,5,Los materiales deben estar lim,Papel / Cartón / Plástico / Metal / Vidrio,-58.422084394967015,-34.61583469171625
Avda Hipolito Yrigoyen 3737,Almagro,5,Los materiales deben estar lim,Papel / Cartón / Plástico / Metal / Vidrio,-58.41923016917938,-34.6143328743155
Avda Hipolito Yrigoyen 4141,Almagro,5,Los materiales deben estar lim,Papel / Cartón / Plástico / Metal / Vidrio,-58.42507596145257,-34.614791361515074
Avda La Plata 271,Almagro,5,Los materiales deben estar lim,Papel / Cartón / Plástico / Metal / Vidrio,-58.42874273146962,-34.617911077093765
Avda La Plata 358,Almagro,5,Los materiales deben estar lim,Papel / Cartón / Plástico / Metal / Vidrio,-58.428305881920764,-34.61897581478034
Avda La Plata 451,Almagro,5,Los materiales deben estar lim,Papel / Cartón / Plástico / Metal / Vidrio,-58.42828781173913,-34.62011616744763
Avda La Plata 558,Almagro,5,Los materiales deben estar lim,Papel / Cartón / Plástico / Metal / Vidrio,-58.42779671517746,-34.6215359014454
Avda La Plata 93,Almagro,5,Los materiales deben estar lim,Papel / Cartón / Plástico / Metal / Vidrio,-58.429096504205745,-34.616302698299705
Billinghurst 45,Almagro,5,Los materiales deben estar lim,Papel / Cartón / Plástico / Metal / Vidrio,-58.41581332881596,-34.610226184263475
Billinghurst 945,Almagro,5,Los materiales deben estar lim,Papel / Cartón / Plástico / Metal / Vidrio,-58.41474143640252,-34.59885793436761
"Bocayuva, Quintino 289",Almagro,5,Los materiales deben estar lim,Papel / Cartón / Plástico / Metal / Vidrio,-58.42296134346169,-34.61564166363329
"Bocayuva, Quintino 516",Almagro,5,Los materiales deben estar lim,Papel / Cartón / Plástico / Metal / Vidrio,-58.42250958036325,-34.61797128289671
Boedo 145,Almagro,5,Los materiales deben estar lim,Papel / Cartón / Plástico / Metal / Vidrio,-58.417643057580165,-34.61304763677572
Boedo 423,Almagro,5,Los materiales deben estar lim,Papel / Cartón / Plástico / Metal / Vidrio,-58.41690578816162,-34.617626667183366
Castro Barros 689,Almagro,5,Los materiales deben estar lim,Papel / Cartón / Plástico / Metal / Vidrio,-58.41968200835152,-34.61980205754139
Castro Barros Av. 321,Almagro,5,Los materiales deben estar lim,Papel / Cartón / Plástico / Metal / Vidrio,-58.420110977055984,-34.61618452361228
Castro Barros Av. 33,Almagro,5,Los materiales deben estar lim,Papel / Cartón / Plástico / Metal / Vidrio,-58.42097640250296,-34.611961051981886
Colombres 294,Almagro,5,Los materiales deben estar lim,Papel / Cartón / Plástico / Metal / Vidrio,-58.41844040142962,-34.61558983877231
Colombres 450,Almagro,5,Los materiales deben estar lim,Papel / Cartón / Plástico / Metal / Vidrio,-58.41821343593666,-34.61806052508165
Colombres 54,Almagro,5,Los materiales deben estar lim,Papel / Cartón / Plástico / Metal / Vidrio,-58.419346049035234,-34.612075881329
Colombres 652,Almagro,5,Los materiales deben estar lim,Papel / Cartón / Plástico / Metal / Vidrio,-58.41807445215111,-34.620465623822945
Cordoba Av. 3293,Almagro,5,Los materiales deben estar lim,Papel / Cartón / Plástico / Metal / Vidrio,-58.41300482856864,-34.59787019768735
Cordoba Av. 3451,Almagro,5,Los materiales deben estar lim,Papel / Cartón / Plástico / Metal / Vidrio,-58.41523230692085,-34.59778802373392
Cordoba Av. 3521,Almagro,5,Los materiales deben estar lim,Papel / Cartón / Plástico / Metal / Vidrio,-58.41631946285747,-34.597760855899494
Cordoba Av. 3767,Almagro,5,Los materiales deben estar lim,Papel / Cartón / Plástico / Metal / Vidrio,-58.41968255570133,-34.59768644177221
Cordoba Av. 3973,Almagro,5,Los materiales deben estar lim,Papel / Cartón / Plástico / Metal / Vidrio,-58.42283468931753,-34.59762421499984
Corrientes Av. 3572,Almagro,5,Los materiales deben estar lim,Papel / Cartón / Plástico / Metal / Vidrio,-58.415227329588326,-34.60396911008301
Corrientes Av. 3790,Almagro,5,Los materiales deben estar lim,Papel / Cartón / Plástico / Metal / Vidrio,-58.417858726988655,-34.60356923355623
Corrientes Av. 3974,Almagro,5,Los materiales deben estar lim,Papel / Cartón / Plástico / Metal / Vidrio,-58.420575921066884,-34.60329632092271
Corrientes Av. 4144,Almagro,5,Los materiales deben estar lim,Papel / Cartón / Plástico / Metal / Vidrio,-58.4232397346271,-34.60303436540539
Corrientes Av. 4370,Almagro,5,Los materiales deben estar lim,Papel / Cartón / Plástico / Metal / Vidrio,-58.42657170041844,-34.602701017800946
Corrientes Av. 4534,Almagro,5,Los materiales deben estar lim,Papel / Cartón / Plástico / Metal / Vidrio,-58.429134166395784,-34.60244552498143
Corrientes Av. 4680,Almagro,5,Los materiales deben estar lim,Papel / Cartón / Plástico / Metal / Vidrio,-58.43167585510049,-34.60218431107483
Diaz Velez Av. 3762,Almagro,5,Los materiales deben estar lim,Papel / Cartón / Plástico / Metal / Vidrio,-58.41962523356075,-34.60862189512151
Diaz Velez Av. 3974,Almagro,5,Los materiales deben estar lim,Papel / Cartón / Plástico / Metal / Vidrio,-58.42244273075702,-34.608669579749794
Diaz Velez Av. 4144,Almagro,5,Los materiales deben estar lim,Papel / Cartón / Plástico / Metal / Vidrio,-58.42542520396512,-34.60872914361553
Diaz Velez Av. 4364,Almagro,5,Los materiales deben estar lim,Papel / Cartón / Plástico / Metal / Vidrio,-58.42862909918718,-34.60880622995699
Don Bosco 3474,Almagro,5,Los materiales deben estar lim,Papel / Cartón / Plástico / Metal / Vidrio,-58.41499465375812,-34.61184352045928
Don Bosco 4112,Almagro,5,Los materiales deben estar lim,Papel / Cartón / Plástico / Metal / Vidrio,-58.42352336382915,-34.61367421791713
Gascon 37,Almagro,5,Los materiales deben estar lim,Papel / Cartón / Plástico / Metal / Vidrio,-58.423896338816874,-34.61202254519632
Guardia Vieja 3549,Almagro,5,Los materiales deben estar lim,Papel / Cartón / Plástico / Metal / Vidrio,-58.41477642597351,-34.60188015388821
Guardia Vieja 3741,Almagro,5,Los materiales deben estar lim,Papel / Cartón / Plástico / Metal / Vidrio,-58.416945989413996,-34.60118941085087
Guardia Vieja 3941,Almagro,5,Los materiales deben estar lim,Papel / Cartón / Plástico / Metal / Vidrio,-58.41977717612163,-34.600732486397135
Guardia Vieja 4143,Almagro,5,Los materiales deben estar lim,Papel / Cartón / Plástico / Metal / Vidrio,-58.422883892100884,-34.600434430258815
Guardia Vieja 4327,Almagro,5,Los materiales deben estar lim,Papel / Cartón / Plástico / Metal / Vidrio,-58.425731324777516,-34.600154566149605
Guardia Vieja 4527,Almagro,5,Los materiales deben estar lim,Papel / Cartón / Plástico / Metal / Vidrio,-58.42860586999582,-34.59988270597692
Humahuaca 3608,Almagro,5,Los materiales deben estar lim,Papel / Cartón / Plástico / Metal / Vidrio,-58.415647408302405,-34.602659882122516
Humahuaca 3806,Almagro,5,Los materiales deben estar lim,Papel / Cartón / Plástico / Metal / Vidrio,-58.41805724313092,-34.60222344036484
Humahuaca 4056,Almagro,5,Los materiales deben estar lim,Papel / Cartón / Plástico / Metal / Vidrio,-58.42167274227167,-34.60182035439408
Humahuaca 4206,Almagro,5,Los materiales deben estar lim,Papel / Cartón / Plástico / Metal / Vidrio,-58.42409262703127,-34.60162127384656
Humahuaca 4434,Almagro,5,Los materiales deben estar lim,Papel / Cartón / Plástico / Metal / Vidrio,-58.42769381196873,-34.60126543625039
Lambare 806,Almagro,5,Los materiales deben estar lim,Papel / Cartón / Plástico / Metal / Vidrio,-58.430678074722415,-34.605630010932245
Lavalle 3367,Almagro,5,Los materiales deben estar lim,Papel / Cartón / Plástico / Metal / Vidrio,-58.413468337809974,-34.601264032463874
Lavalle 3585,Almagro,5,Los materiales deben estar lim,Papel / Cartón / Plástico / Metal / Vidrio,-58.415848433571675,-34.60049337438756
Lezica 4250,Almagro,5,Los materiales deben estar lim,Papel / Cartón / Plástico / Metal / Vidrio,-58.42619836224355,-34.61239486497801
Liniers Virrey 276,Almagro,5,Los materiales deben estar lim,Papel / Cartón / Plástico / Metal / Vidrio,-58.41456462577983,-34.61388240968107
Liniers Virrey 566,Almagro,5,Los materiales deben estar lim,Papel / Cartón / Plástico / Metal / Vidrio,-58.41409177539924,-34.617643253526325
"Marmol, Jose 275",Almagro,5,Los materiales deben estar lim,Papel / Cartón / Plástico / Metal / Vidrio,-58.42592855567883,-34.616692420359826
"Marmol, Jose 34",Almagro,5,Los materiales deben estar lim,Papel / Cartón / Plástico / Metal / Vidrio,-58.42601204256285,-34.614100483273226
"Marmol, Jose 635",Almagro,5,Los materiales deben estar lim,Papel / Cartón / Plástico / Metal / Vidrio,-58.425357853969444,-34.620918576231375
Maza 318,Almagro,5,Los materiales deben estar lim,Papel / Cartón / Plástico / Metal / Vidrio,-58.41587736165219,-34.6146403459098
Maza 41,Almagro,5,Los materiales deben estar lim,Papel / Cartón / Plástico / Metal / Vidrio,-58.41712374487283,-34.611564195825856
Maza 456,Almagro,5,Los materiales deben estar lim,Papel / Cartón / Plástico / Metal / Vidrio,-58.41558652928738,-34.6164872314106
Maza 689,Almagro,5,Los materiales deben estar lim,Papel / Cartón / Plástico / Metal / Vidrio,-58.415292059957,-34.61953713983463
Mexico 4388,Almagro,5,Los materiales deben estar lim,Papel / Cartón / Plástico / Metal / Vidrio,-58.42779614147491,-34.620709356037416
"Mitre, Bartolome 3680",Almagro,5,Los materiales deben estar lim,Papel / Cartón / Plástico / Metal / Vidrio,-58.41828908059936,-34.60965267911923
"Mitre, Bartolome 4042",Almagro,5,Los materiales deben estar lim,Papel / Cartón / Plástico / Metal / Vidrio,-58.423571648541476,-34.610027589131704
"Mitre, Bartolome 4266",Almagro,5,Los materiales deben estar lim,Papel / Cartón / Plástico / Metal / Vidrio,-58.4269377890443,-34.61048935692262
"Mitre, Bartolome 4420",Almagro,5,Los materiales deben estar lim,Papel / Cartón / Plástico / Metal / Vidrio,-58.42924300251696,-34.61081117951321
"Peron, Juan Domingo, Tte. General 4075",Almagro,5,Los materiales deben estar lim,Papel / Cartón / Plástico / Metal / Vidrio,-58.42402543675339,-34.605931051203754
"Peron, Juan Domingo, Tte. General 4271",Almagro,5,Los materiales deben estar lim,Papel / Cartón / Plástico / Metal / Vidrio,-58.427064131915714,-34.60589718876692
"Peron, Juan Domingo, Tte. Gral 3421",Almagro,5,Los materiales deben estar lim,Papel / Cartón / Plástico / Metal / Vidrio,-58.415020611723634,-34.607061040530816
"Peron, Juan Domingo, Tte. Gral 3647",Almagro,5,Los materiales deben estar lim,Papel / Cartón / Plástico / Metal / Vidrio,-58.41794633635276,-34.60678274158789
Potosi 3993,Almagro,5,Los materiales deben estar lim,Papel / Cartón / Plástico / Metal / Vidrio,-58.42270839932499,-34.607220404848015
Potosi 4025,Almagro,5,Los materiales deben estar lim,Papel / Cartón / Plástico / Metal / Vidrio,-58.423731421676806,-34.60721963818453
Potosi 4366,Almagro,5,Los materiales deben estar lim,Papel / Cartón / Plástico / Metal / Vidrio,-58.42848655808549,-34.60726438987913
Querandies 4403,Almagro,5,Los materiales deben estar lim,Papel / Cartón / Plástico / Metal / Vidrio,-58.42893000467414,-34.61157436727559
Quintino Bocayuva 642,Almagro,5,Los materiales deben estar lim,Papel / Cartón / Plástico / Metal / Vidrio,-58.422361741673484,-34.619419711312226
Rocamora 4286,Almagro,5,Los materiales deben estar lim,Papel / Cartón / Plástico / Metal / Vidrio,-58.42489397560425,-34.59918840719846
Rocamora 4452,Almagro,5,Los materiales deben estar lim,Papel / Cartón / Plástico / Metal / Vidrio,-58.42736301146275,-34.599186002170484
"Salguero, Jeronimo 285",Almagro,5,Los materiales deben estar lim,Papel / Cartón / Plástico / Metal / Vidrio,-58.41993927523942,-34.607566744194536
"Salguero, Jeronimo 29",Almagro,5,Los materiales deben estar lim,Papel / Cartón / Plástico / Metal / Vidrio,-58.41973390900145,-34.61068993597568
Treinta y Tres Orientales 247,Almagro,5,Los materiales deben estar lim,Papel / Cartón / Plástico / Metal / Vidrio,-58.42450518066283,-34.61652745292448
Treinta y Tres Orientales 587,Almagro,5,Los materiales deben estar lim,Papel / Cartón / Plástico / Metal / Vidrio,-58.42422760774202,-34.62012816357766
Tucuman 3450,Almagro,5,Los materiales deben estar lim,Papel / Cartón / Plástico / Metal / Vidrio,-58.4142478829244,-34.59984460617489
Tucuman 3637,Almagro,5,Los materiales deben estar lim,Papel / Cartón / Plástico / Metal / Vidrio,-58.41664868738982,-34.59906649777853
Tucuman 3893,Almagro,5,Los materiales deben estar lim,Papel / Cartón / Plástico / Metal / Vidrio,-58.42002435600284,-34.59815597325233
Venezuela 3852,Almagro,5,Los materiales deben estar lim,Papel / Cartón / Plástico / Metal / Vidrio,-58.42021353276626,-34.617665167127676
Venezuela 4222,Almagro,5,Los materiales deben estar lim,Papel / Cartón / Plástico / Metal / Vidrio,-58.4246955681361,-34.618008282767676
Yapeyu 183,Almagro,5,Los materiales deben estar lim,Papel / Cartón / Plástico / Metal / Vidrio,-58.421883839191445,-34.61393946607337
Yapeyu 413,Almagro,5,Los materiales deben estar lim,Papel / Cartón / Plástico / Metal / Vidrio,-58.42161125506471,-34.616950933298426
Yapeyu 737,Almagro,5,Los materiales deben estar lim,Papel / Cartón / Plástico / Metal / Vidrio,-58.421030182384044,-34.620589020386625
Yatay 573,Almagro,5,Los materiales deben estar lim,Papel / Cartón / Plástico / Metal / Vidrio,-58.4289555816838,-34.605279344075
Yatay 87,Almagro,5,Los materiales deben estar lim,Papel / Cartón / Plástico / Metal / Vidrio,-58.42809969414353,-34.61344976166029
Moreno 3019,Balvanera,3,Los materiales deben estar lim,Papel / Cartón / Plástico / Metal / Vidrio,-58.40898483255695,-34.613936504051196
Moreno 3191,Balvanera,3,Los materiales deben estar lim,Papel / Cartón / Plástico / Metal / Vidrio,-58.410996211586244,-34.61399738849849
Sarmiento 3333,Balvanera,3,Los materiales deben estar lim,Papel / Cartón / Plástico / Metal / Vidrio,-58.41276505679385,-34.60624612969715
Moreno 1891,Balvanera,3,Los materiales deben estar lim,Papel / Cartón / Plástico / Metal / Vidrio,-58.39308528273733,-34.61272630311212
Moreno 2277,Balvanera,3,Los materiales deben estar lim,Papel / Cartón / Plástico / Metal / Vidrio,-58.39836505935461,-34.61306338656354
Moreno 2381,Balvanera,3,Los materiales deben estar lim,Papel / Cartón / Plástico / Metal / Vidrio,-58.3999666675813,-34.61318669683049
Moreno 2415,Balvanera,3,Los materiales deben estar lim,Papel / Cartón / Plástico / Metal / Vidrio,-58.40051203532209,-34.613173805403875
Moreno 2679,Balvanera,3,Los materiales deben estar lim,Papel / Cartón / Plástico / Metal / Vidrio,-58.40389686613789,-34.61334487739412
Sarmiento 2965,Balvanera,3,Los materiales deben estar lim,Papel / Cartón / Plástico / Metal / Vidrio,-58.4080007004926,-34.60662137691273
Jean Jures 424,Balvanera,3,Los materiales deben estar lim,Papel / Cartón / Plástico / Metal / Vidrio,-58.40934475354595,-34.6050257028615
Ag?ero 909,Balvanera,3,Los materiales deben estar lim,Papel / Cartón / Plástico / Metal / Vidrio,-58.41049765909676,-34.59924582530958
Aguero 610,Balvanera,3,Los materiales deben estar lim,Papel / Cartón / Plástico / Metal / Vidrio,-58.411456173899154,-34.60275286691803
"Alsina, Adolfo 1936",Balvanera,3,Los materiales deben estar lim,Papel / Cartón / Plástico / Metal / Vidrio,-58.39385071980387,-34.611673454074285
"Alsina, Adolfo 2916",Balvanera,3,Los materiales deben estar lim,Papel / Cartón / Plástico / Metal / Vidrio,-58.40724940841711,-34.61255874100273
Av. Jujuy 467,Balvanera,3,Los materiales deben estar lim,Papel / Cartón / Plástico / Metal / Vidrio,-58.40478905963387,-34.615410889896324
Chile 2056,Balvanera,3,Los materiales deben estar lim,Papel / Cartón / Plástico / Metal / Vidrio,-58.39543642203855,-34.61718394054295
Chile 2556,Balvanera,3,Los materiales deben estar lim,Papel / Cartón / Plástico / Metal / Vidrio,-58.40180718563652,-34.61776141026155
Corrientes Av. 2856,Balvanera,3,Los materiales deben estar lim,Papel / Cartón / Plástico / Metal / Vidrio,-58.406155352808696,-34.6045631129004
Mexico 1844,Balvanera,3,Los materiales deben estar lim,Papel / Cartón / Plástico / Metal / Vidrio,-58.39241397502961,-34.615784219050475
Republica Bolivariana De Venezuela 2455,Balvanera,3,Los materiales deben estar lim,Papel / Cartón / Plástico / Metal / Vidrio,-58.40220079471033,-34.61542816187123
Riobamba 324,Balvanera,3,Los materiales deben estar lim,Papel / Cartón / Plástico / Metal / Vidrio,-58.393770725067405,-34.6055295950536
"Uriburu Jose E., Pres. 383",Balvanera,3,Los materiales deben estar lim,Papel / Cartón / Plástico / Metal / Vidrio,-58.39812251106101,-34.604928805422816
Venezuela 2011,Balvanera,3,Los materiales deben estar lim,Papel / Cartón / Plástico / Metal / Vidrio,-58.39484656233135,-34.61511659855418
Viamonte 2002,Balvanera,3,Los materiales deben estar lim,Papel / Cartón / Plástico / Metal / Vidrio,-58.395790871792165,-34.60098081654619
Viamonte 2538,Balvanera,3,Los materiales deben estar lim,Papel / Cartón / Plástico / Metal / Vidrio,-58.40287853466737,-34.601048240853835
"Alsina, Adolfo 2184",Balvanera,3,Los materiales deben estar lim,Papel / Cartón / Plástico / Metal / Vidrio,-58.3971806891776,-34.61188704804279
"Alsina, Adolfo 2340",Balvanera,3,Los materiales deben estar lim,Papel / Cartón / Plástico / Metal / Vidrio,-58.399499458340536,-34.61202177540214
"Alsina, Adolfo 2550",Balvanera,3,Los materiales deben estar lim,Papel / Cartón / Plástico / Metal / Vidrio,-58.4023769766007,-34.612269955637466
"Alsina, Adolfo 3190",Balvanera,3,Los materiales deben estar lim,Papel / Cartón / Plástico / Metal / Vidrio,-58.411038738205036,-34.612974438263514
"Anchorena, Tomas Manuel De, Dr. 589",Balvanera,3,Los materiales deben estar lim,Papel / Cartón / Plástico / Metal / Vidrio,-58.40982401108757,-34.602762865747124
"Anchorena, Tomas Manuel De, Dr. 661",Balvanera,3,Los materiales deben estar lim,Papel / Cartón / Plástico / Metal / Vidrio,-58.40934459710335,-34.601435913694935
"Anchorena, Tomas Manuel De, Dr. 889",Balvanera,3,Los materiales deben estar lim,Papel / Cartón / Plástico / Metal / Vidrio,-58.408266085356466,-34.59840232923333
Belgrano Av. 1980,Balvanera,3,Los materiales deben estar lim,Papel / Cartón / Plástico / Metal / Vidrio,-58.3943682227175,-34.61409795526987
Belgrano Av. 2184,Balvanera,3,Los materiales deben estar lim,Papel / Cartón / Plástico / Metal / Vidrio,-58.39709079129367,-34.614262958007856
Belgrano Av. 2370,Balvanera,3,Los materiales deben estar lim,Papel / Cartón / Plástico / Metal / Vidrio,-58.39992119435422,-34.614423335337975
Belgrano Av. 2616,Balvanera,3,Los materiales deben estar lim,Papel / Cartón / Plástico / Metal / Vidrio,-58.403264744963614,-34.61462817841475
Belgrano Av. 2850,Balvanera,3,Los materiales deben estar lim,Papel / Cartón / Plástico / Metal / Vidrio,-58.4055627960678,-34.61480153610364
Belgrano Av. 2990,Balvanera,3,Los materiales deben estar lim,Papel / Cartón / Plástico / Metal / Vidrio,-58.40807785569606,-34.6151248100293
Belgrano Av. 3020,Balvanera,3,Los materiales deben estar lim,Papel / Cartón / Plástico / Metal / Vidrio,-58.408760691805426,-34.615212888368035
Belgrano Av. 3270,Balvanera,3,Los materiales deben estar lim,Papel / Cartón / Plástico / Metal / Vidrio,-58.4123099794225,-34.615490446334206
Boulogne Sur Mer 694,Balvanera,3,Los materiales deben estar lim,Papel / Cartón / Plástico / Metal / Vidrio,-58.4060369324686,-34.60193765973529
Boulogne Sur Mer 863,Balvanera,3,Los materiales deben estar lim,Papel / Cartón / Plástico / Metal / Vidrio,-58.405387976286256,-34.60019366483425
Chile 1908,Balvanera,3,Los materiales deben estar lim,Papel / Cartón / Plástico / Metal / Vidrio,-58.39340950158039,-34.61703261344939
Chile 2392,Balvanera,3,Los materiales deben estar lim,Papel / Cartón / Plástico / Metal / Vidrio,-58.39995923392599,-34.617573521604825
Cordoba Av. 2445,Balvanera,3,Los materiales deben estar lim,Papel / Cartón / Plástico / Metal / Vidrio,-58.40183842612383,-34.59930540417493
Cordoba Av. 2993,Balvanera,3,Los materiales deben estar lim,Papel / Cartón / Plástico / Metal / Vidrio,-58.40915904497013,-34.597998474956135
Corrientes Av. 1962,Balvanera,3,Los materiales deben estar lim,Papel / Cartón / Plástico / Metal / Vidrio,-58.39465803477623,-34.60456112924887
Corrientes Av. 2176,Balvanera,3,Los materiales deben estar lim,Papel / Cartón / Plástico / Metal / Vidrio,-58.39777400254673,-34.60464690453147
Corrientes Av. 3230,Balvanera,3,Los materiales deben estar lim,Papel / Cartón / Plástico / Metal / Vidrio,-58.41081271991486,-34.604119838332124
Ecuador 780,Balvanera,3,Los materiales deben estar lim,Papel / Cartón / Plástico / Metal / Vidrio,-58.40679587707657,-34.601011904781764
Ecuador 972,Balvanera,3,Los materiales deben estar lim,Papel / Cartón / Plástico / Metal / Vidrio,-58.405872000837405,-34.59854721747007
Gallo 789,Balvanera,3,Los materiales deben estar lim,Papel / Cartón / Plástico / Metal / Vidrio,-58.412282517656095,-34.60053100769483
Gallo 943,Balvanera,3,Los materiales deben estar lim,Papel / Cartón / Plástico / Metal / Vidrio,-58.41201257035982,-34.59893464859745
"Gomez, Valentin 2824",Balvanera,3,Los materiales deben estar lim,Papel / Cartón / Plástico / Metal / Vidrio,-58.406002933122934,-34.60553331329016
"Gomez, Valentin 3294",Balvanera,3,Los materiales deben estar lim,Papel / Cartón / Plástico / Metal / Vidrio,-58.411936950969874,-34.60515868126342
"Jaures, Jean 738",Balvanera,3,Los materiales deben estar lim,Papel / Cartón / Plástico / Metal / Vidrio,-58.407993358977905,-34.601588905662744
"Jaures, Jean 858",Balvanera,3,Los materiales deben estar lim,Papel / Cartón / Plástico / Metal / Vidrio,-58.40757328265789,-34.60047821975825
Jujuy Av. 240,Balvanera,3,Los materiales deben estar lim,Papel / Cartón / Plástico / Metal / Vidrio,-58.40533841748508,-34.61285447722076
Lavalle 1981,Balvanera,3,Los materiales deben estar lim,Papel / Cartón / Plástico / Metal / Vidrio,-58.395089733234975,-34.60320915952469
Lavalle 2125,Balvanera,3,Los materiales deben estar lim,Papel / Cartón / Plástico / Metal / Vidrio,-58.39732726725371,-34.60324910906063
Lavalle 2361,Balvanera,3,Los materiales deben estar lim,Papel / Cartón / Plástico / Metal / Vidrio,-58.400335557091346,-34.603363525480844
Lavalle 2535,Balvanera,3,Los materiales deben estar lim,Papel / Cartón / Plástico / Metal / Vidrio,-58.40263868666886,-34.60337986747564
Lavalle 2713,Balvanera,3,Los materiales deben estar lim,Papel / Cartón / Plástico / Metal / Vidrio,-58.405363705996876,-34.60327311044003
Lavalle 2975,Balvanera,3,Los materiales deben estar lim,Papel / Cartón / Plástico / Metal / Vidrio,-58.40815942863515,-34.60293017805689
Lavalle 3193,Balvanera,3,Los materiales deben estar lim,Papel / Cartón / Plástico / Metal / Vidrio,-58.411102760324674,-34.60205837012742
Mexico 2024,Balvanera,3,Los materiales deben estar lim,Papel / Cartón / Plástico / Metal / Vidrio,-58.39501744148076,-34.6159680962709
Mexico 2094,Balvanera,3,Los materiales deben estar lim,Papel / Cartón / Plástico / Metal / Vidrio,-58.395975896856555,-34.6160348691256
Mexico 2266,Balvanera,3,Los materiales deben estar lim,Papel / Cartón / Plástico / Metal / Vidrio,-58.398809852213816,-34.61632295858595
Mexico 2458,Balvanera,3,Los materiales deben estar lim,Papel / Cartón / Plástico / Metal / Vidrio,-58.40074175731382,-34.61655118928713
Mexico 2768,Balvanera,3,Los materiales deben estar lim,Papel / Cartón / Plástico / Metal / Vidrio,-58.405072585687435,-34.61738212890401
Mexico 2980,Balvanera,3,Los materiales deben estar lim,Papel / Cartón / Plástico / Metal / Vidrio,-58.40769794899888,-34.618215554560436
Mexico 3120,Balvanera,3,Los materiales deben estar lim,Papel / Cartón / Plástico / Metal / Vidrio,-58.409648635945125,-34.61881703314725
"Mitre, Bartolome 1918",Balvanera,3,Los materiales deben estar lim,Papel / Cartón / Plástico / Metal / Vidrio,-58.39380246452009,-34.60811500198506
"Peron, Juan Domingo, Tte. General 2121",Balvanera,3,Los materiales deben estar lim,Papel / Cartón / Plástico / Metal / Vidrio,-58.3968506897267,-34.60713809420399
Republica Bolivariana De Venezuela 2151,Balvanera,3,Los materiales deben estar lim,Papel / Cartón / Plástico / Metal / Vidrio,-58.39693866298984,-34.615265395734184
Republica Bolivariana De Venezuela 2815,Balvanera,3,Los materiales deben estar lim,Papel / Cartón / Plástico / Metal / Vidrio,-58.4061182588014,-34.616121778477726
Republica Bolivariana De Venezuela 3083,Balvanera,3,Los materiales deben estar lim,Papel / Cartón / Plástico / Metal / Vidrio,-58.4091279557565,-34.61655050577295
Republica Bolivariana De Venezuela 3287,Balvanera,3,Los materiales deben estar lim,Papel / Cartón / Plástico / Metal / Vidrio,-58.412495025423276,-34.616583885320274
Rivadavia Av. 1923,Balvanera,3,Los materiales deben estar lim,Papel / Cartón / Plástico / Metal / Vidrio,-58.393830626139625,-34.60924595501689
Rivadavia Av. 2153,Balvanera,3,Los materiales deben estar lim,Papel / Cartón / Plástico / Metal / Vidrio,-58.39687373339565,-34.60946085968629
Rivadavia Av. 2379,Balvanera,3,Los materiales deben estar lim,Papel / Cartón / Plástico / Metal / Vidrio,-58.40010311306705,-34.60971228777422
Rivadavia Av. 2515,Balvanera,3,Los materiales deben estar lim,Papel / Cartón / Plástico / Metal / Vidrio,-58.402046614017266,-34.60982274213927
Rivadavia Av. 2675,Balvanera,3,Los materiales deben estar lim,Papel / Cartón / Plástico / Metal / Vidrio,-58.40417776519439,-34.609939060042294
Rivadavia Av. 3165,Balvanera,3,Los materiales deben estar lim,Papel / Cartón / Plástico / Metal / Vidrio,-58.41110837623595,-34.61041885006641
San Luis 3336,Balvanera,3,Los materiales deben estar lim,Papel / Cartón / Plástico / Metal / Vidrio,-58.41278858160544,-34.59929158805448
Sanchez De Loria 271,Balvanera,3,Los materiales deben estar lim,Papel / Cartón / Plástico / Metal / Vidrio,-58.41328327789986,-34.613082136195516
Sanchez De Loria 721,Balvanera,3,Los materiales deben estar lim,Papel / Cartón / Plástico / Metal / Vidrio,-58.41273992148278,-34.61839800141276
Viamonte 2280,Balvanera,3,Los materiales deben estar lim,Papel / Cartón / Plástico / Metal / Vidrio,-58.399537039693,-34.601143173760605
Viamonte 2378,Balvanera,3,Los materiales deben estar lim,Papel / Cartón / Plástico / Metal / Vidrio,-58.400656711347665,-34.60118888100503
"Yrigoyen, Hipolito 1864",Balvanera,3,Los materiales deben estar lim,Papel / Cartón / Plástico / Metal / Vidrio,-58.39274622789613,-34.61043883374422
"Yrigoyen, Hipolito 2064",Balvanera,3,Los materiales deben estar lim,Papel / Cartón / Plástico / Metal / Vidrio,-58.39564528222737,-34.610601933421336
"Yrigoyen, Hipolito 2230",Balvanera,3,Los materiales deben estar lim,Papel / Cartón / Plástico / Metal / Vidrio,-58.39819696550294,-34.610778389708514
"Yrigoyen, Hipolito 2440",Balvanera,3,Los materiales deben estar lim,Papel / Cartón / Plástico / Metal / Vidrio,-58.4009462551384,-34.61098582881294
"Yrigoyen, Hipolito 2670",Balvanera,3,Los materiales deben estar lim,Papel / Cartón / Plástico / Metal / Vidrio,-58.404026398591334,-34.61118890939525
"Yrigoyen, Hipolito 2836",Balvanera,3,Los materiales deben estar lim,Papel / Cartón / Plástico / Metal / Vidrio,-58.40647111466285,-34.61134815392542
"Yrigoyen, Hipolito 3024",Balvanera,3,Los materiales deben estar lim,Papel / Cartón / Plástico / Metal / Vidrio,-58.40913424870457,-34.611492413176
Gualeguay 1289,Barracas,4,Los materiales deben estar lim,Papel / Cartón / Plástico / Metal / Vidrio,-58.37104912453524,-34.63272018358762
Gualeguay 1451,Barracas,4,Los materiales deben estar lim,Papel / Cartón / Plástico / Metal / Vidrio,-58.373086082698975,-34.63301053954862
Jorge 2250,Barracas,4,Los materiales deben estar lim,Papel / Cartón / Plástico / Metal / Vidrio,-58.37793997315146,-34.65243858757865
Suarez 1592,Barracas,4,Los materiales deben estar lim,Papel / Cartón / Plástico / Metal / Vidrio,-58.373184364889596,-34.638553970365756
Suarez 3175,Barracas,4,Los materiales deben estar lim,Papel / Cartón / Plástico / Metal / Vidrio,-58.39382046715366,-34.644576248088356
Piedras|1568|pr3158|,Barracas,4,Los materiales deben estar lim,Papel / Cartón / Plástico / Metal / Vidrio,-58.3757583858287,-34.626956571833304
Caseros Av.|1946|pr3172,Barracas,4,Los materiales deben estar lim,Papel / Cartón / Plástico / Metal / Vidrio,-58.38928179293686,-34.63396314184198
Caseros Av.|946|pr3235,Barracas,4,Los materiales deben estar lim,Papel / Cartón / Plástico / Metal / Vidrio,-58.37732907190325,-34.62840572412789
Caseros Av.|523|pr1374|,Barracas,4,Los materiales deben estar lim,Papel / Cartón / Plástico / Metal / Vidrio,-58.37300709749318,-34.626640594086936
Caseros Av.|1561|pr3171,Barracas,4,Los materiales deben estar lim,Papel / Cartón / Plástico / Metal / Vidrio,-58.38484896447742,-34.63256180029745
"Villafa?e, Wenceslao 1455",Barracas,4,Los materiales deben estar lim,Papel / Cartón / Plástico / Metal / Vidrio,-58.372669618189654,-34.63485629355848
"Villafa?e, Wenceslao 1247",Barracas,4,Los materiales deben estar lim,Papel / Cartón / Plástico / Metal / Vidrio,-58.370658272143665,-34.634568409781544
Alvarado 1961,Barracas,4,Los materiales deben estar lim,Papel / Cartón / Plástico / Metal / Vidrio,-58.37666745870795,-34.645605839304324
Alvarado 2295,Barracas,4,Los materiales deben estar lim,Papel / Cartón / Plástico / Metal / Vidrio,-58.38001383844879,-34.64678294315182
Alvarado 2465,Barracas,4,Los materiales deben estar lim,Papel / Cartón / Plástico / Metal / Vidrio,-58.3818732048969,-34.647231702612835
Alvarado 2795,Barracas,4,Los materiales deben estar lim,Papel / Cartón / Plástico / Metal / Vidrio,-58.38583959717771,-34.64809313341874
"Arata, Pedro N. 1523",Barracas,4,Los materiales deben estar lim,Papel / Cartón / Plástico / Metal / Vidrio,-58.39335276640932,-34.65191282280022
Australia Av. 2571,Barracas,4,Los materiales deben estar lim,Papel / Cartón / Plástico / Metal / Vidrio,-58.383612678258196,-34.646001300873735
Australia Av. 2924,Barracas,4,Los materiales deben estar lim,Papel / Cartón / Plástico / Metal / Vidrio,-58.38812870107981,-34.646828425581965
Azara 1194,Barracas,4,Los materiales deben estar lim,Papel / Cartón / Plástico / Metal / Vidrio,-58.37041583618493,-34.643090542549615
Azara 637,Barracas,4,Los materiales deben estar lim,Papel / Cartón / Plástico / Metal / Vidrio,-58.37155167679571,-34.637873279178336
California 2000,Barracas,4,Los materiales deben estar lim,Papel / Cartón / Plástico / Metal / Vidrio,-58.37658171348534,-34.64765766837965
California 2506,Barracas,4,Los materiales deben estar lim,Papel / Cartón / Plástico / Metal / Vidrio,-58.38192122727402,-34.64895972141536
California 2760,Barracas,4,Los materiales deben estar lim,Papel / Cartón / Plástico / Metal / Vidrio,-58.38499849308644,-34.64950340653129
Chubut 1219,Barracas,4,Los materiales deben estar lim,Papel / Cartón / Plástico / Metal / Vidrio,-58.39166792492848,-34.64877102090711
Cruz Del Sud 2988,Barracas,4,Los materiales deben estar lim,Papel / Cartón / Plástico / Metal / Vidrio,-58.38834843058025,-34.656216443275106
"Cruz, Osvaldo 3802",Barracas,4,Los materiales deben estar lim,Papel / Cartón / Plástico / Metal / Vidrio,-58.402762258942495,-34.65587774226147
"Cruz, Osvaldo Av. 2579",Barracas,4,Los materiales deben estar lim,Papel / Cartón / Plástico / Metal / Vidrio,-58.381965259626824,-34.653906623935974
Finochietto Enrique Dr. 1822,Barracas,4,Los materiales deben estar lim,Papel / Cartón / Plástico / Metal / Vidrio,-58.3891837892909,-34.63541214823176
Finochietto Enrique Dr. 2028,Barracas,4,Los materiales deben estar lim,Papel / Cartón / Plástico / Metal / Vidrio,-58.39065298599193,-34.63553768496424
Finochietto Enrique Dr. 582,Barracas,4,Los materiales deben estar lim,Papel / Cartón / Plástico / Metal / Vidrio,-58.373275881232765,-34.628222432133896
Finochietto Enrique Dr. 670,Barracas,4,Los materiales deben estar lim,Papel / Cartón / Plástico / Metal / Vidrio,-58.37418451640955,-34.62852457417246
"Hornos, Gral. 1650",Barracas,4,Los materiales deben estar lim,Papel / Cartón / Plástico / Metal / Vidrio,-58.37473034674474,-34.64554686819762
"Hornos, Gral. 530",Barracas,4,Los materiales deben estar lim,Papel / Cartón / Plástico / Metal / Vidrio,-58.377247170741676,-34.63392247695113
"Iriarte, Gral. 1395",Barracas,4,Los materiales deben estar lim,Papel / Cartón / Plástico / Metal / Vidrio,-58.3693546968714,-34.64748536232855
"Iriarte, Gral. 1931",Barracas,4,Los materiales deben estar lim,Papel / Cartón / Plástico / Metal / Vidrio,-58.37623891446848,-34.64872962048414
"Iriarte, Gral. Av. 2839",Barracas,4,Los materiales deben estar lim,Papel / Cartón / Plástico / Metal / Vidrio,-58.386275857917155,-34.65052576129723
"Iriarte, Gral. Av. 3196",Barracas,4,Los materiales deben estar lim,Papel / Cartón / Plástico / Metal / Vidrio,-58.39208677760522,-34.65140782741494
Isabel La Catolica 1660,Barracas,4,Los materiales deben estar lim,Papel / Cartón / Plástico / Metal / Vidrio,-58.37158062747214,-34.64769387119268
Isabel La Catolica 174,Barracas,4,Los materiales deben estar lim,Papel / Cartón / Plástico / Metal / Vidrio,-58.37423022763869,-34.63399867539009
Isabel La Catolica 960,Barracas,4,Los materiales deben estar lim,Papel / Cartón / Plástico / Metal / Vidrio,-58.37281843466382,-34.64108279349594
Ituzaingo 545,Barracas,4,Los materiales deben estar lim,Papel / Cartón / Plástico / Metal / Vidrio,-58.37255056293662,-34.629173991588225
Ituzaingo 763,Barracas,4,Los materiales deben estar lim,Papel / Cartón / Plástico / Metal / Vidrio,-58.37494073547664,-34.6309738238846
"Jovellanos, Gaspar M. De 110",Barracas,4,Los materiales deben estar lim,Papel / Cartón / Plástico / Metal / Vidrio,-58.37414926647728,-34.63185404475757
"Jovellanos, Gaspar M. De 1240",Barracas,4,Los materiales deben estar lim,Papel / Cartón / Plástico / Metal / Vidrio,-58.37128169239174,-34.643716328696954
Lanin 150,Barracas,4,Los materiales deben estar lim,Papel / Cartón / Plástico / Metal / Vidrio,-58.37899951163846,-34.640765545183356
Los Patos 1897,Barracas,4,Los materiales deben estar lim,Papel / Cartón / Plástico / Metal / Vidrio,-58.38873066265683,-34.637459664311564
Luzuriaga 696,Barracas,4,Los materiales deben estar lim,Papel / Cartón / Plástico / Metal / Vidrio,-58.38814351964772,-34.64163798072048
Luzuriaga 870,Barracas,4,Los materiales deben estar lim,Papel / Cartón / Plástico / Metal / Vidrio,-58.38823523481632,-34.64367766744708
Mirave 3348,Barracas,4,Los materiales deben estar lim,Papel / Cartón / Plástico / Metal / Vidrio,-58.39662399653961,-34.64430343647817
Mirave 3590,Barracas,4,Los materiales deben estar lim,Papel / Cartón / Plástico / Metal / Vidrio,-58.40032320202237,-34.64587546383976
Monasterio 651,Barracas,4,Los materiales deben estar lim,Papel / Cartón / Plástico / Metal / Vidrio,-58.393177547724044,-34.64358179441259
"Montes De Oca, Manuel Av. 1160",Barracas,4,Los materiales deben estar lim,Papel / Cartón / Plástico / Metal / Vidrio,-58.3739741966177,-34.64137835711723
"Montes De Oca, Manuel Av. 1418",Barracas,4,Los materiales deben estar lim,Papel / Cartón / Plástico / Metal / Vidrio,-58.37341869180714,-34.64383584653737
"Montes De Oca, Manuel Av. 1640",Barracas,4,Los materiales deben estar lim,Papel / Cartón / Plástico / Metal / Vidrio,-58.37302279093685,-34.64591676003915
"Montes De Oca, Manuel Av. 1792",Barracas,4,Los materiales deben estar lim,Papel / Cartón / Plástico / Metal / Vidrio,-58.3726292519434,-34.647965101060336
"Montes De Oca, Manuel Av. 367",Barracas,4,Los materiales deben estar lim,Papel / Cartón / Plástico / Metal / Vidrio,-58.37606848319228,-34.632796097235016
"Montes De Oca, Manuel Av. 650",Barracas,4,Los materiales deben estar lim,Papel / Cartón / Plástico / Metal / Vidrio,-58.37502112157478,-34.63583059268791
Olavarria 1621,Barracas,4,Los materiales deben estar lim,Papel / Cartón / Plástico / Metal / Vidrio,-58.373500684991484,-34.639517601737346
Orma 3227,Barracas,4,Los materiales deben estar lim,Papel / Cartón / Plástico / Metal / Vidrio,-58.391888716667495,-34.660962075176215
Orma 3267,Barracas,4,Los materiales deben estar lim,Papel / Cartón / Plástico / Metal / Vidrio,-58.39251953738632,-34.66099623178984
Orma 3317,Barracas,4,Los materiales deben estar lim,Papel / Cartón / Plástico / Metal / Vidrio,-58.39330806402634,-34.66103892296711
Piedras 1948,Barracas,4,Los materiales deben estar lim,Papel / Cartón / Plástico / Metal / Vidrio,-58.372259287497954,-34.63053367095535
Pinzon 1497,Barracas,4,Los materiales deben estar lim,Papel / Cartón / Plástico / Metal / Vidrio,-58.372572441332785,-34.63682131442811
"Quinquela Martin, Benito 2072",Barracas,4,Los materiales deben estar lim,Papel / Cartón / Plástico / Metal / Vidrio,-58.37846471751208,-34.64486269945554
Rio Cuarto 2250,Barracas,4,Los materiales deben estar lim,Papel / Cartón / Plástico / Metal / Vidrio,-58.378479339446834,-34.65058776583685
Rio Cuarto 2560,Barracas,4,Los materiales deben estar lim,Papel / Cartón / Plástico / Metal / Vidrio,-58.38160866354308,-34.65138084814681
Rio Cuarto 2820,Barracas,4,Los materiales deben estar lim,Papel / Cartón / Plástico / Metal / Vidrio,-58.385412509217026,-34.65226991220711
Rio Cuarto 3172,Barracas,4,Los materiales deben estar lim,Papel / Cartón / Plástico / Metal / Vidrio,-58.39179760158051,-34.65263650984181
Rocha 1521,Barracas,4,Los materiales deben estar lim,Papel / Cartón / Plástico / Metal / Vidrio,-58.37188490353531,-34.64220830366019
Ruy Diaz De Guzman 895,Barracas,4,Los materiales deben estar lim,Papel / Cartón / Plástico / Metal / Vidrio,-58.370416479345785,-34.63914010822045
"Salmun Feijoo, Jose Aaron 476",Barracas,4,Los materiales deben estar lim,Papel / Cartón / Plástico / Metal / Vidrio,-58.3789887863182,-34.63774678546231
"Salmun Feijoo, Jose Aaron 928",Barracas,4,Los materiales deben estar lim,Papel / Cartón / Plástico / Metal / Vidrio,-58.37799541020451,-34.64252984637148
"Salvadores, Cnel. 1527",Barracas,4,Los materiales deben estar lim,Papel / Cartón / Plástico / Metal / Vidrio,-58.37141025573545,-34.64525189780359
San Antonio 569,Barracas,4,Los materiales deben estar lim,Papel / Cartón / Plástico / Metal / Vidrio,-58.37834318666959,-34.648895838365874
Santa Elena 308,Barracas,4,Los materiales deben estar lim,Papel / Cartón / Plástico / Metal / Vidrio,-58.38490992899233,-34.64652889645007
Santa Elena 618,Barracas,4,Los materiales deben estar lim,Papel / Cartón / Plástico / Metal / Vidrio,-58.383524315518414,-34.650435248641976
Santo Domingo 2420,Barracas,4,Los materiales deben estar lim,Papel / Cartón / Plástico / Metal / Vidrio,-58.38035953544358,-34.652271044712506
Santo Domingo 2678,Barracas,4,Los materiales deben estar lim,Papel / Cartón / Plástico / Metal / Vidrio,-58.38415988579199,-34.65324466986142
Santo Domingo 2994,Barracas,4,Los materiales deben estar lim,Papel / Cartón / Plástico / Metal / Vidrio,-58.38854778697341,-34.653867745893926
Tacuari 1743,Barracas,4,Los materiales deben estar lim,Papel / Cartón / Plástico / Metal / Vidrio,-58.3762815695799,-34.62832349583799
Tacuari 1891,Barracas,4,Los materiales deben estar lim,Papel / Cartón / Plástico / Metal / Vidrio,-58.37457725672575,-34.63023890761522
"Unamuno, Miguel De 1641",Barracas,4,Los materiales deben estar lim,Papel / Cartón / Plástico / Metal / Vidrio,-58.392727927670975,-34.65302355804441
"Valle, Aristobulo Del 1610",Barracas,4,Los materiales deben estar lim,Papel / Cartón / Plástico / Metal / Vidrio,-58.37410203847887,-34.63619916717966
"Valle, Aristobulo Del 1782",Barracas,4,Los materiales deben estar lim,Papel / Cartón / Plástico / Metal / Vidrio,-58.376255277048074,-34.636239317413995
Vieytes 1543,Barracas,4,Los materiales deben estar lim,Papel / Cartón / Plástico / Metal / Vidrio,-58.376433554485615,-34.65103444936962
Cuba 2120,Belgrano,13,Los materiales deben estar lim,Papel / Cartón / Plástico / Metal / Vidrio,-58.45495081155932,-34.56074782996292
Cuba 2338,Belgrano,13,Los materiales deben estar lim,Papel / Cartón / Plástico / Metal / Vidrio,-58.45667345438566,-34.55875631879903
Cuba 2560,Belgrano,13,Los materiales deben estar lim,Papel / Cartón / Plástico / Metal / Vidrio,-58.45853483863866,-34.5566292453718
Cuba 2774,Belgrano,13,Los materiales deben estar lim,Papel / Cartón / Plástico / Metal / Vidrio,-58.46023081347465,-34.55465812363159
Cuba 2824,Belgrano,13,Los materiales deben estar lim,Papel / Cartón / Plástico / Metal / Vidrio,-58.46076985334873,-34.5540321008354
"Hernandez, Jose 2277",Belgrano,13,Los materiales deben estar lim,Papel / Cartón / Plástico / Metal / Vidrio,-58.45200082644665,-34.56491122173051
Jose Hernandez 2043,Belgrano,13,Los materiales deben estar lim,Papel / Cartón / Plástico / Metal / Vidrio,-58.45018609768862,-34.56383859855926
Mendoza 1390,Belgrano,13,Los materiales deben estar lim,Papel / Cartón / Plástico / Metal / Vidrio,-58.4472678342536,-34.55504190115807
Mendoza 1660,Belgrano,13,Los materiales deben estar lim,Papel / Cartón / Plástico / Metal / Vidrio,-58.45038581395978,-34.556891631290895
Mendoza 2132,Belgrano,13,Los materiales deben estar lim,Papel / Cartón / Plástico / Metal / Vidrio,-58.454942185180165,-34.559618197298704
Mendoza 3228,Belgrano,13,Los materiales deben estar lim,Papel / Cartón / Plástico / Metal / Vidrio,-58.46556589712407,-34.565903991675654
Monta?eses 2160,Belgrano,13,Los materiales deben estar lim,Papel / Cartón / Plástico / Metal / Vidrio,-58.449407689703804,-34.55688313791851
Monta?eses 1982,Belgrano,13,Los materiales deben estar lim,Papel / Cartón / Plástico / Metal / Vidrio,-58.44788062767929,-34.55864023810233
Casta?eda 1990,Belgrano,13,Los materiales deben estar lim,Papel / Cartón / Plástico / Metal / Vidrio,-58.437901805417354,-34.552527173287075
Casta?eda 2020,Belgrano,13,Los materiales deben estar lim,Papel / Cartón / Plástico / Metal / Vidrio,-58.43813278613434,-34.552157374494534
Arribe?os 1521,Belgrano,13,Los materiales deben estar lim,Papel / Cartón / Plástico / Metal / Vidrio,-58.44560245387299,-34.56356706473071
Arribe?os 1795,Belgrano,13,Los materiales deben estar lim,Papel / Cartón / Plástico / Metal / Vidrio,-58.44768989391132,-34.561143738040755
Arribe?os 2699,Belgrano,13,Los materiales deben estar lim,Papel / Cartón / Plástico / Metal / Vidrio,-58.4546166039475,-34.55270873261041
Conde 2546,Belgrano,13,Los materiales deben estar lim,Papel / Cartón / Plástico / Metal / Vidrio,-58.46908737113044,-34.56320540188075
11 De Septiembre De 1888 1482,Belgrano,13,Los materiales deben estar lim,Papel / Cartón / Plástico / Metal / Vidrio,-58.44618857286288,-34.56464257209649
11 De Septiembre De 1888 1650,Belgrano,13,Los materiales deben estar lim,Papel / Cartón / Plástico / Metal / Vidrio,-58.44762269303897,-34.56297116997417
11 De Septiembre De 1888 2207,Belgrano,13,Los materiales deben estar lim,Papel / Cartón / Plástico / Metal / Vidrio,-58.45207708733444,-34.55764609422652
11 De Septiembre De 1888 2430,Belgrano,13,Los materiales deben estar lim,Papel / Cartón / Plástico / Metal / Vidrio,-58.453792674271085,-34.555624051663365
11 De Septiembre De 1888 2802,Belgrano,13,Los materiales deben estar lim,Papel / Cartón / Plástico / Metal / Vidrio,-58.45666161708971,-34.55219184056645
3 De Febrero 1535,Belgrano,13,Los materiales deben estar lim,Papel / Cartón / Plástico / Metal / Vidrio,-58.4474368309406,-34.56462432717041
3 De Febrero 1731,Belgrano,13,Los materiales deben estar lim,Papel / Cartón / Plástico / Metal / Vidrio,-58.449065275134224,-34.56272108051178
3 De Febrero 1981,Belgrano,13,Los materiales deben estar lim,Papel / Cartón / Plástico / Metal / Vidrio,-58.45101356485665,-34.560478925462256
3 De Febrero 2191,Belgrano,13,Los materiales deben estar lim,Papel / Cartón / Plástico / Metal / Vidrio,-58.45274307759533,-34.55848070831458
3 De Febrero 2305,Belgrano,13,Los materiales deben estar lim,Papel / Cartón / Plástico / Metal / Vidrio,-58.45379661818124,-34.55724540454186
3 De Febrero 2463,Belgrano,13,Los materiales deben estar lim,Papel / Cartón / Plástico / Metal / Vidrio,-58.45495456447673,-34.55590476069955
3 De Febrero 2775,Belgrano,13,Los materiales deben estar lim,Papel / Cartón / Plástico / Metal / Vidrio,-58.457310519660695,-34.553164961109076
Amenabar 1691,Belgrano,13,Los materiales deben estar lim,Papel / Cartón / Plástico / Metal / Vidrio,-58.455303869435106,-34.56685450516343
Amenabar 1895,Belgrano,13,Los materiales deben estar lim,Papel / Cartón / Plástico / Metal / Vidrio,-58.45683341737293,-34.565095773779426
Amenabar 2065,Belgrano,13,Los materiales deben estar lim,Papel / Cartón / Plástico / Metal / Vidrio,-58.45818784462661,-34.56351995543727
Arcos 1757,Belgrano,13,Los materiales deben estar lim,Papel / Cartón / Plástico / Metal / Vidrio,-58.45104913260169,-34.563562895544486
Arcos 2273,Belgrano,13,Los materiales deben estar lim,Papel / Cartón / Plástico / Metal / Vidrio,-58.455140242321356,-34.558813536952904
Arcos 2447,Belgrano,13,Los materiales deben estar lim,Papel / Cartón / Plástico / Metal / Vidrio,-58.45662350772177,-34.557101923012645
Arcos 2645,Belgrano,13,Los materiales deben estar lim,Papel / Cartón / Plástico / Metal / Vidrio,-58.45819069512879,-34.55529463233418
Artilleros 1997,Belgrano,13,Los materiales deben estar lim,Papel / Cartón / Plástico / Metal / Vidrio,-58.44349051658867,-34.55574491566288
Artilleros 2049,Belgrano,13,Los materiales deben estar lim,Papel / Cartón / Plástico / Metal / Vidrio,-58.4438782936229,-34.55529403996091
Artilleros 2347,Belgrano,13,Los materiales deben estar lim,Papel / Cartón / Plástico / Metal / Vidrio,-58.44618737046151,-34.55260825777834
"Balbin, Ricardo, Dr. Av. 2393",Belgrano,13,Los materiales deben estar lim,Papel / Cartón / Plástico / Metal / Vidrio,-58.46479398534047,-34.56281142798945
"Barilari, Atilio S., Alte. 1317",Belgrano,13,Los materiales deben estar lim,Papel / Cartón / Plástico / Metal / Vidrio,-58.45087049081234,-34.55034098426803
"Barilari, Atilio S., Alte. 1425",Belgrano,13,Los materiales deben estar lim,Papel / Cartón / Plástico / Metal / Vidrio,-58.45181768633248,-34.55095624468217
"Bavio, Ernesto A. 2894",Belgrano,13,Los materiales deben estar lim,Papel / Cartón / Plástico / Metal / Vidrio,-58.448155093880125,-34.54799965219494
Blanco Encalada 1180,Belgrano,13,Los materiales deben estar lim,Papel / Cartón / Plástico / Metal / Vidrio,-58.446529969663246,-34.55181302393778
Blanco Encalada 1336,Belgrano,13,Los materiales deben estar lim,Papel / Cartón / Plástico / Metal / Vidrio,-58.44830860422321,-34.55286328917199
Blanco Encalada 1726,Belgrano,13,Los materiales deben estar lim,Papel / Cartón / Plástico / Metal / Vidrio,-58.45284849451513,-34.55555135415203
Blanco Encalada 2096,Belgrano,13,Los materiales deben estar lim,Papel / Cartón / Plástico / Metal / Vidrio,-58.456093773225106,-34.55748995211719
Blanco Encalada 2488,Belgrano,13,Los materiales deben estar lim,Papel / Cartón / Plástico / Metal / Vidrio,-58.45988078349887,-34.55973548818463
Blanco Encalada 2662,Belgrano,13,Los materiales deben estar lim,Papel / Cartón / Plástico / Metal / Vidrio,-58.46144693679167,-34.560664404203585
Blanco Encalada 2854,Belgrano,13,Los materiales deben estar lim,Papel / Cartón / Plástico / Metal / Vidrio,-58.463280369341916,-34.56170066322943
Blanco Encalada 3225,Belgrano,13,Los materiales deben estar lim,Papel / Cartón / Plástico / Metal / Vidrio,-58.46715178176645,-34.563959298259
Blanco Encalada 3485,Belgrano,13,Los materiales deben estar lim,Papel / Cartón / Plástico / Metal / Vidrio,-58.470247426989886,-34.56578639704636
Blanco Encalada 3500,Belgrano,13,Los materiales deben estar lim,Papel / Cartón / Plástico / Metal / Vidrio,-58.47055594109467,-34.56601297917567
Cabildo Av. 1543,Belgrano,13,Los materiales deben estar lim,Papel / Cartón / Plástico / Metal / Vidrio,-58.45133211008357,-34.56648946087335
Cabildo Av. 1851,Belgrano,13,Los materiales deben estar lim,Papel / Cartón / Plástico / Metal / Vidrio,-58.454543112112276,-34.56434774287922
Cabildo Av. 2060,Belgrano,13,Los materiales deben estar lim,Papel / Cartón / Plástico / Metal / Vidrio,-58.456494433966576,-34.56245530490205
Cabildo Av. 2151,Belgrano,13,Los materiales deben estar lim,Papel / Cartón / Plástico / Metal / Vidrio,-58.456981965437045,-34.56151187285768
Cabildo Av. 2166,Belgrano,13,Los materiales deben estar lim,Papel / Cartón / Plástico / Metal / Vidrio,-58.45734831453739,-34.56146528124505
Cabildo Av. 2555,Belgrano,13,Los materiales deben estar lim,Papel / Cartón / Plástico / Metal / Vidrio,-58.460285934481185,-34.5577001719996
Cabildo Av. 2782,Belgrano,13,Los materiales deben estar lim,Papel / Cartón / Plástico / Metal / Vidrio,-58.46186057030072,-34.55642582259062
"Campos, Luis M. Av. 1545",Belgrano,13,Los materiales deben estar lim,Papel / Cartón / Plástico / Metal / Vidrio,-58.443991344910756,-34.562437066103705
"Campos, Luis M. Av. 1616",Belgrano,13,Los materiales deben estar lim,Papel / Cartón / Plástico / Metal / Vidrio,-58.44495624279748,-34.56179964112023
Cazadores 1894,Belgrano,13,Los materiales deben estar lim,Papel / Cartón / Plástico / Metal / Vidrio,-58.44145319987518,-34.55627395113024
Cazadores 2120,Belgrano,13,Los materiales deben estar lim,Papel / Cartón / Plástico / Metal / Vidrio,-58.443451470739596,-34.55393620916293
Cazadores 2220,Belgrano,13,Los materiales deben estar lim,Papel / Cartón / Plástico / Metal / Vidrio,-58.44437637316449,-34.5528463071359
Cazadores 2474,Belgrano,13,Los materiales deben estar lim,Papel / Cartón / Plástico / Metal / Vidrio,-58.44625766822287,-34.55063799761344
Ciudad De La Paz 1928,Belgrano,13,Los materiales deben estar lim,Papel / Cartón / Plástico / Metal / Vidrio,-58.456302952614,-34.564265441301586
Ciudad De La Paz 2138,Belgrano,13,Los materiales deben estar lim,Papel / Cartón / Plástico / Metal / Vidrio,-58.45823323045897,-34.562028123977655
Ciudad De La Paz 2352,Belgrano,13,Los materiales deben estar lim,Papel / Cartón / Plástico / Metal / Vidrio,-58.45981588628187,-34.56018733974938
Ciudad De La Paz 2544,Belgrano,13,Los materiales deben estar lim,Papel / Cartón / Plástico / Metal / Vidrio,-58.46120783337738,-34.558550927007104
Conde 1762,Belgrano,13,Los materiales deben estar lim,Papel / Cartón / Plástico / Metal / Vidrio,-58.46267700838989,-34.57061770368135
Conde 1982,Belgrano,13,Los materiales deben estar lim,Papel / Cartón / Plástico / Metal / Vidrio,-58.464618497852484,-34.56836867808426
Conde 2298,Belgrano,13,Los materiales deben estar lim,Papel / Cartón / Plástico / Metal / Vidrio,-58.4670923821844,-34.56548687536848
Conesa 1816,Belgrano,13,Los materiales deben estar lim,Papel / Cartón / Plástico / Metal / Vidrio,-58.460095417329036,-34.56801233680082
Conesa 2080,Belgrano,13,Los materiales deben estar lim,Papel / Cartón / Plástico / Metal / Vidrio,-58.462100716387525,-34.565694695985925
Conesa 2210,Belgrano,13,Los materiales deben estar lim,Papel / Cartón / Plástico / Metal / Vidrio,-58.463331904962565,-34.56427380543138
Congreso 1534,Belgrano,13,Los materiales deben estar lim,Papel / Cartón / Plástico / Metal / Vidrio,-58.45361753547553,-34.550881782896944
Congreso Av. 1710,Belgrano,13,Los materiales deben estar lim,Papel / Cartón / Plástico / Metal / Vidrio,-58.455632001262195,-34.551937508672644
Congreso Av. 2610,Belgrano,13,Los materiales deben estar lim,Papel / Cartón / Plástico / Metal / Vidrio,-58.46447627230248,-34.55654740388868
Congreso Av. 2788,Belgrano,13,Los materiales deben estar lim,Papel / Cartón / Plástico / Metal / Vidrio,-58.46595334259549,-34.55731990217037
Congreso Av. 2975,Belgrano,13,Los materiales deben estar lim,Papel / Cartón / Plástico / Metal / Vidrio,-58.467978486923556,-34.5582276341987
Congreso Av. 3047,Belgrano,13,Los materiales deben estar lim,Papel / Cartón / Plástico / Metal / Vidrio,-58.46872166732066,-34.55861495082618
Cramer Av. 1721,Belgrano,13,Los materiales deben estar lim,Papel / Cartón / Plástico / Metal / Vidrio,-58.458012978734345,-34.56839681714702
Cramer Av. 1982,Belgrano,13,Los materiales deben estar lim,Papel / Cartón / Plástico / Metal / Vidrio,-58.460350451140705,-34.56601072087009
Cramer Av. 2055,Belgrano,13,Los materiales deben estar lim,Papel / Cartón / Plástico / Metal / Vidrio,-58.46080077507153,-34.565193440620924
Cramer Av. 2153,Belgrano,13,Los materiales deben estar lim,Papel / Cartón / Plástico / Metal / Vidrio,-58.46166000238379,-34.56420501799582
Cramer Av. 2395,Belgrano,13,Los materiales deben estar lim,Papel / Cartón / Plástico / Metal / Vidrio,-58.46352468769842,-34.56205002395134
Cramer Av. 2669,Belgrano,13,Los materiales deben estar lim,Papel / Cartón / Plástico / Metal / Vidrio,-58.46552021604434,-34.559722207915975
Cramer Av. 2742,Belgrano,13,Los materiales deben estar lim,Papel / Cartón / Plástico / Metal / Vidrio,-58.46619873600855,-34.55912882368983
Cuba 2090,Belgrano,13,Los materiales deben estar lim,Papel / Cartón / Plástico / Metal / Vidrio,-58.4546779358817,-34.56106237281545
Del Pino Virrey 3205,Belgrano,13,Los materiales deben estar lim,Papel / Cartón / Plástico / Metal / Vidrio,-58.4611065981288,-34.5706397964946
Dragones 2190,Belgrano,13,Los materiales deben estar lim,Papel / Cartón / Plástico / Metal / Vidrio,-58.44172892803048,-34.55204185629347
Dragones 2310,Belgrano,13,Los materiales deben estar lim,Papel / Cartón / Plástico / Metal / Vidrio,-58.44286542558322,-34.5507187138452
Echeverria 1048,Belgrano,13,Los materiales deben estar lim,Papel / Cartón / Plástico / Metal / Vidrio,-58.44200145988884,-34.55477907812599
Echeverria 1228,Belgrano,13,Los materiales deben estar lim,Papel / Cartón / Plástico / Metal / Vidrio,-58.443921318160804,-34.555927505745316
Echeverria 1520,Belgrano,13,Los materiales deben estar lim,Papel / Cartón / Plástico / Metal / Vidrio,-58.44728098002669,-34.5579373489494
Echeverria 1860,Belgrano,13,Los materiales deben estar lim,Papel / Cartón / Plástico / Metal / Vidrio,-58.450735039758,-34.55998916597949
Echeverria 1990,Belgrano,13,Los materiales deben estar lim,Papel / Cartón / Plástico / Metal / Vidrio,-58.45199078011483,-34.56073049259303
"Freire, Ramon, Cap. Gral. 1845",Belgrano,13,Los materiales deben estar lim,Papel / Cartón / Plástico / Metal / Vidrio,-58.462189995867185,-34.569060950018155
"Freire, Ramon, Cap. Gral. 2321",Belgrano,13,Los materiales deben estar lim,Papel / Cartón / Plástico / Metal / Vidrio,-58.46617950538467,-34.56447629933499
Hernandez Jose 1310,Belgrano,13,Los materiales deben estar lim,Papel / Cartón / Plástico / Metal / Vidrio,-58.44183537688776,-34.559026957284544
"Hernandez, Jose 2449",Belgrano,13,Los materiales deben estar lim,Papel / Cartón / Plástico / Metal / Vidrio,-58.453984435512865,-34.565878009626736
"Hernandez, Jose 2713",Belgrano,13,Los materiales deben estar lim,Papel / Cartón / Plástico / Metal / Vidrio,-58.456432567304944,-34.56736987226258
"Hernandez, Rafael 2820",Belgrano,13,Los materiales deben estar lim,Papel / Cartón / Plástico / Metal / Vidrio,-58.45099297682836,-34.549941807959364
"Hernandez, Rafael 2998",Belgrano,13,Los materiales deben estar lim,Papel / Cartón / Plástico / Metal / Vidrio,-58.45348958465716,-34.54955936526962
Husares 1959,Belgrano,13,Los materiales deben estar lim,Papel / Cartón / Plástico / Metal / Vidrio,-58.44089891094758,-34.55481815037415
Husares 2013,Belgrano,13,Los materiales deben estar lim,Papel / Cartón / Plástico / Metal / Vidrio,-58.44147134843499,-34.554157005093515
Husares 2235,Belgrano,13,Los materiales deben estar lim,Papel / Cartón / Plástico / Metal / Vidrio,-58.443255735832636,-34.55209216470269
Husares 2477,Belgrano,13,Los materiales deben estar lim,Papel / Cartón / Plástico / Metal / Vidrio,-58.44521800484713,-34.54978074517454
Juramento 1459,Belgrano,13,Los materiales deben estar lim,Papel / Cartón / Plástico / Metal / Vidrio,-58.4473632571857,-34.55642062834847
Juramento 1597,Belgrano,13,Los materiales deben estar lim,Papel / Cartón / Plástico / Metal / Vidrio,-58.44880845487717,-34.5573028879793
Juramento 2937,Belgrano,13,Los materiales deben estar lim,Papel / Cartón / Plástico / Metal / Vidrio,-58.46168627064204,-34.56494535419338
Juramento Av. 2433,Belgrano,13,Los materiales deben estar lim,Papel / Cartón / Plástico / Metal / Vidrio,-58.45719065270371,-34.562285304296154
Juramento Av. 2769,Belgrano,13,Los materiales deben estar lim,Papel / Cartón / Plástico / Metal / Vidrio,-58.459985261134385,-34.56393565574904
Juramento Av. 3123,Belgrano,13,Los materiales deben estar lim,Papel / Cartón / Plástico / Metal / Vidrio,-58.46365138141105,-34.56611165452473
La Pampa 1290,Belgrano,13,Los materiales deben estar lim,Papel / Cartón / Plástico / Metal / Vidrio,-58.44286748723052,-34.558195833596265
La Pampa 1635,Belgrano,13,Los materiales deben estar lim,Papel / Cartón / Plástico / Metal / Vidrio,-58.447078706226726,-34.56062694573365
La Pampa 2274,Belgrano,13,Los materiales deben estar lim,Papel / Cartón / Plástico / Metal / Vidrio,-58.453025020841224,-34.56420690180444
La Pampa 3278,Belgrano,13,Los materiales deben estar lim,Papel / Cartón / Plástico / Metal / Vidrio,-58.462807113431154,-34.56989755916297
La Pampa 3602,Belgrano,13,Los materiales deben estar lim,Papel / Cartón / Plástico / Metal / Vidrio,-58.46605680318991,-34.57181229251457
La Pampa 3654,Belgrano,13,Los materiales deben estar lim,Papel / Cartón / Plástico / Metal / Vidrio,-58.4665661538177,-34.57210873629457
La Pampa 816,Belgrano,13,Los materiales deben estar lim,Papel / Cartón / Plástico / Metal / Vidrio,-58.43763882162122,-34.5550752330761
"Loreto, Virrey 1627",Belgrano,13,Los materiales deben estar lim,Papel / Cartón / Plástico / Metal / Vidrio,-58.444127209678285,-34.56305700047168
"Loreto, Virrey 2171",Belgrano,13,Los materiales deben estar lim,Papel / Cartón / Plástico / Metal / Vidrio,-58.44872901236184,-34.565770983051
"Loreto, Virrey 2375",Belgrano,13,Los materiales deben estar lim,Papel / Cartón / Plástico / Metal / Vidrio,-58.44971240573545,-34.566988843854176
"Martinez, Enrique, Gral. 2010",Belgrano,13,Los materiales deben estar lim,Papel / Cartón / Plástico / Metal / Vidrio,-58.4679535371384,-34.569940182069445
"Martinez, Enrique, Gral. 2339",Belgrano,13,Los materiales deben estar lim,Papel / Cartón / Plástico / Metal / Vidrio,-58.47048952598006,-34.56669604523835
Melian Av. 1961,Belgrano,13,Los materiales deben estar lim,Papel / Cartón / Plástico / Metal / Vidrio,-58.46630853153784,-34.56978424593196
Melian Av. 2167,Belgrano,13,Los materiales deben estar lim,Papel / Cartón / Plástico / Metal / Vidrio,-58.46829714506754,-34.568029086828666
Melian Av. 2457,Belgrano,13,Los materiales deben estar lim,Papel / Cartón / Plástico / Metal / Vidrio,-58.471094049741666,-34.565672805871344
Migueletes 1660,Belgrano,13,Los materiales deben estar lim,Papel / Cartón / Plástico / Metal / Vidrio,-58.44307256832412,-34.56030745576804
Migueletes 1987,Belgrano,13,Los materiales deben estar lim,Papel / Cartón / Plástico / Metal / Vidrio,-58.44567614935627,-34.557132247485164
Migueletes 2251,Belgrano,13,Los materiales deben estar lim,Papel / Cartón / Plástico / Metal / Vidrio,-58.4478008835526,-34.55466371113135
Moldes 1760,Belgrano,13,Los materiales deben estar lim,Papel / Cartón / Plástico / Metal / Vidrio,-58.45671474673756,-34.56691590666161
Moldes 1946,Belgrano,13,Los materiales deben estar lim,Papel / Cartón / Plástico / Metal / Vidrio,-58.45824198155348,-34.56514524874027
Moldes 2176,Belgrano,13,Los materiales deben estar lim,Papel / Cartón / Plástico / Metal / Vidrio,-58.46016943888096,-34.56291139461315
Monroe 1205,Belgrano,13,Los materiales deben estar lim,Papel / Cartón / Plástico / Metal / Vidrio,-58.44792199160641,-34.551101289083775
Monroe 1815,Belgrano,13,Los materiales deben estar lim,Papel / Cartón / Plástico / Metal / Vidrio,-58.454417029900675,-34.55501931556517
Monroe 2705,Belgrano,13,Los materiales deben estar lim,Papel / Cartón / Plástico / Metal / Vidrio,-58.46288972193757,-34.559986348717125
Monroe 915,Belgrano,13,Los materiales deben estar lim,Papel / Cartón / Plástico / Metal / Vidrio,-58.44449495033217,-34.54907520878551
Monroe Av. 1307,Belgrano,13,Los materiales deben estar lim,Papel / Cartón / Plástico / Metal / Vidrio,-58.44899843891016,-34.551740459561
Monroe Av. 2517,Belgrano,13,Los materiales deben estar lim,Papel / Cartón / Plástico / Metal / Vidrio,-58.46117883849545,-34.55897054880471
Monroe Av. 2909,Belgrano,13,Los materiales deben estar lim,Papel / Cartón / Plástico / Metal / Vidrio,-58.46473073567707,-34.56107645750074
"Naon, Romulo 2068",Belgrano,13,Los materiales deben estar lim,Papel / Cartón / Plástico / Metal / Vidrio,-58.47014629955317,-34.570580064812056
"Naon, Romulo 2212",Belgrano,13,Los materiales deben estar lim,Papel / Cartón / Plástico / Metal / Vidrio,-58.47137122164277,-34.56913242464186
"Naon, Romulo 2385",Belgrano,13,Los materiales deben estar lim,Papel / Cartón / Plástico / Metal / Vidrio,-58.47254822942439,-34.56752058943215
O'higgins 1592,Belgrano,13,Los materiales deben estar lim,Papel / Cartón / Plástico / Metal / Vidrio,-58.448793332164726,-34.56475062795573
O'higgins 1632,Belgrano,13,Los materiales deben estar lim,Papel / Cartón / Plástico / Metal / Vidrio,-58.44917581832089,-34.564306646458945
O'higgins 1824,Belgrano,13,Los materiales deben estar lim,Papel / Cartón / Plástico / Metal / Vidrio,-58.450886435292716,-34.56230955981569
O'higgins 2022,Belgrano,13,Los materiales deben estar lim,Papel / Cartón / Plástico / Metal / Vidrio,-58.45249134210518,-34.56045156909639
O'higgins 2340,Belgrano,13,Los materiales deben estar lim,Papel / Cartón / Plástico / Metal / Vidrio,-58.45486394046539,-34.557694075721045
O'higgins 2490,Belgrano,13,Los materiales deben estar lim,Papel / Cartón / Plástico / Metal / Vidrio,-58.45610928509039,-34.556257693689446
Olazabal 1419,Belgrano,13,Los materiales deben estar lim,Papel / Cartón / Plástico / Metal / Vidrio,-58.44842853298968,-34.55425478175489
Olazabal 1517,Belgrano,13,Los materiales deben estar lim,Papel / Cartón / Plástico / Metal / Vidrio,-58.449495205784636,-34.5549323623161
Olazabal 1683,Belgrano,13,Los materiales deben estar lim,Papel / Cartón / Plástico / Metal / Vidrio,-58.451519643725774,-34.55608776902558
Olazabal 2571,Belgrano,13,Los materiales deben estar lim,Papel / Cartón / Plástico / Metal / Vidrio,-58.45986112179032,-34.56104053546124
Olazabal 2877,Belgrano,13,Los materiales deben estar lim,Papel / Cartón / Plástico / Metal / Vidrio,-58.46260601093523,-34.56267014268612
"Pino, Virrey Del 3543",Belgrano,13,Los materiales deben estar lim,Papel / Cartón / Plástico / Metal / Vidrio,-58.46524851691598,-34.572843775804074
"Plaza, Victorino De La, Dr. 1030",Belgrano,13,Los materiales deben estar lim,Papel / Cartón / Plástico / Metal / Vidrio,-58.44830358121738,-34.54827699722028
"Plaza, Victorino De La, Dr. 1110",Belgrano,13,Los materiales deben estar lim,Papel / Cartón / Plástico / Metal / Vidrio,-58.44852343309694,-34.54926702218055
"Plaza, Victorino De La, Dr. 1602",Belgrano,13,Los materiales deben estar lim,Papel / Cartón / Plástico / Metal / Vidrio,-58.45180773774046,-34.549616297970196
"Plaza, Victorino De La, Dr. 1798",Belgrano,13,Los materiales deben estar lim,Papel / Cartón / Plástico / Metal / Vidrio,-58.45136490793216,-34.547603467973424
Quinteros Lidoro 1228,Belgrano,13,Los materiales deben estar lim,Papel / Cartón / Plástico / Metal / Vidrio,-58.450315452783244,-34.55060710004873
"Quinteros, Lidoro J. Av. 1049",Belgrano,13,Los materiales deben estar lim,Papel / Cartón / Plástico / Metal / Vidrio,-58.45000677344377,-34.54823557102593
Ramsay 1905,Belgrano,13,Los materiales deben estar lim,Papel / Cartón / Plástico / Metal / Vidrio,-58.43835444666786,-34.553824038878425
"Riccheri, Pablo, Tte. Gral. 2751",Belgrano,13,Los materiales deben estar lim,Papel / Cartón / Plástico / Metal / Vidrio,-58.44832312374696,-34.54911986623844
"Riccheri, Pablo, Tte. Gral. 3087",Belgrano,13,Los materiales deben estar lim,Papel / Cartón / Plástico / Metal / Vidrio,-58.45252433393096,-34.54844763719964
"Rivera, Pedro I., Dr. 2749",Belgrano,13,Los materiales deben estar lim,Papel / Cartón / Plástico / Metal / Vidrio,-58.46442416799222,-34.558617385067414
"Rivera, Pedro I., Dr. 2867",Belgrano,13,Los materiales deben estar lim,Papel / Cartón / Plástico / Metal / Vidrio,-58.46548753229308,-34.559215615970096
"Rivera, Pedro I., Dr. 3013",Belgrano,13,Los materiales deben estar lim,Papel / Cartón / Plástico / Metal / Vidrio,-58.46706277592168,-34.56009705038946
Roosevelt Franklin D. 1656,Belgrano,13,Los materiales deben estar lim,Papel / Cartón / Plástico / Metal / Vidrio,-58.45348455580935,-34.55319810707578
Roosevelt Franklin D. 1790,Belgrano,13,Los materiales deben estar lim,Papel / Cartón / Plástico / Metal / Vidrio,-58.45480648648861,-34.55399766942502
Roosevelt Franklin D. 2402,Belgrano,13,Los materiales deben estar lim,Papel / Cartón / Plástico / Metal / Vidrio,-58.46065050291229,-34.55769557041932
Roosevelt Franklin D. 2660,Belgrano,13,Los materiales deben estar lim,Papel / Cartón / Plástico / Metal / Vidrio,-58.46303240403187,-34.5590688745183
Roosevelt Franklin D. 2846,Belgrano,13,Los materiales deben estar lim,Papel / Cartón / Plástico / Metal / Vidrio,-58.464522513034,-34.55992669862884
Roosevelt Franklin D. 2982,Belgrano,13,Los materiales deben estar lim,Papel / Cartón / Plástico / Metal / Vidrio,-58.46583544480422,-34.56068285695878
"Solier, Daniel De, Alte. 1010",Belgrano,13,Los materiales deben estar lim,Papel / Cartón / Plástico / Metal / Vidrio,-58.4505647814896,-34.547789048190715
"Sourigues, Carlos, Cnel. 2592",Belgrano,13,Los materiales deben estar lim,Papel / Cartón / Plástico / Metal / Vidrio,-58.449254612865246,-34.55117242538546
"Sucre, Antonio Jose De, Mcal. 1285",Belgrano,13,Los materiales deben estar lim,Papel / Cartón / Plástico / Metal / Vidrio,-58.44368389973991,-34.55714820003038
"Sucre, Antonio Jose De, Mcal. 2365",Belgrano,13,Los materiales deben estar lim,Papel / Cartón / Plástico / Metal / Vidrio,-58.45469190912162,-34.563659232645264
"Sucre, Antonio Jose De, Mcal. 2765",Belgrano,13,Los materiales deben estar lim,Papel / Cartón / Plástico / Metal / Vidrio,-58.4584268323738,-34.56586885055307
"Sucre, Antonio Jose De, Mcal. 765",Belgrano,13,Los materiales deben estar lim,Papel / Cartón / Plástico / Metal / Vidrio,-58.437756248231906,-34.55359131274001
Superi 1679,Belgrano,13,Los materiales deben estar lim,Papel / Cartón / Plástico / Metal / Vidrio,-58.46290624943665,-34.5719911824264
Superi 1925,Belgrano,13,Los materiales deben estar lim,Papel / Cartón / Plástico / Metal / Vidrio,-58.4650628757739,-34.569502519754785
Superi 2007,Belgrano,13,Los materiales deben estar lim,Papel / Cartón / Plástico / Metal / Vidrio,-58.465791386430396,-34.56866110354678
Superi 2137,Belgrano,13,Los materiales deben estar lim,Papel / Cartón / Plástico / Metal / Vidrio,-58.466777378069516,-34.567520535399666
"Udaondo, Guillermo Av. 1294",Belgrano,13,Los materiales deben estar lim,Papel / Cartón / Plástico / Metal / Vidrio,-58.45259930086187,-34.54709696537727
"Ugarte, Manuel 1655",Belgrano,13,Los materiales deben estar lim,Papel / Cartón / Plástico / Metal / Vidrio,-58.45423382172252,-34.55233342883004
"Ugarte, Manuel 1809",Belgrano,13,Los materiales deben estar lim,Papel / Cartón / Plástico / Metal / Vidrio,-58.45600928085463,-34.55330863759013
"Ugarte, Manuel 2175",Belgrano,13,Los materiales deben estar lim,Papel / Cartón / Plástico / Metal / Vidrio,-58.459247931300595,-34.555063279890604
"Ugarte, Manuel 2524",Belgrano,13,Los materiales deben estar lim,Papel / Cartón / Plástico / Metal / Vidrio,-58.46304040479599,-34.55686932377466
"Ugarte, Manuel 2672",Belgrano,13,Los materiales deben estar lim,Papel / Cartón / Plástico / Metal / Vidrio,-58.46414332331776,-34.55746314475009
Vidal 2095,Belgrano,13,Los materiales deben estar lim,Papel / Cartón / Plástico / Metal / Vidrio,-58.46019310766568,-34.56431412300497
Vidal 2209,Belgrano,13,Los materiales deben estar lim,Papel / Cartón / Plástico / Metal / Vidrio,-58.4612458090284,-34.56309002241003
Vidal 2865,Belgrano,13,Los materiales deben estar lim,Papel / Cartón / Plástico / Metal / Vidrio,-58.465921465444275,-34.55766790266705
Vuelta De Obligado 1771,Belgrano,13,Los materiales deben estar lim,Papel / Cartón / Plástico / Metal / Vidrio,-58.45298703339121,-34.56454104238917
Vuelta De Obligado 1931,Belgrano,13,Los materiales deben estar lim,Papel / Cartón / Plástico / Metal / Vidrio,-58.45432180767403,-34.5629626802823
Vuelta De Obligado 2405,Belgrano,13,Los materiales deben estar lim,Papel / Cartón / Plástico / Metal / Vidrio,-58.45813956292463,-34.5586019073873
Vuelta De Obligado 2661,Belgrano,13,Los materiales deben estar lim,Papel / Cartón / Plástico / Metal / Vidrio,-58.460147146351986,-34.556205177410746
Washington 1945,Belgrano,13,Los materiales deben estar lim,Papel / Cartón / Plástico / Metal / Vidrio,-58.46816987633525,-34.571063996626116
Washington 2161,Belgrano,13,Los materiales deben estar lim,Papel / Cartón / Plástico / Metal / Vidrio,-58.46992522216533,-34.56900754472841
Washington 2360,Belgrano,13,Los materiales deben estar lim,Papel / Cartón / Plástico / Metal / Vidrio,-58.471592276790375,-34.567189478250995
Zapiola 1796,Belgrano,13,Los materiales deben estar lim,Papel / Cartón / Plástico / Metal / Vidrio,-58.46085095094896,-34.568937659606824
Zapiola 1981,Belgrano,13,Los materiales deben estar lim,Papel / Cartón / Plástico / Metal / Vidrio,-58.46234580436865,-34.5670924917012
Zapiola 2163,Belgrano,13,Los materiales deben estar lim,Papel / Cartón / Plástico / Metal / Vidrio,-58.46387248856108,-34.565322075611654
Zapiola 2338,Belgrano,13,Los materiales deben estar lim,Papel / Cartón / Plástico / Metal / Vidrio,-58.46538054206121,-34.56372601702986
Zapiola 2704,Belgrano,13,Los materiales deben estar lim,Papel / Cartón / Plástico / Metal / Vidrio,-58.46791645978832,-34.560416728522284
Suarez 432,La Boca,4,Los materiales deben estar lim,Papel / Cartón / Plástico / Metal / Vidrio,-58.35917491798161,-34.63547967592695
Suarez 722,La Boca,4,Los materiales deben estar lim,Papel / Cartón / Plástico / Metal / Vidrio,-58.363461204224045,-34.637209727434374
Suarez 980,La Boca,4,Los materiales deben estar lim,Papel / Cartón / Plástico / Metal / Vidrio,-58.36601224724126,-34.63791311009773
Paseo Colon Av.|1458|pr1742|,La Boca,4,Los materiales deben estar lim,Papel / Cartón / Plástico / Metal / Vidrio,-58.36787047089128,-34.62485309485187
"Garcia, Martin Av.|378|pr3712",La Boca,4,Los materiales deben estar lim,Papel / Cartón / Plástico / Metal / Vidrio,-58.370257525568384,-34.62922048152375
"Villafa?e, Wenceslao 541",La Boca,4,Los materiales deben estar lim,Papel / Cartón / Plástico / Metal / Vidrio,-58.362849252138744,-34.63277924207373
"Villafa?e, Wenceslao 181",La Boca,4,Los materiales deben estar lim,Papel / Cartón / Plástico / Metal / Vidrio,-58.35781191855359,-34.63071731721446
Alvar Nu?ez 335,La Boca,4,Los materiales deben estar lim,Papel / Cartón / Plástico / Metal / Vidrio,-58.36403264056409,-34.644772589286106
Alvar Nu?ez 150,La Boca,4,Los materiales deben estar lim,Papel / Cartón / Plástico / Metal / Vidrio,-58.364872879338094,-34.64293746202695
20 De Setiembre 230,La Boca,4,Los materiales deben estar lim,Papel / Cartón / Plástico / Metal / Vidrio,-58.36188876283334,-34.62897179669793
"Blanes, Juan Manuel 131",La Boca,4,Los materiales deben estar lim,Papel / Cartón / Plástico / Metal / Vidrio,-58.359871225018246,-34.62839343119137
Brandsen 1003,La Boca,4,Los materiales deben estar lim,Papel / Cartón / Plástico / Metal / Vidrio,-58.366819876073556,-34.636983512610584
Brandsen 395,La Boca,4,Los materiales deben estar lim,Papel / Cartón / Plástico / Metal / Vidrio,-58.35907053208683,-34.63432602354655
Brandsen 651,La Boca,4,Los materiales deben estar lim,Papel / Cartón / Plástico / Metal / Vidrio,-58.36320315030277,-34.636013090631614
"Brin, Ministro 1383",La Boca,4,Los materiales deben estar lim,Papel / Cartón / Plástico / Metal / Vidrio,-58.35533717661694,-34.635651260428155
"Brin, Ministro 921",La Boca,4,Los materiales deben estar lim,Papel / Cartón / Plástico / Metal / Vidrio,-58.357425134186904,-34.63197893799224
"Brown, Alte. Av. 1335",La Boca,4,Los materiales deben estar lim,Papel / Cartón / Plástico / Metal / Vidrio,-58.35832457902667,-34.63645197550312
"Brown, Alte. Av. 489",La Boca,4,Los materiales deben estar lim,Papel / Cartón / Plástico / Metal / Vidrio,-58.36438912635758,-34.62988025160161
"Brown, Alte. Av. 739",La Boca,4,Los materiales deben estar lim,Papel / Cartón / Plástico / Metal / Vidrio,-58.36190654798516,-34.63151371410816
"Brown, Alte. Av. 941",La Boca,4,Los materiales deben estar lim,Papel / Cartón / Plástico / Metal / Vidrio,-58.360224964005404,-34.63322288836177
Caboto 250,La Boca,4,Los materiales deben estar lim,Papel / Cartón / Plástico / Metal / Vidrio,-58.36174534346011,-34.62686870089296
California 890,La Boca,4,Los materiales deben estar lim,Papel / Cartón / Plástico / Metal / Vidrio,-58.36210068280155,-34.644637460418345
Hernandarias 1434,La Boca,4,Los materiales deben estar lim,Papel / Cartón / Plástico / Metal / Vidrio,-58.36724247422292,-34.64201256818847
Hernandarias 1862,La Boca,4,Los materiales deben estar lim,Papel / Cartón / Plástico / Metal / Vidrio,-58.366683556554484,-34.646003736326456
Hernandarias 246,La Boca,4,Los materiales deben estar lim,Papel / Cartón / Plástico / Metal / Vidrio,-58.36915004745634,-34.63126298614941
Hernandarias 408,La Boca,4,Los materiales deben estar lim,Papel / Cartón / Plástico / Metal / Vidrio,-58.36875189384442,-34.63268243451098
Hernandarias 674,La Boca,4,Los materiales deben estar lim,Papel / Cartón / Plástico / Metal / Vidrio,-58.36831245441397,-34.635068320943894
Irala 159,La Boca,4,Los materiales deben estar lim,Papel / Cartón / Plástico / Metal / Vidrio,-58.36860262013824,-34.63019746631277
"Melo, Carlos F. 193",La Boca,4,Los materiales deben estar lim,Papel / Cartón / Plástico / Metal / Vidrio,-58.36491975539817,-34.64009016296891
"Melo, Carlos F. 325",La Boca,4,Los materiales deben estar lim,Papel / Cartón / Plástico / Metal / Vidrio,-58.364215441055556,-34.64136883370074
Necochea 190,La Boca,4,Los materiales deben estar lim,Papel / Cartón / Plástico / Metal / Vidrio,-58.36579520237314,-34.62719202296818
Necochea 756,La Boca,4,Los materiales deben estar lim,Papel / Cartón / Plástico / Metal / Vidrio,-58.360535790870074,-34.63066560419467
Necochea 862,La Boca,4,Los materiales deben estar lim,Papel / Cartón / Plástico / Metal / Vidrio,-58.35922821562386,-34.63175088598014
Olavarria 1062,La Boca,4,Los materiales deben estar lim,Papel / Cartón / Plástico / Metal / Vidrio,-58.36725140935571,-34.63895194134348
"Palacios, Alfredo L. 1219",La Boca,4,Los materiales deben estar lim,Papel / Cartón / Plástico / Metal / Vidrio,-58.36727531827128,-34.64365350525041
Palos 362,La Boca,4,Los materiales deben estar lim,Papel / Cartón / Plástico / Metal / Vidrio,-58.3629123883664,-34.63456290386621
Palos 560,La Boca,4,Los materiales deben estar lim,Papel / Cartón / Plástico / Metal / Vidrio,-58.36192913813555,-34.63615938452338
Palos 690,La Boca,4,Los materiales deben estar lim,Papel / Cartón / Plástico / Metal / Vidrio,-58.361351342171446,-34.63712715270979
"Quinquela Martin, Benito 1290",La Boca,4,Los materiales deben estar lim,Papel / Cartón / Plástico / Metal / Vidrio,-58.368510773859086,-34.64293611245384
Regimiento De Patricios Av. 153,La Boca,4,Los materiales deben estar lim,Papel / Cartón / Plástico / Metal / Vidrio,-58.37057120903361,-34.631331688295795
Regimiento De Patricios Av. 643,La Boca,4,Los materiales deben estar lim,Papel / Cartón / Plástico / Metal / Vidrio,-58.36996559625177,-34.63599402328539
Regimiento De Patricios Av. 807,La Boca,4,Los materiales deben estar lim,Papel / Cartón / Plástico / Metal / Vidrio,-58.36972945671785,-34.63751546151219
"Rodriguez, Martin 1081",La Boca,4,Los materiales deben estar lim,Papel / Cartón / Plástico / Metal / Vidrio,-58.3595341101319,-34.637390374543386
"Rodriguez, Martin 725",La Boca,4,Los materiales deben estar lim,Papel / Cartón / Plástico / Metal / Vidrio,-58.36128835391315,-34.634503982353515
"Salvadores, Cnel. 1325",La Boca,4,Los materiales deben estar lim,Papel / Cartón / Plástico / Metal / Vidrio,-58.36906727008532,-34.64477526850981
"Salvadores, Cnel. 851",La Boca,4,Los materiales deben estar lim,Papel / Cartón / Plástico / Metal / Vidrio,-58.362139478813305,-34.64332768399642
"Valle Iberlucea Del, Dr. 1061",La Boca,4,Los materiales deben estar lim,Papel / Cartón / Plástico / Metal / Vidrio,-58.36294284260423,-34.63757025790455
"Valle, Aristobulo Del 590",La Boca,4,Los materiales deben estar lim,Papel / Cartón / Plástico / Metal / Vidrio,-58.36298662282303,-34.63396543325479
"Valle, Aristobulo Del 626",La Boca,4,Los materiales deben estar lim,Papel / Cartón / Plástico / Metal / Vidrio,-58.36360890808429,-34.634220540276395
Castro 1032,Boedo,5,Los materiales deben estar lim,Papel / Cartón / Plástico / Metal / Vidrio,-58.420402395875286,-34.62514548451172
Castro 1212,Boedo,5,Los materiales deben estar lim,Papel / Cartón / Plástico / Metal / Vidrio,-58.419840883270325,-34.627654120133045
Castro 1396,Boedo,5,Los materiales deben estar lim,Papel / Cartón / Plástico / Metal / Vidrio,-58.41947604208852,-34.629142783640084
Castro 1534,Boedo,5,Los materiales deben estar lim,Papel / Cartón / Plástico / Metal / Vidrio,-58.41910106398369,-34.631001560955774
Castro 1860,Boedo,5,Los materiales deben estar lim,Papel / Cartón / Plástico / Metal / Vidrio,-58.4192704214914,-34.63521506838192
Castro 2126,Boedo,5,Los materiales deben estar lim,Papel / Cartón / Plástico / Metal / Vidrio,-58.41895848857761,-34.63764208997058
Mu?iz 1906,Boedo,5,Los materiales deben estar lim,Papel / Cartón / Plástico / Metal / Vidrio,-58.422999035807265,-34.63706990837106
Mu?iz 2088,Boedo,5,Los materiales deben estar lim,Papel / Cartón / Plástico / Metal / Vidrio,-58.42258450442514,-34.638678336763476
Mu?iz 1458,Boedo,5,Los materiales deben estar lim,Papel / Cartón / Plástico / Metal / Vidrio,-58.42463079753124,-34.63065974912749
Mu?iz 758,Boedo,5,Los materiales deben estar lim,Papel / Cartón / Plástico / Metal / Vidrio,-58.426435991863706,-34.622805142825335
Humberto 1? 3379,Boedo,5,Los materiales deben estar lim,Papel / Cartón / Plástico / Metal / Vidrio,-58.41340825785181,-34.62411706331882
Alzaga 2044,Boedo,5,Los materiales deben estar lim,Papel / Cartón / Plástico / Metal / Vidrio,-58.41489767972109,-34.635722682793414
Avda Boedo 1217,Boedo,5,Los materiales deben estar lim,Papel / Cartón / Plástico / Metal / Vidrio,-58.41600100156376,-34.628159741738806
Avda Carlos Calvo 3881,Boedo,5,Los materiales deben estar lim,Papel / Cartón / Plástico / Metal / Vidrio,-58.419993736791604,-34.62460002287605
Avda Carlos Calvo 4063,Boedo,5,Los materiales deben estar lim,Papel / Cartón / Plástico / Metal / Vidrio,-58.42272712126763,-34.62477487422849
Avda Carlos Calvo 4243,Boedo,5,Los materiales deben estar lim,Papel / Cartón / Plástico / Metal / Vidrio,-58.42515573295499,-34.62493444514654
Avda Chiclana 3369,Boedo,5,Los materiales deben estar lim,Papel / Cartón / Plástico / Metal / Vidrio,-58.41202716977309,-34.63482242805741
Avda Chiclana 3629,Boedo,5,Los materiales deben estar lim,Papel / Cartón / Plástico / Metal / Vidrio,-58.414967395522254,-34.63663656714042
Avda Independencia 3345,Boedo,5,Los materiales deben estar lim,Papel / Cartón / Plástico / Metal / Vidrio,-58.41321104079082,-34.62061131114774
Avda Independencia 3545,Boedo,5,Los materiales deben estar lim,Papel / Cartón / Plástico / Metal / Vidrio,-58.41579488378661,-34.620834079806684
Avda Independencia 3719,Boedo,5,Los materiales deben estar lim,Papel / Cartón / Plástico / Metal / Vidrio,-58.41842508251584,-34.621031289100486
Avda Independencia 3969,Boedo,5,Los materiales deben estar lim,Papel / Cartón / Plástico / Metal / Vidrio,-58.42168452936102,-34.6212647035336
Avda Independencia 4141,Boedo,5,Los materiales deben estar lim,Papel / Cartón / Plástico / Metal / Vidrio,-58.42438686748741,-34.621491849548505
Avda Independencia 4329,Boedo,5,Los materiales deben estar lim,Papel / Cartón / Plástico / Metal / Vidrio,-58.427034562319285,-34.62187341409629
Avda La Plata 1248,Boedo,5,Los materiales deben estar lim,Papel / Cartón / Plástico / Metal / Vidrio,-58.42600888025682,-34.629868877021934
Avda La Plata 2134,Boedo,5,Los materiales deben estar lim,Papel / Cartón / Plástico / Metal / Vidrio,-58.42357086310091,-34.639492844017894
Avda La Plata 611,Boedo,5,Los materiales deben estar lim,Papel / Cartón / Plástico / Metal / Vidrio,-58.42785182372245,-34.622355808288
Avda La Plata 751,Boedo,5,Los materiales deben estar lim,Papel / Cartón / Plástico / Metal / Vidrio,-58.4274444977853,-34.624378064928415
Avda Pavon 3720,Boedo,5,Los materiales deben estar lim,Papel / Cartón / Plástico / Metal / Vidrio,-58.4168622180115,-34.6303699249877
Avda Pavon 3861,Boedo,5,Los materiales deben estar lim,Papel / Cartón / Plástico / Metal / Vidrio,-58.418431584654165,-34.63037765189506
Avda Pavon 4060,Boedo,5,Los materiales deben estar lim,Papel / Cartón / Plástico / Metal / Vidrio,-58.4212343747771,-34.6308874011953
Avda Pavon 4271,Boedo,5,Los materiales deben estar lim,Papel / Cartón / Plástico / Metal / Vidrio,-58.42413280163132,-34.63116838241881
Avda San Juan 3444,Boedo,5,Los materiales deben estar lim,Papel / Cartón / Plástico / Metal / Vidrio,-58.414054783455214,-34.62527717342938
Avda San Juan 3684,Boedo,5,Los materiales deben estar lim,Papel / Cartón / Plástico / Metal / Vidrio,-58.41734178513673,-34.62569545144931
Avda San Juan 3826,Boedo,5,Los materiales deben estar lim,Papel / Cartón / Plástico / Metal / Vidrio,-58.41929772228482,-34.625984619497736
Avda San Juan 4092,Boedo,5,Los materiales deben estar lim,Papel / Cartón / Plástico / Metal / Vidrio,-58.422623341579786,-34.626475665346895
Avda San Juan 4256,Boedo,5,Los materiales deben estar lim,Papel / Cartón / Plástico / Metal / Vidrio,-58.42486565949958,-34.626807312268
"Bocayuva, Quintino 1148",Boedo,5,Los materiales deben estar lim,Papel / Cartón / Plástico / Metal / Vidrio,-58.42129125399623,-34.62691005924236
"Bocayuva, Quintino 1410",Boedo,5,Los materiales deben estar lim,Papel / Cartón / Plástico / Metal / Vidrio,-58.42064608778808,-34.629656584331265
"Bocayuva, Quintino 1778",Boedo,5,Los materiales deben estar lim,Papel / Cartón / Plástico / Metal / Vidrio,-58.42052065067027,-34.63425944390716
"Bocayuva, Quintino 870",Boedo,5,Los materiales deben estar lim,Papel / Cartón / Plástico / Metal / Vidrio,-58.42205705143002,-34.62242626545626
Boedo Av. 1421,Boedo,5,Los materiales deben estar lim,Papel / Cartón / Plástico / Metal / Vidrio,-58.41601074791796,-34.63056789258279
Boedo Av. 1753,Boedo,5,Los materiales deben estar lim,Papel / Cartón / Plástico / Metal / Vidrio,-58.41624720852411,-34.6347544934243
Boedo Av. 2029,Boedo,5,Los materiales deben estar lim,Papel / Cartón / Plástico / Metal / Vidrio,-58.41615240148901,-34.63806385021087
Boedo Av. 777,Boedo,5,Los materiales deben estar lim,Papel / Cartón / Plástico / Metal / Vidrio,-58.41649327349664,-34.6219836735722
Boedo Av. 919,Boedo,5,Los materiales deben estar lim,Papel / Cartón / Plástico / Metal / Vidrio,-58.4162760244269,-34.62444802348267
Castro Barros 1171,Boedo,5,Los materiales deben estar lim,Papel / Cartón / Plástico / Metal / Vidrio,-58.41866915654571,-34.62676044889322
Castro Barros 1423,Boedo,5,Los materiales deben estar lim,Papel / Cartón / Plástico / Metal / Vidrio,-58.41803710929225,-34.629470677216695
Castro Barros 1796,Boedo,5,Los materiales deben estar lim,Papel / Cartón / Plástico / Metal / Vidrio,-58.41781105152557,-34.634124605028255
Castro Barros 2013,Boedo,5,Los materiales deben estar lim,Papel / Cartón / Plástico / Metal / Vidrio,-58.417919216214116,-34.63641857789074
Castro Barros 981,Boedo,5,Los materiales deben estar lim,Papel / Cartón / Plástico / Metal / Vidrio,-58.419190416586034,-34.62420572828568
Cochabamba 3475,Boedo,5,Los materiales deben estar lim,Papel / Cartón / Plástico / Metal / Vidrio,-58.414258564839514,-34.626707197701755
Cochabamba 3619,Boedo,5,Los materiales deben estar lim,Papel / Cartón / Plástico / Metal / Vidrio,-58.416349544042625,-34.62694156425565
Cochabamba 4383,Boedo,5,Los materiales deben estar lim,Papel / Cartón / Plástico / Metal / Vidrio,-58.42599996079812,-34.62819597561
Colombres 1310,Boedo,5,Los materiales deben estar lim,Papel / Cartón / Plástico / Metal / Vidrio,-58.41677224237123,-34.62915765045852
Colombres 1540,Boedo,5,Los materiales deben estar lim,Papel / Cartón / Plástico / Metal / Vidrio,-58.41654394041498,-34.63192322879757
Colombres 753,Boedo,5,Los materiales deben estar lim,Papel / Cartón / Plástico / Metal / Vidrio,-58.418041204492525,-34.621953338228536
Constitucion 3542,Boedo,5,Los materiales deben estar lim,Papel / Cartón / Plástico / Metal / Vidrio,-58.41512394880162,-34.62786960383894
Estados Unidos 3908,Boedo,5,Los materiales deben estar lim,Papel / Cartón / Plástico / Metal / Vidrio,-58.42069267631931,-34.6228949026693
Estrada 16,Boedo,5,Los materiales deben estar lim,Papel / Cartón / Plástico / Metal / Vidrio,-58.426322869196056,-34.63053603560368
"Garay, Juan De Av. 3479",Boedo,5,Los materiales deben estar lim,Papel / Cartón / Plástico / Metal / Vidrio,-58.41420640544042,-34.63085899952678
"Garay, Juan De Av. 3719",Boedo,5,Los materiales deben estar lim,Papel / Cartón / Plástico / Metal / Vidrio,-58.41684648848745,-34.63141305936898
"Garay, Juan De Av. 3997",Boedo,5,Los materiales deben estar lim,Papel / Cartón / Plástico / Metal / Vidrio,-58.42033079847811,-34.631781332281456
"Garay, Juan De Av. 4353",Boedo,5,Los materiales deben estar lim,Papel / Cartón / Plástico / Metal / Vidrio,-58.42489096554366,-34.63222122277878
Inclan 3904,Boedo,5,Los materiales deben estar lim,Papel / Cartón / Plástico / Metal / Vidrio,-58.41942663175005,-34.63317493954131
Jose Marmol 1441,Boedo,5,Los materiales deben estar lim,Papel / Cartón / Plástico / Metal / Vidrio,-58.42307317106856,-34.63152338284409
Juan Bautista Jantin 2126,Boedo,5,Los materiales deben estar lim,Papel / Cartón / Plástico / Metal / Vidrio,-58.41812937636802,-34.637587058048645
Las Casas 3528,Boedo,5,Los materiales deben estar lim,Papel / Cartón / Plástico / Metal / Vidrio,-58.414605773366205,-34.63489800149094
Las Casas 3651,Boedo,5,Los materiales deben estar lim,Papel / Cartón / Plástico / Metal / Vidrio,-58.4168926259434,-34.635375163255965
Liniers Virrey 1400,Boedo,5,Los materiales deben estar lim,Papel / Cartón / Plástico / Metal / Vidrio,-58.41330156759247,-34.627591470878976
Liniers Virrey 1774,Boedo,5,Los materiales deben estar lim,Papel / Cartón / Plástico / Metal / Vidrio,-58.412923503994485,-34.63160353481444
Liniers Virrey 2004,Boedo,5,Los materiales deben estar lim,Papel / Cartón / Plástico / Metal / Vidrio,-58.41268197052058,-34.634271485471594
"Marmol, Jose 1215",Boedo,5,Los materiales deben estar lim,Papel / Cartón / Plástico / Metal / Vidrio,-58.423595676804794,-34.6292433764221
"Marmol, Jose 1551",Boedo,5,Los materiales deben estar lim,Papel / Cartón / Plástico / Metal / Vidrio,-58.4227552204142,-34.632792090993185
"Marmol, Jose 2029",Boedo,5,Los materiales deben estar lim,Papel / Cartón / Plástico / Metal / Vidrio,-58.421412421832656,-34.638062445962824
"Marmol, Jose 975",Boedo,5,Los materiales deben estar lim,Papel / Cartón / Plástico / Metal / Vidrio,-58.42431782524271,-34.62611517129699
Maza 1056,Boedo,5,Los materiales deben estar lim,Papel / Cartón / Plástico / Metal / Vidrio,-58.414704845002824,-34.624199760291184
Maza 1248,Boedo,5,Los materiales deben estar lim,Papel / Cartón / Plástico / Metal / Vidrio,-58.41459203741819,-34.62592470670569
Maza 1510,Boedo,5,Los materiales deben estar lim,Papel / Cartón / Plástico / Metal / Vidrio,-58.414489516898946,-34.629007560187716
Maza 1870,Boedo,5,Los materiales deben estar lim,Papel / Cartón / Plástico / Metal / Vidrio,-58.41442600204287,-34.633192626598934
Maza 2196,Boedo,5,Los materiales deben estar lim,Papel / Cartón / Plástico / Metal / Vidrio,-58.41351506485645,-34.63697340757514
Maza 876,Boedo,5,Los materiales deben estar lim,Papel / Cartón / Plástico / Metal / Vidrio,-58.414925539763374,-34.621931418222196
Rondeau 3629,Boedo,5,Los materiales deben estar lim,Papel / Cartón / Plástico / Metal / Vidrio,-58.416805831495395,-34.63713307902972
Salcedo 3355,Boedo,5,Los materiales deben estar lim,Papel / Cartón / Plástico / Metal / Vidrio,-58.41240089350393,-34.63313468686808
Salcedo 4143,Boedo,5,Los materiales deben estar lim,Papel / Cartón / Plástico / Metal / Vidrio,-58.42166421788744,-34.634601821386234
San Ignacio 3655,Boedo,5,Los materiales deben estar lim,Papel / Cartón / Plástico / Metal / Vidrio,-58.41722559224181,-34.623388668788586
San Juan Av. 4144,Boedo,5,Los materiales deben estar lim,Papel / Cartón / Plástico / Metal / Vidrio,-58.42343354455118,-34.6265976792499
Saraza 402,Boedo,5,Los materiales deben estar lim,Papel / Cartón / Plástico / Metal / Vidrio,-58.42450114347877,-34.636845679482825
Tarija 4136,Boedo,5,Los materiales deben estar lim,Papel / Cartón / Plástico / Metal / Vidrio,-58.42253787460011,-34.629805918356745
Treinta y Tres Orientales 1141,Boedo,5,Los materiales deben estar lim,Papel / Cartón / Plástico / Metal / Vidrio,-58.42248018664322,-34.628205031663676
Treinta y Tres Orientales 1489,Boedo,5,Los materiales deben estar lim,Papel / Cartón / Plástico / Metal / Vidrio,-58.421711730237696,-34.63178780178732
Treinta y Tres Orientales 1911,Boedo,5,Los materiales deben estar lim,Papel / Cartón / Plástico / Metal / Vidrio,-58.42084240345137,-34.63607993251694
Treinta y Tres Orientales 2157,Boedo,5,Los materiales deben estar lim,Papel / Cartón / Plástico / Metal / Vidrio,-58.42016899854893,-34.6380058721994
Treinta y Tres Orientales 853,Boedo,5,Los materiales deben estar lim,Papel / Cartón / Plástico / Metal / Vidrio,-58.42339236485062,-34.624036281315796
Vernet Av. 21,Boedo,5,Los materiales deben estar lim,Papel / Cartón / Plástico / Metal / Vidrio,-58.42595549968233,-34.63236241122033
Virrey Liniers 2162,Boedo,5,Los materiales deben estar lim,Papel / Cartón / Plástico / Metal / Vidrio,-58.4121817638375,-34.635794798186325
Virrey Liniers 924,Boedo,5,Los materiales deben estar lim,Papel / Cartón / Plástico / Metal / Vidrio,-58.41363589230821,-34.622422815360736
Zelarrayan 502,Boedo,5,Los materiales deben estar lim,Papel / Cartón / Plástico / Metal / Vidrio,-58.42389226776044,-34.639239712804006
Espinosa 1045,Caballito,6,Los materiales deben estar lim,Papel / Cartón / Plástico / Metal / Vidrio,-58.45181151434956,-34.61131026169194
Espinosa 1405,Caballito,6,Los materiales deben estar lim,Papel / Cartón / Plástico / Metal / Vidrio,-58.45450905243523,-34.607631105681534
Franklin 1712,Caballito,6,Los materiales deben estar lim,Papel / Cartón / Plástico / Metal / Vidrio,-58.4592163871726,-34.614835710093004
Valle 1048,Caballito,6,Los materiales deben estar lim,Papel / Cartón / Plástico / Metal / Vidrio,-58.44237961571631,-34.62520983752119
Valle 114,Caballito,6,Los materiales deben estar lim,Papel / Cartón / Plástico / Metal / Vidrio,-58.42921676644883,-34.62386408650892
Valle 1418,Caballito,6,Los materiales deben estar lim,Papel / Cartón / Plástico / Metal / Vidrio,-58.447769200008864,-34.62652828603327
Valle 304,Caballito,6,Los materiales deben estar lim,Papel / Cartón / Plástico / Metal / Vidrio,-58.431935866945594,-34.62423032107798
Valle 688,Caballito,6,Los materiales deben estar lim,Papel / Cartón / Plástico / Metal / Vidrio,-58.437454686639846,-34.6247267223584
Valle 822,Caballito,6,Los materiales deben estar lim,Papel / Cartón / Plástico / Metal / Vidrio,-58.439683343841125,-34.624948063774525
Nicasio Oro?o 848,Caballito,6,Los materiales deben estar lim,Papel / Cartón / Plástico / Metal / Vidrio,-58.45390111784308,-34.614630232862325
Nicasio Oro?o 1190,Caballito,6,Los materiales deben estar lim,Papel / Cartón / Plástico / Metal / Vidrio,-58.456652853935545,-34.611475943354726
"Oro?o, Nicasio 1840",Caballito,6,Los materiales deben estar lim,Papel / Cartón / Plástico / Metal / Vidrio,-58.46087289321255,-34.60528493544428
"Frias ,eustaquio, Tte General 132",Caballito,6,Los materiales deben estar lim,Papel / Cartón / Plástico / Metal / Vidrio,-58.43661395888334,-34.6035861911894
Olaya 1151,Caballito,6,Los materiales deben estar lim,Papel / Cartón / Plástico / Metal / Vidrio,-58.44339033827069,-34.60611614995109
San Martin Av. 1220,Caballito,6,Los materiales deben estar lim,Papel / Cartón / Plástico / Metal / Vidrio,-58.44696654314628,-34.607521502580916
"Virasoro, Valentin 1121",Caballito,6,Los materiales deben estar lim,Papel / Cartón / Plástico / Metal / Vidrio,-58.4443500291377,-34.60666853300415
Acoyte 909,Caballito,6,Los materiales deben estar lim,Papel / Cartón / Plástico / Metal / Vidrio,-58.44005872903545,-34.60761466973693
Acoyte Av. 264,Caballito,6,Los materiales deben estar lim,Papel / Cartón / Plástico / Metal / Vidrio,-58.43776918935475,-34.61505248519905
Acoyte Av. 465,Caballito,6,Los materiales deben estar lim,Papel / Cartón / Plástico / Metal / Vidrio,-58.438137303110615,-34.61319520698055
Acoyte Av. 587,Caballito,6,Los materiales deben estar lim,Papel / Cartón / Plástico / Metal / Vidrio,-58.438726349334715,-34.61190422825023
Acoyte Av. 755,Caballito,6,Los materiales deben estar lim,Papel / Cartón / Plástico / Metal / Vidrio,-58.439701244955934,-34.609618611799206
Acoyte Av. 90,Caballito,6,Los materiales deben estar lim,Papel / Cartón / Plástico / Metal / Vidrio,-58.437092808196,-34.617278631508135
"Alberdi, Juan Bautista Av. 1073",Caballito,6,Los materiales deben estar lim,Papel / Cartón / Plástico / Metal / Vidrio,-58.4432815992088,-34.62283986910791
"Alberdi, Juan Bautista Av. 1175",Caballito,6,Los materiales deben estar lim,Papel / Cartón / Plástico / Metal / Vidrio,-58.44450893452112,-34.62344961476935
"Alberdi, Juan Bautista Av. 1275",Caballito,6,Los materiales deben estar lim,Papel / Cartón / Plástico / Metal / Vidrio,-58.44594136167303,-34.62427727399446
"Alberdi, Juan Bautista Av. 1367",Caballito,6,Los materiales deben estar lim,Papel / Cartón / Plástico / Metal / Vidrio,-58.44708166399626,-34.62490121220644
"Alberdi, Juan Bautista Av. 1449",Caballito,6,Los materiales deben estar lim,Papel / Cartón / Plástico / Metal / Vidrio,-58.44835312092476,-34.62553487286036
"Alberdi, Juan Bautista Av. 149",Caballito,6,Los materiales deben estar lim,Papel / Cartón / Plástico / Metal / Vidrio,-58.429896438564214,-34.622323670096335
"Alberdi, Juan Bautista Av. 1537",Caballito,6,Los materiales deben estar lim,Papel / Cartón / Plástico / Metal / Vidrio,-58.449733880964274,-34.62621653863191
"Alberdi, Juan Bautista Av. 1643",Caballito,6,Los materiales deben estar lim,Papel / Cartón / Plástico / Metal / Vidrio,-58.4517748047251,-34.62725517527185
"Alberdi, Juan Bautista Av. 217",Caballito,6,Los materiales deben estar lim,Papel / Cartón / Plástico / Metal / Vidrio,-58.43116375049078,-34.622522065961384
"Alberdi, Juan Bautista Av. 431",Caballito,6,Los materiales deben estar lim,Papel / Cartón / Plástico / Metal / Vidrio,-58.43386130282554,-34.62287585256228
"Alberdi, Juan Bautista Av. 529",Caballito,6,Los materiales deben estar lim,Papel / Cartón / Plástico / Metal / Vidrio,-58.43518175979385,-34.623019055604054
"Alberdi, Juan Bautista Av. 647",Caballito,6,Los materiales deben estar lim,Papel / Cartón / Plástico / Metal / Vidrio,-58.436896500114315,-34.62315923667488
"Alberdi, Juan Bautista Av. 727",Caballito,6,Los materiales deben estar lim,Papel / Cartón / Plástico / Metal / Vidrio,-58.43816728756088,-34.62307464817821
"Alberdi, Juan Bautista Av. 857",Caballito,6,Los materiales deben estar lim,Papel / Cartón / Plástico / Metal / Vidrio,-58.44002806873096,-34.62289646901957
"Alberdi, Juan Bautista Av. 989",Caballito,6,Los materiales deben estar lim,Papel / Cartón / Plástico / Metal / Vidrio,-58.441853891257146,-34.62276081833894
"Alvarez, Donato, Tte. Gral. 559",Caballito,6,Los materiales deben estar lim,Papel / Cartón / Plástico / Metal / Vidrio,-58.45688415536647,-34.61927690630415
"Aranguren, Juan F., Dr. 1125",Caballito,6,Los materiales deben estar lim,Papel / Cartón / Plástico / Metal / Vidrio,-58.44887109825703,-34.61709163941083
"Aranguren, Juan F., Dr. 1361",Caballito,6,Los materiales deben estar lim,Papel / Cartón / Plástico / Metal / Vidrio,-58.451496150071776,-34.618098988960845
"Aranguren, Juan F., Dr. 1579",Caballito,6,Los materiales deben estar lim,Papel / Cartón / Plástico / Metal / Vidrio,-58.45419926281221,-34.619136232138914
"Aranguren, Juan F., Dr. 219",Caballito,6,Los materiales deben estar lim,Papel / Cartón / Plástico / Metal / Vidrio,-58.434127211851504,-34.61093805490775
"Aranguren, Juan F., Dr. 443",Caballito,6,Los materiales deben estar lim,Papel / Cartón / Plástico / Metal / Vidrio,-58.437195392520124,-34.61220034836033
"Aranguren, Juan F., Dr. 45",Caballito,6,Los materiales deben estar lim,Papel / Cartón / Plástico / Metal / Vidrio,-58.43136789212064,-34.60980305713502
"Aranguren, Juan F., Dr. 555",Caballito,6,Los materiales deben estar lim,Papel / Cartón / Plástico / Metal / Vidrio,-58.43938826990431,-34.61320789877859
"Aranguren, Juan F., Dr. 761",Caballito,6,Los materiales deben estar lim,Papel / Cartón / Plástico / Metal / Vidrio,-58.44317686123935,-34.61475713411658
"Araoz Alfaro, Gregorio, Dr 360",Caballito,6,Los materiales deben estar lim,Papel / Cartón / Plástico / Metal / Vidrio,-58.43592084051192,-34.61544041933264
Arengreen 1190,Caballito,6,Los materiales deben estar lim,Papel / Cartón / Plástico / Metal / Vidrio,-58.44883647395661,-34.61324165666516
Arengreen 1338,Caballito,6,Los materiales deben estar lim,Papel / Cartón / Plástico / Metal / Vidrio,-58.45063669930118,-34.61397800874813
Arengreen 889,Caballito,6,Los materiales deben estar lim,Papel / Cartón / Plástico / Metal / Vidrio,-58.44504495652095,-34.61165089700002
Avda Jose Maria Moreno 136,Caballito,6,Los materiales deben estar lim,Papel / Cartón / Plástico / Metal / Vidrio,-58.43565901907417,-34.619775608825975
Avda Jose Maria Moreno 362,Caballito,6,Los materiales deben estar lim,Papel / Cartón / Plástico / Metal / Vidrio,-58.43480626958535,-34.62218082900769
Avda Jose Maria Moreno 437,Caballito,6,Los materiales deben estar lim,Papel / Cartón / Plástico / Metal / Vidrio,-58.43464966146599,-34.62367162385476
Avda Jose Maria Moreno 464,Caballito,6,Los materiales deben estar lim,Papel / Cartón / Plástico / Metal / Vidrio,-58.434471877347356,-34.62382852114868
Avda Jose Maria Moreno 57,Caballito,6,Los materiales deben estar lim,Papel / Cartón / Plástico / Metal / Vidrio,-58.43628933193453,-34.61882940808163
Avda Jose Maria Moreno 674,Caballito,6,Los materiales deben estar lim,Papel / Cartón / Plástico / Metal / Vidrio,-58.434086045973025,-34.62651689911606
Avda Jose Maria Moreno 717,Caballito,6,Los materiales deben estar lim,Papel / Cartón / Plástico / Metal / Vidrio,-58.43413799444338,-34.626995099811076
Avellaneda 1082,Caballito,6,Los materiales deben estar lim,Papel / Cartón / Plástico / Metal / Vidrio,-58.446235679361955,-34.6174676181531
Avellaneda 372,Caballito,6,Los materiales deben estar lim,Papel / Cartón / Plástico / Metal / Vidrio,-58.435556974993325,-34.613191929965524
Avellaneda 60,Caballito,6,Los materiales deben estar lim,Papel / Cartón / Plástico / Metal / Vidrio,-58.431020110741116,-34.61127720021215
Avellaneda Av. 1220,Caballito,6,Los materiales deben estar lim,Papel / Cartón / Plástico / Metal / Vidrio,-58.44840038987887,-34.61814949214801
Avellaneda Av. 1520,Caballito,6,Los materiales deben estar lim,Papel / Cartón / Plástico / Metal / Vidrio,-58.45292881584693,-34.62014448146683
Avellaneda Av. 1666,Caballito,6,Los materiales deben estar lim,Papel / Cartón / Plástico / Metal / Vidrio,-58.45459948320349,-34.620769795505694
Bacacay 625,Caballito,6,Los materiales deben estar lim,Papel / Cartón / Plástico / Metal / Vidrio,-58.43910544269744,-34.61675149917705
Beauchef 834,Caballito,6,Los materiales deben estar lim,Papel / Cartón / Plástico / Metal / Vidrio,-58.4324419931396,-34.627080119984996
"Belaustegui, Luis, Dr. 1104",Caballito,6,Los materiales deben estar lim,Papel / Cartón / Plástico / Metal / Vidrio,-58.456310959913225,-34.60555091038739
"Belaustegui, Luis, Dr. 1368",Caballito,6,Los materiales deben estar lim,Papel / Cartón / Plástico / Metal / Vidrio,-58.459233183138195,-34.606923420100365
"Belaustegui, Luis, Dr. 1516",Caballito,6,Los materiales deben estar lim,Papel / Cartón / Plástico / Metal / Vidrio,-58.4611319807516,-34.60783681773831
"Biedma, Jose Juan 935",Caballito,6,Los materiales deben estar lim,Papel / Cartón / Plástico / Metal / Vidrio,-58.4551231611953,-34.614055652109705
Bogota 347,Caballito,6,Los materiales deben estar lim,Papel / Cartón / Plástico / Metal / Vidrio,-58.43672762980308,-34.61419619673445
Bogota 840,Caballito,6,Los materiales deben estar lim,Papel / Cartón / Plástico / Metal / Vidrio,-58.443363790422765,-34.61760609026573
"Bonifacio, Jose 995",Caballito,6,Los materiales deben estar lim,Papel / Cartón / Plástico / Metal / Vidrio,-58.4410935752821,-34.627732345399956
Campichuelo 263,Caballito,6,Los materiales deben estar lim,Papel / Cartón / Plástico / Metal / Vidrio,-58.43414511359168,-34.61386806850694
Cangallo 33,Caballito,6,Los materiales deben estar lim,Papel / Cartón / Plástico / Metal / Vidrio,-58.431274887221825,-34.606129412352594
Chaco 178,Caballito,6,Los materiales deben estar lim,Papel / Cartón / Plástico / Metal / Vidrio,-58.43124919387621,-34.617562835556555
Coronel Ramon l Falcon 1376,Caballito,6,Los materiales deben estar lim,Papel / Cartón / Plástico / Metal / Vidrio,-58.447972321562865,-34.624386897430014
Coronel Ramon l Falcon 1618,Caballito,6,Los materiales deben estar lim,Papel / Cartón / Plástico / Metal / Vidrio,-58.451740655773065,-34.62608356189959
Cucha Cucha 1380,Caballito,6,Los materiales deben estar lim,Papel / Cartón / Plástico / Metal / Vidrio,-58.45219019875169,-34.606698737436574
Del Barco Centenera 573,Caballito,6,Los materiales deben estar lim,Papel / Cartón / Plástico / Metal / Vidrio,-58.44057406332255,-34.62599533608549
Del Barco Centenera 649,Caballito,6,Los materiales deben estar lim,Papel / Cartón / Plástico / Metal / Vidrio,-58.44074295167398,-34.6270466688549
Diaz Velez Av. 4646,Caballito,6,Los materiales deben estar lim,Papel / Cartón / Plástico / Metal / Vidrio,-58.43221604795775,-34.60882468844099
Diaz Velez Av. 4830,Caballito,6,Los materiales deben estar lim,Papel / Cartón / Plástico / Metal / Vidrio,-58.43504799992012,-34.608826808557886
Diaz Velez Av. 5020,Caballito,6,Los materiales deben estar lim,Papel / Cartón / Plástico / Metal / Vidrio,-58.43769800812122,-34.60887450332034
Diaz Velez Av. 5242,Caballito,6,Los materiales deben estar lim,Papel / Cartón / Plástico / Metal / Vidrio,-58.44063819280985,-34.60888170094086
Diaz Velez Av. 5312,Caballito,6,Los materiales deben estar lim,Papel / Cartón / Plástico / Metal / Vidrio,-58.44180726726056,-34.60842981883426
Diaz Velez Av. 5484,Caballito,6,Los materiales deben estar lim,Papel / Cartón / Plástico / Metal / Vidrio,-58.44326085288735,-34.6081866286133
Diaz Velez Av. 5570,Caballito,6,Los materiales deben estar lim,Papel / Cartón / Plástico / Metal / Vidrio,-58.444771925564005,-34.60796378861923
Eduardo Acevedo 253,Caballito,6,Los materiales deben estar lim,Papel / Cartón / Plástico / Metal / Vidrio,-58.43104643487961,-34.61297982781098
Emilio Mitre 366,Caballito,6,Los materiales deben estar lim,Papel / Cartón / Plástico / Metal / Vidrio,-58.4432148891085,-34.62624526470724
Escribano 123,Caballito,6,Los materiales deben estar lim,Papel / Cartón / Plástico / Metal / Vidrio,-58.43244577482752,-34.61100791750778
Espinosa 853,Caballito,6,Los materiales deben estar lim,Papel / Cartón / Plástico / Metal / Vidrio,-58.450689795746506,-34.61317492994299
Estivao 133,Caballito,6,Los materiales deben estar lim,Papel / Cartón / Plástico / Metal / Vidrio,-58.43212202927913,-34.60763482008402
Felipe Vallese 437,Caballito,6,Los materiales deben estar lim,Papel / Cartón / Plástico / Metal / Vidrio,-58.440028274303145,-34.6109942339071
Felipe Vallese 761,Caballito,6,Los materiales deben estar lim,Papel / Cartón / Plástico / Metal / Vidrio,-58.444139482920676,-34.61257786327385
"Figueroa, D. Apolinario, Coronel 1084",Caballito,6,Los materiales deben estar lim,Papel / Cartón / Plástico / Metal / Vidrio,-58.452867475623485,-34.60936169477968
"Figueroa, D. Apolinario, Coronel 1242",Caballito,6,Los materiales deben estar lim,Papel / Cartón / Plástico / Metal / Vidrio,-58.454894702637624,-34.61049753927474
"Figueroa, D. Apolinario, Coronel 856",Caballito,6,Los materiales deben estar lim,Papel / Cartón / Plástico / Metal / Vidrio,-58.45044925103511,-34.60771517467062
"Flores, Venancio, Gral. 126",Caballito,6,Los materiales deben estar lim,Papel / Cartón / Plástico / Metal / Vidrio,-58.4327118666448,-34.61442553211825
Formosa 238,Caballito,6,Los materiales deben estar lim,Papel / Cartón / Plástico / Metal / Vidrio,-58.43174746068085,-34.621034727344295
Formosa 629,Caballito,6,Los materiales deben estar lim,Papel / Cartón / Plástico / Metal / Vidrio,-58.4370748011993,-34.62209155296363
Fragata Pres. Sarmiento 1471,Caballito,6,Los materiales deben estar lim,Papel / Cartón / Plástico / Metal / Vidrio,-58.4574875842002,-34.607987222435284
Fragata Pres. Sarmiento 1681,Caballito,6,Los materiales deben estar lim,Papel / Cartón / Plástico / Metal / Vidrio,-58.459158961814104,-34.60561426258501
Fragata Pres. Sarmiento 20,Caballito,6,Los materiales deben estar lim,Papel / Cartón / Plástico / Metal / Vidrio,-58.448231708896635,-34.623097300391066
Fragata Pres. Sarmiento 771,Caballito,6,Los materiales deben estar lim,Papel / Cartón / Plástico / Metal / Vidrio,-58.45238848971233,-34.61513745355805
Franklin 1024,Caballito,6,Los materiales deben estar lim,Papel / Cartón / Plástico / Metal / Vidrio,-58.448546505920305,-34.6106131959246
Franklin 1130,Caballito,6,Los materiales deben estar lim,Papel / Cartón / Plástico / Metal / Vidrio,-58.45061541437039,-34.6114280055107
Franklin 1310,Caballito,6,Los materiales deben estar lim,Papel / Cartón / Plástico / Metal / Vidrio,-58.45311592426795,-34.612439689587696
Franklin 1408,Caballito,6,Los materiales deben estar lim,Papel / Cartón / Plástico / Metal / Vidrio,-58.45429701725817,-34.612929335808786
Franklin 856,Caballito,6,Los materiales deben estar lim,Papel / Cartón / Plástico / Metal / Vidrio,-58.44549759429423,-34.60943893396121
"Gainza, Martin De, Gral. 1040",Caballito,6,Los materiales deben estar lim,Papel / Cartón / Plástico / Metal / Vidrio,-58.44661815047085,-34.60932045308309
"Gainza, Martin De, Gral. 588",Caballito,6,Los materiales deben estar lim,Papel / Cartón / Plástico / Metal / Vidrio,-58.44668434065431,-34.615290473862494
"Gainza, Martin De, Gral. 716",Caballito,6,Los materiales deben estar lim,Papel / Cartón / Plástico / Metal / Vidrio,-58.446566026686,-34.61315253046739
"Gainza, Martin De, Gral. 934",Caballito,6,Los materiales deben estar lim,Papel / Cartón / Plástico / Metal / Vidrio,-58.44665369993674,-34.6105285478076
Galicia 1026,Caballito,6,Los materiales deben estar lim,Papel / Cartón / Plástico / Metal / Vidrio,-58.453685399269574,-34.607332956967845
Galicia 1202,Caballito,6,Los materiales deben estar lim,Papel / Cartón / Plástico / Metal / Vidrio,-58.45578347514315,-34.60846791429121
Galicia 1370,Caballito,6,Los materiales deben estar lim,Papel / Cartón / Plástico / Metal / Vidrio,-58.4576528228315,-34.609338328819376
Galicia 1550,Caballito,6,Los materiales deben estar lim,Papel / Cartón / Plástico / Metal / Vidrio,-58.45957235456535,-34.61019317351837
Gaona Av. 1345,Caballito,6,Los materiales deben estar lim,Papel / Cartón / Plástico / Metal / Vidrio,-58.448428119680095,-34.60849078281417
Gaona Av. 1547,Caballito,6,Los materiales deben estar lim,Papel / Cartón / Plástico / Metal / Vidrio,-58.45051487552845,-34.60962209816954
Gaona Av. 1747,Caballito,6,Los materiales deben estar lim,Papel / Cartón / Plástico / Metal / Vidrio,-58.45295449231954,-34.61093879417821
Gaona Av. 1951,Caballito,6,Los materiales deben estar lim,Papel / Cartón / Plástico / Metal / Vidrio,-58.45539859113937,-34.61214487977015
Gaona Av. 2067,Caballito,6,Los materiales deben estar lim,Papel / Cartón / Plástico / Metal / Vidrio,-58.45668677602983,-34.61267955243573
"Garcia Lorca, Federico 287",Caballito,6,Los materiales deben estar lim,Papel / Cartón / Plástico / Metal / Vidrio,-58.4452785850463,-34.618573263167875
"Goyena, Pedro Av. 1024",Caballito,6,Los materiales deben estar lim,Papel / Cartón / Plástico / Metal / Vidrio,-58.441838444656796,-34.626679425495354
"Goyena, Pedro Av. 1120",Caballito,6,Los materiales deben estar lim,Papel / Cartón / Plástico / Metal / Vidrio,-58.44365588717829,-34.62692189926991
"Goyena, Pedro Av. 135",Caballito,6,Los materiales deben estar lim,Papel / Cartón / Plástico / Metal / Vidrio,-58.42914448090166,-34.62525315443658
"Goyena, Pedro Av. 1353",Caballito,6,Los materiales deben estar lim,Papel / Cartón / Plástico / Metal / Vidrio,-58.44641080251022,-34.6272649671663
"Goyena, Pedro Av. 1460",Caballito,6,Los materiales deben estar lim,Papel / Cartón / Plástico / Metal / Vidrio,-58.44773757681434,-34.62770822448449
"Goyena, Pedro Av. 1533",Caballito,6,Los materiales deben estar lim,Papel / Cartón / Plástico / Metal / Vidrio,-58.44908953697072,-34.62782200571394
"Goyena, Pedro Av. 1590",Caballito,6,Los materiales deben estar lim,Papel / Cartón / Plástico / Metal / Vidrio,-58.45008675779533,-34.62816960501757
"Goyena, Pedro Av. 1642",Caballito,6,Los materiales deben estar lim,Papel / Cartón / Plástico / Metal / Vidrio,-58.45126533016363,-34.62838848998352
"Goyena, Pedro Av. 234",Caballito,6,Los materiales deben estar lim,Papel / Cartón / Plástico / Metal / Vidrio,-58.430519308310856,-34.625558186002806
"Goyena, Pedro Av. 33",Caballito,6,Los materiales deben estar lim,Papel / Cartón / Plástico / Metal / Vidrio,-58.42786618982974,-34.62512371883944
"Goyena, Pedro Av. 369",Caballito,6,Los materiales deben estar lim,Papel / Cartón / Plástico / Metal / Vidrio,-58.43222523178367,-34.62557740765596
"Goyena, Pedro Av. 410",Caballito,6,Los materiales deben estar lim,Papel / Cartón / Plástico / Metal / Vidrio,-58.43302875390758,-34.62582311263761
"Goyena, Pedro Av. 560",Caballito,6,Los materiales deben estar lim,Papel / Cartón / Plástico / Metal / Vidrio,-58.43544056526421,-34.626023614142376
"Goyena, Pedro Av. 659",Caballito,6,Los materiales deben estar lim,Papel / Cartón / Plástico / Metal / Vidrio,-58.437021225025944,-34.62595907247098
"Goyena, Pedro Av. 728",Caballito,6,Los materiales deben estar lim,Papel / Cartón / Plástico / Metal / Vidrio,-58.43816569313128,-34.62622365757325
"Goyena, Pedro Av. 841",Caballito,6,Los materiales deben estar lim,Papel / Cartón / Plástico / Metal / Vidrio,-58.43976098719301,-34.62625865678588
Guayaquil 291,Caballito,6,Los materiales deben estar lim,Papel / Cartón / Plástico / Metal / Vidrio,-58.43264531868307,-34.61995445647085
Guayaquil 630,Caballito,6,Los materiales deben estar lim,Papel / Cartón / Plástico / Metal / Vidrio,-58.43742202816527,-34.62128890350094
Guayaquil 77,Caballito,6,Los materiales deben estar lim,Papel / Cartón / Plástico / Metal / Vidrio,-58.42942586173243,-34.619531932689256
Guayaquil 864,Caballito,6,Los materiales deben estar lim,Papel / Cartón / Plástico / Metal / Vidrio,-58.44025662594837,-34.62190462512252
Hidalgo 334,Caballito,6,Los materiales deben estar lim,Papel / Cartón / Plástico / Metal / Vidrio,-58.43933398282379,-34.615428338020116
Hidalgo 806,Caballito,6,Los materiales deben estar lim,Papel / Cartón / Plástico / Metal / Vidrio,-58.44121574150378,-34.61001606480714
Hortiguera 287,Caballito,6,Los materiales deben estar lim,Papel / Cartón / Plástico / Metal / Vidrio,-58.4461849186282,-34.62570123241901
Hortiguera 51,Caballito,6,Los materiales deben estar lim,Papel / Cartón / Plástico / Metal / Vidrio,-58.44706706676833,-34.623601943825825
Hualfin 1149,Caballito,6,Los materiales deben estar lim,Papel / Cartón / Plástico / Metal / Vidrio,-58.444159565924885,-34.62403075881751
Hualfin 909,Caballito,6,Los materiales deben estar lim,Papel / Cartón / Plástico / Metal / Vidrio,-58.44099517708656,-34.62380872231152
"Jauretche, Arturo 222",Caballito,6,Los materiales deben estar lim,Papel / Cartón / Plástico / Metal / Vidrio,-58.43615255267578,-34.61053748925037
"Jauretche, Arturo 26",Caballito,6,Los materiales deben estar lim,Papel / Cartón / Plástico / Metal / Vidrio,-58.43350713427059,-34.60943211786326
Jose Bonifacio 1239,Caballito,6,Los materiales deben estar lim,Papel / Cartón / Plástico / Metal / Vidrio,-58.44445746502641,-34.62823091430552
Jose Bonifacio 1555,Caballito,6,Los materiales deben estar lim,Papel / Cartón / Plástico / Metal / Vidrio,-58.449200829433515,-34.62897177596808
Jose Bonifacio 275,Caballito,6,Los materiales deben estar lim,Papel / Cartón / Plástico / Metal / Vidrio,-58.43094029515727,-34.62624886597362
Jose Bonifacio 547,Caballito,6,Los materiales deben estar lim,Papel / Cartón / Plástico / Metal / Vidrio,-58.43490192399529,-34.626841524473754
Jose Bonifacio 795,Caballito,6,Los materiales deben estar lim,Papel / Cartón / Plástico / Metal / Vidrio,-58.438685753186675,-34.62739737380758
Jose Juan Biedma 631,Caballito,6,Los materiales deben estar lim,Papel / Cartón / Plástico / Metal / Vidrio,-58.45400657000074,-34.61709221805354
Juana De Ibarbourou 1040,Caballito,6,Los materiales deben estar lim,Papel / Cartón / Plástico / Metal / Vidrio,-58.4349048736336,-34.60409581110442
La Nave 1085,Caballito,6,Los materiales deben estar lim,Papel / Cartón / Plástico / Metal / Vidrio,-58.44286395931902,-34.62741989554199
Luis Viale 1311,Caballito,6,Los materiales deben estar lim,Papel / Cartón / Plástico / Metal / Vidrio,-58.456618748207205,-34.60976532999441
"Machado, Antonio 642",Caballito,6,Los materiales deben estar lim,Papel / Cartón / Plástico / Metal / Vidrio,-58.44078876565679,-34.60654537857186
"Machado, Antonio 97",Caballito,6,Los materiales deben estar lim,Papel / Cartón / Plástico / Metal / Vidrio,-58.433194037086885,-34.604288465802654
"Marechal, Leopoldo 944",Caballito,6,Los materiales deben estar lim,Papel / Cartón / Plástico / Metal / Vidrio,-58.438167102230835,-34.60720752633825
Mendez De Andes 1240,Caballito,6,Los materiales deben estar lim,Papel / Cartón / Plástico / Metal / Vidrio,-58.45201937014657,-34.616997642002374
Mendez De Andes 1466,Caballito,6,Los materiales deben estar lim,Papel / Cartón / Plástico / Metal / Vidrio,-58.45463505306713,-34.617786103278284
Mendez De Andes 634,Caballito,6,Los materiales deben estar lim,Papel / Cartón / Plástico / Metal / Vidrio,-58.44275958487632,-34.61354059454197
Mendez De Andes 924,Caballito,6,Los materiales deben estar lim,Papel / Cartón / Plástico / Metal / Vidrio,-58.44843079783309,-34.61568678263191
Miro 45,Caballito,6,Los materiales deben estar lim,Papel / Cartón / Plástico / Metal / Vidrio,-58.44971277881684,-34.62462686495247
"Mitre, Emilio 228",Caballito,6,Los materiales deben estar lim,Papel / Cartón / Plástico / Metal / Vidrio,-58.44334489327152,-34.624427208934755
Morelos 324,Caballito,6,Los materiales deben estar lim,Papel / Cartón / Plástico / Metal / Vidrio,-58.4546688796485,-34.62174148788943
Morelos 542,Caballito,6,Los materiales deben estar lim,Papel / Cartón / Plástico / Metal / Vidrio,-58.455862086053315,-34.619079143241805
"Moreno, Jose Maria Av. 274",Caballito,6,Los materiales deben estar lim,Papel / Cartón / Plástico / Metal / Vidrio,-58.43520506426312,-34.62096870799014
Neuquen 1009,Caballito,6,Los materiales deben estar lim,Papel / Cartón / Plástico / Metal / Vidrio,-58.44704093233984,-34.61591656569026
Neuquen 1214,Caballito,6,Los materiales deben estar lim,Papel / Cartón / Plástico / Metal / Vidrio,-58.45053170630306,-34.61582101893284
Neuquen 1420,Caballito,6,Los materiales deben estar lim,Papel / Cartón / Plástico / Metal / Vidrio,-58.453560988873704,-34.61573000926124
Neuquen 1608,Caballito,6,Los materiales deben estar lim,Papel / Cartón / Plástico / Metal / Vidrio,-58.456250969225145,-34.615814903444466
Neuquen 744,Caballito,6,Los materiales deben estar lim,Papel / Cartón / Plástico / Metal / Vidrio,-58.44162616165638,-34.616003127509025
Neuquen 875,Caballito,6,Los materiales deben estar lim,Papel / Cartón / Plástico / Metal / Vidrio,-58.44464108475999,-34.615913463306
Olaya 1056,Caballito,6,Los materiales deben estar lim,Papel / Cartón / Plástico / Metal / Vidrio,-58.44280930696522,-34.607294201190484
Otamendi 366,Caballito,6,Los materiales deben estar lim,Papel / Cartón / Plástico / Metal / Vidrio,-58.43305673965349,-34.61250270257064
Otamendi 48,Caballito,6,Los materiales deben estar lim,Papel / Cartón / Plástico / Metal / Vidrio,-58.43187675557097,-34.61570446130696
Paysandu 840,Caballito,6,Los materiales deben estar lim,Papel / Cartón / Plástico / Metal / Vidrio,-58.45194725280413,-34.61390434606813
Planes 1119,Caballito,6,Los materiales deben estar lim,Papel / Cartón / Plástico / Metal / Vidrio,-58.449136949896776,-34.61197785076711
Planes 1327,Caballito,6,Los materiales deben estar lim,Papel / Cartón / Plástico / Metal / Vidrio,-58.45272200912348,-34.61343447328164
Planes 845,Caballito,6,Los materiales deben estar lim,Papel / Cartón / Plástico / Metal / Vidrio,-58.44465129238797,-34.610271370891255
Puan 560,Caballito,6,Los materiales deben estar lim,Papel / Cartón / Plástico / Metal / Vidrio,-58.44624589941734,-34.62923141337791
"Pueyrredon, Honorio, Dr. Av. 1046",Caballito,6,Los materiales deben estar lim,Papel / Cartón / Plástico / Metal / Vidrio,-58.44497741116104,-34.608583776402995
"Pueyrredon, Honorio, Dr. Av. 414",Caballito,6,Los materiales deben estar lim,Papel / Cartón / Plástico / Metal / Vidrio,-58.440908937011386,-34.6146542779344
"Pueyrredon, Honorio, Dr. Av. 527",Caballito,6,Los materiales deben estar lim,Papel / Cartón / Plástico / Metal / Vidrio,-58.440923598374575,-34.613580123083366
"Pueyrredon, Honorio, Dr. Av. 620",Caballito,6,Los materiales deben estar lim,Papel / Cartón / Plástico / Metal / Vidrio,-58.441832711861096,-34.61276065956533
"Pueyrredon, Honorio, Dr. Av. 741",Caballito,6,Los materiales deben estar lim,Papel / Cartón / Plástico / Metal / Vidrio,-58.442386021022635,-34.611319647601455
"Pueyrredon, Honorio, Dr. Av. 832",Caballito,6,Los materiales deben estar lim,Papel / Cartón / Plástico / Metal / Vidrio,-58.44341712258919,-34.61062255972579
"Pueyrredon, Honorio, Dr. Av. 977",Caballito,6,Los materiales deben estar lim,Papel / Cartón / Plástico / Metal / Vidrio,-58.44400800734882,-34.60920034349677
Pujol 1275,Caballito,6,Los materiales deben estar lim,Papel / Cartón / Plástico / Metal / Vidrio,-58.452429428710886,-34.60794258298889
Pujol 1502,Caballito,6,Los materiales deben estar lim,Papel / Cartón / Plástico / Metal / Vidrio,-58.45461785315367,-34.60583989844827
"Repetto, Nicolas, Dr. 687",Caballito,6,Los materiales deben estar lim,Papel / Cartón / Plástico / Metal / Vidrio,-58.446010435953276,-34.61366736197471
"Repetto, Nicolas, Dr. 75",Caballito,6,Los materiales deben estar lim,Papel / Cartón / Plástico / Metal / Vidrio,-58.44314235978578,-34.62025813375865
"Repetto, Nicolas, Dr. 817",Caballito,6,Los materiales deben estar lim,Papel / Cartón / Plástico / Metal / Vidrio,-58.44694384320071,-34.61221436511183
Riglos 135,Caballito,6,Los materiales deben estar lim,Papel / Cartón / Plástico / Metal / Vidrio,-58.437260139438756,-34.6201999626758
Rivadavia Av. 4623,Caballito,6,Los materiales deben estar lim,Papel / Cartón / Plástico / Metal / Vidrio,-58.430431634260735,-34.61553467183295
Rivadavia Av. 4785,Caballito,6,Los materiales deben estar lim,Papel / Cartón / Plástico / Metal / Vidrio,-58.43255221557003,-34.61647128244217
Rivadavia Av. 5129,Caballito,6,Los materiales deben estar lim,Papel / Cartón / Plástico / Metal / Vidrio,-58.438078049067904,-34.61892866371661
Rivadavia Av. 5337,Caballito,6,Los materiales deben estar lim,Papel / Cartón / Plástico / Metal / Vidrio,-58.440692848071755,-34.62009204467824
Rivadavia Av. 5611,Caballito,6,Los materiales deben estar lim,Papel / Cartón / Plástico / Metal / Vidrio,-58.44458892786976,-34.621769779831084
Rivadavia Av. 5779,Caballito,6,Los materiales deben estar lim,Papel / Cartón / Plástico / Metal / Vidrio,-58.44675098337644,-34.62265995267384
Rivadavia Av. 6095,Caballito,6,Los materiales deben estar lim,Papel / Cartón / Plástico / Metal / Vidrio,-58.4517885202763,-34.62466430906565
Rojas 628,Caballito,6,Los materiales deben estar lim,Papel / Cartón / Plástico / Metal / Vidrio,-58.44437860031216,-34.61374131916433
Rojas 936,Caballito,6,Los materiales deben estar lim,Papel / Cartón / Plástico / Metal / Vidrio,-58.44596177317675,-34.610285740563484
San Jose De Calasanz 196,Caballito,6,Los materiales deben estar lim,Papel / Cartón / Plástico / Metal / Vidrio,-58.43827145497642,-34.62137407874914
San Jose De Calasanz 760,Caballito,6,Los materiales deben estar lim,Papel / Cartón / Plástico / Metal / Vidrio,-58.43723871100921,-34.627933653819085
"Segui, F. J., Alte. 1295",Caballito,6,Los materiales deben estar lim,Papel / Cartón / Plástico / Metal / Vidrio,-58.45850347251898,-34.61089673576494
"Segui, F. J., Alte. 1465",Caballito,6,Los materiales deben estar lim,Papel / Cartón / Plástico / Metal / Vidrio,-58.459803271696316,-34.60907465199453
"Segui, F. J., Alte. 1659",Caballito,6,Los materiales deben estar lim,Papel / Cartón / Plástico / Metal / Vidrio,-58.46117070616427,-34.607043191335066
Senillosa 211,Caballito,6,Los materiales deben estar lim,Papel / Cartón / Plástico / Metal / Vidrio,-58.429955946897095,-34.61879243598669
Senillosa 425,Caballito,6,Los materiales deben estar lim,Papel / Cartón / Plástico / Metal / Vidrio,-58.42946650241541,-34.621229072307436
Senillosa 843,Caballito,6,Los materiales deben estar lim,Papel / Cartón / Plástico / Metal / Vidrio,-58.428385750376684,-34.62643703128446
Senillosa 93,Caballito,6,Los materiales deben estar lim,Papel / Cartón / Plástico / Metal / Vidrio,-58.429722903276094,-34.61703104900441
Tres Arroyos 1187,Caballito,6,Los materiales deben estar lim,Papel / Cartón / Plástico / Metal / Vidrio,-58.45641047384394,-34.6068828035623
Tres Arroyos 1442,Caballito,6,Los materiales deben estar lim,Papel / Cartón / Plástico / Metal / Vidrio,-58.45942638815868,-34.608380212269175
Tres Arroyos 1689,Caballito,6,Los materiales deben estar lim,Papel / Cartón / Plástico / Metal / Vidrio,-58.46149996589686,-34.60939997631799
Valentin Virasoro 887,Caballito,6,Los materiales deben estar lim,Papel / Cartón / Plástico / Metal / Vidrio,-58.44236885882423,-34.609773635545686
"Vallese, Felipe 1589",Caballito,6,Los materiales deben estar lim,Papel / Cartón / Plástico / Metal / Vidrio,-58.45641301630411,-34.61701130742745
"Vallese, Felipe 989",Caballito,6,Los materiales deben estar lim,Papel / Cartón / Plástico / Metal / Vidrio,-58.448271699857074,-34.61417481752816
"Viale, Luis 1181",Caballito,6,Los materiales deben estar lim,Papel / Cartón / Plástico / Metal / Vidrio,-58.454848672315855,-34.609001268726544
Victor Martinez 314,Caballito,6,Los materiales deben estar lim,Papel / Cartón / Plástico / Metal / Vidrio,-58.44449711743883,-34.62566254637519
Viel 221,Caballito,6,Los materiales deben estar lim,Papel / Cartón / Plástico / Metal / Vidrio,-58.43330972121212,-34.619308507873306
Yerbal 1185,Caballito,6,Los materiales deben estar lim,Papel / Cartón / Plástico / Metal / Vidrio,-58.44703051124643,-34.62139814119095
Yerbal 1451,Caballito,6,Los materiales deben estar lim,Papel / Cartón / Plástico / Metal / Vidrio,-58.4506500629407,-34.62293507267069
Yerbal 1621,Caballito,6,Los materiales deben estar lim,Papel / Cartón / Plástico / Metal / Vidrio,-58.453055806516566,-34.62382955737363
Yerbal 525,Caballito,6,Los materiales deben estar lim,Papel / Cartón / Plástico / Metal / Vidrio,-58.43862302434635,-34.6177306861105
Yerbal 653,Caballito,6,Los materiales deben estar lim,Papel / Cartón / Plástico / Metal / Vidrio,-58.440082656870835,-34.618397431971765
Yerbal 985,Caballito,6,Los materiales deben estar lim,Papel / Cartón / Plástico / Metal / Vidrio,-58.44451482462306,-34.62034174529773
Aguirre 1447,Chacarita,15,Los materiales deben estar lim,Papel / Cartón / Plástico / Metal / Vidrio,-58.44364457203329,-34.589337858772765
Castillo 1302,Chacarita,15,Los materiales deben estar lim,Papel / Cartón / Plástico / Metal / Vidrio,-58.44051927849134,-34.58887784846747
Castillo 1488,Chacarita,15,Los materiales deben estar lim,Papel / Cartón / Plástico / Metal / Vidrio,-58.44218158457768,-34.5877240732036
Castillo 1748,Chacarita,15,Los materiales deben estar lim,Papel / Cartón / Plástico / Metal / Vidrio,-58.444685261254214,-34.58597784255977
Fraga 1080,Chacarita,15,Los materiales deben estar lim,Papel / Cartón / Plástico / Metal / Vidrio,-58.458530467230815,-34.58314597088459
Fraga 411,Chacarita,15,Los materiales deben estar lim,Papel / Cartón / Plástico / Metal / Vidrio,-58.450142738332325,-34.58575249852824
Fraga 671,Chacarita,15,Los materiales deben estar lim,Papel / Cartón / Plástico / Metal / Vidrio,-58.45297027925347,-34.584504795172165
Fraga 879,Chacarita,15,Los materiales deben estar lim,Papel / Cartón / Plástico / Metal / Vidrio,-58.45584452219706,-34.5839647948957
Fraga 982,Chacarita,15,Los materiales deben estar lim,Papel / Cartón / Plástico / Metal / Vidrio,-58.45689934399708,-34.58368042498293
Guevara 29,Chacarita,15,Los materiales deben estar lim,Papel / Cartón / Plástico / Metal / Vidrio,-58.446394219034374,-34.58846719300247
Guevara 365,Chacarita,15,Los materiales deben estar lim,Papel / Cartón / Plástico / Metal / Vidrio,-58.449824375698896,-34.58705291794684
Guzman 50,Chacarita,15,Los materiales deben estar lim,Papel / Cartón / Plástico / Metal / Vidrio,-58.449154617414074,-34.592225980043125
Aguirre 1595,Chacarita,15,Los materiales deben estar lim,Papel / Cartón / Plástico / Metal / Vidrio,-58.44492550684774,-34.58823280147898
"Arenal, Concepcion 3456",Chacarita,15,Los materiales deben estar lim,Papel / Cartón / Plástico / Metal / Vidrio,-58.44609266363636,-34.583289990149524
"Arenal, Concepcion 4373",Chacarita,15,Los materiales deben estar lim,Papel / Cartón / Plástico / Metal / Vidrio,-58.4521022231436,-34.59277435387602
"Arenal, Concepcion 4465",Chacarita,15,Los materiales deben estar lim,Papel / Cartón / Plástico / Metal / Vidrio,-58.453032230048244,-34.59360513119463
"Arenal, Concepcion 4653",Chacarita,15,Los materiales deben estar lim,Papel / Cartón / Plástico / Metal / Vidrio,-58.45477168189923,-34.59518025690364
Bonpland 921,Chacarita,15,Los materiales deben estar lim,Papel / Cartón / Plástico / Metal / Vidrio,-58.44476393270583,-34.589442468658106
Caldas 1335,Chacarita,15,Los materiales deben estar lim,Papel / Cartón / Plástico / Metal / Vidrio,-58.464467756832775,-34.587397698669996
"Carranza, Angel Justiniano 1264",Chacarita,15,Los materiales deben estar lim,Papel / Cartón / Plástico / Metal / Vidrio,-58.442836811044884,-34.58634476631906
Cespedes 3950,Chacarita,15,Los materiales deben estar lim,Papel / Cartón / Plástico / Metal / Vidrio,-58.457786161514065,-34.58387887334328
Charlone 1322,Chacarita,15,Los materiales deben estar lim,Papel / Cartón / Plástico / Metal / Vidrio,-58.46100922875299,-34.58079019212247
Charlone 266,Chacarita,15,Los materiales deben estar lim,Papel / Cartón / Plástico / Metal / Vidrio,-58.448763736496055,-34.58408003047122
Charlone 74,Chacarita,15,Los materiales deben estar lim,Papel / Cartón / Plástico / Metal / Vidrio,-58.44652524272832,-34.58504538048917
Charlone 759,Chacarita,15,Los materiales deben estar lim,Papel / Cartón / Plástico / Metal / Vidrio,-58.45419255563196,-34.5818416446118
Charlone 912,Chacarita,15,Los materiales deben estar lim,Papel / Cartón / Plástico / Metal / Vidrio,-58.45639841411278,-34.5812701655217
Cordoba Av. 6245,Chacarita,15,Los materiales deben estar lim,Papel / Cartón / Plástico / Metal / Vidrio,-58.448116852304416,-34.58298296815825
Cordoba Av. 6437,Chacarita,15,Los materiales deben estar lim,Papel / Cartón / Plástico / Metal / Vidrio,-58.45018089600013,-34.58221354555709
Corrientes Av. 6647,Chacarita,15,Los materiales deben estar lim,Papel / Cartón / Plástico / Metal / Vidrio,-58.45194597645149,-34.58810383003624
Dorrego Av. 1224,Chacarita,15,Los materiales deben estar lim,Papel / Cartón / Plástico / Metal / Vidrio,-58.44563466233456,-34.587413921209645
"Dumont, Santos 4522",Chacarita,15,Los materiales deben estar lim,Papel / Cartón / Plástico / Metal / Vidrio,-58.45438942935556,-34.593526525424345
Elcano Av. 3654,Chacarita,15,Los materiales deben estar lim,Papel / Cartón / Plástico / Metal / Vidrio,-58.46045247793019,-34.579081109955894
Elcano Av. 4140,Chacarita,15,Los materiales deben estar lim,Papel / Cartón / Plástico / Metal / Vidrio,-58.46053557462621,-34.584399886604096
Fitz Roy 1262,Chacarita,15,Los materiales deben estar lim,Papel / Cartón / Plástico / Metal / Vidrio,-58.440664821431014,-34.587877637881405
Forest 1094,Chacarita,15,Los materiales deben estar lim,Papel / Cartón / Plástico / Metal / Vidrio,-58.45872223272447,-34.580066575402455
Fraga 235,Chacarita,15,Los materiales deben estar lim,Papel / Cartón / Plástico / Metal / Vidrio,-58.44823054691073,-34.586550342491556
"Garcia, Teodoro 3850",Chacarita,15,Los materiales deben estar lim,Papel / Cartón / Plástico / Metal / Vidrio,-58.454267430164656,-34.58345381281881
"Garcia, Teodoro 3921",Chacarita,15,Los materiales deben estar lim,Papel / Cartón / Plástico / Metal / Vidrio,-58.454946686650274,-34.584415232013846
Giribone 1043,Chacarita,15,Los materiales deben estar lim,Papel / Cartón / Plástico / Metal / Vidrio,-58.45701509188421,-34.57994738413497
Giribone 689,Chacarita,15,Los materiales deben estar lim,Papel / Cartón / Plástico / Metal / Vidrio,-58.45272235957642,-34.58131891902123
Leiva 4059,Chacarita,15,Los materiales deben estar lim,Papel / Cartón / Plástico / Metal / Vidrio,-58.44816638204343,-34.59000723439236
Leiva 4450,Chacarita,15,Los materiales deben estar lim,Papel / Cartón / Plástico / Metal / Vidrio,-58.451940648088055,-34.59418029800306
"Lemos, Juan Gregorio, Gral. 236",Chacarita,15,Los materiales deben estar lim,Papel / Cartón / Plástico / Metal / Vidrio,-58.449086650273365,-34.58863891348304
"Loreto, Virrey 3684",Chacarita,15,Los materiales deben estar lim,Papel / Cartón / Plástico / Metal / Vidrio,-58.45878377506129,-34.579473101764755
Loyola 1490,Chacarita,15,Los materiales deben estar lim,Papel / Cartón / Plástico / Metal / Vidrio,-58.44280072945278,-34.58869614247842
Loyola 1620,Chacarita,15,Los materiales deben estar lim,Papel / Cartón / Plástico / Metal / Vidrio,-58.44456387394542,-34.5873627151499
Maure 3971,Chacarita,15,Los materiales deben estar lim,Papel / Cartón / Plástico / Metal / Vidrio,-58.45171547890761,-34.58602295921909
Montenegro 139,Chacarita,15,Los materiales deben estar lim,Papel / Cartón / Plástico / Metal / Vidrio,-58.455554981852664,-34.59670875480836
"Newbery, Jorge Av. 4328",Chacarita,15,Los materiales deben estar lim,Papel / Cartón / Plástico / Metal / Vidrio,-58.45351219086447,-34.59131383303171
"Newbery, Jorge Av. 4528",Chacarita,15,Los materiales deben estar lim,Papel / Cartón / Plástico / Metal / Vidrio,-58.455239951423465,-34.59296973293571
"Newbery, Jorge Av. 4762",Chacarita,15,Los materiales deben estar lim,Papel / Cartón / Plástico / Metal / Vidrio,-58.457292236128765,-34.59490020500406
Olleros 3510,Chacarita,15,Los materiales deben estar lim,Papel / Cartón / Plástico / Metal / Vidrio,-58.45006352854124,-34.580988683183
Olleros 4116,Chacarita,15,Los materiales deben estar lim,Papel / Cartón / Plástico / Metal / Vidrio,-58.45326154193302,-34.58648399955604
Palpa 3595,Chacarita,15,Los materiales deben estar lim,Papel / Cartón / Plástico / Metal / Vidrio,-58.454215357932846,-34.580638507769216
Rodney 42,Chacarita,15,Los materiales deben estar lim,Papel / Cartón / Plástico / Metal / Vidrio,-58.4501850382131,-34.593314659986575
Roseti 1145,Chacarita,15,Los materiales deben estar lim,Papel / Cartón / Plástico / Metal / Vidrio,-58.45892626524302,-34.58182952791582
Roseti 216,Chacarita,15,Los materiales deben estar lim,Papel / Cartón / Plástico / Metal / Vidrio,-58.44774881584645,-34.585702181172884
Roseti 524,Chacarita,15,Los materiales deben estar lim,Papel / Cartón / Plástico / Metal / Vidrio,-58.4511095734863,-34.58419813223437
Roseti 925,Chacarita,15,Los materiales deben estar lim,Papel / Cartón / Plástico / Metal / Vidrio,-58.45571593828147,-34.58240472530467
Triunvirato Av. 2650,Chacarita,15,Los materiales deben estar lim,Papel / Cartón / Plástico / Metal / Vidrio,-58.459643243595515,-34.58510806470087
Triunvirato Av. 2750,Chacarita,15,Los materiales deben estar lim,Papel / Cartón / Plástico / Metal / Vidrio,-58.46138266752506,-34.58526119175484
Villarroel 1485,Chacarita,15,Los materiales deben estar lim,Papel / Cartón / Plástico / Metal / Vidrio,-58.446535668646014,-34.591173998213726
Alvarez Thomas Av. 1029,Chacarita,15,Los materiales deben estar lim,Papel / Cartón / Plástico / Metal / Vidrio,-58.456146809623135,-34.578764857918664
Alvarez Thomas Av. 140,Chacarita,15,Los materiales deben estar lim,Papel / Cartón / Plástico / Metal / Vidrio,-58.4463994555511,-34.58240264462278
Alvarez Thomas Av. 311,Chacarita,15,Los materiales deben estar lim,Papel / Cartón / Plástico / Metal / Vidrio,-58.44858692130452,-34.58129818125846
Alvarez Thomas Av. 664,Chacarita,15,Los materiales deben estar lim,Papel / Cartón / Plástico / Metal / Vidrio,-58.451769277378986,-34.580341438532386
Alvarez Thomas Av. 920,Chacarita,15,Los materiales deben estar lim,Papel / Cartón / Plástico / Metal / Vidrio,-58.45520803508886,-34.57923888867066
Guevara 1015,Chacarita,15,Los materiales deben estar lim,Papel / Cartón / Plástico / Metal / Vidrio,-58.45830404650876,-34.584273642563076
Nu?ez 3831,Coghlan,12,Los materiales deben estar lim,Papel / Cartón / Plástico / Metal / Vidrio,-58.480098488480024,-34.55712346999635
Nu?ez 4147,Coghlan,12,Los materiales deben estar lim,Papel / Cartón / Plástico / Metal / Vidrio,-58.48289030073893,-34.55868438047921
Nu?ez 3554,Coghlan,12,Los materiales deben estar lim,Papel / Cartón / Plástico / Metal / Vidrio,-58.47754096500621,-34.55580714726605
Nu?ez 3260,Coghlan,12,Los materiales deben estar lim,Papel / Cartón / Plástico / Metal / Vidrio,-58.474756506526795,-34.554242813753206
Azurduy Juana 3275,Coghlan,12,Los materiales deben estar lim,Papel / Cartón / Plástico / Metal / Vidrio,-58.47434766718253,-34.55502662550649
Azurduy Juana 3411,Coghlan,12,Los materiales deben estar lim,Papel / Cartón / Plástico / Metal / Vidrio,-58.47566745132242,-34.55573820835118
Balbin Ricardo Dr. Av. 3227,Coghlan,12,Los materiales deben estar lim,Papel / Cartón / Plástico / Metal / Vidrio,-58.47599778440589,-34.55808923692882
Conde 2702,Coghlan,12,Los materiales deben estar lim,Papel / Cartón / Plástico / Metal / Vidrio,-58.47032150272732,-34.561786102888476
Conde 3522,Coghlan,12,Los materiales deben estar lim,Papel / Cartón / Plástico / Metal / Vidrio,-58.47629664898101,-34.55472457437877
Congreso Av. 3270,Coghlan,12,Los materiales deben estar lim,Papel / Cartón / Plástico / Metal / Vidrio,-58.47085615408195,-34.559871648896355
"Freire, Ramon, Cap. Gral. 2627",Coghlan,12,Los materiales deben estar lim,Papel / Cartón / Plástico / Metal / Vidrio,-58.46851225844633,-34.56184697684211
Ibera 3193,Coghlan,12,Los materiales deben estar lim,Papel / Cartón / Plástico / Metal / Vidrio,-58.47168449277024,-34.557410635581086
Ibera 3995,Coghlan,12,Los materiales deben estar lim,Papel / Cartón / Plástico / Metal / Vidrio,-58.47976169424486,-34.561816041952426
Melian Av. 2843,Coghlan,12,Los materiales deben estar lim,Papel / Cartón / Plástico / Metal / Vidrio,-58.4742961790535,-34.562220232300454
Melian Av. 3079,Coghlan,12,Los materiales deben estar lim,Papel / Cartón / Plástico / Metal / Vidrio,-58.476010337618796,-34.5600811624804
"Naon, Romulo 2852",Coghlan,12,Los materiales deben estar lim,Papel / Cartón / Plástico / Metal / Vidrio,-58.47635317934704,-34.56331322720556
"Pedraza, Manuela 3372",Coghlan,12,Los materiales deben estar lim,Papel / Cartón / Plástico / Metal / Vidrio,-58.474543977461906,-34.556177543234575
"Pedraza, Manuela 3864",Coghlan,12,Los materiales deben estar lim,Papel / Cartón / Plástico / Metal / Vidrio,-58.47917724276912,-34.5586453139887
"Pedraza, Manuela 4073",Coghlan,12,Los materiales deben estar lim,Papel / Cartón / Plástico / Metal / Vidrio,-58.48111853041711,-34.559606415210766
"Perez, Roque 2750",Coghlan,12,Los materiales deben estar lim,Papel / Cartón / Plástico / Metal / Vidrio,-58.47268329403196,-34.562581168316385
"Perez, Roque 2948",Coghlan,12,Los materiales deben estar lim,Papel / Cartón / Plástico / Metal / Vidrio,-58.47424763759167,-34.560840391163374
"Perez, Roque 3182",Coghlan,12,Los materiales deben estar lim,Papel / Cartón / Plástico / Metal / Vidrio,-58.47584916273785,-34.558737263622675
Pinto 3271,Coghlan,12,Los materiales deben estar lim,Papel / Cartón / Plástico / Metal / Vidrio,-58.472846216143175,-34.555751085984184
Quesada 3248,Coghlan,12,Los materiales deben estar lim,Papel / Cartón / Plástico / Metal / Vidrio,-58.471488637854755,-34.55875843089183
Quesada 3980,Coghlan,12,Los materiales deben estar lim,Papel / Cartón / Plástico / Metal / Vidrio,-58.47901832203051,-34.56275551575545
"Rivera, Pedro I., Dr. 3944",Coghlan,12,Los materiales deben estar lim,Papel / Cartón / Plástico / Metal / Vidrio,-58.476482646840715,-34.565604813311865
Superi 2617,Coghlan,12,Los materiales deben estar lim,Papel / Cartón / Plástico / Metal / Vidrio,-58.4706649701325,-34.56303520417768
Superi 2895,Coghlan,12,Los materiales deben estar lim,Papel / Cartón / Plástico / Metal / Vidrio,-58.47246427908659,-34.56096635258205
Superi 3055,Coghlan,12,Los materiales deben estar lim,Papel / Cartón / Plástico / Metal / Vidrio,-58.47384416867748,-34.55938408523039
Superi 3253,Coghlan,12,Los materiales deben estar lim,Papel / Cartón / Plástico / Metal / Vidrio,-58.47538326985413,-34.55746574671086
"Tamborini, Jose Pascual 3249",Coghlan,12,Los materiales deben estar lim,Papel / Cartón / Plástico / Metal / Vidrio,-58.47326331089904,-34.55701155847432
"Tamborini, Jose Pascual 3635",Coghlan,12,Los materiales deben estar lim,Papel / Cartón / Plástico / Metal / Vidrio,-58.47734604630887,-34.55917177004061
"Tamborini, Jose Pascual 3885",Coghlan,12,Los materiales deben estar lim,Papel / Cartón / Plástico / Metal / Vidrio,-58.4791967258892,-34.56012140629736
"Tamborini, Jose Pascual 4051",Coghlan,12,Los materiales deben estar lim,Papel / Cartón / Plástico / Metal / Vidrio,-58.48120759648985,-34.5612059601216
"Ugarte, Manuel 3126",Coghlan,12,Los materiales deben estar lim,Papel / Cartón / Plástico / Metal / Vidrio,-58.46874124963733,-34.55993054428247
Washington 2735,Coghlan,12,Los materiales deben estar lim,Papel / Cartón / Plástico / Metal / Vidrio,-58.47443382474342,-34.56377111860554
Washington 2971,Coghlan,12,Los materiales deben estar lim,Papel / Cartón / Plástico / Metal / Vidrio,-58.47617136421271,-34.5617016342969
Zabala 2606,Colegiales,13,Los materiales deben estar lim,Papel / Cartón / Plástico / Metal / Vidrio,-58.45069355380548,-34.570069832394275
Amenabar 1005,Colegiales,13,Los materiales deben estar lim,Papel / Cartón / Plástico / Metal / Vidrio,-58.44902387361436,-34.57081601473654
Amenabar 477,Colegiales,13,Los materiales deben estar lim,Papel / Cartón / Plástico / Metal / Vidrio,-58.443952738728484,-34.573935448768694
Arredondo Virrey 3525,Colegiales,13,Los materiales deben estar lim,Papel / Cartón / Plástico / Metal / Vidrio,-58.458999033583055,-34.577365415543994
"Arredondo, Virrey 2480",Colegiales,13,Los materiales deben estar lim,Papel / Cartón / Plástico / Metal / Vidrio,-58.45153931381267,-34.567973781783685
"Arredondo, Virrey 2821",Colegiales,13,Los materiales deben estar lim,Papel / Cartón / Plástico / Metal / Vidrio,-58.45406439799583,-34.57105033806511
"Aviles, Virrey 2913",Colegiales,13,Los materiales deben estar lim,Papel / Cartón / Plástico / Metal / Vidrio,-58.45643289189498,-34.57044945834419
"Aviles, Virrey 3055",Colegiales,13,Los materiales deben estar lim,Papel / Cartón / Plástico / Metal / Vidrio,-58.457607083473576,-34.571982886824415
Cabildo Av. 1115,Colegiales,13,Los materiales deben estar lim,Papel / Cartón / Plástico / Metal / Vidrio,-58.44718886719621,-34.5686849810275
Cabildo Av. 1295,Colegiales,13,Los materiales deben estar lim,Papel / Cartón / Plástico / Metal / Vidrio,-58.4487751694296,-34.56786759108169
Cabildo Av. 1382,Colegiales,13,Los materiales deben estar lim,Papel / Cartón / Plástico / Metal / Vidrio,-58.44977678060755,-34.567593603739105
Cabildo Av. 666,Colegiales,13,Los materiales deben estar lim,Papel / Cartón / Plástico / Metal / Vidrio,-58.44356200340678,-34.57073269112473
Cabildo Av. 853,Colegiales,13,Los materiales deben estar lim,Papel / Cartón / Plástico / Metal / Vidrio,-58.44516751346259,-34.56968628850406
Cabildo Av. 936,Colegiales,13,Los materiales deben estar lim,Papel / Cartón / Plástico / Metal / Vidrio,-58.44621589193407,-34.56942680745034
Cespedes 2685,Colegiales,13,Los materiales deben estar lim,Papel / Cartón / Plástico / Metal / Vidrio,-58.4502203431589,-34.5708809286472
Cespedes 2986,Colegiales,13,Los materiales deben estar lim,Papel / Cartón / Plástico / Metal / Vidrio,-58.45177941691316,-34.573968973765
Cespedes 3004,Colegiales,13,Los materiales deben estar lim,Papel / Cartón / Plástico / Metal / Vidrio,-58.45196794315453,-34.574272546323854
Ciudad De La Paz 526,Colegiales,13,Los materiales deben estar lim,Papel / Cartón / Plástico / Metal / Vidrio,-58.44394020642227,-34.57287893489644
Conde 1078,Colegiales,13,Los materiales deben estar lim,Papel / Cartón / Plástico / Metal / Vidrio,-58.454565995374864,-34.575650252872144
Conde 1222,Colegiales,13,Los materiales deben estar lim,Papel / Cartón / Plástico / Metal / Vidrio,-58.456209118615455,-34.57487059559017
Conde 1408,Colegiales,13,Los materiales deben estar lim,Papel / Cartón / Plástico / Metal / Vidrio,-58.45790682397964,-34.57405861708772
Conde 1562,Colegiales,13,Los materiales deben estar lim,Papel / Cartón / Plástico / Metal / Vidrio,-58.46019892479744,-34.57297746075072
Conde 426,Colegiales,13,Los materiales deben estar lim,Papel / Cartón / Plástico / Metal / Vidrio,-58.44730612344108,-34.57908822728234
Conde 628,Colegiales,13,Los materiales deben estar lim,Papel / Cartón / Plástico / Metal / Vidrio,-58.44889182118402,-34.57829590342273
Conde 830,Colegiales,13,Los materiales deben estar lim,Papel / Cartón / Plástico / Metal / Vidrio,-58.450909413906366,-34.5773165107248
Conesa 1115,Colegiales,13,Los materiales deben estar lim,Papel / Cartón / Plástico / Metal / Vidrio,-58.452717341077275,-34.572351368070734
Conesa 1389,Colegiales,13,Los materiales deben estar lim,Papel / Cartón / Plástico / Metal / Vidrio,-58.45510916692184,-34.57119265914493
Conesa 397,Colegiales,13,Los materiales deben estar lim,Papel / Cartón / Plástico / Metal / Vidrio,-58.4445400004062,-34.576194697537666
Conesa 591,Colegiales,13,Los materiales deben estar lim,Papel / Cartón / Plástico / Metal / Vidrio,-58.44646875006743,-34.575322988859384
Conesa 937,Colegiales,13,Los materiales deben estar lim,Papel / Cartón / Plástico / Metal / Vidrio,-58.450301642068275,-34.57352358552245
Cramer 1012,Colegiales,13,Los materiales deben estar lim,Papel / Cartón / Plástico / Metal / Vidrio,-58.450435193180965,-34.57223613858377
Cramer 590,Colegiales,13,Los materiales deben estar lim,Papel / Cartón / Plástico / Metal / Vidrio,-58.44584969182112,-34.574216085272056
Cramer 814,Colegiales,13,Los materiales deben estar lim,Papel / Cartón / Plástico / Metal / Vidrio,-58.44845964660181,-34.57307371058522
Delgado 1486,Colegiales,13,Los materiales deben estar lim,Papel / Cartón / Plástico / Metal / Vidrio,-58.46181603190545,-34.57593356205248
Delgado 580,Colegiales,13,Los materiales deben estar lim,Papel / Cartón / Plástico / Metal / Vidrio,-58.45027848578459,-34.580058319658576
Delgado 966,Colegiales,13,Los materiales deben estar lim,Papel / Cartón / Plástico / Metal / Vidrio,-58.45586257271742,-34.577486410539116
"Dumont, Santos 3249",Colegiales,13,Los materiales deben estar lim,Papel / Cartón / Plástico / Metal / Vidrio,-58.44613160305486,-34.580109199022644
Elcano Av. 2956,Colegiales,13,Los materiales deben estar lim,Papel / Cartón / Plástico / Metal / Vidrio,-58.457917179603236,-34.570342887215155
Elcano Av. 3156,Colegiales,13,Los materiales deben estar lim,Papel / Cartón / Plástico / Metal / Vidrio,-58.45915092006587,-34.57275137375198
Forest Av. 1274,Colegiales,13,Los materiales deben estar lim,Papel / Cartón / Plástico / Metal / Vidrio,-58.46126992783405,-34.577314782159974
"Freire, Ramon, Cap. Gral. 1055",Colegiales,13,Los materiales deben estar lim,Papel / Cartón / Plástico / Metal / Vidrio,-58.45356220645775,-34.57476620251586
"Freire, Ramon, Cap. Gral. 1321",Colegiales,13,Los materiales deben estar lim,Papel / Cartón / Plástico / Metal / Vidrio,-58.45620042682106,-34.57335689447423
"Freire, Ramon, Cap. Gral. 1621",Colegiales,13,Los materiales deben estar lim,Papel / Cartón / Plástico / Metal / Vidrio,-58.45995261215695,-34.571243148992586
"Freire, Ramon, Cap. Gral. 321",Colegiales,13,Los materiales deben estar lim,Papel / Cartón / Plástico / Metal / Vidrio,-58.445727844351815,-34.57845847694292
"Freire, Ramon, Cap. Gral. 589",Colegiales,13,Los materiales deben estar lim,Papel / Cartón / Plástico / Metal / Vidrio,-58.44775812279613,-34.577445642524445
"Garcia, Teodoro 2477",Colegiales,13,Los materiales deben estar lim,Papel / Cartón / Plástico / Metal / Vidrio,-58.44645080483361,-34.570616007836755
"Garcia, Teodoro 2951",Colegiales,13,Los materiales deben estar lim,Papel / Cartón / Plástico / Metal / Vidrio,-58.44929206731194,-34.5748791964866
"Lacroze, Federico Av. 2474",Colegiales,13,Los materiales deben estar lim,Papel / Cartón / Plástico / Metal / Vidrio,-58.445517660239005,-34.571272293266844
"Lacroze, Federico Av. 2557",Colegiales,13,Los materiales deben estar lim,Papel / Cartón / Plástico / Metal / Vidrio,-58.44620786264559,-34.572039588332984
"Loreto, Virrey 2523",Colegiales,13,Los materiales deben estar lim,Papel / Cartón / Plástico / Metal / Vidrio,-58.45118057222045,-34.568893240767125
"Loreto, Virrey 3318",Colegiales,13,Los materiales deben estar lim,Papel / Cartón / Plástico / Metal / Vidrio,-58.45636423281149,-34.575676690688475
"Loreto, Virrey 3524",Colegiales,13,Los materiales deben estar lim,Papel / Cartón / Plástico / Metal / Vidrio,-58.457738009934936,-34.57743773677082
"Martinez, Enrique, Gral. 1211",Colegiales,13,Los materiales deben estar lim,Papel / Cartón / Plástico / Metal / Vidrio,-58.45790982971835,-34.575861875513944
"Martinez, Enrique, Gral. 1355",Colegiales,13,Los materiales deben estar lim,Papel / Cartón / Plástico / Metal / Vidrio,-58.45957036048606,-34.575767864756926
"Martinez, Enrique, Gral. 1463",Colegiales,13,Los materiales deben estar lim,Papel / Cartón / Plástico / Metal / Vidrio,-58.46160455496494,-34.57465734185677
"Martinez, Enrique, Gral. 365",Colegiales,13,Los materiales deben estar lim,Papel / Cartón / Plástico / Metal / Vidrio,-58.448078681719835,-34.57979737689837
"Martinez, Enrique, Gral. 445",Colegiales,13,Los materiales deben estar lim,Papel / Cartón / Plástico / Metal / Vidrio,-58.44873822822314,-34.57947619746267
"Martinez, Enrique, Gral. 647",Colegiales,13,Los materiales deben estar lim,Papel / Cartón / Plástico / Metal / Vidrio,-58.450574368741115,-34.57858505577599
"Martinez, Enrique, Gral. 853",Colegiales,13,Los materiales deben estar lim,Papel / Cartón / Plástico / Metal / Vidrio,-58.452903758450724,-34.57745812183872
Maure 2823,Colegiales,13,Los materiales deben estar lim,Papel / Cartón / Plástico / Metal / Vidrio,-58.44529824239796,-34.57493717446107
Moldes 1256,Colegiales,13,Los materiales deben estar lim,Papel / Cartón / Plástico / Metal / Vidrio,-58.4525473181178,-34.569863836873765
Moldes 1390,Colegiales,13,Los materiales deben estar lim,Papel / Cartón / Plástico / Metal / Vidrio,-58.453581988329304,-34.56932693895508
Moldes 1466,Colegiales,13,Los materiales deben estar lim,Papel / Cartón / Plástico / Metal / Vidrio,-58.45450904892434,-34.56879430808467
Moldes 773,Colegiales,13,Los materiales deben estar lim,Papel / Cartón / Plástico / Metal / Vidrio,-58.44823354592178,-34.57206301532054
Moldes 920,Colegiales,13,Los materiales deben estar lim,Papel / Cartón / Plástico / Metal / Vidrio,-58.44957859421372,-34.57148994433669
"Olaguer y Feliu, Virrey 2521",Colegiales,13,Los materiales deben estar lim,Papel / Cartón / Plástico / Metal / Vidrio,-58.45286903669637,-34.56778720175955
"Olaguer y Feliu, Virrey 3166",Colegiales,13,Los materiales deben estar lim,Papel / Cartón / Plástico / Metal / Vidrio,-58.45725676031186,-34.573666988908805
"Olaguer y Feliu, Virrey 3490",Colegiales,13,Los materiales deben estar lim,Papel / Cartón / Plástico / Metal / Vidrio,-58.4596063494884,-34.576738962501594
Olleros 2631,Colegiales,13,Los materiales deben estar lim,Papel / Cartón / Plástico / Metal / Vidrio,-58.44513120082844,-34.57246667230691
Palpa 2516,Colegiales,13,Los materiales deben estar lim,Papel / Cartón / Plástico / Metal / Vidrio,-58.447712905568956,-34.57080850673851
Palpa 3098,Colegiales,13,Los materiales deben estar lim,Papel / Cartón / Plástico / Metal / Vidrio,-58.45086641000562,-34.57593146253544
Palpa 3332,Colegiales,13,Los materiales deben estar lim,Papel / Cartón / Plástico / Metal / Vidrio,-58.452196245997825,-34.57838189612359
"Perez, Gregoria 3395",Colegiales,13,Los materiales deben estar lim,Papel / Cartón / Plástico / Metal / Vidrio,-58.455278765058225,-34.57743413428437
"Perez, Gregoria 3495",Colegiales,13,Los materiales deben estar lim,Papel / Cartón / Plástico / Metal / Vidrio,-58.455899359716646,-34.5786495257511
"Pino, Virrey Del 2484",Colegiales,13,Los materiales deben estar lim,Papel / Cartón / Plástico / Metal / Vidrio,-58.45349918962795,-34.56684596198607
"Pino, Virrey Del 2640",Colegiales,13,Los materiales deben estar lim,Papel / Cartón / Plástico / Metal / Vidrio,-58.455072314106815,-34.567759734500854
"Pino, Virrey Del 2832",Colegiales,13,Los materiales deben estar lim,Papel / Cartón / Plástico / Metal / Vidrio,-58.4567466192057,-34.56873924869696
Superi 1215,Colegiales,13,Los materiales deben estar lim,Papel / Cartón / Plástico / Metal / Vidrio,-58.457418323359704,-34.57507044722358
Superi 1485,Colegiales,13,Los materiales deben estar lim,Papel / Cartón / Plástico / Metal / Vidrio,-58.46130646266642,-34.573554486890984
Zabala 2452,Colegiales,13,Los materiales deben estar lim,Papel / Cartón / Plástico / Metal / Vidrio,-58.44954928578873,-34.56859630203332
Zabala 3275,Colegiales,13,Los materiales deben estar lim,Papel / Cartón / Plástico / Metal / Vidrio,-58.45545847311839,-34.576128224554346
Zapata 521,Colegiales,13,Los materiales deben estar lim,Papel / Cartón / Plástico / Metal / Vidrio,-58.44305251495124,-34.57211977928714
Zapata 631,Colegiales,13,Los materiales deben estar lim,Papel / Cartón / Plástico / Metal / Vidrio,-58.44474834297936,-34.57108042446965
Zapiola 1036,Colegiales,13,Los materiales deben estar lim,Papel / Cartón / Plástico / Metal / Vidrio,-58.45238799066336,-34.57397658367086
Zapiola 1228,Colegiales,13,Los materiales deben estar lim,Papel / Cartón / Plástico / Metal / Vidrio,-58.454702647957326,-34.57280836434884
Zapiola 1480,Colegiales,13,Los materiales deben estar lim,Papel / Cartón / Plástico / Metal / Vidrio,-58.45682154537105,-34.571629107668514
Zapiola 420,Colegiales,13,Los materiales deben estar lim,Papel / Cartón / Plástico / Metal / Vidrio,-58.445998749633105,-34.57709802300228
Zapiola 582,Colegiales,13,Los materiales deben estar lim,Papel / Cartón / Plástico / Metal / Vidrio,-58.44724611342632,-34.576573526122104
Zapiola 872,Colegiales,13,Los materiales deben estar lim,Papel / Cartón / Plástico / Metal / Vidrio,-58.45020884895762,-34.575213283688456
Pavon|1792|pr3155,Constitucion,1,Los materiales deben estar lim,Papel / Cartón / Plástico / Metal / Vidrio,-58.39099745385745,-34.626348523579786
Pavon|1466|pr3154,Constitucion,1,Los materiales deben estar lim,Papel / Cartón / Plástico / Metal / Vidrio,-58.386594350872556,-34.62618165227375
San Juan Av.|1370|pr2519|,Constitucion,1,Los materiales deben estar lim,Papel / Cartón / Plástico / Metal / Vidrio,-58.385385463397306,-34.62244797270474
San Juan Av.|1768|pr4199,Constitucion,1,Los materiales deben estar lim,Papel / Cartón / Plástico / Metal / Vidrio,-58.39085527564504,-34.62277948696136
San Juan Av.|1554|pr3214,Constitucion,1,Los materiales deben estar lim,Papel / Cartón / Plástico / Metal / Vidrio,-58.38798133252292,-34.62260277984711
"Saenz Pe?a, Luis, Pres.|1079|pr3210",Constitucion,1,Los materiales deben estar lim,Papel / Cartón / Plástico / Metal / Vidrio,-58.387281763449906,-34.62093115761496
Salta|954|pr3134,Constitucion,1,Los materiales deben estar lim,Papel / Cartón / Plástico / Metal / Vidrio,-58.38293123938705,-34.619235321097996
Pavon|1246|pr3221|,Constitucion,1,Los materiales deben estar lim,Papel / Cartón / Plástico / Metal / Vidrio,-58.38329901733953,-34.62604582103152
Solis|855|pr3206,Constitucion,1,Los materiales deben estar lim,Papel / Cartón / Plástico / Metal / Vidrio,-58.39034518143966,-34.61858630955486
"Irigoyen, Bernardo De|1618|pr1334|",Constitucion,1,Los materiales deben estar lim,Papel / Cartón / Plástico / Metal / Vidrio,-58.37830134655523,-34.62767861130595
"Irigoyen, Bernardo De|826|pr1077|",Constitucion,1,Los materiales deben estar lim,Papel / Cartón / Plástico / Metal / Vidrio,-58.37981123221316,-34.61781145538134
"Irigoyen, Bernardo De|1368|pr3222",Constitucion,1,Los materiales deben estar lim,Papel / Cartón / Plástico / Metal / Vidrio,-58.37941641711489,-34.62465753572003
Independencia Av.|1470|pr3626,Constitucion,1,Los materiales deben estar lim,Papel / Cartón / Plástico / Metal / Vidrio,-58.38698334061956,-34.61797707442587
Independencia Av.|1327|pr3199,Constitucion,1,Los materiales deben estar lim,Papel / Cartón / Plástico / Metal / Vidrio,-58.384705092389474,-34.61771990327035
Independencia Av.|1181|pr3128,Constitucion,1,Los materiales deben estar lim,Papel / Cartón / Plástico / Metal / Vidrio,-58.38269176073097,-34.61764431511412
Humberto 1?|1379|pr3157,Constitucion,1,Los materiales deben estar lim,Papel / Cartón / Plástico / Metal / Vidrio,-58.38541189643777,-34.62108407735059
Humberto 1?|1171|pr3138,Constitucion,1,Los materiales deben estar lim,Papel / Cartón / Plástico / Metal / Vidrio,-58.38247372684669,-34.620946096901875
Humberto 1? 1823,Constitucion,1,Los materiales deben estar lim,Papel / Cartón / Plástico / Metal / Vidrio,-58.39199890319025,-34.621537043367724
"Garay, Juan De Av.|1648|pr3227",Constitucion,1,Los materiales deben estar lim,Papel / Cartón / Plástico / Metal / Vidrio,-58.388867193432105,-34.62726601216384
"Garay, Juan De Av.|1307|pr3156",Constitucion,1,Los materiales deben estar lim,Papel / Cartón / Plástico / Metal / Vidrio,-58.3844370518934,-34.62701245161551
Estados Unidos|868|pr2999,Constitucion,1,Los materiales deben estar lim,Papel / Cartón / Plástico / Metal / Vidrio,-58.37829480921888,-34.61856476648809
Estados Unidos|1232|pr3753|,Constitucion,1,Los materiales deben estar lim,Papel / Cartón / Plástico / Metal / Vidrio,-58.383504904354155,-34.61863489730783
Estados Unidos|1678|pr4195,Constitucion,1,Los materiales deben estar lim,Papel / Cartón / Plástico / Metal / Vidrio,-58.389893782880826,-34.61898930154945
Entre Rios Av.|2052|pr4215|,Constitucion,1,Los materiales deben estar lim,Papel / Cartón / Plástico / Metal / Vidrio,-58.390493397926626,-34.63207777459494
Entre Rios Av.|1686|pr1465|,Constitucion,1,Los materiales deben estar lim,Papel / Cartón / Plástico / Metal / Vidrio,-58.3909852119872,-34.62794895199597
"Echague, Pedro|1728|pr3228",Constitucion,1,Los materiales deben estar lim,Papel / Cartón / Plástico / Metal / Vidrio,-58.38984618826904,-34.63038135918118
"Echague, Pedro|1578|pr3160",Constitucion,1,Los materiales deben estar lim,Papel / Cartón / Plástico / Metal / Vidrio,-58.38772757958519,-34.630145536419825
"Echague, Pedro|1308|pr3275",Constitucion,1,Los materiales deben estar lim,Papel / Cartón / Plástico / Metal / Vidrio,-58.38439835949348,-34.6298923627437
Constitucion|1771|pr3153,Constitucion,1,Los materiales deben estar lim,Papel / Cartón / Plástico / Metal / Vidrio,-58.39075028683677,-34.625127263396706
Cochabamba|1652|pr3150|,Constitucion,1,Los materiales deben estar lim,Papel / Cartón / Plástico / Metal / Vidrio,-58.389085508642744,-34.623965016380936
Constitucion|1615|pr3152,Constitucion,1,Los materiales deben estar lim,Papel / Cartón / Plástico / Metal / Vidrio,-58.38875492841693,-34.62492421609691
Cochabamba|1456|pr3234,Constitucion,1,Los materiales deben estar lim,Papel / Cartón / Plástico / Metal / Vidrio,-58.38641989558706,-34.62402547360703
Cochabamba|1236|pr3147,Constitucion,1,Los materiales deben estar lim,Papel / Cartón / Plástico / Metal / Vidrio,-58.38348233267566,-34.62398244959831
"Cevallos, Virrey|1407|pr1501|",Constitucion,1,Los materiales deben estar lim,Papel / Cartón / Plástico / Metal / Vidrio,-58.38842887933185,-34.62507034922126
"Calvo, Carlos|953|pr3133",Constitucion,1,Los materiales deben estar lim,Papel / Cartón / Plástico / Metal / Vidrio,-58.37939499422346,-34.61971500659985
"Calvo, Carlos|1427|pr3135",Constitucion,1,Los materiales deben estar lim,Papel / Cartón / Plástico / Metal / Vidrio,-58.38627927008582,-34.619854841623344
Brasil|1246|pr3226,Constitucion,1,Los materiales deben estar lim,Papel / Cartón / Plástico / Metal / Vidrio,-58.383725082481746,-34.628091205131575
Brasil Av.|964|pr3697,Constitucion,1,Los materiales deben estar lim,Papel / Cartón / Plástico / Metal / Vidrio,-58.37809643019447,-34.627319488550036
15 De Noviembre De 1889|1251|pr3229,Constitucion,1,Los materiales deben estar lim,Papel / Cartón / Plástico / Metal / Vidrio,-58.3835822511121,-34.63090493173009
15 De Noviembre De 1889|1669|pr3162,Constitucion,1,Los materiales deben estar lim,Papel / Cartón / Plástico / Metal / Vidrio,-58.38865692018593,-34.631355216158376
15 De Noviembre De 1889|1448|pr3161,Constitucion,1,Los materiales deben estar lim,Papel / Cartón / Plástico / Metal / Vidrio,-58.38619860359283,-34.63121660413274
Franklin 1926,Flores,7,Los materiales deben estar lim,Papel / Cartón / Plástico / Metal / Vidrio,-58.46180229585863,-34.61570024068775
Franklin 2140,Flores,7,Los materiales deben estar lim,Papel / Cartón / Plástico / Metal / Vidrio,-58.46459485630075,-34.616698587767786
Franklin 2330,Flores,7,Los materiales deben estar lim,Papel / Cartón / Plástico / Metal / Vidrio,-58.466722710196144,-34.61759173362566
Remedios 2737,Flores,7,Los materiales deben estar lim,Papel / Cartón / Plástico / Metal / Vidrio,-58.46437425896506,-34.63717068085332
Remedios 2953,Flores,7,Los materiales deben estar lim,Papel / Cartón / Plástico / Metal / Vidrio,-58.46737881228594,-34.63795609917911
Remedios 3177,Flores,7,Los materiales deben estar lim,Papel / Cartón / Plástico / Metal / Vidrio,-58.47011105040339,-34.63867320769345
Saraza 2332,Flores,7,Los materiales deben estar lim,Papel / Cartón / Plástico / Metal / Vidrio,-58.44751482310003,-34.64407181567186
"Bonorino, Esteban, Cnel. Av. 2100 r",Flores,7,Los materiales deben estar lim,Papel / Cartón / Plástico / Metal / Vidrio,-58.44193150665939,-34.647823988007936
"Alberdi, Juan Bautista Av. 1925",Flores,7,Los materiales deben estar lim,Papel / Cartón / Plástico / Metal / Vidrio,-58.45583419481721,-34.629368433867896
"Alberdi, Juan Bautista Av. 2145",Flores,7,Los materiales deben estar lim,Papel / Cartón / Plástico / Metal / Vidrio,-58.45815384880173,-34.63010342553949
"Alberdi, Juan Bautista Av. 2345",Flores,7,Los materiales deben estar lim,Papel / Cartón / Plástico / Metal / Vidrio,-58.46083518897399,-34.63093796731577
"Alberdi, Juan Bautista Av. 2555",Flores,7,Los materiales deben estar lim,Papel / Cartón / Plástico / Metal / Vidrio,-58.4638676217382,-34.63185627147847
"Alberdi, Juan Bautista Av. 2787",Flores,7,Los materiales deben estar lim,Papel / Cartón / Plástico / Metal / Vidrio,-58.46700750086016,-34.63281891506323
"Alberdi, Juan Bautista Av. 2959",Flores,7,Los materiales deben estar lim,Papel / Cartón / Plástico / Metal / Vidrio,-58.4694915707263,-34.63350138365954
"Alberdi, Juan Bautista Av. 3141",Flores,7,Los materiales deben estar lim,Papel / Cartón / Plástico / Metal / Vidrio,-58.47181585370715,-34.634226335886325
"Alvarez, Crisostomo 2711",Flores,7,Los materiales deben estar lim,Papel / Cartón / Plástico / Metal / Vidrio,-58.45561037386125,-34.6441751277793
"Alvarez, Crisostomo 2811",Flores,7,Los materiales deben estar lim,Papel / Cartón / Plástico / Metal / Vidrio,-58.45676985333207,-34.6450324866646
"Alvarez, Crisostomo 2985",Flores,7,Los materiales deben estar lim,Papel / Cartón / Plástico / Metal / Vidrio,-58.45833646048078,-34.646189299330786
"Alvarez, Crisostomo 3173",Flores,7,Los materiales deben estar lim,Papel / Cartón / Plástico / Metal / Vidrio,-58.46044270196448,-34.64770872200426
"Alvarez, Crisostomo 3347",Flores,7,Los materiales deben estar lim,Papel / Cartón / Plástico / Metal / Vidrio,-58.46205451853968,-34.649058501709845
Andres Lamas 1001,Flores,7,Los materiales deben estar lim,Papel / Cartón / Plástico / Metal / Vidrio,-58.462693216857346,-34.61585879483017
"Aranguren, Juan F., Dr. 1915",Flores,7,Los materiales deben estar lim,Papel / Cartón / Plástico / Metal / Vidrio,-58.45882957380571,-34.62072044772234
"Aranguren, Juan F., Dr. 2015",Flores,7,Los materiales deben estar lim,Papel / Cartón / Plástico / Metal / Vidrio,-58.46077854836839,-34.62139925066571
"Aranguren, Juan F., Dr. 2211",Flores,7,Los materiales deben estar lim,Papel / Cartón / Plástico / Metal / Vidrio,-58.46302548393318,-34.62226012511098
"Aranguren, Juan F., Dr. 2551",Flores,7,Los materiales deben estar lim,Papel / Cartón / Plástico / Metal / Vidrio,-58.46741258139023,-34.623666502926824
"Aranguren, Juan F., Dr. 2833",Flores,7,Los materiales deben estar lim,Papel / Cartón / Plástico / Metal / Vidrio,-58.47130360282848,-34.62487900741788
"Aranguren, Juan F., Dr. 3053",Flores,7,Los materiales deben estar lim,Papel / Cartón / Plástico / Metal / Vidrio,-58.474480923627816,-34.625748651237664
Argerich 464,Flores,7,Los materiales deben estar lim,Papel / Cartón / Plástico / Metal / Vidrio,-58.47300111819395,-34.627308003788755
Asamblea Av. 1814,Flores,7,Los materiales deben estar lim,Papel / Cartón / Plástico / Metal / Vidrio,-58.4497074985628,-34.63912759671394
Asamblea Av. 2144,Flores,7,Los materiales deben estar lim,Papel / Cartón / Plástico / Metal / Vidrio,-58.45266010078969,-34.64243203543456
Avellaneda Av. 1944,Flores,7,Los materiales deben estar lim,Papel / Cartón / Plástico / Metal / Vidrio,-58.45852269106555,-34.622163178028146
Avellaneda Av. 2146,Flores,7,Los materiales deben estar lim,Papel / Cartón / Plástico / Metal / Vidrio,-58.461610657570326,-34.623236979971
Avellaneda Av. 2340,Flores,7,Los materiales deben estar lim,Papel / Cartón / Plástico / Metal / Vidrio,-58.463812729802534,-34.62400678016157
Avellaneda Av. 2558,Flores,7,Los materiales deben estar lim,Papel / Cartón / Plástico / Metal / Vidrio,-58.4668360757573,-34.62497813529298
Avellaneda Av. 2748,Flores,7,Los materiales deben estar lim,Papel / Cartón / Plástico / Metal / Vidrio,-58.469504432983705,-34.62581218961923
Bacacay 1827,Flores,7,Los materiales deben estar lim,Papel / Cartón / Plástico / Metal / Vidrio,-58.45726706286362,-34.624234084672196
Bacacay 2145,Flores,7,Los materiales deben estar lim,Papel / Cartón / Plástico / Metal / Vidrio,-58.46037895252055,-34.62531705997245
Bacacay 2319,Flores,7,Los materiales deben estar lim,Papel / Cartón / Plástico / Metal / Vidrio,-58.46259775743189,-34.62607441529019
Bacacay 2511,Flores,7,Los materiales deben estar lim,Papel / Cartón / Plástico / Metal / Vidrio,-58.465394175697604,-34.626851831280106
Bacacay 2787,Flores,7,Los materiales deben estar lim,Papel / Cartón / Plástico / Metal / Vidrio,-58.46915054410072,-34.62798616417284
Balbastro 2237,Flores,7,Los materiales deben estar lim,Papel / Cartón / Plástico / Metal / Vidrio,-58.44754364709119,-34.642422117425795
Balbastro 2691,Flores,7,Los materiales deben estar lim,Papel / Cartón / Plástico / Metal / Vidrio,-58.45265771428919,-34.646351555509085
Balbastro 2791,Flores,7,Los materiales deben estar lim,Papel / Cartón / Plástico / Metal / Vidrio,-58.45430365367006,-34.64626627448271
Balbastro 2855,Flores,7,Los materiales deben estar lim,Papel / Cartón / Plástico / Metal / Vidrio,-58.45556416983721,-34.64693131410333
Balbastro 2933,Flores,7,Los materiales deben estar lim,Papel / Cartón / Plástico / Metal / Vidrio,-58.456181453880525,-34.64759811815464
"Bilbao, Francisco 2187",Flores,7,Los materiales deben estar lim,Papel / Cartón / Plástico / Metal / Vidrio,-58.45702647574756,-34.63348853555242
"Bilbao, Francisco 2381",Flores,7,Los materiales deben estar lim,Papel / Cartón / Plástico / Metal / Vidrio,-58.459676126570294,-34.634566287723395
"Bilbao, Francisco 2595",Flores,7,Los materiales deben estar lim,Papel / Cartón / Plástico / Metal / Vidrio,-58.46171831691705,-34.63643414890229
"Bilbao, Francisco Av. 3095",Flores,7,Los materiales deben estar lim,Papel / Cartón / Plástico / Metal / Vidrio,-58.465772891961166,-34.6389765829835
"Bilbao, Francisco Av. 3185",Flores,7,Los materiales deben estar lim,Papel / Cartón / Plástico / Metal / Vidrio,-58.46708856295072,-34.63983344632531
Bogota 1812,Flores,7,Los materiales deben estar lim,Papel / Cartón / Plástico / Metal / Vidrio,-58.45588924486959,-34.62249482330636
Bogota 2216,Flores,7,Los materiales deben estar lim,Papel / Cartón / Plástico / Metal / Vidrio,-58.46179879888681,-34.624563132992
Bogota 2472,Flores,7,Los materiales deben estar lim,Papel / Cartón / Plástico / Metal / Vidrio,-58.465245987495834,-34.62561862995024
Bogota 2656,Flores,7,Los materiales deben estar lim,Papel / Cartón / Plástico / Metal / Vidrio,-58.467807870147546,-34.62642337331861
Bogota 2850,Flores,7,Los materiales deben estar lim,Papel / Cartón / Plástico / Metal / Vidrio,-58.4703196486013,-34.62721866322861
Bogota 3110,Flores,7,Los materiales deben estar lim,Papel / Cartón / Plástico / Metal / Vidrio,-58.47415998812292,-34.628330068207156
Bolivia 1001,Flores,7,Los materiales deben estar lim,Papel / Cartón / Plástico / Metal / Vidrio,-58.4697880533579,-34.619815444802185
"Bonifacio, Jose 1871",Flores,7,Los materiales deben estar lim,Papel / Cartón / Plástico / Metal / Vidrio,-58.45449224685625,-34.63023822599
"Bonifacio, Jose 2075",Flores,7,Los materiales deben estar lim,Papel / Cartón / Plástico / Metal / Vidrio,-58.456624494023686,-34.63092691252181
"Bonifacio, Jose 2291",Flores,7,Los materiales deben estar lim,Papel / Cartón / Plástico / Metal / Vidrio,-58.45928882409504,-34.63177533502584
"Bonifacio, Jose 2649",Flores,7,Los materiales deben estar lim,Papel / Cartón / Plástico / Metal / Vidrio,-58.46463809880899,-34.63339313267529
"Bonifacio, Jose 2895",Flores,7,Los materiales deben estar lim,Papel / Cartón / Plástico / Metal / Vidrio,-58.46781447407689,-34.63436361003535
"Bonifacio, Jose 3095",Flores,7,Los materiales deben estar lim,Papel / Cartón / Plástico / Metal / Vidrio,-58.47049812499958,-34.63520622712683
"Bonorino, Esteban, Cnel. Av 1250",Flores,7,Los materiales deben estar lim,Papel / Cartón / Plástico / Metal / Vidrio,-58.450607082890926,-34.64097984905426
Calcena 270,Flores,7,Los materiales deben estar lim,Papel / Cartón / Plástico / Metal / Vidrio,-58.45680757417285,-34.6231868091707
Camacua 340,Flores,7,Los materiales deben estar lim,Papel / Cartón / Plástico / Metal / Vidrio,-58.456811182733055,-34.63153208287442
Condarco 536,Flores,7,Los materiales deben estar lim,Papel / Cartón / Plástico / Metal / Vidrio,-58.46911973710859,-34.62506551967841
Condarco 780,Flores,7,Los materiales deben estar lim,Papel / Cartón / Plástico / Metal / Vidrio,-58.47016818155871,-34.62266464848355
"Diaz, Avelino 2144",Flores,7,Los materiales deben estar lim,Papel / Cartón / Plástico / Metal / Vidrio,-58.447614363224496,-34.64098602329445
"Diaz, Avelino 2348",Flores,7,Los materiales deben estar lim,Papel / Cartón / Plástico / Metal / Vidrio,-58.449967198129116,-34.64305064878185
"Diaz, Avelino 2552",Flores,7,Los materiales deben estar lim,Papel / Cartón / Plástico / Metal / Vidrio,-58.45194582740327,-34.64474619009888
Directorio Av. 2356,Flores,7,Los materiales deben estar lim,Papel / Cartón / Plástico / Metal / Vidrio,-58.45994783076037,-34.633339972213044
Directorio Av. 2560,Flores,7,Los materiales deben estar lim,Papel / Cartón / Plástico / Metal / Vidrio,-58.46281497107072,-34.634210916956654
Directorio Av. 2748,Flores,7,Los materiales deben estar lim,Papel / Cartón / Plástico / Metal / Vidrio,-58.46545077523287,-34.634998435879154
Directorio Av. 2950,Flores,7,Los materiales deben estar lim,Papel / Cartón / Plástico / Metal / Vidrio,-58.46816983539164,-34.63581172015379
Directorio Av. 3122,Flores,7,Los materiales deben estar lim,Papel / Cartón / Plástico / Metal / Vidrio,-58.470516577338095,-34.63651299214847
Echeandia 2730,Flores,7,Los materiales deben estar lim,Papel / Cartón / Plástico / Metal / Vidrio,-58.457783979672854,-34.64241816071739
Echeandia 2988,Flores,7,Los materiales deben estar lim,Papel / Cartón / Plástico / Metal / Vidrio,-58.46040475790646,-34.644363282979285
"Falcon, Ramon., Cnel. 1856",Flores,7,Los materiales deben estar lim,Papel / Cartón / Plástico / Metal / Vidrio,-58.45530931226144,-34.62793894938313
"Falcon, Ramon., Cnel. 2008",Flores,7,Los materiales deben estar lim,Papel / Cartón / Plástico / Metal / Vidrio,-58.45725018843225,-34.628568722554235
"Falcon, Ramon., Cnel. 2287",Flores,7,Los materiales deben estar lim,Papel / Cartón / Plástico / Metal / Vidrio,-58.46051508302637,-34.629515520437934
"Falcon, Ramon., Cnel. 2626",Flores,7,Los materiales deben estar lim,Papel / Cartón / Plástico / Metal / Vidrio,-58.465403351990986,-34.631094204251305
"Falcon, Ramon., Cnel. 2834",Flores,7,Los materiales deben estar lim,Papel / Cartón / Plástico / Metal / Vidrio,-58.467987192311256,-34.63189139775715
"Falcon, Ramon., Cnel. 3056",Flores,7,Los materiales deben estar lim,Papel / Cartón / Plástico / Metal / Vidrio,-58.47116509336632,-34.63278821716742
"Fernandez Moreno, Baldomero 2107",Flores,7,Los materiales deben estar lim,Papel / Cartón / Plástico / Metal / Vidrio,-58.4542669309486,-34.63489690502435
"Fernandez Moreno, Baldomero 2337",Flores,7,Los materiales deben estar lim,Papel / Cartón / Plástico / Metal / Vidrio,-58.45678756019379,-34.63597926522731
"Fernandez Moreno, Baldomero 2391",Flores,7,Los materiales deben estar lim,Papel / Cartón / Plástico / Metal / Vidrio,-58.45789643416049,-34.637003284767815
"Fernandez Moreno, Baldomero 2525",Flores,7,Los materiales deben estar lim,Papel / Cartón / Plástico / Metal / Vidrio,-58.459099827169304,-34.638157226276874
"Fernandez Moreno, Baldomero 2705",Flores,7,Los materiales deben estar lim,Papel / Cartón / Plástico / Metal / Vidrio,-58.46041062709555,-34.63918520680299
"Fernandez Moreno, Baldomero 3095",Flores,7,Los materiales deben estar lim,Papel / Cartón / Plástico / Metal / Vidrio,-58.463036965586184,-34.64103403581406
"Fernandez Moreno, Baldomero 3249",Flores,7,Los materiales deben estar lim,Papel / Cartón / Plástico / Metal / Vidrio,-58.46522625239262,-34.64244328817526
Fray Cayetano Rodriguez 1101,Flores,7,Los materiales deben estar lim,Papel / Cartón / Plástico / Metal / Vidrio,-58.46842148588001,-34.618152851432605
Gavilan 1101,Flores,7,Los materiales deben estar lim,Papel / Cartón / Plástico / Metal / Vidrio,-58.46533920946762,-34.616856010859436
"Goyena, Pedro Av. 1750",Flores,7,Los materiales deben estar lim,Papel / Cartón / Plástico / Metal / Vidrio,-58.45315913124096,-34.62874858991567
"Laferrere, Gregorio 2242",Flores,7,Los materiales deben estar lim,Papel / Cartón / Plástico / Metal / Vidrio,-58.456126657065205,-34.63442862330827
"Laferrere, Gregorio 2370",Flores,7,Los materiales deben estar lim,Papel / Cartón / Plástico / Metal / Vidrio,-58.45807235775262,-34.635702219253254
"Laferrere, Gregorio 2430",Flores,7,Los materiales deben estar lim,Papel / Cartón / Plástico / Metal / Vidrio,-58.45918369645404,-34.63668242995181
"Laferrere, Gregorio 2640",Flores,7,Los materiales deben estar lim,Papel / Cartón / Plástico / Metal / Vidrio,-58.46098423197518,-34.63783728231712
"Laferrere, Gregorio 2896",Flores,7,Los materiales deben estar lim,Papel / Cartón / Plástico / Metal / Vidrio,-58.462596464642985,-34.638959093838714
"Laferrere, Gregorio 3262",Flores,7,Los materiales deben estar lim,Papel / Cartón / Plástico / Metal / Vidrio,-58.465285897068014,-34.64076345425063
"Laferrere, Gregorio 3460",Flores,7,Los materiales deben estar lim,Papel / Cartón / Plástico / Metal / Vidrio,-58.46759810974806,-34.64221548900078
Lafuente Av. 1560,Flores,7,Los materiales deben estar lim,Papel / Cartón / Plástico / Metal / Vidrio,-58.45693196927455,-34.64800411050158
Manco Capac 1505,Flores,7,Los materiales deben estar lim,Papel / Cartón / Plástico / Metal / Vidrio,-58.45814203968286,-34.64794050974325
"Marti, Jose 1454",Flores,7,Los materiales deben estar lim,Papel / Cartón / Plástico / Metal / Vidrio,-58.46141383663821,-34.64612977317251
"Marti, Jose 750",Flores,7,Los materiales deben estar lim,Papel / Cartón / Plástico / Metal / Vidrio,-58.468527883278966,-34.64015546897321
Membrillar 538,Flores,7,Los materiales deben estar lim,Papel / Cartón / Plástico / Metal / Vidrio,-58.45826437068374,-34.63448151901545
Membrillar 716,Flores,7,Los materiales deben estar lim,Papel / Cartón / Plástico / Metal / Vidrio,-58.45713197526126,-34.636676378341825
Mendez De Andes 1870,Flores,7,Los materiales deben estar lim,Papel / Cartón / Plástico / Metal / Vidrio,-58.4593682019242,-34.619723008958516
Moron 2370,Flores,7,Los materiales deben estar lim,Papel / Cartón / Plástico / Metal / Vidrio,-58.46522827104125,-34.62187060724284
Moron 2968,Flores,7,Los materiales deben estar lim,Papel / Cartón / Plástico / Metal / Vidrio,-58.47371301433872,-34.6245230878806
Moron 3122,Flores,7,Los materiales deben estar lim,Papel / Cartón / Plástico / Metal / Vidrio,-58.47560058662579,-34.624986818047766
Neuquen 1996,Flores,7,Los materiales deben estar lim,Papel / Cartón / Plástico / Metal / Vidrio,-58.46081532745282,-34.61663949938149
Neuquen 2148,Flores,7,Los materiales deben estar lim,Papel / Cartón / Plástico / Metal / Vidrio,-58.463046197077105,-34.617325195115036
Neuquen 2246,Flores,7,Los materiales deben estar lim,Papel / Cartón / Plástico / Metal / Vidrio,-58.464631454820115,-34.617993370365404
Neuquen 2408,Flores,7,Los materiales deben estar lim,Papel / Cartón / Plástico / Metal / Vidrio,-58.46727560204352,-34.619108378072326
Neuquen 2540,Flores,7,Los materiales deben estar lim,Papel / Cartón / Plástico / Metal / Vidrio,-58.46890456682478,-34.61967860880153
Neuquen 2756,Flores,7,Los materiales deben estar lim,Papel / Cartón / Plástico / Metal / Vidrio,-58.471886221880425,-34.62060220096621
Neuquen 2920,Flores,7,Los materiales deben estar lim,Papel / Cartón / Plástico / Metal / Vidrio,-58.47436640893548,-34.62137305218835
Neuquen 2951,Flores,7,Los materiales deben estar lim,Papel / Cartón / Plástico / Metal / Vidrio,-58.474863156268405,-34.62144603486297
Paez 1785,Flores,7,Los materiales deben estar lim,Papel / Cartón / Plástico / Metal / Vidrio,-58.45917651016858,-34.61693988931945
Paez 1959,Flores,7,Los materiales deben estar lim,Papel / Cartón / Plástico / Metal / Vidrio,-58.461231944120605,-34.617920820573026
Paez 2195,Flores,7,Los materiales deben estar lim,Papel / Cartón / Plástico / Metal / Vidrio,-58.46421640343969,-34.61892065893052
Paez 2395,Flores,7,Los materiales deben estar lim,Papel / Cartón / Plástico / Metal / Vidrio,-58.46641480907002,-34.619842586882946
Paez 2567,Flores,7,Los materiales deben estar lim,Papel / Cartón / Plástico / Metal / Vidrio,-58.46887722124445,-34.6207244280257
Paez 2607,Flores,7,Los materiales deben estar lim,Papel / Cartón / Plástico / Metal / Vidrio,-58.469514481719955,-34.62092209100394
Paez 2836,Flores,7,Los materiales deben estar lim,Papel / Cartón / Plástico / Metal / Vidrio,-58.47253711668766,-34.62193890117672
Paez 3040,Flores,7,Los materiales deben estar lim,Papel / Cartón / Plástico / Metal / Vidrio,-58.47561969311599,-34.62278752430127
Pedernera 134,Flores,7,Los materiales deben estar lim,Papel / Cartón / Plástico / Metal / Vidrio,-58.463388506974034,-34.63088123888597
Pergamino 1889,Flores,7,Los materiales deben estar lim,Papel / Cartón / Plástico / Metal / Vidrio,-58.46021643294171,-34.64998018068495
"Peron, Eva Av. 2159",Flores,7,Los materiales deben estar lim,Papel / Cartón / Plástico / Metal / Vidrio,-58.452130163260215,-34.637780117695456
"Peron, Eva Av. 2311",Flores,7,Los materiales deben estar lim,Papel / Cartón / Plástico / Metal / Vidrio,-58.45385099772609,-34.63879708709604
"Peron, Eva Av. 2494",Flores,7,Los materiales deben estar lim,Papel / Cartón / Plástico / Metal / Vidrio,-58.45552454739243,-34.6404402256528
"Peron, Eva Av. 2515",Flores,7,Los materiales deben estar lim,Papel / Cartón / Plástico / Metal / Vidrio,-58.45606652102585,-34.64062210815841
"Peron, Eva Av. 3051",Flores,7,Los materiales deben estar lim,Papel / Cartón / Plástico / Metal / Vidrio,-58.460066062506534,-34.642508397528964
Primera Junta 2050,Flores,7,Los materiales deben estar lim,Papel / Cartón / Plástico / Metal / Vidrio,-58.45325171852635,-34.63578603878386
Primera Junta 2282,Flores,7,Los materiales deben estar lim,Papel / Cartón / Plástico / Metal / Vidrio,-58.455276355390446,-34.63643287732346
Primera Junta 2322,Flores,7,Los materiales deben estar lim,Papel / Cartón / Plástico / Metal / Vidrio,-58.4557677755704,-34.63677295091954
Primera Junta 2393,Flores,7,Los materiales deben estar lim,Papel / Cartón / Plástico / Metal / Vidrio,-58.45696348784744,-34.63782684465204
Primera Junta 2442,Flores,7,Los materiales deben estar lim,Papel / Cartón / Plástico / Metal / Vidrio,-58.45736046465597,-34.63836619035613
Primera Junta 2670,Flores,7,Los materiales deben estar lim,Papel / Cartón / Plástico / Metal / Vidrio,-58.45898547402399,-34.6399044092668
Primera Junta 2980,Flores,7,Los materiales deben estar lim,Papel / Cartón / Plástico / Metal / Vidrio,-58.4606928110246,-34.641110871824004
Primera Junta 3230,Flores,7,Los materiales deben estar lim,Papel / Cartón / Plástico / Metal / Vidrio,-58.46284645733249,-34.642597472148466
Primera Junta 3492,Flores,7,Los materiales deben estar lim,Papel / Cartón / Plástico / Metal / Vidrio,-58.465343368370895,-34.64419253626514
Riestra 2201,Flores,7,Los materiales deben estar lim,Papel / Cartón / Plástico / Metal / Vidrio,-58.439573182503985,-34.64831021441337
Riestra Av. 2151,Flores,7,Los materiales deben estar lim,Papel / Cartón / Plástico / Metal / Vidrio,-58.439031310812915,-34.64806837020895
Rivadavia Av. 6491,Flores,7,Los materiales deben estar lim,Papel / Cartón / Plástico / Metal / Vidrio,-58.45774248392581,-34.627003489033456
Rivadavia Av. 6689,Flores,7,Los materiales deben estar lim,Papel / Cartón / Plástico / Metal / Vidrio,-58.45974205336881,-34.62782271909295
Rivadavia Av. 6805,Flores,7,Los materiales deben estar lim,Papel / Cartón / Plástico / Metal / Vidrio,-58.4613829075476,-34.62838469713801
Rivadavia Av. 7093,Flores,7,Los materiales deben estar lim,Papel / Cartón / Plástico / Metal / Vidrio,-58.465417353679214,-34.62950705000713
Rivadavia Av. 7257,Flores,7,Los materiales deben estar lim,Papel / Cartón / Plástico / Metal / Vidrio,-58.46789794136332,-34.63013929909806
Rivadavia Av. 7569,Flores,7,Los materiales deben estar lim,Papel / Cartón / Plástico / Metal / Vidrio,-58.472088509837434,-34.631267083876075
Rivadavia Av. 7661,Flores,7,Los materiales deben estar lim,Papel / Cartón / Plástico / Metal / Vidrio,-58.47313470010375,-34.63155648915077
Rivera Indarte Av. 229,Flores,7,Los materiales deben estar lim,Papel / Cartón / Plástico / Metal / Vidrio,-58.46162615328006,-34.63162934652768
Robertson 1194,Flores,7,Los materiales deben estar lim,Papel / Cartón / Plástico / Metal / Vidrio,-58.45246250828193,-34.64170413839808
San Pedrito 1555,Flores,7,Los materiales deben estar lim,Papel / Cartón / Plástico / Metal / Vidrio,-58.45644958552991,-34.64686506206103
Santander 2385,Flores,7,Los materiales deben estar lim,Papel / Cartón / Plástico / Metal / Vidrio,-58.45146756042437,-34.64264110500212
Santander 2495,Flores,7,Los materiales deben estar lim,Papel / Cartón / Plástico / Metal / Vidrio,-58.45217616300786,-34.64324612386032
Santander 3167,Flores,7,Los materiales deben estar lim,Papel / Cartón / Plástico / Metal / Vidrio,-58.45932009530934,-34.64852876538225
Saraza 2170,Flores,7,Los materiales deben estar lim,Papel / Cartón / Plástico / Metal / Vidrio,-58.44590631047567,-34.64268046595727
Saraza 2570,Flores,7,Los materiales deben estar lim,Papel / Cartón / Plástico / Metal / Vidrio,-58.44981325829884,-34.646178184356515
Tandil 2650,Flores,7,Los materiales deben estar lim,Papel / Cartón / Plástico / Metal / Vidrio,-58.46367886947709,-34.63572521098602
Tandil 2840,Flores,7,Los materiales deben estar lim,Papel / Cartón / Plástico / Metal / Vidrio,-58.466254407222785,-34.63648783616496
Tandil 3048,Flores,7,Los materiales deben estar lim,Papel / Cartón / Plástico / Metal / Vidrio,-58.469116898310524,-34.637335698164065
Terrada 1001,Flores,7,Los materiales deben estar lim,Papel / Cartón / Plástico / Metal / Vidrio,-58.472544628223005,-34.62065029823368
"Trelles, Manuel R. 1001",Flores,7,Los materiales deben estar lim,Papel / Cartón / Plástico / Metal / Vidrio,-58.4602950501598,-34.615055393535606
Tte Cnel Casimiro Recuero 2469,Flores,7,Los materiales deben estar lim,Papel / Cartón / Plástico / Metal / Vidrio,-58.456511492898734,-34.63931676633322
"Vallese, Felipe 1827",Flores,7,Los materiales deben estar lim,Papel / Cartón / Plástico / Metal / Vidrio,-58.45926776644337,-34.61813999888152
"Vallese, Felipe 2055",Flores,7,Los materiales deben estar lim,Papel / Cartón / Plástico / Metal / Vidrio,-58.46233749962909,-34.619661809668884
"Vallese, Felipe 2221",Flores,7,Los materiales deben estar lim,Papel / Cartón / Plástico / Metal / Vidrio,-58.46412165388087,-34.62026895281995
"Vallese, Felipe 2335",Flores,7,Los materiales deben estar lim,Papel / Cartón / Plástico / Metal / Vidrio,-58.465368475548196,-34.62070423553416
"Vallese, Felipe 2525",Flores,7,Los materiales deben estar lim,Papel / Cartón / Plástico / Metal / Vidrio,-58.467857559710886,-34.62157820635084
"Vallese, Felipe 2713",Flores,7,Los materiales deben estar lim,Papel / Cartón / Plástico / Metal / Vidrio,-58.470534436317294,-34.62237617124821
Velazquez 3168,Flores,7,Los materiales deben estar lim,Papel / Cartón / Plástico / Metal / Vidrio,-58.45809039846738,-34.64937988133823
Yerbal 1773,Flores,7,Los materiales deben estar lim,Papel / Cartón / Plástico / Metal / Vidrio,-58.45569557213758,-34.624924949213494
Yerbal 2045,Flores,7,Los materiales deben estar lim,Papel / Cartón / Plástico / Metal / Vidrio,-58.4588361631847,-34.626108183549086
Yerbal 2285,Flores,7,Los materiales deben estar lim,Papel / Cartón / Plástico / Metal / Vidrio,-58.461146144288065,-34.62696694999575
Yerbal 2755,Flores,7,Los materiales deben estar lim,Papel / Cartón / Plástico / Metal / Vidrio,-58.46822538951777,-34.62889322257971
Yerbal 2873,Flores,7,Los materiales deben estar lim,Papel / Cartón / Plástico / Metal / Vidrio,-58.469829938953254,-34.62930005241461
Yerbal 3149,Flores,7,Los materiales deben estar lim,Papel / Cartón / Plástico / Metal / Vidrio,-58.47347544350969,-34.63023825742809
Zuviria 2252,Flores,7,Los materiales deben estar lim,Papel / Cartón / Plástico / Metal / Vidrio,-58.45180499711469,-34.63943903581123
Zuviria 2372,Flores,7,Los materiales deben estar lim,Papel / Cartón / Plástico / Metal / Vidrio,-58.45335993912622,-34.64077073921614
Zuviria 2402,Flores,7,Los materiales deben estar lim,Papel / Cartón / Plástico / Metal / Vidrio,-58.45381745862206,-34.64117511541518
Zuviria 2568,Flores,7,Los materiales deben estar lim,Papel / Cartón / Plástico / Metal / Vidrio,-58.454939699181175,-34.64216116934163
Zuviria 2680,Flores,7,Los materiales deben estar lim,Papel / Cartón / Plástico / Metal / Vidrio,-58.45597426693425,-34.642998889027844
Zuviria 2840,Flores,7,Los materiales deben estar lim,Papel / Cartón / Plástico / Metal / Vidrio,-58.457967964373395,-34.64447208007455
Zuviria 3042,Flores,7,Los materiales deben estar lim,Papel / Cartón / Plástico / Metal / Vidrio,-58.46008216305297,-34.64602793926644
Zuviria 3254,Flores,7,Los materiales deben estar lim,Papel / Cartón / Plástico / Metal / Vidrio,-58.462243309806986,-34.64766762900836
Concordia 927,Floresta,10,Los materiales deben estar lim,Papel / Cartón / Plástico / Metal / Vidrio,-58.479762577756375,-34.62281419476577
Gaona Av. 4169,Floresta,10,Los materiales deben estar lim,Papel / Cartón / Plástico / Metal / Vidrio,-58.48256963646421,-34.6244605861678
"Magari?os Cervantes, A. 4167",Floresta,10,Los materiales deben estar lim,Papel / Cartón / Plástico / Metal / Vidrio,-58.49281241168924,-34.622097375961665
"Magari?os Cervantes, A. 4267",Floresta,10,Los materiales deben estar lim,Papel / Cartón / Plástico / Metal / Vidrio,-58.49371655931534,-34.62284256131171
"Acosta, Mariano Av. 140",Floresta,10,Los materiales deben estar lim,Papel / Cartón / Plástico / Metal / Vidrio,-58.48049551745873,-34.63538249247161
"Acosta, Mariano Av. 254",Floresta,10,Los materiales deben estar lim,Papel / Cartón / Plástico / Metal / Vidrio,-58.47936430092103,-34.636291020808805
"Acosta, Mariano Av. 60",Floresta,10,Los materiales deben estar lim,Papel / Cartón / Plástico / Metal / Vidrio,-58.48134655187285,-34.63469951847589
"Alberdi, Juan Bautista Av. 3354",Floresta,10,Los materiales deben estar lim,Papel / Cartón / Plástico / Metal / Vidrio,-58.47390358996524,-34.63515743284863
"Alberdi, Juan Bautista Av. 3559",Floresta,10,Los materiales deben estar lim,Papel / Cartón / Plástico / Metal / Vidrio,-58.47603556068011,-34.635831554910936
"Alberdi, Juan Bautista Av. 3743",Floresta,10,Los materiales deben estar lim,Papel / Cartón / Plástico / Metal / Vidrio,-58.477850110230506,-34.63660270039158
"Aranguren, Juan F., Dr. 3597",Floresta,10,Los materiales deben estar lim,Papel / Cartón / Plástico / Metal / Vidrio,-58.48021721492629,-34.62726271854248
"Aranguren, Juan F., Dr. 4197",Floresta,10,Los materiales deben estar lim,Papel / Cartón / Plástico / Metal / Vidrio,-58.48782141630155,-34.62914377227495
Avellaneda Av. 3552,Floresta,10,Los materiales deben estar lim,Papel / Cartón / Plástico / Metal / Vidrio,-58.479219490467365,-34.628471507222756
Avellaneda Av. 3770,Floresta,10,Los materiales deben estar lim,Papel / Cartón / Plástico / Metal / Vidrio,-58.48175070113015,-34.629100629380716
Bacacay 3575,Floresta,10,Los materiales deben estar lim,Papel / Cartón / Plástico / Metal / Vidrio,-58.478644941804895,-34.63047589031206
Bacacay 3785,Floresta,10,Los materiales deben estar lim,Papel / Cartón / Plástico / Metal / Vidrio,-58.48115515211485,-34.63111799532776
Bacacay 3949,Floresta,10,Los materiales deben estar lim,Papel / Cartón / Plástico / Metal / Vidrio,-58.48334893519058,-34.631675542166114
Bahia Blanca 1253,Floresta,10,Los materiales deben estar lim,Papel / Cartón / Plástico / Metal / Vidrio,-58.48772658247821,-34.622228128262925
Bahia Blanca 1425,Floresta,10,Los materiales deben estar lim,Papel / Cartón / Plástico / Metal / Vidrio,-58.48962983905416,-34.62071632825947
Bahia Blanca 1625,Floresta,10,Los materiales deben estar lim,Papel / Cartón / Plástico / Metal / Vidrio,-58.491856490116234,-34.618944459021364
Bahia Blanca 277,Floresta,10,Los materiales deben estar lim,Papel / Cartón / Plástico / Metal / Vidrio,-58.48163120319765,-34.63052800078951
Bahia Blanca 683,Floresta,10,Los materiales deben estar lim,Papel / Cartón / Plástico / Metal / Vidrio,-58.48361626958415,-34.62620282422606
"Belaustegui, Luis, Dr. 3830",Floresta,10,Los materiales deben estar lim,Papel / Cartón / Plástico / Metal / Vidrio,-58.48748378853713,-34.62303804282818
"Belaustegui, Luis, Dr. 4024",Floresta,10,Los materiales deben estar lim,Papel / Cartón / Plástico / Metal / Vidrio,-58.48924599676896,-34.6244945282108
"Belaustegui, Luis, Dr. 4168",Floresta,10,Los materiales deben estar lim,Papel / Cartón / Plástico / Metal / Vidrio,-58.49043044972143,-34.62547092667964
Bogota 3310,Floresta,10,Los materiales deben estar lim,Papel / Cartón / Plástico / Metal / Vidrio,-58.47625884431901,-34.628859199836135
Bogota 3688,Floresta,10,Los materiales deben estar lim,Papel / Cartón / Plástico / Metal / Vidrio,-58.480124598049336,-34.629833884341096
Bogota 3948,Floresta,10,Los materiales deben estar lim,Papel / Cartón / Plástico / Metal / Vidrio,-58.48381878145902,-34.630753605923154
"Bonifacio, Jose 3509",Floresta,10,Los materiales deben estar lim,Papel / Cartón / Plástico / Metal / Vidrio,-58.47511922682257,-34.63680024933106
Camarones 3814,Floresta,10,Los materiales deben estar lim,Papel / Cartón / Plástico / Metal / Vidrio,-58.49064741000597,-34.618634068859606
Camarones 4120,Floresta,10,Los materiales deben estar lim,Papel / Cartón / Plástico / Metal / Vidrio,-58.493488796045064,-34.62096482298756
Camarones 4192,Floresta,10,Los materiales deben estar lim,Papel / Cartón / Plástico / Metal / Vidrio,-58.494031556836156,-34.621466721240644
Camarones 4234,Floresta,10,Los materiales deben estar lim,Papel / Cartón / Plástico / Metal / Vidrio,-58.49444618811664,-34.62181107797099
Camarones 4354,Floresta,10,Los materiales deben estar lim,Papel / Cartón / Plástico / Metal / Vidrio,-58.49554650870094,-34.62272392841863
Chivilcoy 1350,Floresta,10,Los materiales deben estar lim,Papel / Cartón / Plástico / Metal / Vidrio,-58.49071421148324,-34.62140909938122
Concordia 555,Floresta,10,Los materiales deben estar lim,Papel / Cartón / Plástico / Metal / Vidrio,-58.478392331553145,-34.626245154293024
"Diaz, Cesar, Gral. 4158",Floresta,10,Los materiales deben estar lim,Papel / Cartón / Plástico / Metal / Vidrio,-58.49156738919522,-34.62293924422305
"Diaz, Cesar, Gral. 4248",Floresta,10,Los materiales deben estar lim,Papel / Cartón / Plástico / Metal / Vidrio,-58.49242129140534,-34.62364463616205
"Diaz, Cesar, Gral. 4364",Floresta,10,Los materiales deben estar lim,Papel / Cartón / Plástico / Metal / Vidrio,-58.49344403804496,-34.624485237349006
"Escalada De San Martin, R. 3949",Floresta,10,Los materiales deben estar lim,Papel / Cartón / Plástico / Metal / Vidrio,-58.489615817217626,-34.62292576210379
"Escalada De San Martin, R. 4167",Floresta,10,Los materiales deben estar lim,Papel / Cartón / Plástico / Metal / Vidrio,-58.49153334907485,-34.62451125187679
"Falcon, Ramon L.,cnel. 3284",Floresta,10,Los materiales deben estar lim,Papel / Cartón / Plástico / Metal / Vidrio,-58.473576349706754,-34.63335498365023
"Falcon, Ramon L.,cnel. 3486",Floresta,10,Los materiales deben estar lim,Papel / Cartón / Plástico / Metal / Vidrio,-58.47588964481083,-34.63390655927276
"Falcon, Ramon L.,cnel. 3766",Floresta,10,Los materiales deben estar lim,Papel / Cartón / Plástico / Metal / Vidrio,-58.47925034161311,-34.63469005437936
Gaona Av. 4261,Floresta,10,Los materiales deben estar lim,Papel / Cartón / Plástico / Metal / Vidrio,-58.483672090238066,-34.62491756916486
Gaona Av. 4431,Floresta,10,Los materiales deben estar lim,Papel / Cartón / Plástico / Metal / Vidrio,-58.48590072129401,-34.625831004866264
Gaona Av. 4621,Floresta,10,Los materiales deben estar lim,Papel / Cartón / Plástico / Metal / Vidrio,-58.48811701135843,-34.62674353738176
"Garcia, Juan Agustin 4038",Floresta,10,Los materiales deben estar lim,Papel / Cartón / Plástico / Metal / Vidrio,-58.49399892329002,-34.617957635643464
"Garcia, Juan Agustin 4292",Floresta,10,Los materiales deben estar lim,Papel / Cartón / Plástico / Metal / Vidrio,-58.496106479148324,-34.619712256335795
"Garcia, Juan Agustin 4464",Floresta,10,Los materiales deben estar lim,Papel / Cartón / Plástico / Metal / Vidrio,-58.49774622971106,-34.62106337361061
Gualeguaychu 1364,Floresta,10,Los materiales deben estar lim,Papel / Cartón / Plástico / Metal / Vidrio,-58.49272014344734,-34.622725197796704
"Justo, Juan B. Av. 6764",Floresta,10,Los materiales deben estar lim,Papel / Cartón / Plástico / Metal / Vidrio,-58.4866059080636,-34.62551129523734
"Justo, Juan B. Av. 6967",Floresta,10,Los materiales deben estar lim,Papel / Cartón / Plástico / Metal / Vidrio,-58.48934929837621,-34.626359746888596
Mercedes 1745,Floresta,10,Los materiales deben estar lim,Papel / Cartón / Plástico / Metal / Vidrio,-58.49586613682045,-34.61871270502755
Mercedes 431,Floresta,10,Los materiales deben estar lim,Papel / Cartón / Plástico / Metal / Vidrio,-58.48504526401847,-34.629473955475945
Mercedes 663,Floresta,10,Los materiales deben estar lim,Papel / Cartón / Plástico / Metal / Vidrio,-58.486187194618736,-34.62701375470814
Moron 3680,Floresta,10,Los materiales deben estar lim,Papel / Cartón / Plástico / Metal / Vidrio,-58.481563455189416,-34.62657981076283
Moron 3910,Floresta,10,Los materiales deben estar lim,Papel / Cartón / Plástico / Metal / Vidrio,-58.48491170750984,-34.62740141417632
Moron 4116,Floresta,10,Los materiales deben estar lim,Papel / Cartón / Plástico / Metal / Vidrio,-58.48763360788197,-34.62806199589782
Rafaela 3534,Floresta,10,Los materiales deben estar lim,Papel / Cartón / Plástico / Metal / Vidrio,-58.476131170121285,-34.635065470808385
Rafaela 3771,Floresta,10,Los materiales deben estar lim,Papel / Cartón / Plástico / Metal / Vidrio,-58.47884208099136,-34.63559944559019
Rivadavia Av. 7731,Floresta,10,Los materiales deben estar lim,Papel / Cartón / Plástico / Metal / Vidrio,-58.473976084728754,-34.631783661251674
Rivadavia Av. 7982,Floresta,10,Los materiales deben estar lim,Papel / Cartón / Plástico / Metal / Vidrio,-58.47641683789567,-34.632628902647035
Rivadavia Av. 8143,Floresta,10,Los materiales deben estar lim,Papel / Cartón / Plástico / Metal / Vidrio,-58.478292143386824,-34.63283334288447
Rivadavia Av. 8351,Floresta,10,Los materiales deben estar lim,Papel / Cartón / Plástico / Metal / Vidrio,-58.48130121279275,-34.633569646069205
San Blas 4095,Floresta,10,Los materiales deben estar lim,Papel / Cartón / Plástico / Metal / Vidrio,-58.49425503611941,-34.61980307215351
San Blas 4217,Floresta,10,Los materiales deben estar lim,Papel / Cartón / Plástico / Metal / Vidrio,-58.49545032778618,-34.620789306082024
San Blas 4345,Floresta,10,Los materiales deben estar lim,Papel / Cartón / Plástico / Metal / Vidrio,-58.49661336396607,-34.62175398872395
San Nicolas 633,Floresta,10,Los materiales deben estar lim,Papel / Cartón / Plástico / Metal / Vidrio,-58.48095290003614,-34.62595637497458
Tres Arroyos 3765,Floresta,10,Los materiales deben estar lim,Papel / Cartón / Plástico / Metal / Vidrio,-58.48579766989823,-34.62324650142809
Yerbal 3415,Floresta,10,Los materiales deben estar lim,Papel / Cartón / Plástico / Metal / Vidrio,-58.476382661255364,-34.6311295438748
Gallardo 304,Liniers,9,Los materiales deben estar lim,Papel / Cartón / Plástico / Metal / Vidrio,-58.52413674604839,-34.6356319891037
Madero 118,Liniers,9,Los materiales deben estar lim,Papel / Cartón / Plástico / Metal / Vidrio,-58.52527857206117,-34.63795544328265
Albari?o 709,Liniers,9,Los materiales deben estar lim,Papel / Cartón / Plástico / Metal / Vidrio,-58.50323683540075,-34.64510109581248
Acassuso 6365,Liniers,9,Los materiales deben estar lim,Papel / Cartón / Plástico / Metal / Vidrio,-58.51344927983945,-34.648185307787486
Acassuso 6731,Liniers,9,Los materiales deben estar lim,Papel / Cartón / Plástico / Metal / Vidrio,-58.516242481042916,-34.650685363211586
Acassuso 6997,Liniers,9,Los materiales deben estar lim,Papel / Cartón / Plástico / Metal / Vidrio,-58.517747805982104,-34.65204393591795
Bacacay Av. 5755,Liniers,9,Los materiales deben estar lim,Papel / Cartón / Plástico / Metal / Vidrio,-58.50851747449802,-34.635633614062236
Boqueron 7106,Liniers,9,Los materiales deben estar lim,Papel / Cartón / Plástico / Metal / Vidrio,-58.52606460753259,-34.64672718428629
"Bosch, Ventura 6534",Liniers,9,Los materiales deben estar lim,Papel / Cartón / Plástico / Metal / Vidrio,-58.518661372328474,-34.642504601800326
"Bosch, Ventura 6845",Liniers,9,Los materiales deben estar lim,Papel / Cartón / Plástico / Metal / Vidrio,-58.52263517850078,-34.642667828657444
Caaguazu 6149,Liniers,9,Los materiales deben estar lim,Papel / Cartón / Plástico / Metal / Vidrio,-58.51481997886683,-34.643557642698994
Caaguazu 6276,Liniers,9,Los materiales deben estar lim,Papel / Cartón / Plástico / Metal / Vidrio,-58.5162231257531,-34.644893134023555
Caaguazu 6448,Liniers,9,Los materiales deben estar lim,Papel / Cartón / Plástico / Metal / Vidrio,-58.5178296465919,-34.64627407362101
Caaguazu 6638,Liniers,9,Los materiales deben estar lim,Papel / Cartón / Plástico / Metal / Vidrio,-58.519071642401286,-34.64734288282605
Caaguazu 6835,Liniers,9,Los materiales deben estar lim,Papel / Cartón / Plástico / Metal / Vidrio,-58.52039800566599,-34.64844426582467
Caaguazu 7036,Liniers,9,Los materiales deben estar lim,Papel / Cartón / Plástico / Metal / Vidrio,-58.52172324355716,-34.64979552051916
Caaguazu 7204,Liniers,9,Los materiales deben estar lim,Papel / Cartón / Plástico / Metal / Vidrio,-58.52304514360706,-34.65103317011264
Caaguazu 7308,Liniers,9,Los materiales deben estar lim,Papel / Cartón / Plástico / Metal / Vidrio,-58.523821024315666,-34.651734075847244
Caaguazu 7680,Liniers,9,Los materiales deben estar lim,Papel / Cartón / Plástico / Metal / Vidrio,-58.52677656497677,-34.65439775171826
Cafayate 1011,Liniers,9,Los materiales deben estar lim,Papel / Cartón / Plástico / Metal / Vidrio,-58.51439924477357,-34.64942869297551
Carhue 1250,Liniers,9,Los materiales deben estar lim,Papel / Cartón / Plástico / Metal / Vidrio,-58.521171773253414,-34.652191053717644
Carhue 495,Liniers,9,Los materiales deben estar lim,Papel / Cartón / Plástico / Metal / Vidrio,-58.5246591888502,-34.644534090442626
Carhue 875,Liniers,9,Los materiales deben estar lim,Papel / Cartón / Plástico / Metal / Vidrio,-58.524327699264674,-34.64828687174358
"Chavez, Jorge 7059",Liniers,9,Los materiales deben estar lim,Papel / Cartón / Plástico / Metal / Vidrio,-58.52487359806113,-34.649984363750505
"Chavez, Jorge 7180",Liniers,9,Los materiales deben estar lim,Papel / Cartón / Plástico / Metal / Vidrio,-58.52630194060738,-34.650114908489606
Cosquin 242,Liniers,9,Los materiales deben estar lim,Papel / Cartón / Plástico / Metal / Vidrio,-58.52334126685707,-34.642052145969885
Cosquin 496,Liniers,9,Los materiales deben estar lim,Papel / Cartón / Plástico / Metal / Vidrio,-58.523067964159075,-34.64447909161526
Cosquin 712,Liniers,9,Los materiales deben estar lim,Papel / Cartón / Plástico / Metal / Vidrio,-58.522802156729284,-34.64670805666614
Cosquin 804,Liniers,9,Los materiales deben estar lim,Papel / Cartón / Plástico / Metal / Vidrio,-58.522704708330345,-34.64757515275548
"De La Torre, Lisandro 121",Liniers,9,Los materiales deben estar lim,Papel / Cartón / Plástico / Metal / Vidrio,-58.52118971979894,-34.64046183780145
"De La Torre, Lisandro 533",Liniers,9,Los materiales deben estar lim,Papel / Cartón / Plástico / Metal / Vidrio,-58.52053947992838,-34.64488485829874
"De La Torre, Lisandro 777",Liniers,9,Los materiales deben estar lim,Papel / Cartón / Plástico / Metal / Vidrio,-58.520202821265535,-34.647195705
El Rastreador 396,Liniers,9,Los materiales deben estar lim,Papel / Cartón / Plástico / Metal / Vidrio,-58.52382575998526,-34.64350528111785
Ercilla 5960,Liniers,9,Los materiales deben estar lim,Papel / Cartón / Plástico / Metal / Vidrio,-58.508368084515276,-34.64570519795324
Ercilla 6190,Liniers,9,Los materiales deben estar lim,Papel / Cartón / Plástico / Metal / Vidrio,-58.510406986549874,-34.647539587416375
Ercilla 6288,Liniers,9,Los materiales deben estar lim,Papel / Cartón / Plástico / Metal / Vidrio,-58.5116199754613,-34.64862150750964
Ercilla 6452,Liniers,9,Los materiales deben estar lim,Papel / Cartón / Plástico / Metal / Vidrio,-58.5129531414217,-34.64980616869289
Estero Bellaco 7292,Liniers,9,Los materiales deben estar lim,Papel / Cartón / Plástico / Metal / Vidrio,-58.52835334396014,-34.64884306899016
"Falcon, Ramon L.,cnel. 6143",Liniers,9,Los materiales deben estar lim,Papel / Cartón / Plástico / Metal / Vidrio,-58.51319234145968,-34.64042221055219
"Falcon, Ramon L.,cnel. 6370",Liniers,9,Los materiales deben estar lim,Papel / Cartón / Plástico / Metal / Vidrio,-58.51642981940316,-34.64051041716624
Fonrouge 350,Liniers,9,Los materiales deben estar lim,Papel / Cartón / Plástico / Metal / Vidrio,-58.512300981985696,-34.642294077429526
Fonrouge 36,Liniers,9,Los materiales deben estar lim,Papel / Cartón / Plástico / Metal / Vidrio,-58.51554404165211,-34.63971409078879
Fonrouge 828,Liniers,9,Los materiales deben estar lim,Papel / Cartón / Plástico / Metal / Vidrio,-58.50648910597318,-34.64635292624289
Fragueiro 304,Liniers,9,Los materiales deben estar lim,Papel / Cartón / Plástico / Metal / Vidrio,-58.52314987977021,-34.635712826384946
Gana 252,Liniers,9,Los materiales deben estar lim,Papel / Cartón / Plástico / Metal / Vidrio,-58.52674447297376,-34.636739133192364
Garcia De Cossio 6027,Liniers,9,Los materiales deben estar lim,Papel / Cartón / Plástico / Metal / Vidrio,-58.512664024371574,-34.6435763491087
Garcia De Cossio 6205,Liniers,9,Los materiales deben estar lim,Papel / Cartón / Plástico / Metal / Vidrio,-58.5143192373135,-34.645027879199056
Garcia De Cossio 6509,Liniers,9,Los materiales deben estar lim,Papel / Cartón / Plástico / Metal / Vidrio,-58.51713951200439,-34.647560688882
Garcia De Cossio 6727,Liniers,9,Los materiales deben estar lim,Papel / Cartón / Plástico / Metal / Vidrio,-58.51865580704613,-34.64894146195009
Garcia De Cossio 7035,Liniers,9,Los materiales deben estar lim,Papel / Cartón / Plástico / Metal / Vidrio,-58.52056117590776,-34.65065174155032
Garcia De Cossio 7287,Liniers,9,Los materiales deben estar lim,Papel / Cartón / Plástico / Metal / Vidrio,-58.522423513857014,-34.652325815955024
"Gordillo, Timoteo 24",Liniers,9,Los materiales deben estar lim,Papel / Cartón / Plástico / Metal / Vidrio,-58.52247219845543,-34.63915269888116
"Gordillo, Timoteo 446",Liniers,9,Los materiales deben estar lim,Papel / Cartón / Plástico / Metal / Vidrio,-58.52180189612077,-34.64401656031393
"Gordillo, Timoteo 576",Liniers,9,Los materiales deben estar lim,Papel / Cartón / Plástico / Metal / Vidrio,-58.52162270613457,-34.645346741811856
"Gordillo, Timoteo 720",Liniers,9,Los materiales deben estar lim,Papel / Cartón / Plástico / Metal / Vidrio,-58.521458583508064,-34.64656192908001
Humaita 7071,Liniers,9,Los materiales deben estar lim,Papel / Cartón / Plástico / Metal / Vidrio,-58.52547015230225,-34.64578921080107
Humaita 7191,Liniers,9,Los materiales deben estar lim,Papel / Cartón / Plástico / Metal / Vidrio,-58.52708246742262,-34.6459305443755
Humaita 7299,Liniers,9,Los materiales deben estar lim,Papel / Cartón / Plástico / Metal / Vidrio,-58.52855895080477,-34.6459266390385
Ibarrola 6615,Liniers,9,Los materiales deben estar lim,Papel / Cartón / Plástico / Metal / Vidrio,-58.519743946890124,-34.641403292487254
Ibarrola 6947,Liniers,9,Los materiales deben estar lim,Papel / Cartón / Plástico / Metal / Vidrio,-58.524129834180414,-34.64148806189847
"Jacques, Amadeo 6813",Liniers,9,Los materiales deben estar lim,Papel / Cartón / Plástico / Metal / Vidrio,-58.52584673205771,-34.63609538746729
"Justo, Juan B. Av. 8991",Liniers,9,Los materiales deben estar lim,Papel / Cartón / Plástico / Metal / Vidrio,-58.51477298612794,-34.63311561659989
"Justo, Juan B. Av. 9342",Liniers,9,Los materiales deben estar lim,Papel / Cartón / Plástico / Metal / Vidrio,-58.52260818156991,-34.63417950105131
"Justo, Juan B. Av. 9559",Liniers,9,Los materiales deben estar lim,Papel / Cartón / Plástico / Metal / Vidrio,-58.52501441385529,-34.63442496345751
"Justo, Juan B. Av. 9710",Liniers,9,Los materiales deben estar lim,Papel / Cartón / Plástico / Metal / Vidrio,-58.52712935324793,-34.63465026274297
Larrazabal 198,Liniers,9,Los materiales deben estar lim,Papel / Cartón / Plástico / Metal / Vidrio,-58.514682864480605,-34.641509869185704
Larrazabal 290,Liniers,9,Los materiales deben estar lim,Papel / Cartón / Plástico / Metal / Vidrio,-58.5136243710899,-34.64225842498576
Larrazabal Av. 638,Liniers,9,Los materiales deben estar lim,Papel / Cartón / Plástico / Metal / Vidrio,-58.50938225543065,-34.645372048042866
"Leguizamon, Martiniano 846",Liniers,9,Los materiales deben estar lim,Papel / Cartón / Plástico / Metal / Vidrio,-58.51576143931009,-34.6471194348654
Martinez De Hoz 7285,Liniers,9,Los materiales deben estar lim,Papel / Cartón / Plástico / Metal / Vidrio,-58.52823792023108,-34.65070469311113
Miralla 142,Liniers,9,Los materiales deben estar lim,Papel / Cartón / Plástico / Metal / Vidrio,-58.510590957109464,-34.640687947599346
Miralla 458,Liniers,9,Los materiales deben estar lim,Papel / Cartón / Plástico / Metal / Vidrio,-58.50685802755758,-34.643519420761336
Miralla 562,Liniers,9,Los materiales deben estar lim,Papel / Cartón / Plástico / Metal / Vidrio,-58.50579902123633,-34.644323076023284
Miralla 666,Liniers,9,Los materiales deben estar lim,Papel / Cartón / Plástico / Metal / Vidrio,-58.50439097066171,-34.64542314473685
Molina 1235,Liniers,9,Los materiales deben estar lim,Papel / Cartón / Plástico / Metal / Vidrio,-58.5245577705261,-34.65295657092078
Montiel 1230,Liniers,9,Los materiales deben estar lim,Papel / Cartón / Plástico / Metal / Vidrio,-58.524003425268376,-34.65257296338117
Montiel 292,Liniers,9,Los materiales deben estar lim,Papel / Cartón / Plástico / Metal / Vidrio,-58.52614617924011,-34.642704650275306
Montiel 444,Liniers,9,Los materiales deben estar lim,Papel / Cartón / Plástico / Metal / Vidrio,-58.52605164743882,-34.64417403262124
Montiel 834,Liniers,9,Los materiales deben estar lim,Papel / Cartón / Plástico / Metal / Vidrio,-58.52579787021062,-34.64803726437883
Montiel 96,Liniers,9,Los materiales deben estar lim,Papel / Cartón / Plástico / Metal / Vidrio,-58.526314191792096,-34.640111883599204
Murguiondo 171,Liniers,9,Los materiales deben estar lim,Papel / Cartón / Plástico / Metal / Vidrio,-58.51860752812145,-34.6411240219635
Murguiondo 485,Liniers,9,Los materiales deben estar lim,Papel / Cartón / Plástico / Metal / Vidrio,-58.51799648892881,-34.64410662301149
Murguiondo 666,Liniers,9,Los materiales deben estar lim,Papel / Cartón / Plástico / Metal / Vidrio,-58.51588866394884,-34.64573858967398
Oliden 172,Liniers,9,Los materiales deben estar lim,Papel / Cartón / Plástico / Metal / Vidrio,-58.51685197813241,-34.64117687128215
Oliden 18,Liniers,9,Los materiales deben estar lim,Papel / Cartón / Plástico / Metal / Vidrio,-58.51727429248025,-34.639485195182154
Oliden 310,Liniers,9,Los materiales deben estar lim,Papel / Cartón / Plástico / Metal / Vidrio,-58.51653880675791,-34.64243074432056
Oliden 764,Liniers,9,Los materiales deben estar lim,Papel / Cartón / Plástico / Metal / Vidrio,-58.51220577060105,-34.64638341061805
Palmar 6472,Liniers,9,Los materiales deben estar lim,Papel / Cartón / Plástico / Metal / Vidrio,-58.51774662195381,-34.643454425391496
Palmar 6600,Liniers,9,Los materiales deben estar lim,Papel / Cartón / Plástico / Metal / Vidrio,-58.51906051087159,-34.64346512787577
Patron 5680,Liniers,9,Los materiales deben estar lim,Papel / Cartón / Plástico / Metal / Vidrio,-58.50857073931518,-34.64198236254168
Patron 5990,Liniers,9,Los materiales deben estar lim,Papel / Cartón / Plástico / Metal / Vidrio,-58.510877220238584,-34.64406744632981
Patron 6218,Liniers,9,Los materiales deben estar lim,Papel / Cartón / Plástico / Metal / Vidrio,-58.51355458949783,-34.64644323924819
Patron 6550,Liniers,9,Los materiales deben estar lim,Papel / Cartón / Plástico / Metal / Vidrio,-58.51566275586951,-34.64832446357185
Patron 6896,Liniers,9,Los materiales deben estar lim,Papel / Cartón / Plástico / Metal / Vidrio,-58.51811582112295,-34.65052235881216
Patron 7090,Liniers,9,Los materiales deben estar lim,Papel / Cartón / Plástico / Metal / Vidrio,-58.51966844659096,-34.65191822340449
Patron 7310,Liniers,9,Los materiales deben estar lim,Papel / Cartón / Plástico / Metal / Vidrio,-58.521469630796794,-34.65354463748077
Patron 7442,Liniers,9,Los materiales deben estar lim,Papel / Cartón / Plástico / Metal / Vidrio,-58.522590030214225,-34.654558395835885
"Paula y Rodriguez Alves, Jose  1093",Liniers,9,Los materiales deben estar lim,Papel / Cartón / Plástico / Metal / Vidrio,-58.526373496698426,-34.651261054667444
Pieres 487,Liniers,9,Los materiales deben estar lim,Papel / Cartón / Plástico / Metal / Vidrio,-58.51220907441287,-34.644913127634226
Pieres 643,Liniers,9,Los materiales deben estar lim,Papel / Cartón / Plástico / Metal / Vidrio,-58.510366778292834,-34.64633052363936
Pola 459,Liniers,9,Los materiales deben estar lim,Papel / Cartón / Plástico / Metal / Vidrio,-58.50885029758147,-34.64337040331594
Pola 621,Liniers,9,Los materiales deben estar lim,Papel / Cartón / Plástico / Metal / Vidrio,-58.50689804846791,-34.64485142594873
Rivadavia Av. 10566,Liniers,9,Los materiales deben estar lim,Papel / Cartón / Plástico / Metal / Vidrio,-58.51244067684115,-34.639414066767145
Rivadavia Av. 11062,Liniers,9,Los materiales deben estar lim,Papel / Cartón / Plástico / Metal / Vidrio,-58.52013756416514,-34.63909188599909
Rivadavia Av. 11258,Liniers,9,Los materiales deben estar lim,Papel / Cartón / Plástico / Metal / Vidrio,-58.523090208791075,-34.63898338126939
Saladillo 1190,Liniers,9,Los materiales deben estar lim,Papel / Cartón / Plástico / Metal / Vidrio,-58.52537133721256,-34.65476163996896
Saladillo 1265,Liniers,9,Los materiales deben estar lim,Papel / Cartón / Plástico / Metal / Vidrio,-58.52460393800904,-34.65544744257476
"Schmidl, Ulrico 6107",Liniers,9,Los materiales deben estar lim,Papel / Cartón / Plástico / Metal / Vidrio,-58.50864175570802,-34.647794835256136
"Suarez, Jose Leon 1075",Liniers,9,Los materiales deben estar lim,Papel / Cartón / Plástico / Metal / Vidrio,-58.52694180547666,-34.6508490112863
"Suarez, Jose Leon 1201",Liniers,9,Los materiales deben estar lim,Papel / Cartón / Plástico / Metal / Vidrio,-58.52665892011901,-34.65262017902917
"Suarez, Jose Leon 1399",Liniers,9,Los materiales deben estar lim,Papel / Cartón / Plástico / Metal / Vidrio,-58.52462145357695,-34.654168861299986
"Suarez, Jose Leon 1400",Liniers,9,Los materiales deben estar lim,Papel / Cartón / Plástico / Metal / Vidrio,-58.52452615673852,-34.65414098226111
"Suarez, Jose Leon 825",Liniers,9,Los materiales deben estar lim,Papel / Cartón / Plástico / Metal / Vidrio,-58.52713166919052,-34.647968359652275
Tonelero 6544,Liniers,9,Los materiales deben estar lim,Papel / Cartón / Plástico / Metal / Vidrio,-58.51969898229252,-34.645924269402734
Tonelero 6865,Liniers,9,Los materiales deben estar lim,Papel / Cartón / Plástico / Metal / Vidrio,-58.52179731435382,-34.64774231721669
Tonelero 7027,Liniers,9,Los materiales deben estar lim,Papel / Cartón / Plástico / Metal / Vidrio,-58.52307736394043,-34.64894523416022
Tonelero 7347,Liniers,9,Los materiales deben estar lim,Papel / Cartón / Plástico / Metal / Vidrio,-58.525250028695496,-34.65098569497295
Tuyuti 6668,Liniers,9,Los materiales deben estar lim,Papel / Cartón / Plástico / Metal / Vidrio,-58.51998835980184,-34.64449650066933
Tuyuti 7162,Liniers,9,Los materiales deben estar lim,Papel / Cartón / Plástico / Metal / Vidrio,-58.526792072575525,-34.644824404892944
Urien 7281,Liniers,9,Los materiales deben estar lim,Papel / Cartón / Plástico / Metal / Vidrio,-58.52798771056944,-34.652461423790015
Yerbal 6291,Liniers,9,Los materiales deben estar lim,Papel / Cartón / Plástico / Metal / Vidrio,-58.514238078869425,-34.6384101830583
Ca?ada De Gomez 2737,Mataderos,9,Los materiales deben estar lim,Papel / Cartón / Plástico / Metal / Vidrio,-58.49952329294751,-34.665757998536236
Ca?ada De Gomez 2523,Mataderos,9,Los materiales deben estar lim,Papel / Cartón / Plástico / Metal / Vidrio,-58.501436029753165,-34.664166930223175
Ca?ada De Gomez 1645,Mataderos,9,Los materiales deben estar lim,Papel / Cartón / Plástico / Metal / Vidrio,-58.51193743680767,-34.655539496789785
Albari?o 977,Mataderos,9,Los materiales deben estar lim,Papel / Cartón / Plástico / Metal / Vidrio,-58.50058163109719,-34.64727084216869
Albari?o 2305,Mataderos,9,Los materiales deben estar lim,Papel / Cartón / Plástico / Metal / Vidrio,-58.48524555193868,-34.65919857400067
Albari?o 2051,Mataderos,9,Los materiales deben estar lim,Papel / Cartón / Plástico / Metal / Vidrio,-58.48846035794641,-34.65669367885048
Albari?o 1931,Mataderos,9,Los materiales deben estar lim,Papel / Cartón / Plástico / Metal / Vidrio,-58.48983730348215,-34.655569460861
Albari?o 1713,Mataderos,9,Los materiales deben estar lim,Papel / Cartón / Plástico / Metal / Vidrio,-58.49215063459051,-34.6538116354393
"Alberdi, Juan Bautista Av. 5391",Mataderos,9,Los materiales deben estar lim,Papel / Cartón / Plástico / Metal / Vidrio,-58.49889640509411,-34.648159678787536
"Alberdi, Juan Bautista Av. 5629",Mataderos,9,Los materiales deben estar lim,Papel / Cartón / Plástico / Metal / Vidrio,-58.500770144636405,-34.64988806108135
"Alberdi, Juan Bautista Av. 6143",Mataderos,9,Los materiales deben estar lim,Papel / Cartón / Plástico / Metal / Vidrio,-58.505222935908655,-34.65399062696788
"Alberdi, Juan Bautista Av. 6375",Mataderos,9,Los materiales deben estar lim,Papel / Cartón / Plástico / Metal / Vidrio,-58.50702497272224,-34.65531685516152
"Alberdi, Juan Bautista Av. 6539",Mataderos,9,Los materiales deben estar lim,Papel / Cartón / Plástico / Metal / Vidrio,-58.50849114844485,-34.65638553112208
"Alberdi, Juan Bautista Av. 6805",Mataderos,9,Los materiales deben estar lim,Papel / Cartón / Plástico / Metal / Vidrio,-58.51074872651216,-34.657945546544404
"Alberdi, Juan Bautista Av. 7054",Mataderos,9,Los materiales deben estar lim,Papel / Cartón / Plástico / Metal / Vidrio,-58.5127114122381,-34.659375568942096
"Alberdi, Juan Bautista Av. 7247",Mataderos,9,Los materiales deben estar lim,Papel / Cartón / Plástico / Metal / Vidrio,-58.51483481632658,-34.660386949170885
Andalgala 1527,Mataderos,9,Los materiales deben estar lim,Papel / Cartón / Plástico / Metal / Vidrio,-58.51580411849096,-34.65516552096762
Andalgala 1653,Mataderos,9,Los materiales deben estar lim,Papel / Cartón / Plástico / Metal / Vidrio,-58.51441289537377,-34.65626455464258
Andalgala 2287,Mataderos,9,Los materiales deben estar lim,Papel / Cartón / Plástico / Metal / Vidrio,-58.50652436893659,-34.6626076929208
Andalgala 2489,Mataderos,9,Los materiales deben estar lim,Papel / Cartón / Plástico / Metal / Vidrio,-58.50363140595921,-34.66502372611653
Andalgala 2591,Mataderos,9,Los materiales deben estar lim,Papel / Cartón / Plástico / Metal / Vidrio,-58.502496237941834,-34.665891405904816
Araujo 1063,Mataderos,9,Los materiales deben estar lim,Papel / Cartón / Plástico / Metal / Vidrio,-58.496846188045765,-34.64762807568944
Araujo 1179,Mataderos,9,Los materiales deben estar lim,Papel / Cartón / Plástico / Metal / Vidrio,-58.495372017065705,-34.648758284934196
Araujo 1323,Mataderos,9,Los materiales deben estar lim,Papel / Cartón / Plástico / Metal / Vidrio,-58.493623134442565,-34.65009781574394
Araujo 1651,Mataderos,9,Los materiales deben estar lim,Papel / Cartón / Plástico / Metal / Vidrio,-58.49044086740356,-34.65257900724414
Araujo 1807,Mataderos,9,Los materiales deben estar lim,Papel / Cartón / Plástico / Metal / Vidrio,-58.48848835921662,-34.65411224160583
Araujo 1949,Mataderos,9,Los materiales deben estar lim,Papel / Cartón / Plástico / Metal / Vidrio,-58.486858750723336,-34.65538223360448
Araujo 2295,Mataderos,9,Los materiales deben estar lim,Papel / Cartón / Plástico / Metal / Vidrio,-58.48285693332795,-34.6584966270728
Artigas Manuel De 5466,Mataderos,9,Los materiales deben estar lim,Papel / Cartón / Plástico / Metal / Vidrio,-58.49916109060734,-34.646557600600346
Artigas Manuel De 5788,Mataderos,9,Los materiales deben estar lim,Papel / Cartón / Plástico / Metal / Vidrio,-58.501522346771665,-34.648737249801584
Artigas Manuel De 6140,Mataderos,9,Los materiales deben estar lim,Papel / Cartón / Plástico / Metal / Vidrio,-58.50479668135538,-34.65178068821595
Artigas Manuel De 6368,Mataderos,9,Los materiales deben estar lim,Papel / Cartón / Plástico / Metal / Vidrio,-58.50652122859872,-34.653326492945915
Artigas Manuel De 6506,Mataderos,9,Los materiales deben estar lim,Papel / Cartón / Plástico / Metal / Vidrio,-58.50763709037495,-34.65440376096053
Artigas Manuel De 6890,Mataderos,9,Los materiales deben estar lim,Papel / Cartón / Plástico / Metal / Vidrio,-58.510051291219,-34.656753540596746
Basualdo 1054,Mataderos,9,Los materiales deben estar lim,Papel / Cartón / Plástico / Metal / Vidrio,-58.49477996015423,-34.647837867309306
Basualdo 1224,Mataderos,9,Los materiales deben estar lim,Papel / Cartón / Plástico / Metal / Vidrio,-58.49264833525198,-34.649481916082365
Basualdo 1360,Mataderos,9,Los materiales deben estar lim,Papel / Cartón / Plástico / Metal / Vidrio,-58.491420568884756,-34.650432291114846
Basualdo 1762,Mataderos,9,Los materiales deben estar lim,Papel / Cartón / Plástico / Metal / Vidrio,-58.48705325160626,-34.65384097988783
Basualdo 1930,Mataderos,9,Los materiales deben estar lim,Papel / Cartón / Plástico / Metal / Vidrio,-58.48497725165934,-34.65546035118593
Basualdo 860,Mataderos,9,Los materiales deben estar lim,Papel / Cartón / Plástico / Metal / Vidrio,-58.49726578331773,-34.6459018527239
"Bianchi, Andres 7497",Mataderos,9,Los materiales deben estar lim,Papel / Cartón / Plástico / Metal / Vidrio,-58.51552733481448,-34.66333620079112
"Bilbao, Francisco 5563",Mataderos,9,Los materiales deben estar lim,Papel / Cartón / Plástico / Metal / Vidrio,-58.489136845995795,-34.65810114999076
"Bilbao, Francisco 5795",Mataderos,9,Los materiales deben estar lim,Papel / Cartón / Plástico / Metal / Vidrio,-58.490959712478215,-34.659607851194174
Bragado 5690,Mataderos,9,Los materiales deben estar lim,Papel / Cartón / Plástico / Metal / Vidrio,-58.50004673501988,-34.6511889723244
Bragado 5810,Mataderos,9,Los materiales deben estar lim,Papel / Cartón / Plástico / Metal / Vidrio,-58.5014594721038,-34.65238541852311
Bragado 6054,Mataderos,9,Los materiales deben estar lim,Papel / Cartón / Plástico / Metal / Vidrio,-58.50355793733273,-34.65412246029317
Bragado 6264,Mataderos,9,Los materiales deben estar lim,Papel / Cartón / Plástico / Metal / Vidrio,-58.50525870606405,-34.65554615408185
Bragado 6540,Mataderos,9,Los materiales deben estar lim,Papel / Cartón / Plástico / Metal / Vidrio,-58.50731566509702,-34.657262348525734
Bragado 6866,Mataderos,9,Los materiales deben estar lim,Papel / Cartón / Plástico / Metal / Vidrio,-58.50978036710274,-34.65932418975716
Bragado 7292,Mataderos,9,Los materiales deben estar lim,Papel / Cartón / Plástico / Metal / Vidrio,-58.51331174041158,-34.66225826965147
"Cardenas, Cnel. Av. 2707",Mataderos,9,Los materiales deben estar lim,Papel / Cartón / Plástico / Metal / Vidrio,-58.50190758940047,-34.66741835683037
Carhue 1494,Mataderos,9,Los materiales deben estar lim,Papel / Cartón / Plástico / Metal / Vidrio,-58.51827443420589,-34.65437148719462
Carhue 2180,Mataderos,9,Los materiales deben estar lim,Papel / Cartón / Plástico / Metal / Vidrio,-58.51001871846525,-34.660906428807486
Carhue 2604,Mataderos,9,Los materiales deben estar lim,Papel / Cartón / Plástico / Metal / Vidrio,-58.503845640681995,-34.666034950744894
"Castro, Emilio Av. 5203",Mataderos,9,Los materiales deben estar lim,Papel / Cartón / Plástico / Metal / Vidrio,-58.498414480691316,-34.6439339284191
"Castro, Emilio Av. 5485",Mataderos,9,Los materiales deben estar lim,Papel / Cartón / Plástico / Metal / Vidrio,-58.50104009154026,-34.645168093738754
"Castro, Emilio Av. 7046",Mataderos,9,Los materiales deben estar lim,Papel / Cartón / Plástico / Metal / Vidrio,-58.51753871734788,-34.653021298933375
"Castro, Emilio Av. 7303",Mataderos,9,Los materiales deben estar lim,Papel / Cartón / Plástico / Metal / Vidrio,-58.520522024603665,-34.654260363251886
Chascomus 5247,Mataderos,9,Los materiales deben estar lim,Papel / Cartón / Plástico / Metal / Vidrio,-58.493840269175486,-34.65155928464669
Chascomus 5585,Mataderos,9,Los materiales deben estar lim,Papel / Cartón / Plástico / Metal / Vidrio,-58.496602444806676,-34.6538424639362
Chascomus 5979,Mataderos,9,Los materiales deben estar lim,Papel / Cartón / Plástico / Metal / Vidrio,-58.49959785651859,-34.65634805038467
Corvalan 1096,Mataderos,9,Los materiales deben estar lim,Papel / Cartón / Plástico / Metal / Vidrio,-58.497197902226446,-34.64852010013192
Corvalan 1248,Mataderos,9,Los materiales deben estar lim,Papel / Cartón / Plástico / Metal / Vidrio,-58.49516803743382,-34.650082401395856
Corvalan 1494,Mataderos,9,Los materiales deben estar lim,Papel / Cartón / Plástico / Metal / Vidrio,-58.492709768013675,-34.651986401396194
Corvalan 1680,Mataderos,9,Los materiales deben estar lim,Papel / Cartón / Plástico / Metal / Vidrio,-58.49079556638445,-34.653486328999826
Corvalan 2060,Mataderos,9,Los materiales deben estar lim,Papel / Cartón / Plástico / Metal / Vidrio,-58.48628567042856,-34.65700381232913
Corvalan 2228,Mataderos,9,Los materiales deben estar lim,Papel / Cartón / Plástico / Metal / Vidrio,-58.48431628105362,-34.658645040345434
Corvalan 762,Mataderos,9,Los materiales deben estar lim,Papel / Cartón / Plástico / Metal / Vidrio,-58.50102453420038,-34.64550131198733
Cosquin 2106,Mataderos,9,Los materiales deben estar lim,Papel / Cartón / Plástico / Metal / Vidrio,-58.50793722785263,-34.659959680026226
Cosquin 2256,Mataderos,9,Los materiales deben estar lim,Papel / Cartón / Plástico / Metal / Vidrio,-58.50612591630639,-34.6614672265195
Cosquin 2706,Mataderos,9,Los materiales deben estar lim,Papel / Cartón / Plástico / Metal / Vidrio,-58.5004587365766,-34.666201931569105
"De La Torre, Lisandro Av. 2885",Mataderos,9,Los materiales deben estar lim,Papel / Cartón / Plástico / Metal / Vidrio,-58.495219565130526,-34.66663278907523
De Los Corrales Av. 7187,Mataderos,9,Los materiales deben estar lim,Papel / Cartón / Plástico / Metal / Vidrio,-58.50569154908924,-34.66693919585496
Directorio Av. 5461,Mataderos,9,Los materiales deben estar lim,Papel / Cartón / Plástico / Metal / Vidrio,-58.49465373813664,-34.6537962801705
Directorio Av. 5591,Mataderos,9,Los materiales deben estar lim,Papel / Cartón / Plástico / Metal / Vidrio,-58.495624972414504,-34.65460338734891
Directorio Av. 5807,Mataderos,9,Los materiales deben estar lim,Papel / Cartón / Plástico / Metal / Vidrio,-58.49742523239575,-34.65610666097009
Directorio Av. 6621,Mataderos,9,Los materiales deben estar lim,Papel / Cartón / Plástico / Metal / Vidrio,-58.504100085621275,-34.66088880134916
Directorio Av. 7321,Mataderos,9,Los materiales deben estar lim,Papel / Cartón / Plástico / Metal / Vidrio,-58.50978307738298,-34.665618075836264
Ercilla 6644,Mataderos,9,Los materiales deben estar lim,Papel / Cartón / Plástico / Metal / Vidrio,-58.51421278380012,-34.65092993220114
Ercilla 7550,Mataderos,9,Los materiales deben estar lim,Papel / Cartón / Plástico / Metal / Vidrio,-58.52056864933075,-34.65748657103624
Escalada Av. 1949,Mataderos,9,Los materiales deben estar lim,Papel / Cartón / Plástico / Metal / Vidrio,-58.48222708256116,-34.65520163878879
Escalada Av. 2105,Mataderos,9,Los materiales deben estar lim,Papel / Cartón / Plástico / Metal / Vidrio,-58.48022437150254,-34.6567921247099
Fonrouge 1560,Mataderos,9,Los materiales deben estar lim,Papel / Cartón / Plástico / Metal / Vidrio,-58.49821041150396,-34.65281309342963
Fonrouge 2148,Mataderos,9,Los materiales deben estar lim,Papel / Cartón / Plástico / Metal / Vidrio,-58.49182055656741,-34.65781613644466
Fonrouge 2450,Mataderos,9,Los materiales deben estar lim,Papel / Cartón / Plástico / Metal / Vidrio,-58.48838901482211,-34.66053863213118
Fragata Cefiro 1702,Mataderos,9,Los materiales deben estar lim,Papel / Cartón / Plástico / Metal / Vidrio,-58.5190374992209,-34.657637317723015
Fragata Hercules 1590,Mataderos,9,Los materiales deben estar lim,Papel / Cartón / Plástico / Metal / Vidrio,-58.520790324246015,-34.65631946659795
Fragata Trinidad 2040,Mataderos,9,Los materiales deben estar lim,Papel / Cartón / Plástico / Metal / Vidrio,-58.5170783965628,-34.66033764975438
"Garcia Grande De Zequeira, Sev 5635",Mataderos,9,Los materiales deben estar lim,Papel / Cartón / Plástico / Metal / Vidrio,-58.50171145611747,-34.64678787185358
"Garcia Grande De Zequeira, Sev 5951",Mataderos,9,Los materiales deben estar lim,Papel / Cartón / Plástico / Metal / Vidrio,-58.50406078938842,-34.64903256344862
"Garcia Grande De Zequeira, Sev 6121",Mataderos,9,Los materiales deben estar lim,Papel / Cartón / Plástico / Metal / Vidrio,-58.50559711645683,-34.65051655654198
"Garcia Grande De Zequeira, Sev 6385",Mataderos,9,Los materiales deben estar lim,Papel / Cartón / Plástico / Metal / Vidrio,-58.507889862353,-34.65267240652326
"Garcia Grande De Zequeira, Sev 6539",Mataderos,9,Los materiales deben estar lim,Papel / Cartón / Plástico / Metal / Vidrio,-58.50905999282829,-34.65378945491241
"Garcia Grande De Zequeira, Sev 6785",Mataderos,9,Los materiales deben estar lim,Papel / Cartón / Plástico / Metal / Vidrio,-58.51041367354744,-34.65511881551626
"Garcia Grande De Zequeira, Sev 7093",Mataderos,9,Los materiales deben estar lim,Papel / Cartón / Plástico / Metal / Vidrio,-58.51267311970339,-34.65730214204372
"Garcia Grande De Zequeira, Sev 7364",Mataderos,9,Los materiales deben estar lim,Papel / Cartón / Plástico / Metal / Vidrio,-58.514668807357275,-34.659346765444866
"Garcia Grande De Zequeira, Sev 7580",Mataderos,9,Los materiales deben estar lim,Papel / Cartón / Plástico / Metal / Vidrio,-58.516923943420885,-34.66093015918461
"Garcia Grande De Zequeira, Sev 7659",Mataderos,9,Los materiales deben estar lim,Papel / Cartón / Plástico / Metal / Vidrio,-58.51768101331266,-34.66130884642934
Garzon Eugenio General 7487,Mataderos,9,Los materiales deben estar lim,Papel / Cartón / Plástico / Metal / Vidrio,-58.50686167261817,-34.66972669794189
"Garzon, Eugenio, Gral. Av. 5628",Mataderos,9,Los materiales deben estar lim,Papel / Cartón / Plástico / Metal / Vidrio,-58.49194786797746,-34.65683058665759
"Garzon, Eugenio, Gral. Av. 5810",Mataderos,9,Los materiales deben estar lim,Papel / Cartón / Plástico / Metal / Vidrio,-58.49342102453334,-34.658085586136515
"Gordillo, Timoteo 1330",Mataderos,9,Los materiales deben estar lim,Papel / Cartón / Plástico / Metal / Vidrio,-58.51484150501031,-34.65229891609602
"Gordillo, Timoteo 2210",Mataderos,9,Los materiales deben estar lim,Papel / Cartón / Plástico / Metal / Vidrio,-58.505127758891916,-34.65965937166211
Guamini 1505,Mataderos,9,Los materiales deben estar lim,Papel / Cartón / Plástico / Metal / Vidrio,-58.51889078183811,-34.655233502630104
Guamini 2487,Mataderos,9,Los materiales deben estar lim,Papel / Cartón / Plástico / Metal / Vidrio,-58.50670724123953,-34.665083086992965
Guamini 2741,Mataderos,9,Los materiales deben estar lim,Papel / Cartón / Plástico / Metal / Vidrio,-58.5035757428063,-34.66768215775345
Guamini 2905,Mataderos,9,Los materiales deben estar lim,Papel / Cartón / Plástico / Metal / Vidrio,-58.50202586791097,-34.66897391817909
Guardia Nacional 1119,Mataderos,9,Los materiales deben estar lim,Papel / Cartón / Plástico / Metal / Vidrio,-58.49312181784361,-34.64795193018757
Guardia Nacional 1293,Mataderos,9,Los materiales deben estar lim,Papel / Cartón / Plástico / Metal / Vidrio,-58.49137508153243,-34.64930235493331
Guardia Nacional 1521,Mataderos,9,Los materiales deben estar lim,Papel / Cartón / Plástico / Metal / Vidrio,-58.48898692864368,-34.65114930851953
Guardia Nacional 1791,Mataderos,9,Los materiales deben estar lim,Papel / Cartón / Plástico / Metal / Vidrio,-58.48612472662595,-34.653387669825136
Guardia Nacional 1860,Mataderos,9,Los materiales deben estar lim,Papel / Cartón / Plástico / Metal / Vidrio,-58.4851005423299,-34.65407826585239
Guardia Nacional 2119,Mataderos,9,Los materiales deben estar lim,Papel / Cartón / Plástico / Metal / Vidrio,-58.48194656519121,-34.656655202343096
Guardia Nacional 739,Mataderos,9,Los materiales deben estar lim,Papel / Cartón / Plástico / Metal / Vidrio,-58.497969719740325,-34.64412554872804
Guardia Nacional 951,Mataderos,9,Los materiales deben estar lim,Papel / Cartón / Plástico / Metal / Vidrio,-58.495381512950246,-34.64620510549467
"Laferrere, Gregorio De 5088",Mataderos,9,Los materiales deben estar lim,Papel / Cartón / Plástico / Metal / Vidrio,-58.48395064230467,-34.65593592420696
"Laferrere, Gregorio De 5416",Mataderos,9,Los materiales deben estar lim,Papel / Cartón / Plástico / Metal / Vidrio,-58.486733573705166,-34.6582353168353
Larraya 1710,Mataderos,9,Los materiales deben estar lim,Papel / Cartón / Plástico / Metal / Vidrio,-58.497373966521316,-34.6547455827677
Larraya 1949,Mataderos,9,Los materiales deben estar lim,Papel / Cartón / Plástico / Metal / Vidrio,-58.49515619768775,-34.65659148125563
Larraya 2555,Mataderos,9,Los materiales deben estar lim,Papel / Cartón / Plástico / Metal / Vidrio,-58.48795375149721,-34.66221151216365
Larrazabal Av. 1218,Mataderos,9,Los materiales deben estar lim,Papel / Cartón / Plástico / Metal / Vidrio,-58.5030756179435,-34.65052054735471
Larrazabal Av. 911,Mataderos,9,Los materiales deben estar lim,Papel / Cartón / Plástico / Metal / Vidrio,-58.50635619169211,-34.648018049870686
"Leguizamon, Martiniano 1140",Mataderos,9,Los materiales deben estar lim,Papel / Cartón / Plástico / Metal / Vidrio,-58.51183255414092,-34.65005216137508
Miralla 1204,Mataderos,9,Los materiales deben estar lim,Papel / Cartón / Plástico / Metal / Vidrio,-58.498489171147355,-34.65005484356072
Miralla 2296,Mataderos,9,Los materiales deben estar lim,Papel / Cartón / Plástico / Metal / Vidrio,-58.48628434514281,-34.659563707458915
Miralla 740,Mataderos,9,Los materiales deben estar lim,Papel / Cartón / Plástico / Metal / Vidrio,-58.50378462750625,-34.64590936340667
Miralla 822,Mataderos,9,Los materiales deben estar lim,Papel / Cartón / Plástico / Metal / Vidrio,-58.50285256526509,-34.6466540044227
Monte 6664,Mataderos,9,Los materiales deben estar lim,Papel / Cartón / Plástico / Metal / Vidrio,-58.496183768010994,-34.667917973920346
Monte 6874,Mataderos,9,Los materiales deben estar lim,Papel / Cartón / Plástico / Metal / Vidrio,-58.49783631940679,-34.66941321637221
Montiel 1606,Mataderos,9,Los materiales deben estar lim,Papel / Cartón / Plástico / Metal / Vidrio,-58.51956553065013,-34.65595034474306
Montiel 2160,Mataderos,9,Los materiales deben estar lim,Papel / Cartón / Plástico / Metal / Vidrio,-58.51310102548247,-34.66097399428609
Montiel 2350,Mataderos,9,Los materiales deben estar lim,Papel / Cartón / Plástico / Metal / Vidrio,-58.51068532752955,-34.6629803393598
Montiel 3006,Mataderos,9,Los materiales deben estar lim,Papel / Cartón / Plástico / Metal / Vidrio,-58.50273460189413,-34.669593898226694
Murguiondo 1171,Mataderos,9,Los materiales deben estar lim,Papel / Cartón / Plástico / Metal / Vidrio,-58.50983426972849,-34.650323048485625
Murguiondo 2105,Mataderos,9,Los materiales deben estar lim,Papel / Cartón / Plástico / Metal / Vidrio,-58.499747877160395,-34.65820039537986
Oliden 1080,Mataderos,9,Los materiales deben estar lim,Papel / Cartón / Plástico / Metal / Vidrio,-58.50860557639936,-34.649180076311275
Oliden 1506,Mataderos,9,Los materiales deben estar lim,Papel / Cartón / Plástico / Metal / Vidrio,-58.50380305692976,-34.65319556412258
Pieres 1557,Mataderos,9,Los materiales deben estar lim,Papel / Cartón / Plástico / Metal / Vidrio,-58.500298163357606,-34.65458136007455
Pieres 1995,Mataderos,9,Los materiales deben estar lim,Papel / Cartón / Plástico / Metal / Vidrio,-58.496184531924364,-34.65793422300115
Pieres 953,Mataderos,9,Los materiales deben estar lim,Papel / Cartón / Plástico / Metal / Vidrio,-58.50689825619225,-34.64907203598452
Pizarro 6360,Mataderos,9,Los materiales deben estar lim,Papel / Cartón / Plástico / Metal / Vidrio,-58.5098314410176,-34.65095138791702
Pizarro 6604,Mataderos,9,Los materiales deben estar lim,Papel / Cartón / Plástico / Metal / Vidrio,-58.51160573195634,-34.65265756634741
Pizarro 6752,Mataderos,9,Los materiales deben estar lim,Papel / Cartón / Plástico / Metal / Vidrio,-58.51249739472552,-34.65351567427957
Pizarro 6954,Mataderos,9,Los materiales deben estar lim,Papel / Cartón / Plástico / Metal / Vidrio,-58.51388502074306,-34.65485758994977
Pizarro 7190,Mataderos,9,Los materiales deben estar lim,Papel / Cartón / Plástico / Metal / Vidrio,-58.51543250157398,-34.65634724864998
Pizarro 7315,Mataderos,9,Los materiales deben estar lim,Papel / Cartón / Plástico / Metal / Vidrio,-58.51648158729477,-34.65727269494052
Pizarro 7467,Mataderos,9,Los materiales deben estar lim,Papel / Cartón / Plástico / Metal / Vidrio,-58.51777305691941,-34.65842925533603
Pizarro 7680,Mataderos,9,Los materiales deben estar lim,Papel / Cartón / Plástico / Metal / Vidrio,-58.51948830954555,-34.66009639072899
Pola 1009,Mataderos,9,Los materiales deben estar lim,Papel / Cartón / Plástico / Metal / Vidrio,-58.502762477839646,-34.648115823428505
Pola 2345,Mataderos,9,Los materiales deben estar lim,Papel / Cartón / Plástico / Metal / Vidrio,-58.487729185973585,-34.65982436200897
Primera Junta 5126,Mataderos,9,Los materiales deben estar lim,Papel / Cartón / Plástico / Metal / Vidrio,-58.481992253428956,-34.658018028558885
Primera Junta 5579,Mataderos,9,Los materiales deben estar lim,Papel / Cartón / Plástico / Metal / Vidrio,-58.4855396902017,-34.6611483779103
Remedios 5397,Mataderos,9,Los materiales deben estar lim,Papel / Cartón / Plástico / Metal / Vidrio,-58.49212334275094,-34.654812317584074
Remedios 5596,Mataderos,9,Los materiales deben estar lim,Papel / Cartón / Plástico / Metal / Vidrio,-58.49354817350792,-34.65625538285828
"Rodo, Jose E. 5406",Mataderos,9,Los materiales deben estar lim,Papel / Cartón / Plástico / Metal / Vidrio,-58.496253300547885,-34.652079783367796
"Rodo, Jose E. 5814",Mataderos,9,Los materiales deben estar lim,Papel / Cartón / Plástico / Metal / Vidrio,-58.499101296913985,-34.654445289450486
"Rodo, Jose E. 6084",Mataderos,9,Los materiales deben estar lim,Papel / Cartón / Plástico / Metal / Vidrio,-58.501505949880105,-34.656446527650175
"Rodo, Jose E. 6660",Mataderos,9,Los materiales deben estar lim,Papel / Cartón / Plástico / Metal / Vidrio,-58.505812097436426,-34.660024845292014
"Rodo, Jose E. 6836",Mataderos,9,Los materiales deben estar lim,Papel / Cartón / Plástico / Metal / Vidrio,-58.507176804609855,-34.661160945434965
"Rodo, Jose E. 7096",Mataderos,9,Los materiales deben estar lim,Papel / Cartón / Plástico / Metal / Vidrio,-58.509153906609896,-34.66281282534117
"Rodo, Jose E. 7294",Mataderos,9,Los materiales deben estar lim,Papel / Cartón / Plástico / Metal / Vidrio,-58.51075881546162,-34.664161233320264
"Rodo, Jose E. 7486",Mataderos,9,Los materiales deben estar lim,Papel / Cartón / Plástico / Metal / Vidrio,-58.51243253343295,-34.6655655480674
Saladillo 1411,Mataderos,9,Los materiales deben estar lim,Papel / Cartón / Plástico / Metal / Vidrio,-58.52233621044709,-34.65712152008758
Saladillo 2080,Mataderos,9,Los materiales deben estar lim,Papel / Cartón / Plástico / Metal / Vidrio,-58.51557055436002,-34.662194188174674
Saladillo 2270,Mataderos,9,Los materiales deben estar lim,Papel / Cartón / Plástico / Metal / Vidrio,-58.51342872204645,-34.66379456003244
Saladillo 2686,Mataderos,9,Los materiales deben estar lim,Papel / Cartón / Plástico / Metal / Vidrio,-58.50756197970973,-34.66824101991174
Saladillo 2846,Mataderos,9,Los materiales deben estar lim,Papel / Cartón / Plástico / Metal / Vidrio,-58.5057370213981,-34.669624010251546
Saladillo 3106,Mataderos,9,Los materiales deben estar lim,Papel / Cartón / Plástico / Metal / Vidrio,-58.50290190997001,-34.67176447798938
San Pedro 5396,Mataderos,9,Los materiales deben estar lim,Papel / Cartón / Plástico / Metal / Vidrio,-58.488892604202256,-34.65614496202485
"Schmidl, Ulrico 6503",Mataderos,9,Los materiales deben estar lim,Papel / Cartón / Plástico / Metal / Vidrio,-58.51217158904137,-34.65120933047724
"Schmidl, Ulrico 6691",Mataderos,9,Los materiales deben estar lim,Papel / Cartón / Plástico / Metal / Vidrio,-58.5131917791132,-34.65219697495095
"Schmidl, Ulrico 6991",Mataderos,9,Los materiales deben estar lim,Papel / Cartón / Plástico / Metal / Vidrio,-58.51523344026892,-34.65415417792367
"Schmidl, Ulrico 7345",Mataderos,9,Los materiales deben estar lim,Papel / Cartón / Plástico / Metal / Vidrio,-58.51794117807568,-34.656461880154794
"Schmidl, Ulrico 7565",Mataderos,9,Los materiales deben estar lim,Papel / Cartón / Plástico / Metal / Vidrio,-58.52021945040959,-34.65838144197111
"Suarez, Jose Leon 2609",Mataderos,9,Los materiales deben estar lim,Papel / Cartón / Plástico / Metal / Vidrio,-58.5077900207486,-34.666685887649415
"Suarez, Jose Leon 2735",Mataderos,9,Los materiales deben estar lim,Papel / Cartón / Plástico / Metal / Vidrio,-58.50608445002083,-34.668252652097365
"Suarez, Justo Antonio 6819",Mataderos,9,Los materiales deben estar lim,Papel / Cartón / Plástico / Metal / Vidrio,-58.499967603806894,-34.66705259978028
Tandil 5491,Mataderos,9,Los materiales deben estar lim,Papel / Cartón / Plástico / Metal / Vidrio,-58.49386740151587,-34.654790209666245
Tandil 6690,Mataderos,9,Los materiales deben estar lim,Papel / Cartón / Plástico / Metal / Vidrio,-58.50297753318599,-34.662491038129545
Tandil 6920,Mataderos,9,Los materiales deben estar lim,Papel / Cartón / Plástico / Metal / Vidrio,-58.505000696096985,-34.66415878957359
Tandil 7396,Mataderos,9,Los materiales deben estar lim,Papel / Cartón / Plástico / Metal / Vidrio,-58.50871303915726,-34.66722142976294
Tapalque 5391,Mataderos,9,Los materiales deben estar lim,Papel / Cartón / Plástico / Metal / Vidrio,-58.49648719952608,-34.650123601885255
Tapalque 5553,Mataderos,9,Los materiales deben estar lim,Papel / Cartón / Plástico / Metal / Vidrio,-58.49780862183012,-34.65121946907868
Tapalque 6293,Mataderos,9,Los materiales deben estar lim,Papel / Cartón / Plástico / Metal / Vidrio,-58.50426741014077,-34.656614497711324
Tapalque 6419,Mataderos,9,Los materiales deben estar lim,Papel / Cartón / Plástico / Metal / Vidrio,-58.50527843449529,-34.65745558734371
Tapalque 6595,Mataderos,9,Los materiales deben estar lim,Papel / Cartón / Plástico / Metal / Vidrio,-58.50646365540251,-34.658445116644145
Zelada 5845,Mataderos,9,Los materiales deben estar lim,Papel / Cartón / Plástico / Metal / Vidrio,-58.50414634890057,-34.647447314247906
Zelada 6215,Mataderos,9,Los materiales deben estar lim,Papel / Cartón / Plástico / Metal / Vidrio,-58.50749862481417,-34.65051015221771
Zelada 6493,Mataderos,9,Los materiales deben estar lim,Papel / Cartón / Plástico / Metal / Vidrio,-58.50968633478248,-34.652566029401925
Zelada 6791,Mataderos,9,Los materiales deben estar lim,Papel / Cartón / Plástico / Metal / Vidrio,-58.511628610012,-34.654402619652835
Zelada 7295,Mataderos,9,Los materiales deben estar lim,Papel / Cartón / Plástico / Metal / Vidrio,-58.51523412255111,-34.65788886265665
Zelada 7481,Mataderos,9,Los materiales deben estar lim,Papel / Cartón / Plástico / Metal / Vidrio,-58.51694940327287,-34.65953295581286
Republica Bolivariana De Venezuela|825|pr3695,Monserrat,1,Los materiales deben estar lim,Papel / Cartón / Plástico / Metal / Vidrio,-58.37784727573561,-34.61398520208244
Republica Bolivariana De Venezuela|681|pr3330,Monserrat,1,Los materiales deben estar lim,Papel / Cartón / Plástico / Metal / Vidrio,-58.37567042958341,-34.613848326393416
Republica Bolivariana De Venezuela|1229|pr3192,Monserrat,1,Los materiales deben estar lim,Papel / Cartón / Plástico / Metal / Vidrio,-58.383610012729186,-34.6143934452563
Republica Bolivariana De Venezuela |321|pr926|,Monserrat,1,Los materiales deben estar lim,Papel / Cartón / Plástico / Metal / Vidrio,-58.37098690408346,-34.61355442636821
"Yrigoyen, Hipolito |1242|pr3270",Monserrat,1,Los materiales deben estar lim,Papel / Cartón / Plástico / Metal / Vidrio,-58.384036413971224,-34.60983456385676
Republica Bolivariana De Venezuela|1491|pr3265,Monserrat,1,Los materiales deben estar lim,Papel / Cartón / Plástico / Metal / Vidrio,-58.38731645373329,-34.61463040372925
Tacuari|723|pr3320,Monserrat,1,Los materiales deben estar lim,Papel / Cartón / Plástico / Metal / Vidrio,-58.37885890027704,-34.61673405066606
Tacuari|459|pr3319,Monserrat,1,Los materiales deben estar lim,Papel / Cartón / Plástico / Metal / Vidrio,-58.37903528346397,-34.61367154459098
Republica Bolivariana De Venezuela|1651|pr3120,Monserrat,1,Los materiales deben estar lim,Papel / Cartón / Plástico / Metal / Vidrio,-58.389614187383785,-34.61471654873821
"Yrigoyen, Hipolito|914|pr3304",Monserrat,1,Los materiales deben estar lim,Papel / Cartón / Plástico / Metal / Vidrio,-58.37946577029787,-34.60954436435219
Moreno|1491|pr3117,Monserrat,1,Los materiales deben estar lim,Papel / Cartón / Plástico / Metal / Vidrio,-58.38733340969349,-34.612342121186614
Moreno|753|pr3297,Monserrat,1,Los materiales deben estar lim,Papel / Cartón / Plástico / Metal / Vidrio,-58.37690939343666,-34.61157946160434
Moreno|1627|pr3189,Monserrat,1,Los materiales deben estar lim,Papel / Cartón / Plástico / Metal / Vidrio,-58.38944591875627,-34.61245530816597
Moreno |391|pr4197|,Monserrat,1,Los materiales deben estar lim,Papel / Cartón / Plástico / Metal / Vidrio,-58.371747756950626,-34.61125620013346
Mexico|746|pr3048,Monserrat,1,Los materiales deben estar lim,Papel / Cartón / Plástico / Metal / Vidrio,-58.37674920049782,-34.615066543436704
Mexico|212|pr3311,Monserrat,1,Los materiales deben estar lim,Papel / Cartón / Plástico / Metal / Vidrio,-58.36977887151656,-34.61481021357195
Mexico|1558|pr3194,Monserrat,1,Los materiales deben estar lim,Papel / Cartón / Plástico / Metal / Vidrio,-58.38836892647163,-34.61559061058834
Mexico|1310|pr3121,Monserrat,1,Los materiales deben estar lim,Papel / Cartón / Plástico / Metal / Vidrio,-58.38461751876882,-34.61547850618001
"Irigoyen, Bernardo De|220|pr3696",Monserrat,1,Los materiales deben estar lim,Papel / Cartón / Plástico / Metal / Vidrio,-58.3805366197228,-34.610968547602944
"Irigoyen, Bernardo De|148|pr4178|",Monserrat,1,Los materiales deben estar lim,Papel / Cartón / Plástico / Metal / Vidrio,-58.380583303158254,-34.610084564139946
Chile|870|pr3327,Monserrat,1,Los materiales deben estar lim,Papel / Cartón / Plástico / Metal / Vidrio,-58.37837859838548,-34.616367015818845
Chacabuco|511|pr3539,Monserrat,1,Los materiales deben estar lim,Papel / Cartón / Plástico / Metal / Vidrio,-58.37611907170099,-34.61421421075485
Belgrano Av.|1572|pr3191,Monserrat,1,Los materiales deben estar lim,Papel / Cartón / Plástico / Metal / Vidrio,-58.38850192676981,-34.613687283311606
Belgrano Av.|1384|pr3190,Monserrat,1,Los materiales deben estar lim,Papel / Cartón / Plástico / Metal / Vidrio,-58.38580842015216,-34.613498037449666
Belgrano Av.|1206|pr3246,Monserrat,1,Los materiales deben estar lim,Papel / Cartón / Plástico / Metal / Vidrio,-58.38342703069759,-34.61333071787936
"Alsina, Adolfo|1542|pr3187",Monserrat,1,Los materiales deben estar lim,Papel / Cartón / Plástico / Metal / Vidrio,-58.38781112269197,-34.61124064534442
"Alsina, Adolfo|208|pr3659|",Monserrat,1,Los materiales deben estar lim,Papel / Cartón / Plástico / Metal / Vidrio,-58.369776165377594,-34.61002614695535
"Alsina, Adolfo|360|pr3305",Monserrat,1,Los materiales deben estar lim,Papel / Cartón / Plástico / Metal / Vidrio,-58.371581255496324,-34.610147624046036
"Alsina, Adolfo|664|pr3332",Monserrat,1,Los materiales deben estar lim,Papel / Cartón / Plástico / Metal / Vidrio,-58.37673833708614,-34.61051468897453
"Alsina, Adolfo|540|pr3306",Monserrat,1,Los materiales deben estar lim,Papel / Cartón / Plástico / Metal / Vidrio,-58.37396768282065,-34.61028154257201
Cervantes 2452,Monte Castro,10,Los materiales deben estar lim,Papel / Cartón / Plástico / Metal / Vidrio,-58.514799197146424,-34.617577018673245
Baigorria 4249,Monte Castro,10,Los materiales deben estar lim,Papel / Cartón / Plástico / Metal / Vidrio,-58.503828095463696,-34.61124220959815
Baigorria 4741,Monte Castro,10,Los materiales deben estar lim,Papel / Cartón / Plástico / Metal / Vidrio,-58.51015210120852,-34.61495263431823
Baigorria 5011,Monte Castro,10,Los materiales deben estar lim,Papel / Cartón / Plástico / Metal / Vidrio,-58.513292251645844,-34.61689573947965
Baigorria 5189,Monte Castro,10,Los materiales deben estar lim,Papel / Cartón / Plástico / Metal / Vidrio,-58.51547934717965,-34.61884753266086
Baigorria 4405,Monte Castro,10,Los materiales deben estar lim,Papel / Cartón / Plástico / Metal / Vidrio,-58.50566626273833,-34.61231907642542
Bermudez 1697,Monte Castro,10,Los materiales deben estar lim,Papel / Cartón / Plástico / Metal / Vidrio,-58.50567282798667,-34.622336206522824
Cervantes 1736,Monte Castro,10,Los materiales deben estar lim,Papel / Cartón / Plástico / Metal / Vidrio,-58.507364720681586,-34.62328903208055
Alcaraz 4757,Monte Castro,10,Los materiales deben estar lim,Papel / Cartón / Plástico / Metal / Vidrio,-58.503747169599535,-34.61996747929423
Alcaraz 4911,Monte Castro,10,Los materiales deben estar lim,Papel / Cartón / Plástico / Metal / Vidrio,-58.50574813750667,-34.62090072065951
Alcaraz 5231,Monte Castro,10,Los materiales deben estar lim,Papel / Cartón / Plástico / Metal / Vidrio,-58.509661525821826,-34.62419652822589
Allende 2680,Monte Castro,10,Los materiales deben estar lim,Papel / Cartón / Plástico / Metal / Vidrio,-58.51061349909352,-34.61567955571071
Alvarez Jonte Av. 3915,Monte Castro,10,Los materiales deben estar lim,Papel / Cartón / Plástico / Metal / Vidrio,-58.4958258233175,-34.61446900507038
Alvarez Jonte Av. 4179,Monte Castro,10,Los materiales deben estar lim,Papel / Cartón / Plástico / Metal / Vidrio,-58.49873663422983,-34.616013399086285
Alvarez Jonte Av. 4381,Monte Castro,10,Los materiales deben estar lim,Papel / Cartón / Plástico / Metal / Vidrio,-58.50089517068726,-34.61715332657045
Alvarez Jonte Av. 4413,Monte Castro,10,Los materiales deben estar lim,Papel / Cartón / Plástico / Metal / Vidrio,-58.501526079106554,-34.61749008064242
Alvarez Jonte Av. 4609,Monte Castro,10,Los materiales deben estar lim,Papel / Cartón / Plástico / Metal / Vidrio,-58.50375104272107,-34.61866512780029
Alvarez Jonte Av. 4837,Monte Castro,10,Los materiales deben estar lim,Papel / Cartón / Plástico / Metal / Vidrio,-58.506378341985304,-34.62002764389597
Alvarez Jonte Av. 5111,Monte Castro,10,Los materiales deben estar lim,Papel / Cartón / Plástico / Metal / Vidrio,-58.50924455762137,-34.62210967802401
Alvarez Jonte Av. 5237,Monte Castro,10,Los materiales deben estar lim,Papel / Cartón / Plástico / Metal / Vidrio,-58.510859917472,-34.62352904020074
Arregui 4191,Monte Castro,10,Los materiales deben estar lim,Papel / Cartón / Plástico / Metal / Vidrio,-58.500644677277165,-34.613897388949994
Arregui 4305,Monte Castro,10,Los materiales deben estar lim,Papel / Cartón / Plástico / Metal / Vidrio,-58.50207430299804,-34.6147181850271
Arregui 4553,Monte Castro,10,Los materiales deben estar lim,Papel / Cartón / Plástico / Metal / Vidrio,-58.50490363589384,-34.61633452778386
Arregui 4951,Monte Castro,10,Los materiales deben estar lim,Papel / Cartón / Plástico / Metal / Vidrio,-58.50907798352139,-34.619139865529725
Arregui 5217,Monte Castro,10,Los materiales deben estar lim,Papel / Cartón / Plástico / Metal / Vidrio,-58.51287734176018,-34.62165922653749
Arregui 5681,Monte Castro,10,Los materiales deben estar lim,Papel / Cartón / Plástico / Metal / Vidrio,-58.5172744994365,-34.62572065058749
Baigorria 5543,Monte Castro,10,Los materiales deben estar lim,Papel / Cartón / Plástico / Metal / Vidrio,-58.519321706194816,-34.622283994854044
"Calderon De La Barca, Pedro 1525",Monte Castro,10,Los materiales deben estar lim,Papel / Cartón / Plástico / Metal / Vidrio,-58.507360497536986,-34.625229288585665
"Gonzalez, Elpidio 3987",Monte Castro,10,Los materiales deben estar lim,Papel / Cartón / Plástico / Metal / Vidrio,-58.49457020711672,-34.616554163591886
"Gonzalez, Elpidio 4175",Monte Castro,10,Los materiales deben estar lim,Papel / Cartón / Plástico / Metal / Vidrio,-58.496291736426436,-34.618046300061124
"Gonzalez, Elpidio 4293",Monte Castro,10,Los materiales deben estar lim,Papel / Cartón / Plástico / Metal / Vidrio,-58.49733438554547,-34.618913624768695
"Gonzalez, Elpidio 4529",Monte Castro,10,Los materiales deben estar lim,Papel / Cartón / Plástico / Metal / Vidrio,-58.49968230386723,-34.620696931144806
"Gonzalez, Elpidio 4745",Monte Castro,10,Los materiales deben estar lim,Papel / Cartón / Plástico / Metal / Vidrio,-58.50267098674112,-34.62230888053134
"Gonzalez, Elpidio 4977",Monte Castro,10,Los materiales deben estar lim,Papel / Cartón / Plástico / Metal / Vidrio,-58.505383369935416,-34.62404248901461
Gualeguaychu 1966,Monte Castro,10,Los materiales deben estar lim,Papel / Cartón / Plástico / Metal / Vidrio,-58.4993603298788,-34.617441552529854
Gualeguaychu 2030,Monte Castro,10,Los materiales deben estar lim,Papel / Cartón / Plástico / Metal / Vidrio,-58.500402010030555,-34.61650595880443
"Hugo, Victor 1525",Monte Castro,10,Los materiales deben estar lim,Papel / Cartón / Plástico / Metal / Vidrio,-58.5159473030738,-34.62585672960555
"Hugo, Victor 1831",Monte Castro,10,Los materiales deben estar lim,Papel / Cartón / Plástico / Metal / Vidrio,-58.51918956057272,-34.623341081056516
Irigoyen 1815,Monte Castro,10,Los materiales deben estar lim,Papel / Cartón / Plástico / Metal / Vidrio,-58.52189445357479,-34.624136816827516
Lascano 4044,Monte Castro,10,Los materiales deben estar lim,Papel / Cartón / Plástico / Metal / Vidrio,-58.49836654396834,-34.61436073186099
Lascano 4466,Monte Castro,10,Los materiales deben estar lim,Papel / Cartón / Plástico / Metal / Vidrio,-58.502782227862795,-34.61687466058938
Lascano 4738,Monte Castro,10,Los materiales deben estar lim,Papel / Cartón / Plástico / Metal / Vidrio,-58.506228837942636,-34.61864467794822
Lascano 5136,Monte Castro,10,Los materiales deben estar lim,Papel / Cartón / Plástico / Metal / Vidrio,-58.51070862449825,-34.62169785555342
Lascano 5416,Monte Castro,10,Los materiales deben estar lim,Papel / Cartón / Plástico / Metal / Vidrio,-58.51385815797174,-34.624535225108644
Lascano 5548,Monte Castro,10,Los materiales deben estar lim,Papel / Cartón / Plástico / Metal / Vidrio,-58.51500802770278,-34.62559491375082
Lascano 5736,Monte Castro,10,Los materiales deben estar lim,Papel / Cartón / Plástico / Metal / Vidrio,-58.516771927702194,-34.62714824513543
Lope De Vega Av. 1531,Monte Castro,10,Los materiales deben estar lim,Papel / Cartón / Plástico / Metal / Vidrio,-58.509889496534626,-34.625563590645164
Lope De Vega Av. 1651,Monte Castro,10,Los materiales deben estar lim,Papel / Cartón / Plástico / Metal / Vidrio,-58.51104042988533,-34.624652830398176
Lope De Vega Av. 1783,Monte Castro,10,Los materiales deben estar lim,Papel / Cartón / Plástico / Metal / Vidrio,-58.51240998120553,-34.623617311036526
Lope De Vega Av. 1838,Monte Castro,10,Los materiales deben estar lim,Papel / Cartón / Plástico / Metal / Vidrio,-58.5131762525523,-34.623179802008565
Lope De Vega Av. 1992,Monte Castro,10,Los materiales deben estar lim,Papel / Cartón / Plástico / Metal / Vidrio,-58.51473189706293,-34.62198484235553
Lope De Vega Av. 2145,Monte Castro,10,Los materiales deben estar lim,Papel / Cartón / Plástico / Metal / Vidrio,-58.516363239769454,-34.62058420737894
Miranda 4074,Monte Castro,10,Los materiales deben estar lim,Papel / Cartón / Plástico / Metal / Vidrio,-58.496332139928846,-34.61638046712179
Miranda 4258,Monte Castro,10,Los materiales deben estar lim,Papel / Cartón / Plástico / Metal / Vidrio,-58.49804268107854,-34.61779901987492
Miranda 4718,Monte Castro,10,Los materiales deben estar lim,Papel / Cartón / Plástico / Metal / Vidrio,-58.50278966894386,-34.6209330641185
Miranda 5180,Monte Castro,10,Los materiales deben estar lim,Papel / Cartón / Plástico / Metal / Vidrio,-58.507628004982436,-34.62453780036783
"Paz, Marcos 2674",Monte Castro,10,Los materiales deben estar lim,Papel / Cartón / Plástico / Metal / Vidrio,-58.5080460151839,-34.614248322284986
Santo Tome 3997,Monte Castro,10,Los materiales deben estar lim,Papel / Cartón / Plástico / Metal / Vidrio,-58.499336903310834,-34.611836323052735
Santo Tome 4215,Monte Castro,10,Los materiales deben estar lim,Papel / Cartón / Plástico / Metal / Vidrio,-58.50173643739187,-34.61322498646277
Santo Tome 4451,Monte Castro,10,Los materiales deben estar lim,Papel / Cartón / Plástico / Metal / Vidrio,-58.50443216793011,-34.6147725268516
Santo Tome 4655,Monte Castro,10,Los materiales deben estar lim,Papel / Cartón / Plástico / Metal / Vidrio,-58.507088582481984,-34.61625776460104
Santo Tome 4873,Monte Castro,10,Los materiales deben estar lim,Papel / Cartón / Plástico / Metal / Vidrio,-58.509542070405644,-34.61760386743194
Santo Tome 5053,Monte Castro,10,Los materiales deben estar lim,Papel / Cartón / Plástico / Metal / Vidrio,-58.51161704940538,-34.618994408022466
Santo Tome 5115,Monte Castro,10,Los materiales deben estar lim,Papel / Cartón / Plástico / Metal / Vidrio,-58.51237869056903,-34.619663291393444
Santo Tome 5243,Monte Castro,10,Los materiales deben estar lim,Papel / Cartón / Plástico / Metal / Vidrio,-58.514169891966915,-34.62122708276698
Santo Tome 5736,Monte Castro,10,Los materiales deben estar lim,Papel / Cartón / Plástico / Metal / Vidrio,-58.51889138792936,-34.62550675750343
"Sastre, Marcos 4044",Monte Castro,10,Los materiales deben estar lim,Papel / Cartón / Plástico / Metal / Vidrio,-58.50082025830437,-34.611015312369545
"Sastre, Marcos 4200",Monte Castro,10,Los materiales deben estar lim,Papel / Cartón / Plástico / Metal / Vidrio,-58.502337544411105,-34.61191870300838
"Sastre, Marcos 4952",Monte Castro,10,Los materiales deben estar lim,Papel / Cartón / Plástico / Metal / Vidrio,-58.51122920293558,-34.61727820882888
"Sastre, Marcos 5468",Monte Castro,10,Los materiales deben estar lim,Papel / Cartón / Plástico / Metal / Vidrio,-58.51754862247544,-34.62248310547452
"Sastre, Marcos 5710",Monte Castro,10,Los materiales deben estar lim,Papel / Cartón / Plástico / Metal / Vidrio,-58.51978069313592,-34.62446432350207
Segurola Av. 1756,Monte Castro,10,Los materiales deben estar lim,Papel / Cartón / Plástico / Metal / Vidrio,-58.499927422864445,-34.620082546026325
Segurola Av. 1950,Monte Castro,10,Los materiales deben estar lim,Papel / Cartón / Plástico / Metal / Vidrio,-58.50161859965235,-34.618721950916786
Segurola Av. 2066,Monte Castro,10,Los materiales deben estar lim,Papel / Cartón / Plástico / Metal / Vidrio,-58.50305332208898,-34.61742413180014
Segurola Av. 2248,Monte Castro,10,Los materiales deben estar lim,Papel / Cartón / Plástico / Metal / Vidrio,-58.504721638036564,-34.615682214969475
Segurola Av. 2460,Monte Castro,10,Los materiales deben estar lim,Papel / Cartón / Plástico / Metal / Vidrio,-58.506739477059405,-34.61357253832149
Virgilio 1911,Monte Castro,10,Los materiales deben estar lim,Papel / Cartón / Plástico / Metal / Vidrio,-58.51700681484139,-34.621765898796035
Gual 2381,Nueva Pompeya,4,Los materiales deben estar lim,Papel / Cartón / Plástico / Metal / Vidrio,-58.42497292677039,-34.6438852843623
Gual 2679,Nueva Pompeya,4,Los materiales deben estar lim,Papel / Cartón / Plástico / Metal / Vidrio,-58.42152904788402,-34.64672366892632
Saenz Av. 790,Nueva Pompeya,4,Los materiales deben estar lim,Papel / Cartón / Plástico / Metal / Vidrio,-58.41614866738801,-34.64900037653276
Del Ba?ado 2353,Nueva Pompeya,4,Los materiales deben estar lim,Papel / Cartón / Plástico / Metal / Vidrio,-58.427840192485505,-34.64422307764617
Del Ba?ado 2247,Nueva Pompeya,4,Los materiales deben estar lim,Papel / Cartón / Plástico / Metal / Vidrio,-58.42818928082762,-34.64283305922215
Achala 3561,Nueva Pompeya,4,Los materiales deben estar lim,Papel / Cartón / Plástico / Metal / Vidrio,-58.41410416619924,-34.6425432959038
Achala 3675,Nueva Pompeya,4,Los materiales deben estar lim,Papel / Cartón / Plástico / Metal / Vidrio,-58.415345663140236,-34.64226538775022
Alagon 444,Nueva Pompeya,4,Los materiales deben estar lim,Papel / Cartón / Plástico / Metal / Vidrio,-58.42009185761364,-34.644979735750695
"Alcorta, Amancio Av. 3881",Nueva Pompeya,4,Los materiales deben estar lim,Papel / Cartón / Plástico / Metal / Vidrio,-58.4139833435643,-34.655303274740895
Almafuerte Av. 726,Nueva Pompeya,4,Los materiales deben estar lim,Papel / Cartón / Plástico / Metal / Vidrio,-58.414652158504666,-34.64609751323072
"Arbeletche, Anibal P. 1052",Nueva Pompeya,4,Los materiales deben estar lim,Papel / Cartón / Plástico / Metal / Vidrio,-58.423735994350096,-34.64570041870723
Barco Centenera Del 3132,Nueva Pompeya,4,Los materiales deben estar lim,Papel / Cartón / Plástico / Metal / Vidrio,-58.42256275166186,-34.65198367233111
Barco Centenera Del 3436,Nueva Pompeya,4,Los materiales deben estar lim,Papel / Cartón / Plástico / Metal / Vidrio,-58.41918731821439,-34.654418158947244
Barco Centenera Del 3599,Nueva Pompeya,4,Los materiales deben estar lim,Papel / Cartón / Plástico / Metal / Vidrio,-58.41687705724727,-34.65666945909027
"Barros Pazos, Jose 1809",Nueva Pompeya,4,Los materiales deben estar lim,Papel / Cartón / Plástico / Metal / Vidrio,-58.43218371687365,-34.64699079954942
"Bonavena, Oscar Natalio 1330",Nueva Pompeya,4,Los materiales deben estar lim,Papel / Cartón / Plástico / Metal / Vidrio,-58.405355625683015,-34.653007408412535
"Cabred, Domingo, Dr. 4744",Nueva Pompeya,4,Los materiales deben estar lim,Papel / Cartón / Plástico / Metal / Vidrio,-58.41496380596991,-34.65728780716447
Cachi 697,Nueva Pompeya,4,Los materiales deben estar lim,Papel / Cartón / Plástico / Metal / Vidrio,-58.41155002671903,-34.65064712544952
Charrua 3293,Nueva Pompeya,4,Los materiales deben estar lim,Papel / Cartón / Plástico / Metal / Vidrio,-58.42741020658868,-34.657030538297604
Chiclana Av. 4156,Nueva Pompeya,4,Los materiales deben estar lim,Papel / Cartón / Plástico / Metal / Vidrio,-58.42138302861854,-34.641804889082366
"Chilavert, Martiniano, Coronel 1155",Nueva Pompeya,4,Los materiales deben estar lim,Papel / Cartón / Plástico / Metal / Vidrio,-58.424592637034706,-34.64214842290181
"Chilavert, Martiniano, Coronel 1642",Nueva Pompeya,4,Los materiales deben estar lim,Papel / Cartón / Plástico / Metal / Vidrio,-58.429067060075,-34.646285861552485
"Chilavert, Martiniano, Coronel 1840",Nueva Pompeya,4,Los materiales deben estar lim,Papel / Cartón / Plástico / Metal / Vidrio,-58.43126801313778,-34.648139391958054
"Colmo, Alfredo 3950",Nueva Pompeya,4,Los materiales deben estar lim,Papel / Cartón / Plástico / Metal / Vidrio,-58.41536987312454,-34.65537457099527
Condor 1978,Nueva Pompeya,4,Los materiales deben estar lim,Papel / Cartón / Plástico / Metal / Vidrio,-58.42780389153385,-34.656304746048285
Corrales 1664,Nueva Pompeya,4,Los materiales deben estar lim,Papel / Cartón / Plástico / Metal / Vidrio,-58.426695931034395,-34.65202517633708
Corrales 1972,Nueva Pompeya,4,Los materiales deben estar lim,Papel / Cartón / Plástico / Metal / Vidrio,-58.42913794534304,-34.654360961904466
Crespo 2991,Nueva Pompeya,4,Los materiales deben estar lim,Papel / Cartón / Plástico / Metal / Vidrio,-58.428152297598636,-34.653086937049764
Crespo 3395,Nueva Pompeya,4,Los materiales deben estar lim,Papel / Cartón / Plástico / Metal / Vidrio,-58.424523822349805,-34.6556754393947
Daract Av. 2107,Nueva Pompeya,4,Los materiales deben estar lim,Papel / Cartón / Plástico / Metal / Vidrio,-58.43093614658897,-34.642983281400504
Daract Av. 2271,Nueva Pompeya,4,Los materiales deben estar lim,Papel / Cartón / Plástico / Metal / Vidrio,-58.43059309222929,-34.64461211185618
Del Tigre 4050,Nueva Pompeya,4,Los materiales deben estar lim,Papel / Cartón / Plástico / Metal / Vidrio,-58.417733506366226,-34.64531907000726
Drumond 2251,Nueva Pompeya,4,Los materiales deben estar lim,Papel / Cartón / Plástico / Metal / Vidrio,-58.42457300115112,-34.641217604895594
"Einstein, Alberto 1068",Nueva Pompeya,4,Los materiales deben estar lim,Papel / Cartón / Plástico / Metal / Vidrio,-58.40960256299233,-34.65727423588082
"Einstein, Alberto 856",Nueva Pompeya,4,Los materiales deben estar lim,Papel / Cartón / Plástico / Metal / Vidrio,-58.41081107676954,-34.65495031749786
Erezcano 3040,Nueva Pompeya,4,Los materiales deben estar lim,Papel / Cartón / Plástico / Metal / Vidrio,-58.42821358749151,-34.6541495115506
Erezcano 3334,Nueva Pompeya,4,Los materiales deben estar lim,Papel / Cartón / Plástico / Metal / Vidrio,-58.42570522983093,-34.65593436768088
Erezcano 3462,Nueva Pompeya,4,Los materiales deben estar lim,Papel / Cartón / Plástico / Metal / Vidrio,-58.42446618263872,-34.656814189891655
"Fernandez De La Cruz, F., Gral. Av. 1310",Nueva Pompeya,4,Los materiales deben estar lim,Papel / Cartón / Plástico / Metal / Vidrio,-58.426853462835986,-34.64663488228051
Itaqui 1802,Nueva Pompeya,4,Los materiales deben estar lim,Papel / Cartón / Plástico / Metal / Vidrio,-58.43013927855355,-34.651746386527094
Itaqui 2160,Nueva Pompeya,4,Los materiales deben estar lim,Papel / Cartón / Plástico / Metal / Vidrio,-58.432549539813216,-34.65378689168435
La Plata Av. 2506,Nueva Pompeya,4,Los materiales deben estar lim,Papel / Cartón / Plástico / Metal / Vidrio,-58.42180772720492,-34.64398036072067
La Plata Av. 2678,Nueva Pompeya,4,Los materiales deben estar lim,Papel / Cartón / Plástico / Metal / Vidrio,-58.420159968847244,-34.645882101594225
La Plata Av. 2948,Nueva Pompeya,4,Los materiales deben estar lim,Papel / Cartón / Plástico / Metal / Vidrio,-58.41694954771826,-34.648050025220286
Lanza 2132,Nueva Pompeya,4,Los materiales deben estar lim,Papel / Cartón / Plástico / Metal / Vidrio,-58.42977013927769,-34.641742209054975
Lanza 2284,Nueva Pompeya,4,Los materiales deben estar lim,Papel / Cartón / Plástico / Metal / Vidrio,-58.42938571518878,-34.64330013345874
Lanza 2398,Nueva Pompeya,4,Los materiales deben estar lim,Papel / Cartón / Plástico / Metal / Vidrio,-58.42895339158571,-34.64489041148063
"Luppi, Abraham J. 1038",Nueva Pompeya,4,Los materiales deben estar lim,Papel / Cartón / Plástico / Metal / Vidrio,-58.41873855909097,-34.6509320503959
Lynch 3840,Nueva Pompeya,4,Los materiales deben estar lim,Papel / Cartón / Plástico / Metal / Vidrio,-58.41448507382452,-34.653012402147546
"Magnaud, Juez 1222",Nueva Pompeya,4,Los materiales deben estar lim,Papel / Cartón / Plástico / Metal / Vidrio,-58.406528839319506,-34.65182721049701
Matanza 2810,Nueva Pompeya,4,Los materiales deben estar lim,Papel / Cartón / Plástico / Metal / Vidrio,-58.4313841206602,-34.65307593522828
Mom 2383,Nueva Pompeya,4,Los materiales deben estar lim,Papel / Cartón / Plástico / Metal / Vidrio,-58.43225184086119,-34.64666858587767
Mom 2597,Nueva Pompeya,4,Los materiales deben estar lim,Papel / Cartón / Plástico / Metal / Vidrio,-58.429686966069816,-34.64867672430786
Mom 3203,Nueva Pompeya,4,Los materiales deben estar lim,Papel / Cartón / Plástico / Metal / Vidrio,-58.423169009827724,-34.65335578746952
Mom 3503,Nueva Pompeya,4,Los materiales deben estar lim,Papel / Cartón / Plástico / Metal / Vidrio,-58.42063251251355,-34.65519104637118
"Moreno, Perito Av. 197",Nueva Pompeya,4,Los materiales deben estar lim,Papel / Cartón / Plástico / Metal / Vidrio,-58.40866811390385,-34.649353809480125
"Moreno, Perito Av. 815",Nueva Pompeya,4,Los materiales deben estar lim,Papel / Cartón / Plástico / Metal / Vidrio,-58.41787221614761,-34.649765632944074
"Ochoa, Enrique 675",Nueva Pompeya,4,Los materiales deben estar lim,Papel / Cartón / Plástico / Metal / Vidrio,-58.413594898859564,-34.653778321177
"Pagola, Cnel. 3968",Nueva Pompeya,4,Los materiales deben estar lim,Papel / Cartón / Plástico / Metal / Vidrio,-58.41833536396924,-34.64321530105711
Pepiri 1511,Nueva Pompeya,4,Los materiales deben estar lim,Papel / Cartón / Plástico / Metal / Vidrio,-58.40615005493254,-34.6556431838519
Pirovano 409,Nueva Pompeya,4,Los materiales deben estar lim,Papel / Cartón / Plástico / Metal / Vidrio,-58.419715037510336,-34.64482497664142
"Pomar, Gregorio Tte. Cnel. 3605",Nueva Pompeya,4,Los materiales deben estar lim,Papel / Cartón / Plástico / Metal / Vidrio,-58.41435203271459,-34.64002919327745
"Pomar, Gregorio Tte. Cnel. 4095",Nueva Pompeya,4,Los materiales deben estar lim,Papel / Cartón / Plástico / Metal / Vidrio,-58.41940168782996,-34.64094964310649
Quilmes 640,Nueva Pompeya,4,Los materiales deben estar lim,Papel / Cartón / Plástico / Metal / Vidrio,-58.417351565482804,-34.646690621226576
Raulet 113,Nueva Pompeya,4,Los materiales deben estar lim,Papel / Cartón / Plástico / Metal / Vidrio,-58.41671326808856,-34.64073130118717
Rio Cuarto 4445,Nueva Pompeya,4,Los materiales deben estar lim,Papel / Cartón / Plástico / Metal / Vidrio,-58.41088932006819,-34.65627379104426
"Rivera, Fructuoso, General 1653",Nueva Pompeya,4,Los materiales deben estar lim,Papel / Cartón / Plástico / Metal / Vidrio,-58.42760683838395,-34.65106299069531
Romero 986,Nueva Pompeya,4,Los materiales deben estar lim,Papel / Cartón / Plástico / Metal / Vidrio,-58.413258852069546,-34.657084218527494
Saenz Av. 20,Nueva Pompeya,4,Los materiales deben estar lim,Papel / Cartón / Plástico / Metal / Vidrio,-58.416025321332356,-34.63911647364001
Saenz Av. 423,Nueva Pompeya,4,Los materiales deben estar lim,Papel / Cartón / Plástico / Metal / Vidrio,-58.41626139626151,-34.64446743665467
Santa Catalina 1394,Nueva Pompeya,4,Los materiales deben estar lim,Papel / Cartón / Plástico / Metal / Vidrio,-58.42118805730785,-34.65275382976473
Tabare 1471,Nueva Pompeya,4,Los materiales deben estar lim,Papel / Cartón / Plástico / Metal / Vidrio,-58.42467390293175,-34.651785206330096
"Taborda, Diogenes 1032",Nueva Pompeya,4,Los materiales deben estar lim,Papel / Cartón / Plástico / Metal / Vidrio,-58.40939140566288,-34.65113224466756
"Taborda, Diogenes 928",Nueva Pompeya,4,Los materiales deben estar lim,Papel / Cartón / Plástico / Metal / Vidrio,-58.41016061543869,-34.648929215118194
Tilcara 2271,Nueva Pompeya,4,Los materiales deben estar lim,Papel / Cartón / Plástico / Metal / Vidrio,-58.426933575224666,-34.64293240767799
Tilcara 2331,Nueva Pompeya,4,Los materiales deben estar lim,Papel / Cartón / Plástico / Metal / Vidrio,-58.426738741026526,-34.643697881215616
Tilcara 2565,Nueva Pompeya,4,Los materiales deben estar lim,Papel / Cartón / Plástico / Metal / Vidrio,-58.42543781354613,-34.64624650940034
Tilcara 3109,Nueva Pompeya,4,Los materiales deben estar lim,Papel / Cartón / Plástico / Metal / Vidrio,-58.418926737641485,-34.65186137998349
Tilcara Av. 2869,Nueva Pompeya,4,Los materiales deben estar lim,Papel / Cartón / Plástico / Metal / Vidrio,-58.422160110265516,-34.64902991551456
Tilcara Av. 3001,Nueva Pompeya,4,Los materiales deben estar lim,Papel / Cartón / Plástico / Metal / Vidrio,-58.42047670087212,-34.65047803513776
Traful 3369,Nueva Pompeya,4,Los materiales deben estar lim,Papel / Cartón / Plástico / Metal / Vidrio,-58.407470577113315,-34.65018111918773
Traful 3820,Nueva Pompeya,4,Los materiales deben estar lim,Papel / Cartón / Plástico / Metal / Vidrio,-58.414563239989995,-34.65191832456607
Uspallata 3680,Nueva Pompeya,4,Los materiales deben estar lim,Papel / Cartón / Plástico / Metal / Vidrio,-58.41509081090112,-34.64143982357502
Uspallata 4014,Nueva Pompeya,4,Los materiales deben estar lim,Papel / Cartón / Plástico / Metal / Vidrio,-58.41945685747129,-34.64224478079372
"Valle, J.j., Gral. Div. 2850",Nueva Pompeya,4,Los materiales deben estar lim,Papel / Cartón / Plástico / Metal / Vidrio,-58.42300453345342,-34.64954617469251
"Vedia, Agustin De 3190",Nueva Pompeya,4,Los materiales deben estar lim,Papel / Cartón / Plástico / Metal / Vidrio,-58.425459687239254,-34.65372574686763
"Vedia, Agustin De 3404",Nueva Pompeya,4,Los materiales deben estar lim,Papel / Cartón / Plástico / Metal / Vidrio,-58.42353459802244,-34.655116440572705
"Vedia, Agustin De 3502",Nueva Pompeya,4,Los materiales deben estar lim,Papel / Cartón / Plástico / Metal / Vidrio,-58.42273578954002,-34.655689603719544
Ventana 3706,Nueva Pompeya,4,Los materiales deben estar lim,Papel / Cartón / Plástico / Metal / Vidrio,-58.413187554005525,-34.65037164106081
Castro Barros 2233,Nueva Pompeya,4,Los materiales deben estar lim,Papel / Cartón / Plástico / Metal / Vidrio,-58.41724777038178,-34.63873720874779
Salvigny 1502,Nueva Pompeya,4,Los materiales deben estar lim,Papel / Cartón / Plástico / Metal / Vidrio,-58.4322855002092,-34.6442664092864
Correa 1620,Nuñez,13,Los materiales deben estar lim,Papel / Cartón / Plástico / Metal / Vidrio,-58.46474401753909,-34.54013628460643
Correa 1712,Nuñez,13,Los materiales deben estar lim,Papel / Cartón / Plástico / Metal / Vidrio,-58.46550309246215,-34.540521316605094
Cuba 3122,Nuñez,13,Los materiales deben estar lim,Papel / Cartón / Plástico / Metal / Vidrio,-58.463467751012324,-34.5516029998709
Cuba 3390,Nuñez,13,Los materiales deben estar lim,Papel / Cartón / Plástico / Metal / Vidrio,-58.4649113403203,-34.549639094376204
Cuba 3686,Nuñez,13,Los materiales deben estar lim,Papel / Cartón / Plástico / Metal / Vidrio,-58.46665182164164,-34.54724750252257
Cuba 3880,Nuñez,13,Los materiales deben estar lim,Papel / Cartón / Plástico / Metal / Vidrio,-58.46769621807047,-34.54584104542023
Cuba 4212,Nuñez,13,Los materiales deben estar lim,Papel / Cartón / Plástico / Metal / Vidrio,-58.46955612882357,-34.543314267326025
Cuba 4338,Nuñez,13,Los materiales deben estar lim,Papel / Cartón / Plástico / Metal / Vidrio,-58.47021854365894,-34.54241526039667
Vedia 2004,Nuñez,13,Los materiales deben estar lim,Papel / Cartón / Plástico / Metal / Vidrio,-58.47105085121675,-34.538056095712555
Vedia 2340,Nuñez,13,Los materiales deben estar lim,Papel / Cartón / Plástico / Metal / Vidrio,-58.4742573743275,-34.539688818987216
Nu?ez 3084,Nuñez,13,Los materiales deben estar lim,Papel / Cartón / Plástico / Metal / Vidrio,-58.47336092478895,-34.55346643196916
Nu?ez 1792,Nuñez,13,Los materiales deben estar lim,Papel / Cartón / Plástico / Metal / Vidrio,-58.46159668726792,-34.54677997183191
Nu?ez 1650,Nuñez,13,Los materiales deben estar lim,Papel / Cartón / Plástico / Metal / Vidrio,-58.46030438536518,-34.54613655368144
Nu?ez 2174,Nuñez,13,Los materiales deben estar lim,Papel / Cartón / Plástico / Metal / Vidrio,-58.46510599323624,-34.548551334378494
Nu?ez 2410,Nuñez,13,Los materiales deben estar lim,Papel / Cartón / Plástico / Metal / Vidrio,-58.467482255872895,-34.55019021982865
Arribe?os 3289,Nuñez,13,Los materiales deben estar lim,Papel / Cartón / Plástico / Metal / Vidrio,-58.458706455408425,-34.54754263522199
Arribe?os 3767,Nuñez,13,Los materiales deben estar lim,Papel / Cartón / Plástico / Metal / Vidrio,-58.4614766621239,-34.54367501382645
Arribe?os 3395,Nuñez,13,Los materiales deben estar lim,Papel / Cartón / Plástico / Metal / Vidrio,-58.45919796907899,-34.546777356485
Arribe?os 3513,Nuñez,13,Los materiales deben estar lim,Papel / Cartón / Plástico / Metal / Vidrio,-58.45999925859268,-34.54568137164049
3 De Febrero 3005,Nuñez,13,Los materiales deben estar lim,Papel / Cartón / Plástico / Metal / Vidrio,-58.459014228290336,-34.55054055916184
3 De Febrero 3182,Nuñez,13,Los materiales deben estar lim,Papel / Cartón / Plástico / Metal / Vidrio,-58.460054789895906,-34.54926545778457
3 De Febrero 3225,Nuñez,13,Los materiales deben estar lim,Papel / Cartón / Plástico / Metal / Vidrio,-58.46021435676989,-34.548908318242376
3 De Febrero 3803,Nuñez,13,Los materiales deben estar lim,Papel / Cartón / Plástico / Metal / Vidrio,-58.46355824067195,-34.544353340346134
3 De Febrero 4013,Nuñez,13,Los materiales deben estar lim,Papel / Cartón / Plástico / Metal / Vidrio,-58.46465839223036,-34.54286072816932
3 De Febrero 4207,Nuñez,13,Los materiales deben estar lim,Papel / Cartón / Plástico / Metal / Vidrio,-58.465711283055946,-34.541437811313514
Amenabar 3059,Nuñez,13,Los materiales deben estar lim,Papel / Cartón / Plástico / Metal / Vidrio,-58.46579924663532,-34.55489440877727
Amenabar 3285,Nuñez,13,Los materiales deben estar lim,Papel / Cartón / Plástico / Metal / Vidrio,-58.46794898628079,-34.55287738784249
Amenabar 3425,Nuñez,13,Los materiales deben estar lim,Papel / Cartón / Plástico / Metal / Vidrio,-58.468795670576924,-34.55176909562854
Arcos 3053,Nuñez,13,Los materiales deben estar lim,Papel / Cartón / Plástico / Metal / Vidrio,-58.4620457755276,-34.551642529457474
Arcos 3973,Nuñez,13,Los materiales deben estar lim,Papel / Cartón / Plástico / Metal / Vidrio,-58.46714680508831,-34.54468899493438
Arcos 4427,Nuñez,13,Los materiales deben estar lim,Papel / Cartón / Plástico / Metal / Vidrio,-58.46971918769496,-34.541210711065844
Arias 1853,Nuñez,13,Los materiales deben estar lim,Papel / Cartón / Plástico / Metal / Vidrio,-58.46780767652095,-34.539525308381634
Arias 2283,Nuñez,13,Los materiales deben estar lim,Papel / Cartón / Plástico / Metal / Vidrio,-58.471711045499745,-34.54148860629639
Besares 2015,Nuñez,13,Los materiales deben estar lim,Papel / Cartón / Plástico / Metal / Vidrio,-58.46718253820599,-34.54332358657994
Cabildo Av. 2957,Nuñez,13,Los materiales deben estar lim,Papel / Cartón / Plástico / Metal / Vidrio,-58.46294002337798,-34.55484644559647
Cabildo Av. 3189,Nuñez,13,Los materiales deben estar lim,Papel / Cartón / Plástico / Metal / Vidrio,-58.464853004218035,-34.55284823766202
Cabildo Av. 3198,Nuñez,13,Los materiales deben estar lim,Papel / Cartón / Plástico / Metal / Vidrio,-58.46514991860769,-34.55298050504493
Cabildo Av. 3490,Nuñez,13,Los materiales deben estar lim,Papel / Cartón / Plástico / Metal / Vidrio,-58.46669271520003,-34.55104162398996
Cabildo Av. 4635,Nuñez,13,Los materiales deben estar lim,Papel / Cartón / Plástico / Metal / Vidrio,-58.473354602465406,-34.54188404394375
Campos Salles 1595,Nuñez,13,Los materiales deben estar lim,Papel / Cartón / Plástico / Metal / Vidrio,-58.45745180646907,-34.54779726363941
Campos Salles 1725,Nuñez,13,Los materiales deben estar lim,Papel / Cartón / Plástico / Metal / Vidrio,-58.4585612946374,-34.54835763083395
Campos Salles 1905,Nuñez,13,Los materiales deben estar lim,Papel / Cartón / Plástico / Metal / Vidrio,-58.460267794623356,-34.549212615133634
Campos Salles 1995,Nuñez,13,Los materiales deben estar lim,Papel / Cartón / Plástico / Metal / Vidrio,-58.4613192525027,-34.54974173650451
Ciudad De La Paz 2956,Nuñez,13,Los materiales deben estar lim,Papel / Cartón / Plástico / Metal / Vidrio,-58.46423864215755,-34.555560763849265
Ciudad De La Paz 3390,Nuñez,13,Los materiales deben estar lim,Papel / Cartón / Plástico / Metal / Vidrio,-58.46776521670729,-34.55165736866349
Conesa 3407,Nuñez,13,Los materiales deben estar lim,Papel / Cartón / Plástico / Metal / Vidrio,-58.47218875468048,-34.55369320660711
Cramer Av. 2962,Nuñez,13,Los materiales deben estar lim,Papel / Cartón / Plástico / Metal / Vidrio,-58.4677779501662,-34.55729259723446
Cramer Av. 3275,Nuñez,13,Los materiales deben estar lim,Papel / Cartón / Plástico / Metal / Vidrio,-58.47024880256257,-34.55441458369321
Cramer Av. 3505,Nuñez,13,Los materiales deben estar lim,Papel / Cartón / Plástico / Metal / Vidrio,-58.47195525885043,-34.552382460454936
Deheza 1825,Nuñez,13,Los materiales deben estar lim,Papel / Cartón / Plástico / Metal / Vidrio,-58.4682661115493,-34.538691052170805
Deheza 2014,Nuñez,13,Los materiales deben estar lim,Papel / Cartón / Plástico / Metal / Vidrio,-58.46996825197389,-34.53963866013212
Deheza 2194,Nuñez,13,Los materiales deben estar lim,Papel / Cartón / Plástico / Metal / Vidrio,-58.47133373809721,-34.54033166692674
Deheza 2290,Nuñez,13,Los materiales deben estar lim,Papel / Cartón / Plástico / Metal / Vidrio,-58.472407057358446,-34.5408769854403
Del Libertador Av. 7270,Nuñez,13,Los materiales deben estar lim,Papel / Cartón / Plástico / Metal / Vidrio,-58.457940660100206,-34.54637612086099
Del Libertador Av. 7420,Nuñez,13,Los materiales deben estar lim,Papel / Cartón / Plástico / Metal / Vidrio,-58.45930620212029,-34.545275311906884
Grecia 3273,Nuñez,13,Los materiales deben estar lim,Papel / Cartón / Plástico / Metal / Vidrio,-58.461805411882736,-34.54932621629276
Grecia 3481,Nuñez,13,Los materiales deben estar lim,Papel / Cartón / Plástico / Metal / Vidrio,-58.46248915525753,-34.54752404856393
Grecia 3637,Nuñez,13,Los materiales deben estar lim,Papel / Cartón / Plástico / Metal / Vidrio,-58.46348381850705,-34.54606806891749
Grecia 4085,Nuñez,13,Los materiales deben estar lim,Papel / Cartón / Plástico / Metal / Vidrio,-58.46575835781824,-34.54279056416376
Grecia 4217,Nuñez,13,Los materiales deben estar lim,Papel / Cartón / Plástico / Metal / Vidrio,-58.46667978687905,-34.54187290390885
Grecia 4307,Nuñez,13,Los materiales deben estar lim,Papel / Cartón / Plástico / Metal / Vidrio,-58.46720666520367,-34.54115517189253
Guayra 1685,Nuñez,13,Los materiales deben estar lim,Papel / Cartón / Plástico / Metal / Vidrio,-58.45751243361981,-34.54893779716942
Ibera 1537,Nuñez,13,Los materiales deben estar lim,Papel / Cartón / Plástico / Metal / Vidrio,-58.45543884654317,-34.548805355262274
Ibera 1627,Nuñez,13,Los materiales deben estar lim,Papel / Cartón / Plástico / Metal / Vidrio,-58.456645885152,-34.54942995170041
Ibera 1709,Nuñez,13,Los materiales deben estar lim,Papel / Cartón / Plástico / Metal / Vidrio,-58.45728460108327,-34.54975657628888
Ibera 2605,Nuñez,13,Los materiales deben estar lim,Papel / Cartón / Plástico / Metal / Vidrio,-58.46664405254962,-34.554606596977244
Ibera 2797,Nuñez,13,Los materiales deben estar lim,Papel / Cartón / Plástico / Metal / Vidrio,-58.4679341867445,-34.55533433830221
Ibera 2917,Nuñez,13,Los materiales deben estar lim,Papel / Cartón / Plástico / Metal / Vidrio,-58.46918034130778,-34.55603681005369
Jaramillo 1694,Nuñez,13,Los materiales deben estar lim,Papel / Cartón / Plástico / Metal / Vidrio,-58.4619040734454,-34.544655135892434
Jaramillo 1724,Nuñez,13,Los materiales deben estar lim,Papel / Cartón / Plástico / Metal / Vidrio,-58.46223500086357,-34.54482276308771
Jaramillo 2123,Nuñez,13,Los materiales deben estar lim,Papel / Cartón / Plástico / Metal / Vidrio,-58.466079067594755,-34.546671507894516
"Larralde, Crisologo Av. 1663",Nuñez,13,Los materiales deben estar lim,Papel / Cartón / Plástico / Metal / Vidrio,-58.4610597126904,-34.54532899261473
"Larralde, Crisologo Av. 1723",Nuñez,13,Los materiales deben estar lim,Papel / Cartón / Plástico / Metal / Vidrio,-58.461737251239626,-34.54566617801245
"Larralde, Crisologo Av. 1865",Nuñez,13,Los materiales deben estar lim,Papel / Cartón / Plástico / Metal / Vidrio,-58.462964540317024,-34.546276568119076
"Larralde, Crisologo Av. 2119",Nuñez,13,Los materiales deben estar lim,Papel / Cartón / Plástico / Metal / Vidrio,-58.46549560496824,-34.54753191512242
"Larralde, Crisologo Av. 2221",Nuñez,13,Los materiales deben estar lim,Papel / Cartón / Plástico / Metal / Vidrio,-58.466417504436365,-34.54800068045535
"Larralde, Crisologo Av. 2595",Nuñez,13,Los materiales deben estar lim,Papel / Cartón / Plástico / Metal / Vidrio,-58.47006290215751,-34.5499434922161
"Larralde, Crisologo Av. 2947",Nuñez,13,Los materiales deben estar lim,Papel / Cartón / Plástico / Metal / Vidrio,-58.47318972278018,-34.551672166755964
Manzanares 1607,Nuñez,13,Los materiales deben estar lim,Papel / Cartón / Plástico / Metal / Vidrio,-58.461724051931895,-34.543502782289785
Manzanares 2004,Nuñez,13,Los materiales deben estar lim,Papel / Cartón / Plástico / Metal / Vidrio,-58.46549788787471,-34.545492546519064
Moldes 3458,Nuñez,13,Los materiales deben estar lim,Papel / Cartón / Plástico / Metal / Vidrio,-58.46991963343059,-34.55201467914682
Moldes 3576,Nuñez,13,Los materiales deben estar lim,Papel / Cartón / Plástico / Metal / Vidrio,-58.4708170954545,-34.55084853086672
O'higgins 2961,Nuñez,13,Los materiales deben estar lim,Papel / Cartón / Plástico / Metal / Vidrio,-58.45992694449466,-34.55186577645052
O'higgins 3166,Nuñez,13,Los materiales deben estar lim,Papel / Cartón / Plástico / Metal / Vidrio,-58.46157405614336,-34.550317239205675
O'higgins 3535,Nuñez,13,Los materiales deben estar lim,Papel / Cartón / Plástico / Metal / Vidrio,-58.464067260406075,-34.54755800361392
O'higgins 3713,Nuñez,13,Los materiales deben estar lim,Papel / Cartón / Plástico / Metal / Vidrio,-58.46503517327058,-34.54578787210098
Paroissien 1622,Nuñez,13,Los materiales deben estar lim,Papel / Cartón / Plástico / Metal / Vidrio,-58.4623944484488,-34.542940388253555
"Paz, Gral. Av. 526",Nuñez,13,Los materiales deben estar lim,Papel / Cartón / Plástico / Metal / Vidrio,-58.46958619582893,-34.536816191276934
"Paz, Gral. Av. 902",Nuñez,13,Los materiales deben estar lim,Papel / Cartón / Plástico / Metal / Vidrio,-58.47358875868449,-34.53859827080111
"Pedraza, Manuela 1540",Nuñez,13,Los materiales deben estar lim,Papel / Cartón / Plástico / Metal / Vidrio,-58.457927351424445,-34.54708764144543
"Pedraza, Manuela 1698",Nuñez,13,Los materiales deben estar lim,Papel / Cartón / Plástico / Metal / Vidrio,-58.45952574216741,-34.547891720780704
"Pedraza, Manuela 2184",Nuñez,13,Los materiales deben estar lim,Papel / Cartón / Plástico / Metal / Vidrio,-58.464085731855846,-34.550175065501
"Pedraza, Manuela 2288",Nuñez,13,Los materiales deben estar lim,Papel / Cartón / Plástico / Metal / Vidrio,-58.46516025716611,-34.55071397234111
"Pedraza, Manuela 2650",Nuñez,13,Los materiales deben estar lim,Papel / Cartón / Plástico / Metal / Vidrio,-58.46885044091392,-34.553149141206745
"Pedraza, Manuela 2782",Nuñez,13,Los materiales deben estar lim,Papel / Cartón / Plástico / Metal / Vidrio,-58.46967266619069,-34.553540933986646
"Pedraza, Manuela 2980",Nuñez,13,Los materiales deben estar lim,Papel / Cartón / Plástico / Metal / Vidrio,-58.47132216272066,-34.554464149049856
Pico 1612,Nuñez,13,Los materiales deben estar lim,Papel / Cartón / Plástico / Metal / Vidrio,-58.46680292880744,-34.53699978872939
Pico 1951,Nuñez,13,Los materiales deben estar lim,Papel / Cartón / Plástico / Metal / Vidrio,-58.46986675536794,-34.538448264430095
Quesada 1710,Nuñez,13,Los materiales deben estar lim,Papel / Cartón / Plástico / Metal / Vidrio,-58.45655125341969,-34.55087926007113
Quesada 2108,Nuñez,13,Los materiales deben estar lim,Papel / Cartón / Plástico / Metal / Vidrio,-58.46047479953945,-34.552929945135844
Quesada 2349,Nuñez,13,Los materiales deben estar lim,Papel / Cartón / Plástico / Metal / Vidrio,-58.46283333408105,-34.55405367090295
Quesada 2464,Nuñez,13,Los materiales deben estar lim,Papel / Cartón / Plástico / Metal / Vidrio,-58.46425390100216,-34.554912256288425
Quesada 2678,Nuñez,13,Los materiales deben estar lim,Papel / Cartón / Plástico / Metal / Vidrio,-58.46586756275188,-34.555768853226496
Quesada 2746,Nuñez,13,Los materiales deben estar lim,Papel / Cartón / Plástico / Metal / Vidrio,-58.466582835541715,-34.55615247954075
Quesada 2998,Nuñez,13,Los materiales deben estar lim,Papel / Cartón / Plástico / Metal / Vidrio,-58.46892772826145,-34.55739441796291
Ramallo 1915,Nuñez,13,Los materiales deben estar lim,Papel / Cartón / Plástico / Metal / Vidrio,-58.46791961707452,-34.54057193344071
Ramallo 2328,Nuñez,13,Los materiales deben estar lim,Papel / Cartón / Plástico / Metal / Vidrio,-58.471786667699305,-34.542635669634464
"Rivadavia Martin, Comodoro 1703",Nuñez,13,Los materiales deben estar lim,Papel / Cartón / Plástico / Metal / Vidrio,-58.464071688203404,-34.54228674574095
"Rivadavia Martin, Comodoro 1801",Nuñez,13,Los materiales deben estar lim,Papel / Cartón / Plástico / Metal / Vidrio,-58.46447198173985,-34.54337864833304
Ruiz Huidobro 1990,Nuñez,13,Los materiales deben estar lim,Papel / Cartón / Plástico / Metal / Vidrio,-58.467230012369676,-34.54246241342951
Ruiz Huidobro 2104,Nuñez,13,Los materiales deben estar lim,Papel / Cartón / Plástico / Metal / Vidrio,-58.468628110062724,-34.54317104673338
"Tamborini, Jose Pascual 2617",Nuñez,13,Los materiales deben estar lim,Papel / Cartón / Plástico / Metal / Vidrio,-58.467534423404445,-34.55400206513831
"Tamborini, Jose Pascual 2813",Nuñez,13,Los materiales deben estar lim,Papel / Cartón / Plástico / Metal / Vidrio,-58.46905576505012,-34.55479676930783
"Tamborini, Jose Pascual 3033",Nuñez,13,Los materiales deben estar lim,Papel / Cartón / Plástico / Metal / Vidrio,-58.47103203951876,-34.55584312056504
Vidal 2977,Nuñez,13,Los materiales deben estar lim,Papel / Cartón / Plástico / Metal / Vidrio,-58.46680170651913,-34.556634072509944
Vidal 3415,Nuñez,13,Los materiales deben estar lim,Papel / Cartón / Plástico / Metal / Vidrio,-58.47053937977953,-34.55265178384658
Vilela 2380,Nuñez,13,Los materiales deben estar lim,Papel / Cartón / Plástico / Metal / Vidrio,-58.47004981258239,-34.54592075222742
Vuelta De Obligado 2880,Nuñez,13,Los materiales deben estar lim,Papel / Cartón / Plástico / Metal / Vidrio,-58.46205427613789,-34.55411112363367
Vuelta De Obligado 3111,Nuñez,13,Los materiales deben estar lim,Papel / Cartón / Plástico / Metal / Vidrio,-58.46425809933501,-34.552132275693765
Vuelta De Obligado 3305,Nuñez,13,Los materiales deben estar lim,Papel / Cartón / Plástico / Metal / Vidrio,-58.46537154062704,-34.55061803084695
Vuelta De Obligado 3437,Nuñez,13,Los materiales deben estar lim,Papel / Cartón / Plástico / Metal / Vidrio,-58.46604826272654,-34.54969171094015
Vuelta De Obligado 3895,Nuñez,13,Los materiales deben estar lim,Papel / Cartón / Plástico / Metal / Vidrio,-58.46861002297382,-34.546185534599836
Vuelta De Obligado 4015,Nuñez,13,Los materiales deben estar lim,Papel / Cartón / Plástico / Metal / Vidrio,-58.46932938497166,-34.545208710109144
Vuelta De Obligado 4193,Nuñez,13,Los materiales deben estar lim,Papel / Cartón / Plástico / Metal / Vidrio,-58.47016492606561,-34.54407380016414
Vuelta De Obligado 4217,Nuñez,13,Los materiales deben estar lim,Papel / Cartón / Plástico / Metal / Vidrio,-58.47040099390449,-34.54375334438298
Vuelta De Obligado 4687,Nuñez,13,Los materiales deben estar lim,Papel / Cartón / Plástico / Metal / Vidrio,-58.472933853898056,-34.54034153333818
Araoz 1361,Palermo,14,Los materiales deben estar lim,Papel / Cartón / Plástico / Metal / Vidrio,-58.4265727720311,-34.593181261168084
Araoz 1937,Palermo,14,Los materiales deben estar lim,Papel / Cartón / Plástico / Metal / Vidrio,-58.42094976946643,-34.58942999499989
Beruti 4567,Palermo,14,Los materiales deben estar lim,Papel / Cartón / Plástico / Metal / Vidrio,-58.42395422069275,-34.57786266201861
Segu? Juan Francisco 4434,Palermo,14,Los materiales deben estar lim,Papel / Cartón / Plástico / Metal / Vidrio,-58.41931260985451,-34.57454831633201
Cervi?o Av. 3751,Palermo,14,Los materiales deben estar lim,Papel / Cartón / Plástico / Metal / Vidrio,-58.411857388602535,-34.57917530917871
Cervi?o Av. 3906,Palermo,14,Los materiales deben estar lim,Papel / Cartón / Plástico / Metal / Vidrio,-58.413548978032196,-34.57879332047745
11 De Septiembre De 1888 1126,Palermo,14,Los materiales deben estar lim,Papel / Cartón / Plástico / Metal / Vidrio,-58.44335718224949,-34.56777393977976
3 De Febrero 1201,Palermo,14,Los materiales deben estar lim,Papel / Cartón / Plástico / Metal / Vidrio,-58.444556061397364,-34.567988081458076
3 De Febrero 1331,Palermo,14,Los materiales deben estar lim,Papel / Cartón / Plástico / Metal / Vidrio,-58.445719691105346,-34.56661727777341
3 De Febrero 835,Palermo,14,Los materiales deben estar lim,Papel / Cartón / Plástico / Metal / Vidrio,-58.441416811197286,-34.570063097270996
"Alvarez, Julian 1578",Palermo,14,Los materiales deben estar lim,Papel / Cartón / Plástico / Metal / Vidrio,-58.42365984216023,-34.59237278808461
"Alvarez, Julian 1736",Palermo,14,Los materiales deben estar lim,Papel / Cartón / Plástico / Metal / Vidrio,-58.4218740083119,-34.59112844714066
"Alvarez, Julian 2498",Palermo,14,Los materiales deben estar lim,Papel / Cartón / Plástico / Metal / Vidrio,-58.41432200685582,-34.586493880167616
Araoz 2415,Palermo,14,Los materiales deben estar lim,Papel / Cartón / Plástico / Metal / Vidrio,-58.416183443583094,-34.58656838213853
Araoz 2949,Palermo,14,Los materiales deben estar lim,Papel / Cartón / Plástico / Metal / Vidrio,-58.41087295206218,-34.582911468550975
Arce 323,Palermo,14,Los materiales deben estar lim,Papel / Cartón / Plástico / Metal / Vidrio,-58.430824846525624,-34.570898135046285
"Arenal, Concepcion 2410",Palermo,14,Los materiales deben estar lim,Papel / Cartón / Plástico / Metal / Vidrio,-58.43733228274629,-34.57440350767852
"Arenal, Concepcion 2760",Palermo,14,Los materiales deben estar lim,Papel / Cartón / Plástico / Metal / Vidrio,-58.44047210121557,-34.577390213469016
Arenales 3502,Palermo,14,Los materiales deben estar lim,Papel / Cartón / Plástico / Metal / Vidrio,-58.4124644605936,-34.58627377043671
Arenales 3746,Palermo,14,Los materiales deben estar lim,Papel / Cartón / Plástico / Metal / Vidrio,-58.414493200946765,-34.584928274441495
Arevalo 1885,Palermo,14,Los materiales deben estar lim,Papel / Cartón / Plástico / Metal / Vidrio,-58.43890400713459,-34.57970815334054
Arevalo 2165,Palermo,14,Los materiales deben estar lim,Papel / Cartón / Plástico / Metal / Vidrio,-58.43625519026529,-34.57739205163791
Armenia 1315,Palermo,14,Los materiales deben estar lim,Papel / Cartón / Plástico / Metal / Vidrio,-58.43126403283877,-34.592117471532525
Armenia 1561,Palermo,14,Los materiales deben estar lim,Papel / Cartón / Plástico / Metal / Vidrio,-58.42859250713846,-34.5903605887735
Armenia 1773,Palermo,14,Los materiales deben estar lim,Papel / Cartón / Plástico / Metal / Vidrio,-58.42651162102939,-34.58898196998296
Baez 476,Palermo,14,Los materiales deben estar lim,Papel / Cartón / Plástico / Metal / Vidrio,-58.43290920313548,-34.57107369600387
Baez 650,Palermo,14,Los materiales deben estar lim,Papel / Cartón / Plástico / Metal / Vidrio,-58.43496690811015,-34.569870774741425
Baez 726,Palermo,14,Los materiales deben estar lim,Papel / Cartón / Plástico / Metal / Vidrio,-58.43551212779039,-34.569507940789414
Baez 90,Palermo,14,Los materiales deben estar lim,Papel / Cartón / Plástico / Metal / Vidrio,-58.42944381183801,-34.573052842536036
Beruti 3455,Palermo,14,Los materiales deben estar lim,Papel / Cartón / Plástico / Metal / Vidrio,-58.41105832060648,-34.586157474836355
Beruti 3711,Palermo,14,Los materiales deben estar lim,Papel / Cartón / Plástico / Metal / Vidrio,-58.41351872669537,-34.5845211790762
Beruti 3807,Palermo,14,Los materiales deben estar lim,Papel / Cartón / Plástico / Metal / Vidrio,-58.414425648008894,-34.583913063803685
Bonpland 1393,Palermo,14,Los materiales deben estar lim,Papel / Cartón / Plástico / Metal / Vidrio,-58.44053790602246,-34.58618206736184
Bulnes 1444,Palermo,14,Los materiales deben estar lim,Papel / Cartón / Plástico / Metal / Vidrio,-58.41666988927497,-34.59493654408364
Bulnes 2605,Palermo,14,Los materiales deben estar lim,Papel / Cartón / Plástico / Metal / Vidrio,-58.40651132702558,-34.58187566531373
Cabello 3322,Palermo,14,Los materiales deben estar lim,Papel / Cartón / Plástico / Metal / Vidrio,-58.40799947072119,-34.581637236534185
Cabello 3510,Palermo,14,Los materiales deben estar lim,Papel / Cartón / Plástico / Metal / Vidrio,-58.409552113815,-34.581089551326585
Cabello 3854,Palermo,14,Los materiales deben estar lim,Papel / Cartón / Plástico / Metal / Vidrio,-58.413571747538114,-34.57989834840597
Cabildo Av. 17,Palermo,14,Los materiales deben estar lim,Papel / Cartón / Plástico / Metal / Vidrio,-58.43574097837061,-34.5745919668288
Cabildo Av. 215,Palermo,14,Los materiales deben estar lim,Papel / Cartón / Plástico / Metal / Vidrio,-58.438581258268485,-34.573169209847585
Cabildo Av. 370,Palermo,14,Los materiales deben estar lim,Papel / Cartón / Plástico / Metal / Vidrio,-58.44057053905595,-34.57233446744645
Cabildo Av. 491,Palermo,14,Los materiales deben estar lim,Papel / Cartón / Plástico / Metal / Vidrio,-58.44170848383046,-34.571445840684135
"Cabrera, Jose A. 3940",Palermo,14,Los materiales deben estar lim,Papel / Cartón / Plástico / Metal / Vidrio,-58.42245274329407,-34.596435097514316
"Cabrera, Jose A. 4040",Palermo,14,Los materiales deben estar lim,Papel / Cartón / Plástico / Metal / Vidrio,-58.42371257247959,-34.596329684784756
"Cabrera, Jose A. 4340",Palermo,14,Los materiales deben estar lim,Papel / Cartón / Plástico / Metal / Vidrio,-58.425783535134734,-34.594620929083746
"Cabrera, Jose A. 4723",Palermo,14,Los materiales deben estar lim,Papel / Cartón / Plástico / Metal / Vidrio,-58.42942955500277,-34.5919210343006
"Cabrera, Jose A. 5053",Palermo,14,Los materiales deben estar lim,Papel / Cartón / Plástico / Metal / Vidrio,-58.43257789223381,-34.589659004217786
"Cabrera, Jose A. 5399",Palermo,14,Los materiales deben estar lim,Papel / Cartón / Plástico / Metal / Vidrio,-58.435615144741234,-34.587475752282444
"Cabrera, Jose A. 5643",Palermo,14,Los materiales deben estar lim,Papel / Cartón / Plástico / Metal / Vidrio,-58.43848477956814,-34.58538651201111
"Cabrera, Jose A. 6027",Palermo,14,Los materiales deben estar lim,Papel / Cartón / Plástico / Metal / Vidrio,-58.44259642070707,-34.582350089865216
"Campos, Luis M. Av. 1157",Palermo,14,Los materiales deben estar lim,Papel / Cartón / Plástico / Metal / Vidrio,-58.439820929983405,-34.56569763311419
"Campos, Luis M. Av. 1337",Palermo,14,Los materiales deben estar lim,Papel / Cartón / Plástico / Metal / Vidrio,-58.44172730734871,-34.564178104088725
"Campos, Luis M. Av. 231",Palermo,14,Los materiales deben estar lim,Papel / Cartón / Plástico / Metal / Vidrio,-58.431879199870245,-34.574243400470195
"Campos, Luis M. Av. 405",Palermo,14,Los materiales deben estar lim,Papel / Cartón / Plástico / Metal / Vidrio,-58.43347613522582,-34.57250409429279
"Campos, Luis M. Av. 561",Palermo,14,Los materiales deben estar lim,Papel / Cartón / Plástico / Metal / Vidrio,-58.434528228229816,-34.57140171629288
"Campos, Luis M. Av. 711",Palermo,14,Los materiales deben estar lim,Papel / Cartón / Plástico / Metal / Vidrio,-58.43587884307575,-34.56996294914707
"Campos, Luis M. Av. 835",Palermo,14,Los materiales deben estar lim,Papel / Cartón / Plástico / Metal / Vidrio,-58.43679538574265,-34.56895648327793
"Carranza, Angel Justiniano 1510",Palermo,14,Los materiales deben estar lim,Papel / Cartón / Plástico / Metal / Vidrio,-58.44013436126482,-34.584026450470674
"Carranza, Angel Justiniano 1838",Palermo,14,Los materiales deben estar lim,Papel / Cartón / Plástico / Metal / Vidrio,-58.437136047966355,-34.581478265090716
"Carranza, Angel Justiniano 1958",Palermo,14,Los materiales deben estar lim,Papel / Cartón / Plástico / Metal / Vidrio,-58.43605947877671,-34.580461101973995
"Carranza, Angel Justiniano 2090",Palermo,14,Los materiales deben estar lim,Papel / Cartón / Plástico / Metal / Vidrio,-58.434791986568044,-34.57935623982137
Castex 3398,Palermo,14,Los materiales deben estar lim,Papel / Cartón / Plástico / Metal / Vidrio,-58.40587090858741,-34.57796340394193
"Castilla, Ramon, Mariscal 2880",Palermo,14,Los materiales deben estar lim,Papel / Cartón / Plástico / Metal / Vidrio,-58.400561435621626,-34.579886789433885
"Castilla, Ramon, Mariscal 3022",Palermo,14,Los materiales deben estar lim,Papel / Cartón / Plástico / Metal / Vidrio,-58.399066552883305,-34.577951879639244
Cavia 3050,Palermo,14,Los materiales deben estar lim,Papel / Cartón / Plástico / Metal / Vidrio,-58.40648545218288,-34.57650586425807
Charcas 3447,Palermo,14,Los materiales deben estar lim,Papel / Cartón / Plástico / Metal / Vidrio,-58.41431668201215,-34.590162071248756
Charcas 3733,Palermo,14,Los materiales deben estar lim,Papel / Cartón / Plástico / Metal / Vidrio,-58.41726610488025,-34.587967787548955
Charcas 3975,Palermo,14,Los materiales deben estar lim,Papel / Cartón / Plástico / Metal / Vidrio,-58.41967547674693,-34.586197445197755
Charcas 4181,Palermo,14,Los materiales deben estar lim,Papel / Cartón / Plástico / Metal / Vidrio,-58.42176805639329,-34.58463546181559
Charcas 4293,Palermo,14,Los materiales deben estar lim,Papel / Cartón / Plástico / Metal / Vidrio,-58.422839624391095,-34.58383341204939
Charcas 4471,Palermo,14,Los materiales deben estar lim,Papel / Cartón / Plástico / Metal / Vidrio,-58.424489269229824,-34.58260154359091
Charcas 4617,Palermo,14,Los materiales deben estar lim,Papel / Cartón / Plástico / Metal / Vidrio,-58.425529145179354,-34.581819231447874
Charcas 5280,Palermo,14,Los materiales deben estar lim,Papel / Cartón / Plástico / Metal / Vidrio,-58.43182076192022,-34.57722319679179
Ciudad De La Paz 336,Palermo,14,Los materiales deben estar lim,Papel / Cartón / Plástico / Metal / Vidrio,-58.441900903655366,-34.574197490070816
Cordoba Av. 4365,Palermo,14,Los materiales deben estar lim,Papel / Cartón / Plástico / Metal / Vidrio,-58.427633127202135,-34.595686810423345
Cordoba Av. 4521,Palermo,14,Los materiales deben estar lim,Papel / Cartón / Plástico / Metal / Vidrio,-58.42927874989429,-34.59467877090244
Cordoba Av. 5945,Palermo,14,Los materiales deben estar lim,Papel / Cartón / Plástico / Metal / Vidrio,-58.443920021747545,-34.58499823459779
Costa Rica 4286,Palermo,14,Los materiales deben estar lim,Papel / Cartón / Plástico / Metal / Vidrio,-58.42307981895263,-34.590978283311486
Costa Rica 4622,Palermo,14,Los materiales deben estar lim,Papel / Cartón / Plástico / Metal / Vidrio,-58.42657529082389,-34.588524918541346
Costa Rica 5150,Palermo,14,Los materiales deben estar lim,Papel / Cartón / Plástico / Metal / Vidrio,-58.43083328430589,-34.58568501451402
Costa Rica 5694,Palermo,14,Los materiales deben estar lim,Papel / Cartón / Plástico / Metal / Vidrio,-58.435530819415426,-34.58206584766515
Costa Rica 5862,Palermo,14,Los materiales deben estar lim,Papel / Cartón / Plástico / Metal / Vidrio,-58.43733191858191,-34.58066176744332
Costa Rica 6046,Palermo,14,Los materiales deben estar lim,Papel / Cartón / Plástico / Metal / Vidrio,-58.439288231255716,-34.57912537986508
Del Libertador Av. 2034,Palermo,14,Los materiales deben estar lim,Papel / Cartón / Plástico / Metal / Vidrio,-58.40187923221291,-34.58200619384544
Del Libertador Av. 2112,Palermo,14,Los materiales deben estar lim,Papel / Cartón / Plástico / Metal / Vidrio,-58.402797995972264,-34.581709784087884
Del Libertador Av. 2250,Palermo,14,Los materiales deben estar lim,Papel / Cartón / Plástico / Metal / Vidrio,-58.40426108427572,-34.58107255060326
Del Libertador Av. 2330,Palermo,14,Los materiales deben estar lim,Papel / Cartón / Plástico / Metal / Vidrio,-58.40511677106622,-34.58038659415332
Del Libertador Av. 2460,Palermo,14,Los materiales deben estar lim,Papel / Cartón / Plástico / Metal / Vidrio,-58.40599318196648,-34.57943228928958
Del Libertador Av. 2596,Palermo,14,Los materiales deben estar lim,Papel / Cartón / Plástico / Metal / Vidrio,-58.40700367222883,-34.57891148975473
Del Libertador Av. 2742,Palermo,14,Los materiales deben estar lim,Papel / Cartón / Plástico / Metal / Vidrio,-58.40823332314093,-34.57825176959117
Del Libertador Av. 2886,Palermo,14,Los materiales deben estar lim,Papel / Cartón / Plástico / Metal / Vidrio,-58.409777975774105,-34.5775710378492
Del Libertador Av. 2930,Palermo,14,Los materiales deben estar lim,Papel / Cartón / Plástico / Metal / Vidrio,-58.41040792100402,-34.57729016856535
Del Libertador Av. 3014,Palermo,14,Los materiales deben estar lim,Papel / Cartón / Plástico / Metal / Vidrio,-58.41122921195741,-34.57691668147876
Del Libertador Av. 3128,Palermo,14,Los materiales deben estar lim,Papel / Cartón / Plástico / Metal / Vidrio,-58.4123046114178,-34.57643069124295
Del Libertador Av. 3816,Palermo,14,Los materiales deben estar lim,Papel / Cartón / Plástico / Metal / Vidrio,-58.42209877551366,-34.57191868480736
Del Libertador Av. 4370,Palermo,14,Los materiales deben estar lim,Papel / Cartón / Plástico / Metal / Vidrio,-58.42998560943978,-34.56770867623466
Del Libertador Av. 4454,Palermo,14,Los materiales deben estar lim,Papel / Cartón / Plástico / Metal / Vidrio,-58.430946619779505,-34.56720537982558
Del Libertador Av. 4532,Palermo,14,Los materiales deben estar lim,Papel / Cartón / Plástico / Metal / Vidrio,-58.431776580941396,-34.56669509100721
Del Libertador Av. 4666,Palermo,14,Los materiales deben estar lim,Papel / Cartón / Plástico / Metal / Vidrio,-58.43292840419083,-34.565997937494025
Del Libertador Av. 4720,Palermo,14,Los materiales deben estar lim,Papel / Cartón / Plástico / Metal / Vidrio,-58.43387260592121,-34.5654282950179
Del Libertador Av. 4862,Palermo,14,Los materiales deben estar lim,Papel / Cartón / Plástico / Metal / Vidrio,-58.435189776775495,-34.56465332274629
Del Libertador Av. 5064,Palermo,14,Los materiales deben estar lim,Papel / Cartón / Plástico / Metal / Vidrio,-58.437796750575004,-34.56326060787184
Del Libertador Av. 5154,Palermo,14,Los materiales deben estar lim,Papel / Cartón / Plástico / Metal / Vidrio,-58.439185808723735,-34.56302162433064
Del Signo 4060,Palermo,14,Los materiales deben estar lim,Papel / Cartón / Plástico / Metal / Vidrio,-58.41795773467899,-34.590293442006256
"Diaz, Cnel. Av. 2572",Palermo,14,Los materiales deben estar lim,Papel / Cartón / Plástico / Metal / Vidrio,-58.40584912960481,-34.58265443525522
"Diaz, Cnel. Av. 2846",Palermo,14,Los materiales deben estar lim,Papel / Cartón / Plástico / Metal / Vidrio,-58.40406198449465,-34.57974492509205
Dorrego 1782,Palermo,14,Los materiales deben estar lim,Papel / Cartón / Plástico / Metal / Vidrio,-58.44300765736158,-34.58132493894999
Dorrego 1942,Palermo,14,Los materiales deben estar lim,Papel / Cartón / Plástico / Metal / Vidrio,-58.441109197473466,-34.57956044604982
Dorrego 2250,Palermo,14,Los materiales deben estar lim,Papel / Cartón / Plástico / Metal / Vidrio,-58.438287768033625,-34.57713906134683
Dorrego 2530,Palermo,14,Los materiales deben estar lim,Papel / Cartón / Plástico / Metal / Vidrio,-58.43554598759734,-34.57507315034874
Dorrego Av. 2646,Palermo,14,Los materiales deben estar lim,Papel / Cartón / Plástico / Metal / Vidrio,-58.43408038767404,-34.57417665734273
Dorrego Av. 2657,Palermo,14,Los materiales deben estar lim,Papel / Cartón / Plástico / Metal / Vidrio,-58.43361044002151,-34.574280086547304
Dorrego Av. 2851,Palermo,14,Los materiales deben estar lim,Papel / Cartón / Plástico / Metal / Vidrio,-58.430747978137816,-34.5742476440184
Dorrego Av. 2970,Palermo,14,Los materiales deben estar lim,Papel / Cartón / Plástico / Metal / Vidrio,-58.4292502246952,-34.57366246114724
El Salvador 3817,Palermo,14,Los materiales deben estar lim,Papel / Cartón / Plástico / Metal / Vidrio,-58.416516118473275,-34.5927002206012
El Salvador 4011,Palermo,14,Los materiales deben estar lim,Papel / Cartón / Plástico / Metal / Vidrio,-58.419946867030866,-34.592726629938035
El Salvador 4139,Palermo,14,Los materiales deben estar lim,Papel / Cartón / Plástico / Metal / Vidrio,-58.42149888735495,-34.592733362244324
El Salvador 5197,Palermo,14,Los materiales deben estar lim,Papel / Cartón / Plástico / Metal / Vidrio,-58.43167795762048,-34.58622646258597
El Salvador 5537,Palermo,14,Los materiales deben estar lim,Papel / Cartón / Plástico / Metal / Vidrio,-58.43478770392628,-34.58381010626064
El Salvador 5613,Palermo,14,Los materiales deben estar lim,Papel / Cartón / Plástico / Metal / Vidrio,-58.435544848353196,-34.58317739160587
El Salvador 5955,Palermo,14,Los materiales deben estar lim,Papel / Cartón / Plástico / Metal / Vidrio,-58.43889128137255,-34.580401281234636
"Figueroa Alcorta, Pres. Av. 3071",Palermo,14,Los materiales deben estar lim,Papel / Cartón / Plástico / Metal / Vidrio,-58.399484730094194,-34.57991247934725
"Figueroa Alcorta, Pres. Av. 3449",Palermo,14,Los materiales deben estar lim,Papel / Cartón / Plástico / Metal / Vidrio,-58.40437924808626,-34.57679095135374
Fitz Roy 1452,Palermo,14,Los materiales deben estar lim,Papel / Cartón / Plástico / Metal / Vidrio,-58.438731717800884,-34.58620128849956
Fitz Roy 1630,Palermo,14,Los materiales deben estar lim,Papel / Cartón / Plástico / Metal / Vidrio,-58.4368253899798,-34.58453445035703
Fitz Roy 1912,Palermo,14,Los materiales deben estar lim,Papel / Cartón / Plástico / Metal / Vidrio,-58.43449413395678,-34.582494845681516
Fitz Roy 2264,Palermo,14,Los materiales deben estar lim,Papel / Cartón / Plástico / Metal / Vidrio,-58.43138756555274,-34.57977592074918
Fitz Roy 2442,Palermo,14,Los materiales deben estar lim,Papel / Cartón / Plástico / Metal / Vidrio,-58.42955645616345,-34.578170570479614
Fray Justo Santamaria De Oro 2774,Palermo,14,Los materiales deben estar lim,Papel / Cartón / Plástico / Metal / Vidrio,-58.421600188824755,-34.57623505853863
Fray Justo Santamaria De Oro 2850,Palermo,14,Los materiales deben estar lim,Papel / Cartón / Plástico / Metal / Vidrio,-58.42096368839606,-34.57544083126932
Fray Justo Santamaria De Oro 3072,Palermo,14,Los materiales deben estar lim,Papel / Cartón / Plástico / Metal / Vidrio,-58.4196150923229,-34.57346911221085
"Garcia, Teodoro 2185",Palermo,14,Los materiales deben estar lim,Papel / Cartón / Plástico / Metal / Vidrio,-58.44358120701445,-34.56714831612053
Godoy Cruz 1455,Palermo,14,Los materiales deben estar lim,Papel / Cartón / Plástico / Metal / Vidrio,-58.43653197603837,-34.589247517077624
Godoy Cruz 2045,Palermo,14,Los materiales deben estar lim,Papel / Cartón / Plástico / Metal / Vidrio,-58.430700608643726,-34.584952688501346
Godoy Cruz 2257,Palermo,14,Los materiales deben estar lim,Papel / Cartón / Plástico / Metal / Vidrio,-58.429111661467715,-34.58305923248277
Godoy Cruz 2447,Palermo,14,Los materiales deben estar lim,Papel / Cartón / Plástico / Metal / Vidrio,-58.42750323479675,-34.58130917238107
Godoy Cruz 2725,Palermo,14,Los materiales deben estar lim,Papel / Cartón / Plástico / Metal / Vidrio,-58.42496531637394,-34.57843183829411
Godoy Cruz 2985,Palermo,14,Los materiales deben estar lim,Papel / Cartón / Plástico / Metal / Vidrio,-58.422653301076544,-34.575949233158966
Godoy Cruz 3295,Palermo,14,Los materiales deben estar lim,Papel / Cartón / Plástico / Metal / Vidrio,-58.42075168521036,-34.57283672802203
Gorostiaga 1750,Palermo,14,Los materiales deben estar lim,Papel / Cartón / Plástico / Metal / Vidrio,-58.43735960960744,-34.56651942988051
Gorostiaga 2006,Palermo,14,Los materiales deben estar lim,Papel / Cartón / Plástico / Metal / Vidrio,-58.439709759533926,-34.56808392959807
Gorriti 3908,Palermo,14,Los materiales deben estar lim,Papel / Cartón / Plástico / Metal / Vidrio,-58.420031696676915,-34.595462800271925
Gorriti 4140,Palermo,14,Los materiales deben estar lim,Papel / Cartón / Plástico / Metal / Vidrio,-58.4233376891193,-34.59511433320731
Gorriti 4482,Palermo,14,Los materiales deben estar lim,Papel / Cartón / Plástico / Metal / Vidrio,-58.42592820710408,-34.59298525200459
Gorriti 4632,Palermo,14,Los materiales deben estar lim,Papel / Cartón / Plástico / Metal / Vidrio,-58.4273570880869,-34.59192654228962
Gorriti 4952,Palermo,14,Los materiales deben estar lim,Papel / Cartón / Plástico / Metal / Vidrio,-58.430794893475955,-34.58971830684893
Gorriti 5250,Palermo,14,Los materiales deben estar lim,Papel / Cartón / Plástico / Metal / Vidrio,-58.43360444987827,-34.5878397719067
Gorriti 5770,Palermo,14,Los materiales deben estar lim,Papel / Cartón / Plástico / Metal / Vidrio,-58.43901600260451,-34.5836206515655
Gorriti 5950,Palermo,14,Los materiales deben estar lim,Papel / Cartón / Plástico / Metal / Vidrio,-58.44087928433412,-34.582224636351974
Guatemala 5866,Palermo,14,Los materiales deben estar lim,Papel / Cartón / Plástico / Metal / Vidrio,-58.4346525284623,-34.57826752056278
Guemes 3376,Palermo,14,Los materiales deben estar lim,Papel / Cartón / Plástico / Metal / Vidrio,-58.41187023339659,-34.58996818662155
Guemes 3544,Palermo,14,Los materiales deben estar lim,Papel / Cartón / Plástico / Metal / Vidrio,-58.413200495115525,-34.589102867668835
Guemes 3714,Palermo,14,Los materiales deben estar lim,Papel / Cartón / Plástico / Metal / Vidrio,-58.414770246306006,-34.58804443888203
Guemes 3806,Palermo,14,Los materiales deben estar lim,Papel / Cartón / Plástico / Metal / Vidrio,-58.415839476871135,-34.58727696291649
Guemes 4290,Palermo,14,Los materiales deben estar lim,Papel / Cartón / Plástico / Metal / Vidrio,-58.421076252338516,-34.58350475061252
Guemes 4422,Palermo,14,Los materiales deben estar lim,Papel / Cartón / Plástico / Metal / Vidrio,-58.422291340318594,-34.5826222845013
Guemes 4680,Palermo,14,Los materiales deben estar lim,Papel / Cartón / Plástico / Metal / Vidrio,-58.424366119203036,-34.58111630711216
Guemes 4852,Palermo,14,Los materiales deben estar lim,Papel / Cartón / Plástico / Metal / Vidrio,-58.425776029250095,-34.58010207748725
Gurruchaga 1278,Palermo,14,Los materiales deben estar lim,Papel / Cartón / Plástico / Metal / Vidrio,-58.43289936151623,-34.5916447861267
Gurruchaga 1660,Palermo,14,Los materiales deben estar lim,Papel / Cartón / Plástico / Metal / Vidrio,-58.428739948501715,-34.58896218264687
Gurruchaga 2114,Palermo,14,Los materiales deben estar lim,Papel / Cartón / Plástico / Metal / Vidrio,-58.42429511744345,-34.58609556742998
Gurruchaga 2222,Palermo,14,Los materiales deben estar lim,Papel / Cartón / Plástico / Metal / Vidrio,-58.422916891274745,-34.58510239746973
"Gutierrez, Juan Maria 3917",Palermo,14,Los materiales deben estar lim,Papel / Cartón / Plástico / Metal / Vidrio,-58.414805176872385,-34.58038499171305
Honduras 3741,Palermo,14,Los materiales deben estar lim,Papel / Cartón / Plástico / Metal / Vidrio,-58.41527280969566,-34.59400271089087
Honduras 3915,Palermo,14,Los materiales deben estar lim,Papel / Cartón / Plástico / Metal / Vidrio,-58.41844971097191,-34.59405433659259
Honduras 4505,Palermo,14,Los materiales deben estar lim,Papel / Cartón / Plástico / Metal / Vidrio,-58.4252293143399,-34.592006242319314
Honduras 4867,Palermo,14,Los materiales deben estar lim,Papel / Cartón / Plástico / Metal / Vidrio,-58.42879334862508,-34.58956733951714
Honduras 5167,Palermo,14,Los materiales deben estar lim,Papel / Cartón / Plástico / Metal / Vidrio,-58.431609436753874,-34.587731604496376
Honduras 5365,Palermo,14,Los materiales deben estar lim,Papel / Cartón / Plástico / Metal / Vidrio,-58.43355099726686,-34.58632615840126
Honduras 5380,Palermo,14,Los materiales deben estar lim,Papel / Cartón / Plástico / Metal / Vidrio,-58.433739070001494,-34.5861771182703
Honduras 5685,Palermo,14,Los materiales deben estar lim,Papel / Cartón / Plástico / Metal / Vidrio,-58.43697583469026,-34.58356932941145
Honduras 6018,Palermo,14,Los materiales deben estar lim,Papel / Cartón / Plástico / Metal / Vidrio,-58.44067650057397,-34.580796594923065
Honduras 6067,Palermo,14,Los materiales deben estar lim,Papel / Cartón / Plástico / Metal / Vidrio,-58.44132989671824,-34.580138904693094
Honduras Av. 4163,Palermo,14,Los materiales deben estar lim,Papel / Cartón / Plástico / Metal / Vidrio,-58.42197359046992,-34.594111010730565
Humboldt 1353,Palermo,14,Los materiales deben estar lim,Papel / Cartón / Plástico / Metal / Vidrio,-58.438790124447884,-34.58763724250872
Humboldt 1509,Palermo,14,Los materiales deben estar lim,Papel / Cartón / Plástico / Metal / Vidrio,-58.43699285294417,-34.58633728111124
Humboldt 1843,Palermo,14,Los materiales deben estar lim,Papel / Cartón / Plástico / Metal / Vidrio,-58.434159418581494,-34.58387182753178
Humboldt 1997,Palermo,14,Los materiales deben estar lim,Papel / Cartón / Plástico / Metal / Vidrio,-58.43295504652464,-34.582824473613705
Humboldt 2031,Palermo,14,Los materiales deben estar lim,Papel / Cartón / Plástico / Metal / Vidrio,-58.432243595492984,-34.58219861051121
Humboldt 2141,Palermo,14,Los materiales deben estar lim,Papel / Cartón / Plástico / Metal / Vidrio,-58.43129464465027,-34.58137418024302
Humboldt 2227,Palermo,14,Los materiales deben estar lim,Papel / Cartón / Plástico / Metal / Vidrio,-58.43069575324812,-34.58085453783487
Humboldt 2413,Palermo,14,Los materiales deben estar lim,Papel / Cartón / Plástico / Metal / Vidrio,-58.42875263937275,-34.57915662552016
Juncal 3146,Palermo,14,Los materiales deben estar lim,Papel / Cartón / Plástico / Metal / Vidrio,-58.40905508083578,-34.58588095073249
Juncal 3462,Palermo,14,Los materiales deben estar lim,Papel / Cartón / Plástico / Metal / Vidrio,-58.412345973517766,-34.58428459081805
Juncal 3540,Palermo,14,Los materiales deben estar lim,Papel / Cartón / Plástico / Metal / Vidrio,-58.41295097186108,-34.58385814583625
Juncal 4678,Palermo,14,Los materiales deben estar lim,Papel / Cartón / Plástico / Metal / Vidrio,-58.424399192807854,-34.576334104952934
"Justo, Juan B. Av. 1035",Palermo,14,Los materiales deben estar lim,Papel / Cartón / Plástico / Metal / Vidrio,-58.43025768518567,-34.58205728838402
"Justo, Juan B. Av. 1191",Palermo,14,Los materiales deben estar lim,Papel / Cartón / Plástico / Metal / Vidrio,-58.431587762173095,-34.58289184646913
"Justo, Juan B. Av. 1285",Palermo,14,Los materiales deben estar lim,Papel / Cartón / Plástico / Metal / Vidrio,-58.432748863273154,-34.58374767142063
"Justo, Juan B. Av. 861",Palermo,14,Los materiales deben estar lim,Papel / Cartón / Plástico / Metal / Vidrio,-58.42873211138763,-34.58051719423937
"Kennedy, John Fitzgerald 2847",Palermo,14,Los materiales deben estar lim,Papel / Cartón / Plástico / Metal / Vidrio,-58.41974988694605,-34.57592588664433
Las Heras General Av. 3610,Palermo,14,Los materiales deben estar lim,Papel / Cartón / Plástico / Metal / Vidrio,-58.410409298234605,-34.58228280232471
Las Heras General Av. 3837,Palermo,14,Los materiales deben estar lim,Papel / Cartón / Plástico / Metal / Vidrio,-58.41298088646893,-34.58171088374237
Las Heras General Av. 3850,Palermo,14,Los materiales deben estar lim,Papel / Cartón / Plástico / Metal / Vidrio,-58.41349190419392,-34.58191387630947
Las Heras General Av. 4063,Palermo,14,Los materiales deben estar lim,Papel / Cartón / Plástico / Metal / Vidrio,-58.416049818586146,-34.581515885249985
Lavalleja 1357,Palermo,14,Los materiales deben estar lim,Papel / Cartón / Plástico / Metal / Vidrio,-58.42482182843474,-34.594525466628326
Lavalleja 1565,Palermo,14,Los materiales deben estar lim,Papel / Cartón / Plástico / Metal / Vidrio,-58.423049607280035,-34.59313821656687
Malabia 1350,Palermo,14,Los materiales deben estar lim,Papel / Cartón / Plástico / Metal / Vidrio,-58.42975866823525,-34.59250788650145
Malabia 2384,Palermo,14,Los materiales deben estar lim,Papel / Cartón / Plástico / Metal / Vidrio,-58.41877706906212,-34.58536020231586
"Mansilla, Lucio Norberto, General 3741",Palermo,14,Los materiales deben estar lim,Papel / Cartón / Plástico / Metal / Vidrio,-58.4157678932662,-34.5901737148509
"Mansilla, Lucio Norberto, General 3897",Palermo,14,Los materiales deben estar lim,Papel / Cartón / Plástico / Metal / Vidrio,-58.41777824964634,-34.58872031152342
"Matienzo, Benjamin, Teniente 2697",Palermo,14,Los materiales deben estar lim,Papel / Cartón / Plástico / Metal / Vidrio,-58.44203367765598,-34.575057008278385
Maure 1515,Palermo,14,Los materiales deben estar lim,Papel / Cartón / Plástico / Metal / Vidrio,-58.43462993295489,-34.56507736295126
Maure 1691,Palermo,14,Los materiales deben estar lim,Papel / Cartón / Plástico / Metal / Vidrio,-58.43583804631282,-34.56650167198251
Maure 1895,Palermo,14,Los materiales deben estar lim,Papel / Cartón / Plástico / Metal / Vidrio,-58.43729709495934,-34.56821464174419
Maure 2295,Palermo,14,Los materiales deben estar lim,Papel / Cartón / Plástico / Metal / Vidrio,-58.44077744307157,-34.57055313305019
Medrano 1490,Palermo,14,Los materiales deben estar lim,Papel / Cartón / Plástico / Metal / Vidrio,-58.41923716065338,-34.59176598976452
Migueletes 1278,Palermo,14,Los materiales deben estar lim,Papel / Cartón / Plástico / Metal / Vidrio,-58.43960031671524,-34.5632535250272
Migueletes 530,Palermo,14,Los materiales deben estar lim,Papel / Cartón / Plástico / Metal / Vidrio,-58.43126019255559,-34.568154282803285
Migueletes 742,Palermo,14,Los materiales deben estar lim,Papel / Cartón / Plástico / Metal / Vidrio,-58.43341177117378,-34.56690034157473
Migueletes 920,Palermo,14,Los materiales deben estar lim,Papel / Cartón / Plástico / Metal / Vidrio,-58.435611657867625,-34.56562076897397
"Newbery, Jorge 1651",Palermo,14,Los materiales deben estar lim,Papel / Cartón / Plástico / Metal / Vidrio,-58.43453784183905,-34.56689945704131
Nicaragua 4432,Palermo,14,Los materiales deben estar lim,Papel / Cartón / Plástico / Metal / Vidrio,-58.423611895238395,-34.589495629223656
Nicaragua 4530,Palermo,14,Los materiales deben estar lim,Papel / Cartón / Plástico / Metal / Vidrio,-58.42468230984293,-34.588656251430734
Nicaragua 4766,Palermo,14,Los materiales deben estar lim,Papel / Cartón / Plástico / Metal / Vidrio,-58.4268361234145,-34.586956181880645
Nicaragua 5094,Palermo,14,Los materiales deben estar lim,Papel / Cartón / Plástico / Metal / Vidrio,-58.429284328693974,-34.58503977577395
Nicaragua 5734,Palermo,14,Los materiales deben estar lim,Papel / Cartón / Plástico / Metal / Vidrio,-58.43492220729041,-34.580627323652465
Nicaragua 6058,Palermo,14,Los materiales deben estar lim,Papel / Cartón / Plástico / Metal / Vidrio,-58.43822315600422,-34.578039403123505
Obarrio Manuel 2955,Palermo,14,Los materiales deben estar lim,Papel / Cartón / Plástico / Metal / Vidrio,-58.40021624756323,-34.57887595389578
Olleros 2221,Palermo,14,Los materiales deben estar lim,Papel / Cartón / Plástico / Metal / Vidrio,-58.442432467853784,-34.568777942905214
Ortega y Gasset 1785,Palermo,14,Los materiales deben estar lim,Papel / Cartón / Plástico / Metal / Vidrio,-58.432261791998805,-34.56976154236984
Ortiz De Ocampo 2915,Palermo,14,Los materiales deben estar lim,Papel / Cartón / Plástico / Metal / Vidrio,-58.402356238327584,-34.57784527008878
Ortiz De Ocampo Av. 2881,Palermo,14,Los materiales deben estar lim,Papel / Cartón / Plástico / Metal / Vidrio,-58.40275648229913,-34.578811290652645
Paraguay 3594,Palermo,14,Los materiales deben estar lim,Papel / Cartón / Plástico / Metal / Vidrio,-58.41505391992992,-34.59192588889992
Paraguay 3730,Palermo,14,Los materiales deben estar lim,Papel / Cartón / Plástico / Metal / Vidrio,-58.41631354513512,-34.590918736486245
Paraguay 3958,Palermo,14,Los materiales deben estar lim,Papel / Cartón / Plástico / Metal / Vidrio,-58.41885778724774,-34.588900323863335
Paraguay 4176,Palermo,14,Los materiales deben estar lim,Papel / Cartón / Plástico / Metal / Vidrio,-58.42097464179142,-34.58723046189927
Paraguay 4204,Palermo,14,Los materiales deben estar lim,Papel / Cartón / Plástico / Metal / Vidrio,-58.42143763243379,-34.58687823312072
Paraguay 4302,Palermo,14,Los materiales deben estar lim,Papel / Cartón / Plástico / Metal / Vidrio,-58.422660346797315,-34.58594608812701
Paraguay 4780,Palermo,14,Los materiales deben estar lim,Papel / Cartón / Plástico / Metal / Vidrio,-58.42698753216691,-34.582629249383444
Paraguay 5249,Palermo,14,Los materiales deben estar lim,Papel / Cartón / Plástico / Metal / Vidrio,-58.431327168020886,-34.57907213228544
Paraguay 5441,Palermo,14,Los materiales deben estar lim,Papel / Cartón / Plástico / Metal / Vidrio,-58.433418302250715,-34.57743533916401
"Ravignani, Emilio, Dr. 1529",Palermo,14,Los materiales deben estar lim,Papel / Cartón / Plástico / Metal / Vidrio,-58.44098011170771,-34.58320993056822
"Ravignani, Emilio, Dr. 1963",Palermo,14,Los materiales deben estar lim,Papel / Cartón / Plástico / Metal / Vidrio,-58.43693027304071,-34.579673016347016
"Ravignani, Emilio, Dr. 2395",Palermo,14,Los materiales deben estar lim,Papel / Cartón / Plástico / Metal / Vidrio,-58.43309892747283,-34.57632470180046
Republica Arabe Siria 2827,Palermo,14,Los materiales deben estar lim,Papel / Cartón / Plástico / Metal / Vidrio,-58.41458793047687,-34.582234751626984
Republica Arabe Siria 3361,Palermo,14,Los materiales deben estar lim,Papel / Cartón / Plástico / Metal / Vidrio,-58.41130002222573,-34.577443206048386
Republica De Eslovenia 1710,Palermo,14,Los materiales deben estar lim,Papel / Cartón / Plástico / Metal / Vidrio,-58.43278664074744,-34.56868049997291
Republica De La India 3001,Palermo,14,Los materiales deben estar lim,Papel / Cartón / Plástico / Metal / Vidrio,-58.41462203475915,-34.57812419340315
"Ruggieri, Silvio L. 3094",Palermo,14,Los materiales deben estar lim,Papel / Cartón / Plástico / Metal / Vidrio,-58.40647295143296,-34.57926581236206
"Salguero, Jeronimo 1381",Palermo,14,Los materiales deben estar lim,Papel / Cartón / Plástico / Metal / Vidrio,-58.41829460619899,-34.59445313804248
"Salguero, Jeronimo 1688",Palermo,14,Los materiales deben estar lim,Papel / Cartón / Plástico / Metal / Vidrio,-58.417165175768474,-34.59050176470184
"Salguero, Jeronimo 2085",Palermo,14,Los materiales deben estar lim,Papel / Cartón / Plástico / Metal / Vidrio,-58.41246338937508,-34.58650285325404
"Salguero, Jeronimo 2143",Palermo,14,Los materiales deben estar lim,Papel / Cartón / Plástico / Metal / Vidrio,-58.41174552462925,-34.58591793551796
San Martin De Tours 3090,Palermo,14,Los materiales deben estar lim,Papel / Cartón / Plástico / Metal / Vidrio,-58.403186259791376,-34.577035381924865
Sanchez De Bustamante 2664,Palermo,14,Los materiales deben estar lim,Papel / Cartón / Plástico / Metal / Vidrio,-58.40179965004411,-34.58259376458622
Santa Fe Av. 3329,Palermo,14,Los materiales deben estar lim,Papel / Cartón / Plástico / Metal / Vidrio,-58.41196943346172,-34.58768214040485
Santa Fe Av. 3384,Palermo,14,Los materiales deben estar lim,Papel / Cartón / Plástico / Metal / Vidrio,-58.41285432100158,-34.58731506049718
Santa Fe Av. 3617,Palermo,14,Los materiales deben estar lim,Papel / Cartón / Plástico / Metal / Vidrio,-58.41515513662229,-34.58557401675911
Santa Fe Av. 3870,Palermo,14,Los materiales deben estar lim,Papel / Cartón / Plástico / Metal / Vidrio,-58.417953921399274,-34.58390062852028
Santa Fe Av. 3910,Palermo,14,Los materiales deben estar lim,Papel / Cartón / Plástico / Metal / Vidrio,-58.418574649245826,-34.583470807403984
Santa Fe Av. 4012,Palermo,14,Los materiales deben estar lim,Papel / Cartón / Plástico / Metal / Vidrio,-58.420348905376194,-34.58225081722346
Santa Fe Av. 4124,Palermo,14,Los materiales deben estar lim,Papel / Cartón / Plástico / Metal / Vidrio,-58.421139182920534,-34.58174477779303
Santa Fe Av. 4290,Palermo,14,Los materiales deben estar lim,Papel / Cartón / Plástico / Metal / Vidrio,-58.422508665882056,-34.580751744827666
Santa Fe Av. 4406,Palermo,14,Los materiales deben estar lim,Papel / Cartón / Plástico / Metal / Vidrio,-58.42381261708093,-34.57984448245838
Santa Fe Av. 4558,Palermo,14,Los materiales deben estar lim,Papel / Cartón / Plástico / Metal / Vidrio,-58.424996652242534,-34.57900308614956
Santa Fe Av. 4830,Palermo,14,Los materiales deben estar lim,Papel / Cartón / Plástico / Metal / Vidrio,-58.42788133868982,-34.57782874745134
Santa Fe Av. 4963,Palermo,14,Los materiales deben estar lim,Papel / Cartón / Plástico / Metal / Vidrio,-58.42983833129261,-34.57699095758753
Santa Fe Av. 5076,Palermo,14,Los materiales deben estar lim,Papel / Cartón / Plástico / Metal / Vidrio,-58.43136382216081,-34.57679063008221
"Scalabrini Ortiz, Raul 3558",Palermo,14,Los materiales deben estar lim,Papel / Cartón / Plástico / Metal / Vidrio,-58.40734311833577,-34.57591400371742
"Scalabrini Ortiz, Raul Av. 1267",Palermo,14,Los materiales deben estar lim,Papel / Cartón / Plástico / Metal / Vidrio,-58.42851997787221,-34.593392859372926
"Scalabrini Ortiz, Raul Av. 1635",Palermo,14,Los materiales deben estar lim,Papel / Cartón / Plástico / Metal / Vidrio,-58.4244591836931,-34.59069031235474
"Scalabrini Ortiz, Raul Av. 2141",Palermo,14,Los materiales deben estar lim,Papel / Cartón / Plástico / Metal / Vidrio,-58.419686389037736,-34.587593863440205
"Segui, Juan Francisco 3675",Palermo,14,Los materiales deben estar lim,Papel / Cartón / Plástico / Metal / Vidrio,-58.41019513245391,-34.578508146437166
"Segui, Juan Francisco 3995",Palermo,14,Los materiales deben estar lim,Papel / Cartón / Plástico / Metal / Vidrio,-58.413735608526665,-34.57708187844146
Serrano 1495,Palermo,14,Los materiales deben estar lim,Papel / Cartón / Plástico / Metal / Vidrio,-58.43125134533103,-34.58947608024481
Sinclair 3044,Palermo,14,Los materiales deben estar lim,Papel / Cartón / Plástico / Metal / Vidrio,-58.423390608514715,-34.574701037491295
Soldado De La Independencia 1081,Palermo,14,Los materiales deben estar lim,Papel / Cartón / Plástico / Metal / Vidrio,-58.43796519616411,-34.565440235061885
Soldado De La Independencia 1241,Palermo,14,Los materiales deben estar lim,Papel / Cartón / Plástico / Metal / Vidrio,-58.44002858329575,-34.56418533962195
Soldado De La Independencia 583,Palermo,14,Los materiales deben estar lim,Papel / Cartón / Plástico / Metal / Vidrio,-58.43238973844515,-34.568696540201756
Soler 3689,Palermo,14,Los materiales deben estar lim,Papel / Cartón / Plástico / Metal / Vidrio,-58.415063562593154,-34.593469613395534
Soler 4381,Palermo,14,Los materiales deben estar lim,Papel / Cartón / Plástico / Metal / Vidrio,-58.42210448366372,-34.58936296516669
Soler 4649,Palermo,14,Los materiales deben estar lim,Papel / Cartón / Plástico / Metal / Vidrio,-58.42468156931667,-34.58706692524868
Soler 4893,Palermo,14,Los materiales deben estar lim,Papel / Cartón / Plástico / Metal / Vidrio,-58.426843039508164,-34.58536327104909
Soler 5081,Palermo,14,Los materiales deben estar lim,Papel / Cartón / Plástico / Metal / Vidrio,-58.42834893128956,-34.58416492348327
Soler 5719,Palermo,14,Los materiales deben estar lim,Papel / Cartón / Plástico / Metal / Vidrio,-58.43378819153681,-34.579859318578194
Soler 5891,Palermo,14,Los materiales deben estar lim,Papel / Cartón / Plástico / Metal / Vidrio,-58.43542497490861,-34.57856131009502
Soler 5945,Palermo,14,Los materiales deben estar lim,Papel / Cartón / Plástico / Metal / Vidrio,-58.436059899836415,-34.5780583452252
"Tedin, Juez 2790",Palermo,14,Los materiales deben estar lim,Papel / Cartón / Plástico / Metal / Vidrio,-58.39796953990085,-34.57828443819286
Thames 1442,Palermo,14,Los materiales deben estar lim,Papel / Cartón / Plástico / Metal / Vidrio,-58.43274373308241,-34.58907027529151
Thames 1866,Palermo,14,Los materiales deben estar lim,Papel / Cartón / Plástico / Metal / Vidrio,-58.42851825115919,-34.58626574726271
Thames 2102,Palermo,14,Los materiales deben estar lim,Papel / Cartón / Plástico / Metal / Vidrio,-58.42625189244514,-34.58475122669081
Thames 2380,Palermo,14,Los materiales deben estar lim,Papel / Cartón / Plástico / Metal / Vidrio,-58.42314110475369,-34.58225887550089
Uriarte 1368,Palermo,14,Los materiales deben estar lim,Papel / Cartón / Plástico / Metal / Vidrio,-58.43444373976613,-34.58895901047519
Uriarte 2251,Palermo,14,Los materiales deben estar lim,Papel / Cartón / Plástico / Metal / Vidrio,-58.42533524953863,-34.582813984123625
"Vega, Niceto Cnel. 5050",Palermo,14,Los materiales deben estar lim,Papel / Cartón / Plástico / Metal / Vidrio,-58.433968161430386,-34.590542513164806
"Vega, Niceto, Cnel. Av. 5480",Palermo,14,Los materiales deben estar lim,Papel / Cartón / Plástico / Metal / Vidrio,-58.43844764230761,-34.58743762545297
"Vega, Niceto, Cnel. Av. 5808",Palermo,14,Los materiales deben estar lim,Papel / Cartón / Plástico / Metal / Vidrio,-58.4416658344775,-34.58520667201697
"Vega, Niceto, Cnel. Av. 6070",Palermo,14,Los materiales deben estar lim,Papel / Cartón / Plástico / Metal / Vidrio,-58.44422809459826,-34.583409882045494
Vidt 1879,Palermo,14,Los materiales deben estar lim,Papel / Cartón / Plástico / Metal / Vidrio,-58.41501564992615,-34.59028566779433
Villanueva 1107,Palermo,14,Los materiales deben estar lim,Papel / Cartón / Plástico / Metal / Vidrio,-58.440684104509934,-34.567072908353246
Villanueva 1350,Palermo,14,Los materiales deben estar lim,Papel / Cartón / Plástico / Metal / Vidrio,-58.44306049077332,-34.56505182119451
Villanueva 961,Palermo,14,Los materiales deben estar lim,Papel / Cartón / Plástico / Metal / Vidrio,-58.43883122649239,-34.56851566500106
Zabala 1931,Palermo,14,Los materiales deben estar lim,Papel / Cartón / Plástico / Metal / Vidrio,-58.444959656917085,-34.56494714306587
Zabala 2174,Palermo,14,Los materiales deben estar lim,Papel / Cartón / Plástico / Metal / Vidrio,-58.447078299312565,-34.56631927408817
Zapata 93,Palermo,14,Los materiales deben estar lim,Papel / Cartón / Plástico / Metal / Vidrio,-58.438176513943255,-34.57543960567405
Fernandez 1584,Parque Avellaneda,9,Los materiales deben estar lim,Papel / Cartón / Plástico / Metal / Vidrio,-58.4710800832685,-34.65035887821321
Remedios 3469,Parque Avellaneda,9,Los materiales deben estar lim,Papel / Cartón / Plástico / Metal / Vidrio,-58.4731909783283,-34.63959144159317
Remedios 3715,Parque Avellaneda,9,Los materiales deben estar lim,Papel / Cartón / Plástico / Metal / Vidrio,-58.47615242153086,-34.64104574819919
Remedios 4644,Parque Avellaneda,9,Los materiales deben estar lim,Papel / Cartón / Plástico / Metal / Vidrio,-58.48553504889967,-34.649486332285456
Santander 3797,Parque Avellaneda,9,Los materiales deben estar lim,Papel / Cartón / Plástico / Metal / Vidrio,-58.46560160014982,-34.65447470595205
"Acosta, Mariano 1469",Parque Avellaneda,9,Los materiales deben estar lim,Papel / Cartón / Plástico / Metal / Vidrio,-58.466387031894556,-34.646677350568645
"Acosta, Mariano 1551",Parque Avellaneda,9,Los materiales deben estar lim,Papel / Cartón / Plástico / Metal / Vidrio,-58.465397176978044,-34.647457202871756
"Acosta, Mariano Av. 1270",Parque Avellaneda,9,Los materiales deben estar lim,Papel / Cartón / Plástico / Metal / Vidrio,-58.46915497781029,-34.644351076263604
"Acosta, Mariano Av. 824",Parque Avellaneda,9,Los materiales deben estar lim,Papel / Cartón / Plástico / Metal / Vidrio,-58.4742685400378,-34.640308770032455
"Alberdi, Juan Bautista Av. 3991",Parque Avellaneda,9,Los materiales deben estar lim,Papel / Cartón / Plástico / Metal / Vidrio,-58.4815882109298,-34.63828712948681
"Alberdi, Juan Bautista Av. 4169",Parque Avellaneda,9,Los materiales deben estar lim,Papel / Cartón / Plástico / Metal / Vidrio,-58.484289963737496,-34.63953870645475
"Alberdi, Juan Bautista Av. 4475",Parque Avellaneda,9,Los materiales deben estar lim,Papel / Cartón / Plástico / Metal / Vidrio,-58.48902465156698,-34.641772796335744
"Alberdi, Juan Bautista Av. 4679",Parque Avellaneda,9,Los materiales deben estar lim,Papel / Cartón / Plástico / Metal / Vidrio,-58.49196473422819,-34.643189196218586
"Alberdi, Juan Bautista Av. 4831",Parque Avellaneda,9,Los materiales deben estar lim,Papel / Cartón / Plástico / Metal / Vidrio,-58.49408812729445,-34.644203998709806
"Alvarez, Crisostomo 3866",Parque Avellaneda,9,Los materiales deben estar lim,Papel / Cartón / Plástico / Metal / Vidrio,-58.46747097876868,-34.65456345575601
"Ameghino, Florentino, Dr. 607",Parque Avellaneda,9,Los materiales deben estar lim,Papel / Cartón / Plástico / Metal / Vidrio,-58.48760643657599,-34.6426599219309
Azul 838,Parque Avellaneda,9,Los materiales deben estar lim,Papel / Cartón / Plástico / Metal / Vidrio,-58.47181825940836,-34.64096582360182
"Bilbao, Francisco 4541",Parque Avellaneda,9,Los materiales deben estar lim,Papel / Cartón / Plástico / Metal / Vidrio,-58.48101611786123,-34.651296756559894
"Bilbao, Francisco Av. 3673",Parque Avellaneda,9,Los materiales deben estar lim,Papel / Cartón / Plástico / Metal / Vidrio,-58.472250587316324,-34.64320715783787
"Bonifacio, Jose 4070",Parque Avellaneda,9,Los materiales deben estar lim,Papel / Cartón / Plástico / Metal / Vidrio,-58.481440431962376,-34.6395441299123
Bragado 4838,Parque Avellaneda,9,Los materiales deben estar lim,Papel / Cartón / Plástico / Metal / Vidrio,-58.49288924408015,-34.64523798012474
Chascomus 4322,Parque Avellaneda,9,Los materiales deben estar lim,Papel / Cartón / Plástico / Metal / Vidrio,-58.48563273504721,-34.64470379567457
Chascomus 4705,Parque Avellaneda,9,Los materiales deben estar lim,Papel / Cartón / Plástico / Metal / Vidrio,-58.48926222096761,-34.64776366668772
Directorio Av. 3288,Parque Avellaneda,9,Los materiales deben estar lim,Papel / Cartón / Plástico / Metal / Vidrio,-58.47216095129353,-34.63700255548357
Directorio Av. 3458,Parque Avellaneda,9,Los materiales deben estar lim,Papel / Cartón / Plástico / Metal / Vidrio,-58.473947443054215,-34.637722572562986
Directorio Av. 3764,Parque Avellaneda,9,Los materiales deben estar lim,Papel / Cartón / Plástico / Metal / Vidrio,-58.47678877705559,-34.63948086774249
Directorio Av. 4147,Parque Avellaneda,9,Los materiales deben estar lim,Papel / Cartón / Plástico / Metal / Vidrio,-58.48244627660775,-34.643361843779225
Directorio Av. 4454,Parque Avellaneda,9,Los materiales deben estar lim,Papel / Cartón / Plástico / Metal / Vidrio,-58.485668783452645,-34.64633877165158
Echeandia 4220,Parque Avellaneda,9,Los materiales deben estar lim,Papel / Cartón / Plástico / Metal / Vidrio,-58.473095806761165,-34.655602741337255
Escalada Av. 1070,Parque Avellaneda,9,Los materiales deben estar lim,Papel / Cartón / Plástico / Metal / Vidrio,-58.49175231516916,-34.64759640693426
Escalada Av. 1200,Parque Avellaneda,9,Los materiales deben estar lim,Papel / Cartón / Plástico / Metal / Vidrio,-58.490385019874225,-34.64866483853834
Escalada Av. 1368,Parque Avellaneda,9,Los materiales deben estar lim,Papel / Cartón / Plástico / Metal / Vidrio,-58.4887359078418,-34.64995946071608
Escalada Av. 1496,Parque Avellaneda,9,Los materiales deben estar lim,Papel / Cartón / Plástico / Metal / Vidrio,-58.487525826405324,-34.65092570655386
Escalada Av. 1650,Parque Avellaneda,9,Los materiales deben estar lim,Papel / Cartón / Plástico / Metal / Vidrio,-58.48573675977129,-34.6523483662104
Escalada Av. 1768,Parque Avellaneda,9,Los materiales deben estar lim,Papel / Cartón / Plástico / Metal / Vidrio,-58.4842323243411,-34.65349459544376
Escalada Av. 858,Parque Avellaneda,9,Los materiales deben estar lim,Papel / Cartón / Plástico / Metal / Vidrio,-58.494274256547314,-34.64561397189896
"Fernandez Moreno, Baldomero 3877",Parque Avellaneda,9,Los materiales deben estar lim,Papel / Cartón / Plástico / Metal / Vidrio,-58.472105903875324,-34.647028888583776
Garzon Eugenio General 4571,Parque Avellaneda,9,Los materiales deben estar lim,Papel / Cartón / Plástico / Metal / Vidrio,-58.483350467536106,-34.649331510646014
Garzon Eugenio General 4773,Parque Avellaneda,9,Los materiales deben estar lim,Papel / Cartón / Plástico / Metal / Vidrio,-58.48476949038589,-34.650553343966834
Homero 1095,Parque Avellaneda,9,Los materiales deben estar lim,Papel / Cartón / Plástico / Metal / Vidrio,-58.488299347127615,-34.648350714100296
Homero 1641,Parque Avellaneda,9,Los materiales deben estar lim,Papel / Cartón / Plástico / Metal / Vidrio,-58.48232494446314,-34.65303104589304
Homero 1961,Parque Avellaneda,9,Los materiales deben estar lim,Papel / Cartón / Plástico / Metal / Vidrio,-58.478211507653306,-34.656225080789355
Homero 2055,Parque Avellaneda,9,Los materiales deben estar lim,Papel / Cartón / Plástico / Metal / Vidrio,-58.47651669541812,-34.65759449799632
Homero 605,Parque Avellaneda,9,Los materiales deben estar lim,Papel / Cartón / Plástico / Metal / Vidrio,-58.4935446878648,-34.644238779058995
La Facultad 1607,Parque Avellaneda,9,Los materiales deben estar lim,Papel / Cartón / Plástico / Metal / Vidrio,-58.474134379470755,-34.65101894587147
Lacarra Av. 1180,Parque Avellaneda,9,Los materiales deben estar lim,Papel / Cartón / Plástico / Metal / Vidrio,-58.47520334990119,-34.64498619414379
Lacarra Av. 1511,Parque Avellaneda,9,Los materiales deben estar lim,Papel / Cartón / Plástico / Metal / Vidrio,-58.47110521079296,-34.64833313947405
Lacarra Av. 805,Parque Avellaneda,9,Los materiales deben estar lim,Papel / Cartón / Plástico / Metal / Vidrio,-58.4787702037653,-34.64226802450196
"Laferrere, Gregorio De 3584",Parque Avellaneda,9,Los materiales deben estar lim,Papel / Cartón / Plástico / Metal / Vidrio,-58.46876372027663,-34.64295345864972
Laguna 1160,Parque Avellaneda,9,Los materiales deben estar lim,Papel / Cartón / Plástico / Metal / Vidrio,-58.4730187450967,-34.6449355053869
Laguna 1500,Parque Avellaneda,9,Los materiales deben estar lim,Papel / Cartón / Plástico / Metal / Vidrio,-58.46879589064381,-34.64828627923918
Laguna 568,Parque Avellaneda,9,Los materiales deben estar lim,Papel / Cartón / Plástico / Metal / Vidrio,-58.47897940180456,-34.64022638543374
Laguna 852,Parque Avellaneda,9,Los materiales deben estar lim,Papel / Cartón / Plástico / Metal / Vidrio,-58.47650481389468,-34.642184187468736
Martinez Castro 1229,Parque Avellaneda,9,Los materiales deben estar lim,Papel / Cartón / Plástico / Metal / Vidrio,-58.46963293476049,-34.64594950374493
Martinez Castro 325,Parque Avellaneda,9,Los materiales deben estar lim,Papel / Cartón / Plástico / Metal / Vidrio,-58.479744776817576,-34.63797012935129
Martinez Castro 433,Parque Avellaneda,9,Los materiales deben estar lim,Papel / Cartón / Plástico / Metal / Vidrio,-58.47883211415656,-34.63868832222928
Medina 1649,Parque Avellaneda,9,Los materiales deben estar lim,Papel / Cartón / Plástico / Metal / Vidrio,-58.4756348295552,-34.65101349065319
Medina 1911,Parque Avellaneda,9,Los materiales deben estar lim,Papel / Cartón / Plástico / Metal / Vidrio,-58.470904769223154,-34.65476834386508
Monte 3956,Parque Avellaneda,9,Los materiales deben estar lim,Papel / Cartón / Plástico / Metal / Vidrio,-58.473306711450434,-34.64751758808662
Moreto 1094,Parque Avellaneda,9,Los materiales deben estar lim,Papel / Cartón / Plástico / Metal / Vidrio,-58.4832947826899,-34.64735691461407
Moreto 1215,Parque Avellaneda,9,Los materiales deben estar lim,Papel / Cartón / Plástico / Metal / Vidrio,-58.481899816649964,-34.6485545019035
Moreto 1428,Parque Avellaneda,9,Los materiales deben estar lim,Papel / Cartón / Plástico / Metal / Vidrio,-58.47930345707255,-34.65049758010095
Mozart 1503,Parque Avellaneda,9,Los materiales deben estar lim,Papel / Cartón / Plástico / Metal / Vidrio,-58.47923779332916,-34.652010117556635
Mozart 651,Parque Avellaneda,9,Los materiales deben estar lim,Papel / Cartón / Plástico / Metal / Vidrio,-58.48874598903827,-34.6445533488267
Olivera Av. 1442,Parque Avellaneda,9,Los materiales deben estar lim,Papel / Cartón / Plástico / Metal / Vidrio,-58.48001033013149,-34.65532922783961
Olivera Av. 450,Parque Avellaneda,9,Los materiales deben estar lim,Papel / Cartón / Plástico / Metal / Vidrio,-58.485763936879586,-34.64121504458365
Olivera Av. 550,Parque Avellaneda,9,Los materiales deben estar lim,Papel / Cartón / Plástico / Metal / Vidrio,-58.485048736707924,-34.64357059251607
Pergamino 1105,Parque Avellaneda,9,Los materiales deben estar lim,Papel / Cartón / Plástico / Metal / Vidrio,-58.467601870674564,-34.64415617602641
Pergamino 659,Parque Avellaneda,9,Los materiales deben estar lim,Papel / Cartón / Plástico / Metal / Vidrio,-58.471233052389834,-34.63977991651857
"Peron, Eva Av. 3619",Parque Avellaneda,9,Los materiales deben estar lim,Papel / Cartón / Plástico / Metal / Vidrio,-58.466348916412564,-34.645452706809614
"Peron, Eva Av. 4258",Parque Avellaneda,9,Los materiales deben estar lim,Papel / Cartón / Plástico / Metal / Vidrio,-58.47275997407784,-34.652489591908676
"Peron, Eva Av. 4347",Parque Avellaneda,9,Los materiales deben estar lim,Papel / Cartón / Plástico / Metal / Vidrio,-58.47364873744107,-34.65310935176298
"Recuero, Casimiro, Tte. Cnel. 3420",Parque Avellaneda,9,Los materiales deben estar lim,Papel / Cartón / Plástico / Metal / Vidrio,-58.46437469410065,-34.64564352734312
"Recuero, Casimiro, Tte. Cnel. 3686",Parque Avellaneda,9,Los materiales deben estar lim,Papel / Cartón / Plástico / Metal / Vidrio,-58.46685144521158,-34.64779643853461
"Rodo, Jose E. 4611",Parque Avellaneda,9,Los materiales deben estar lim,Papel / Cartón / Plástico / Metal / Vidrio,-58.48937613141476,-34.646063057907945
San Pedro 3819,Parque Avellaneda,9,Los materiales deben estar lim,Papel / Cartón / Plástico / Metal / Vidrio,-58.472743439233284,-34.64197035748654
San Pedro 4072,Parque Avellaneda,9,Los materiales deben estar lim,Papel / Cartón / Plástico / Metal / Vidrio,-58.4756382422058,-34.644113945826525
San Pedro 4536,Parque Avellaneda,9,Los materiales deben estar lim,Papel / Cartón / Plástico / Metal / Vidrio,-58.48117541692846,-34.64958595302361
Santander 3963,Parque Avellaneda,9,Los materiales deben estar lim,Papel / Cartón / Plástico / Metal / Vidrio,-58.46747813306525,-34.65638535423577
Tandil 3308,Parque Avellaneda,9,Los materiales deben estar lim,Papel / Cartón / Plástico / Metal / Vidrio,-58.47203781544023,-34.638209150014
Tandil 4565,Parque Avellaneda,9,Los materiales deben estar lim,Papel / Cartón / Plástico / Metal / Vidrio,-58.48569198099884,-34.647941459582334
Tandil 4741,Parque Avellaneda,9,Los materiales deben estar lim,Papel / Cartón / Plástico / Metal / Vidrio,-58.48763337784537,-34.6495731890429
Tapalque 4560,Parque Avellaneda,9,Los materiales deben estar lim,Papel / Cartón / Plástico / Metal / Vidrio,-58.48856661081999,-34.64327037455358
Tapalque 4660,Parque Avellaneda,9,Los materiales deben estar lim,Papel / Cartón / Plástico / Metal / Vidrio,-58.490059085062335,-34.64464303455847
White 1641,Parque Avellaneda,9,Los materiales deben estar lim,Papel / Cartón / Plástico / Metal / Vidrio,-58.48111227505369,-34.652318718649035
White 1990,Parque Avellaneda,9,Los materiales deben estar lim,Papel / Cartón / Plástico / Metal / Vidrio,-58.47681425635402,-34.65557280836547
White 716,Parque Avellaneda,9,Los materiales deben estar lim,Papel / Cartón / Plástico / Metal / Vidrio,-58.491323299432366,-34.6441751556965
Zinny 1470,Parque Avellaneda,9,Los materiales deben estar lim,Papel / Cartón / Plástico / Metal / Vidrio,-58.47405296605422,-34.65009727164038
Zinny 1536,Parque Avellaneda,9,Los materiales deben estar lim,Papel / Cartón / Plástico / Metal / Vidrio,-58.473030889174666,-34.650906300752816
Zinny 1750,Parque Avellaneda,9,Los materiales deben estar lim,Papel / Cartón / Plástico / Metal / Vidrio,-58.46991767577949,-34.65337348962043
Za?artu 1402,Parque Chacabuco,7,Los materiales deben estar lim,Papel / Cartón / Plástico / Metal / Vidrio,-58.43719673031162,-34.64026883663071
Za?artu 902,Parque Chacabuco,7,Los materiales deben estar lim,Papel / Cartón / Plástico / Metal / Vidrio,-58.430560474634156,-34.63929205665565
Za?artu 702,Parque Chacabuco,7,Los materiales deben estar lim,Papel / Cartón / Plástico / Metal / Vidrio,-58.42805639297977,-34.638837425219066
Za?artu 502,Parque Chacabuco,7,Los materiales deben estar lim,Papel / Cartón / Plástico / Metal / Vidrio,-58.425579425874275,-34.63839298921939
Za?artu 1602,Parque Chacabuco,7,Los materiales deben estar lim,Papel / Cartón / Plástico / Metal / Vidrio,-58.44015708309628,-34.641031269653695
Za?artu 1202,Parque Chacabuco,7,Los materiales deben estar lim,Papel / Cartón / Plástico / Metal / Vidrio,-58.43403617084489,-34.63972398150772
Casta?ares Av. 1132,Parque Chacabuco,7,Los materiales deben estar lim,Papel / Cartón / Plástico / Metal / Vidrio,-58.434809843616506,-34.63575078520601
Asamblea Av. 1102,Parque Chacabuco,7,Los materiales deben estar lim,Papel / Cartón / Plástico / Metal / Vidrio,-58.440474922852616,-34.63565906153671
Asamblea Av. 1402,Parque Chacabuco,7,Los materiales deben estar lim,Papel / Cartón / Plástico / Metal / Vidrio,-58.4442263263137,-34.636427475584654
Asamblea Av. 1640,Parque Chacabuco,7,Los materiales deben estar lim,Papel / Cartón / Plástico / Metal / Vidrio,-58.447756703490626,-34.63766359636661
Asamblea Av. 572,Parque Chacabuco,7,Los materiales deben estar lim,Papel / Cartón / Plástico / Metal / Vidrio,-58.43384921834422,-34.63432656732997
Asamblea Av. 869,Parque Chacabuco,7,Los materiales deben estar lim,Papel / Cartón / Plástico / Metal / Vidrio,-58.43695104943055,-34.63478544585076
Asamblea Av. 970,Parque Chacabuco,7,Los materiales deben estar lim,Papel / Cartón / Plástico / Metal / Vidrio,-58.43832057449435,-34.635229165943414
Asamblea Av. 996,Parque Chacabuco,7,Los materiales deben estar lim,Papel / Cartón / Plástico / Metal / Vidrio,-58.43867662359474,-34.63530312606599
Balbastro 1102,Parque Chacabuco,7,Los materiales deben estar lim,Papel / Cartón / Plástico / Metal / Vidrio,-58.43330309196597,-34.63718175853378
Balbastro 1302,Parque Chacabuco,7,Los materiales deben estar lim,Papel / Cartón / Plástico / Metal / Vidrio,-58.4364337999568,-34.63775088771667
Balbastro 1602,Parque Chacabuco,7,Los materiales deben estar lim,Papel / Cartón / Plástico / Metal / Vidrio,-58.44088828936666,-34.6390480924648
Balbastro 1802,Parque Chacabuco,7,Los materiales deben estar lim,Papel / Cartón / Plástico / Metal / Vidrio,-58.44341554905079,-34.63966984865774
Balbastro 576,Parque Chacabuco,7,Los materiales deben estar lim,Papel / Cartón / Plástico / Metal / Vidrio,-58.42695991444097,-34.63610137589805
Balbastro 702,Parque Chacabuco,7,Los materiales deben estar lim,Papel / Cartón / Plástico / Metal / Vidrio,-58.42868627036745,-34.63639770317238
Bell Ville 1202,Parque Chacabuco,7,Los materiales deben estar lim,Papel / Cartón / Plástico / Metal / Vidrio,-58.43509398715734,-34.63391721795795
"Bilbao, Francisco 1473",Parque Chacabuco,7,Los materiales deben estar lim,Papel / Cartón / Plástico / Metal / Vidrio,-58.44982300677417,-34.631191357137645
"Bilbao, Francisco 1695",Parque Chacabuco,7,Los materiales deben estar lim,Papel / Cartón / Plástico / Metal / Vidrio,-58.45159409281194,-34.6317684172219
"Bilbao, Francisco 1807",Parque Chacabuco,7,Los materiales deben estar lim,Papel / Cartón / Plástico / Metal / Vidrio,-58.452915302301015,-34.63219119889492
Cachimayo 995,Parque Chacabuco,7,Los materiales deben estar lim,Papel / Cartón / Plástico / Metal / Vidrio,-58.43976242305557,-34.63182365389701
Cobo Av. 1302,Parque Chacabuco,7,Los materiales deben estar lim,Papel / Cartón / Plástico / Metal / Vidrio,-58.43323258817921,-34.64198431805451
Cobo Av. 1502,Parque Chacabuco,7,Los materiales deben estar lim,Papel / Cartón / Plástico / Metal / Vidrio,-58.43635326453211,-34.642608487542205
Cobo Av. 1752,Parque Chacabuco,7,Los materiales deben estar lim,Papel / Cartón / Plástico / Metal / Vidrio,-58.43994651187994,-34.64333354075611
Del Barco Centenera 1402,Parque Chacabuco,7,Los materiales deben estar lim,Papel / Cartón / Plástico / Metal / Vidrio,-58.43428271184584,-34.63552897379399
"Diaz, Avelino 1002",Parque Chacabuco,7,Los materiales deben estar lim,Papel / Cartón / Plástico / Metal / Vidrio,-58.43368682450945,-34.636364746286326
"Diaz, Avelino 1302",Parque Chacabuco,7,Los materiales deben estar lim,Papel / Cartón / Plástico / Metal / Vidrio,-58.43833516884203,-34.637079349824944
"Diaz, Avelino 1562",Parque Chacabuco,7,Los materiales deben estar lim,Papel / Cartón / Plástico / Metal / Vidrio,-58.4419777088555,-34.63796624368822
"Diaz, Avelino 1702",Parque Chacabuco,7,Los materiales deben estar lim,Papel / Cartón / Plástico / Metal / Vidrio,-58.44374087434211,-34.63832610390686
"Diaz, Avelino 1946",Parque Chacabuco,7,Los materiales deben estar lim,Papel / Cartón / Plástico / Metal / Vidrio,-58.44582026119037,-34.63937766418946
"Diaz, Avelino 333",Parque Chacabuco,7,Los materiales deben estar lim,Papel / Cartón / Plástico / Metal / Vidrio,-58.42544407870732,-34.63492117717069
"Diaz, Avelino 715",Parque Chacabuco,7,Los materiales deben estar lim,Papel / Cartón / Plástico / Metal / Vidrio,-58.430049883718254,-34.63568309968774
Directorio Av. 1260,Parque Chacabuco,7,Los materiales deben estar lim,Papel / Cartón / Plástico / Metal / Vidrio,-58.44551818833243,-34.629817211629685
Directorio Av. 1480,Parque Chacabuco,7,Los materiales deben estar lim,Papel / Cartón / Plástico / Metal / Vidrio,-58.44780746212824,-34.63016000710367
Directorio Av. 150,Parque Chacabuco,7,Los materiales deben estar lim,Papel / Cartón / Plástico / Metal / Vidrio,-58.42878506076489,-34.62736243226862
Directorio Av. 1680,Parque Chacabuco,7,Los materiales deben estar lim,Papel / Cartón / Plástico / Metal / Vidrio,-58.45111385234231,-34.63065112143785
Directorio Av. 1908,Parque Chacabuco,7,Los materiales deben estar lim,Papel / Cartón / Plástico / Metal / Vidrio,-58.45454261097921,-34.6316372072512
Directorio Av. 448,Parque Chacabuco,7,Los materiales deben estar lim,Papel / Cartón / Plástico / Metal / Vidrio,-58.433052849762255,-34.627980534107785
Directorio Av. 656,Parque Chacabuco,7,Los materiales deben estar lim,Papel / Cartón / Plástico / Metal / Vidrio,-58.43646595367594,-34.62848059676184
Directorio Av. 906,Parque Chacabuco,7,Los materiales deben estar lim,Papel / Cartón / Plástico / Metal / Vidrio,-58.43975874485316,-34.628959797454044
Estrada 1033,Parque Chacabuco,7,Los materiales deben estar lim,Papel / Cartón / Plástico / Metal / Vidrio,-58.43928998244913,-34.63305710631757
Estrada 1095,Parque Chacabuco,7,Los materiales deben estar lim,Papel / Cartón / Plástico / Metal / Vidrio,-58.440052562472424,-34.633451162958465
Estrada 450,Parque Chacabuco,7,Los materiales deben estar lim,Papel / Cartón / Plástico / Metal / Vidrio,-58.43211386742081,-34.631373345141995
Estrada 654,Parque Chacabuco,7,Los materiales deben estar lim,Papel / Cartón / Plástico / Metal / Vidrio,-58.4342184905836,-34.63168846263415
Estrada 774,Parque Chacabuco,7,Los materiales deben estar lim,Papel / Cartón / Plástico / Metal / Vidrio,-58.43597214390546,-34.63194798597401
Estrada 905,Parque Chacabuco,7,Los materiales deben estar lim,Papel / Cartón / Plástico / Metal / Vidrio,-58.43756415940355,-34.632159119377796
Estrada 980,Parque Chacabuco,7,Los materiales deben estar lim,Papel / Cartón / Plástico / Metal / Vidrio,-58.43839432971378,-34.63263628924855
"Fernandez Moreno, Baldomero 1391",Parque Chacabuco,7,Los materiales deben estar lim,Papel / Cartón / Plástico / Metal / Vidrio,-58.44580551954454,-34.632199200014064
"Fernandez Moreno, Baldomero 1545",Parque Chacabuco,7,Los materiales deben estar lim,Papel / Cartón / Plástico / Metal / Vidrio,-58.447570512215776,-34.63276519791618
"Fernandez Moreno, Baldomero 1777",Parque Chacabuco,7,Los materiales deben estar lim,Papel / Cartón / Plástico / Metal / Vidrio,-58.450504168506,-34.633707398041395
"Fernandez Moreno, Baldomero 1927",Parque Chacabuco,7,Los materiales deben estar lim,Papel / Cartón / Plástico / Metal / Vidrio,-58.45220176479986,-34.634243995967644
"Laferrere, Gregorio 1186",Parque Chacabuco,7,Los materiales deben estar lim,Papel / Cartón / Plástico / Metal / Vidrio,-58.44370945555586,-34.63047307653291
"Laferrere, Gregorio 1314",Parque Chacabuco,7,Los materiales deben estar lim,Papel / Cartón / Plástico / Metal / Vidrio,-58.44577401045478,-34.631139380166005
"Laferrere, Gregorio 1516",Parque Chacabuco,7,Los materiales deben estar lim,Papel / Cartón / Plástico / Metal / Vidrio,-58.4488182827466,-34.63209942734637
"Laferrere, Gregorio 1784",Parque Chacabuco,7,Los materiales deben estar lim,Papel / Cartón / Plástico / Metal / Vidrio,-58.45099289415461,-34.63279820820455
"Laferrere, Gregorio 2004",Parque Chacabuco,7,Los materiales deben estar lim,Papel / Cartón / Plástico / Metal / Vidrio,-58.45357960647536,-34.63362046991549
Malvinas Argentinas 912,Parque Chacabuco,7,Los materiales deben estar lim,Papel / Cartón / Plástico / Metal / Vidrio,-58.44749062909289,-34.63421465877223
"Moreno, Jose Maria Av. 1232",Parque Chacabuco,7,Los materiales deben estar lim,Papel / Cartón / Plástico / Metal / Vidrio,-58.43277181454328,-34.633005117004316
"Moreno, Jose Maria Av. 1502",Parque Chacabuco,7,Los materiales deben estar lim,Papel / Cartón / Plástico / Metal / Vidrio,-58.432210273751835,-34.636189903986214
"Moreno, Jose Maria Av. 1902",Parque Chacabuco,7,Los materiales deben estar lim,Papel / Cartón / Plástico / Metal / Vidrio,-58.43129219756915,-34.64055182154741
"Peron, Eva Av. 1115",Parque Chacabuco,7,Los materiales deben estar lim,Papel / Cartón / Plástico / Metal / Vidrio,-58.44128654367329,-34.63029227791129
"Peron, Eva Av. 1991",Parque Chacabuco,7,Los materiales deben estar lim,Papel / Cartón / Plástico / Metal / Vidrio,-58.450316331628336,-34.636760441016634
Picheuta 1602,Parque Chacabuco,7,Los materiales deben estar lim,Papel / Cartón / Plástico / Metal / Vidrio,-58.43469348394629,-34.637364430639025
Primera Junta 1439,Parque Chacabuco,7,Los materiales deben estar lim,Papel / Cartón / Plástico / Metal / Vidrio,-58.44596792176321,-34.633379469434644
Pumacahua 854,Parque Chacabuco,7,Los materiales deben estar lim,Papel / Cartón / Plástico / Metal / Vidrio,-58.45097645134788,-34.635694430081124
Salas 345,Parque Chacabuco,7,Los materiales deben estar lim,Papel / Cartón / Plástico / Metal / Vidrio,-58.43045440866557,-34.63209637234267
Salas 441,Parque Chacabuco,7,Los materiales deben estar lim,Papel / Cartón / Plástico / Metal / Vidrio,-58.432032970935786,-34.6323231441815
Salas 582,Parque Chacabuco,7,Los materiales deben estar lim,Papel / Cartón / Plástico / Metal / Vidrio,-58.43425173250457,-34.63280428873884
Salas 660,Parque Chacabuco,7,Los materiales deben estar lim,Papel / Cartón / Plástico / Metal / Vidrio,-58.436048720264765,-34.63300186721317
Salas 763,Parque Chacabuco,7,Los materiales deben estar lim,Papel / Cartón / Plástico / Metal / Vidrio,-58.437651458029556,-34.63339183958722
Salas 835,Parque Chacabuco,7,Los materiales deben estar lim,Papel / Cartón / Plástico / Metal / Vidrio,-58.43861494911126,-34.6339320909817
Salas 887,Parque Chacabuco,7,Los materiales deben estar lim,Papel / Cartón / Plástico / Metal / Vidrio,-58.43934248691044,-34.63426301821366
Salvigny 1702,Parque Chacabuco,7,Los materiales deben estar lim,Papel / Cartón / Plástico / Metal / Vidrio,-58.435498651933244,-34.64499074059522
Santander 1102,Parque Chacabuco,7,Los materiales deben estar lim,Papel / Cartón / Plástico / Metal / Vidrio,-58.435608052585096,-34.635430031199036
Santander 1364,Parque Chacabuco,7,Los materiales deben estar lim,Papel / Cartón / Plástico / Metal / Vidrio,-58.43959587223484,-34.636228294597686
Santander 1452,Parque Chacabuco,7,Los materiales deben estar lim,Papel / Cartón / Plástico / Metal / Vidrio,-58.44066702283297,-34.636443653394316
Santander 1602,Parque Chacabuco,7,Los materiales deben estar lim,Papel / Cartón / Plástico / Metal / Vidrio,-58.442739915477304,-34.63686903919784
Santander 1802,Parque Chacabuco,7,Los materiales deben estar lim,Papel / Cartón / Plástico / Metal / Vidrio,-58.44556370687743,-34.63753648340611
Santander 2071,Parque Chacabuco,7,Los materiales deben estar lim,Papel / Cartón / Plástico / Metal / Vidrio,-58.44784148085289,-34.63946964020597
Santander 408,Parque Chacabuco,7,Los materiales deben estar lim,Papel / Cartón / Plástico / Metal / Vidrio,-58.426794852050634,-34.63402962203359
Santander 636,Parque Chacabuco,7,Los materiales deben estar lim,Papel / Cartón / Plástico / Metal / Vidrio,-58.42949009420806,-34.63447064173098
Santander 822,Parque Chacabuco,7,Los materiales deben estar lim,Papel / Cartón / Plástico / Metal / Vidrio,-58.43157631221385,-34.63481314142879
Saraza 1002,Parque Chacabuco,7,Los materiales deben estar lim,Papel / Cartón / Plástico / Metal / Vidrio,-58.43211439535465,-34.63820888298584
Saraza 1302,Parque Chacabuco,7,Los materiales deben estar lim,Papel / Cartón / Plástico / Metal / Vidrio,-58.43601597366729,-34.63883129540442
Saraza 1502,Parque Chacabuco,7,Los materiales deben estar lim,Papel / Cartón / Plástico / Metal / Vidrio,-58.43903975484809,-34.639579841966906
Saraza 1702,Parque Chacabuco,7,Los materiales deben estar lim,Papel / Cartón / Plástico / Metal / Vidrio,-58.441775818526395,-34.6402694035457
Saraza 2042,Parque Chacabuco,7,Los materiales deben estar lim,Papel / Cartón / Plástico / Metal / Vidrio,-58.44463895141303,-34.64154334184743
Saraza 602,Parque Chacabuco,7,Los materiales deben estar lim,Papel / Cartón / Plástico / Metal / Vidrio,-58.42715934740038,-34.637320470581855
Saraza 802,Parque Chacabuco,7,Los materiales deben estar lim,Papel / Cartón / Plástico / Metal / Vidrio,-58.42952305291553,-34.63774680363122
Somellera 1602,Parque Chacabuco,7,Los materiales deben estar lim,Papel / Cartón / Plástico / Metal / Vidrio,-58.434342151195324,-34.64350114836034
Somellera 1862,Parque Chacabuco,7,Los materiales deben estar lim,Papel / Cartón / Plástico / Metal / Vidrio,-58.438147874150346,-34.64436310854272
Tejedor 1080,Parque Chacabuco,7,Los materiales deben estar lim,Papel / Cartón / Plástico / Metal / Vidrio,-58.440569021519835,-34.63244711195656
Tejedor 192,Parque Chacabuco,7,Los materiales deben estar lim,Papel / Cartón / Plástico / Metal / Vidrio,-58.42884539095917,-34.62979909871185
Tejedor 350,Parque Chacabuco,7,Los materiales deben estar lim,Papel / Cartón / Plástico / Metal / Vidrio,-58.43093808712002,-34.630089449688974
Tejedor 588,Parque Chacabuco,7,Los materiales deben estar lim,Papel / Cartón / Plástico / Metal / Vidrio,-58.43428853934132,-34.63060428059723
Tejedor 810,Parque Chacabuco,7,Los materiales deben estar lim,Papel / Cartón / Plástico / Metal / Vidrio,-58.436913285673256,-34.63097680815293
Tejedor 930,Parque Chacabuco,7,Los materiales deben estar lim,Papel / Cartón / Plástico / Metal / Vidrio,-58.438589456125584,-34.63140885690785
Thorne 485,Parque Chacabuco,7,Los materiales deben estar lim,Papel / Cartón / Plástico / Metal / Vidrio,-58.450700121060116,-34.63017891655965
"Vedia, Agustin De 2102",Parque Chacabuco,7,Los materiales deben estar lim,Papel / Cartón / Plástico / Metal / Vidrio,-58.43571738438755,-34.64388301771554
"Vedia, Agustin De 2202",Parque Chacabuco,7,Los materiales deben estar lim,Papel / Cartón / Plástico / Metal / Vidrio,-58.4353103668814,-34.6450192002073
Vernet Av. 275,Parque Chacabuco,7,Los materiales deben estar lim,Papel / Cartón / Plástico / Metal / Vidrio,-58.42909302642747,-34.63289175058878
Viel 1200,Parque Chacabuco,7,Los materiales deben estar lim,Papel / Cartón / Plástico / Metal / Vidrio,-58.430119039605884,-34.63093063887595
Zelarrayan 1202,Parque Chacabuco,7,Los materiales deben estar lim,Papel / Cartón / Plástico / Metal / Vidrio,-58.432534224268146,-34.640735028618124
Zelarrayan 1402,Parque Chacabuco,7,Los materiales deben estar lim,Papel / Cartón / Plástico / Metal / Vidrio,-58.43517567755499,-34.64126316773736
Zelarrayan 1602,Parque Chacabuco,7,Los materiales deben estar lim,Papel / Cartón / Plástico / Metal / Vidrio,-58.43825861669998,-34.641885372631485
Zelarrayan 1802,Parque Chacabuco,7,Los materiales deben estar lim,Papel / Cartón / Plástico / Metal / Vidrio,-58.44099055046723,-34.642412010262206
Zelarrayan 752,Parque Chacabuco,7,Los materiales deben estar lim,Papel / Cartón / Plástico / Metal / Vidrio,-58.42712094900746,-34.63977489809719
Zelarrayan 902,Parque Chacabuco,7,Los materiales deben estar lim,Papel / Cartón / Plástico / Metal / Vidrio,-58.4289361851953,-34.64008528001119
Zuviria 1027,Parque Chacabuco,7,Los materiales deben estar lim,Papel / Cartón / Plástico / Metal / Vidrio,-58.440804590547685,-34.631147574269896
Zuviria 2038,Parque Chacabuco,7,Los materiales deben estar lim,Papel / Cartón / Plástico / Metal / Vidrio,-58.44971261700775,-34.637739465430705
Zuviria 255,Parque Chacabuco,7,Los materiales deben estar lim,Papel / Cartón / Plástico / Metal / Vidrio,-58.43013729470979,-34.62881392424804
Zuviria 489,Parque Chacabuco,7,Los materiales deben estar lim,Papel / Cartón / Plástico / Metal / Vidrio,-58.43315785793339,-34.62925508818564
Zuviria 759,Parque Chacabuco,7,Los materiales deben estar lim,Papel / Cartón / Plástico / Metal / Vidrio,-58.436201030900826,-34.62968622823112
Zuviria 95,Parque Chacabuco,7,Los materiales deben estar lim,Papel / Cartón / Plástico / Metal / Vidrio,-58.42772732185224,-34.62846354526051
Zuviria 983,Parque Chacabuco,7,Los materiales deben estar lim,Papel / Cartón / Plástico / Metal / Vidrio,-58.44005964086778,-34.63075111072593
Altolaguirre 1340,Parque Chas,15,Los materiales deben estar lim,Papel / Cartón / Plástico / Metal / Vidrio,-58.481775718315944,-34.58845942682683
Altolaguirre 1468,Parque Chas,15,Los materiales deben estar lim,Papel / Cartón / Plástico / Metal / Vidrio,-58.483449680440934,-34.58641238695103
Altolaguirre 1568,Parque Chas,15,Los materiales deben estar lim,Papel / Cartón / Plástico / Metal / Vidrio,-58.48453292463551,-34.58506834208416
Andonaegui 1384,Parque Chas,15,Los materiales deben estar lim,Papel / Cartón / Plástico / Metal / Vidrio,-58.48050010537798,-34.58636225811713
Andonaegui 1468,Parque Chas,15,Los materiales deben estar lim,Papel / Cartón / Plástico / Metal / Vidrio,-58.48138681303531,-34.58546568809317
Arismendi 2474,Parque Chas,15,Los materiales deben estar lim,Papel / Cartón / Plástico / Metal / Vidrio,-58.47433569640769,-34.58294843900773
Arismendi 2696,Parque Chas,15,Los materiales deben estar lim,Papel / Cartón / Plástico / Metal / Vidrio,-58.47699491116318,-34.58502027031035
Arismendi 2852,Parque Chas,15,Los materiales deben estar lim,Papel / Cartón / Plástico / Metal / Vidrio,-58.478414044824845,-34.58612069263839
Avalos 1699,Parque Chas,15,Los materiales deben estar lim,Papel / Cartón / Plástico / Metal / Vidrio,-58.480357055902765,-34.58125322286277
Ballivian 2799,Parque Chas,15,Los materiales deben estar lim,Papel / Cartón / Plástico / Metal / Vidrio,-58.48171854081854,-34.5812947538724
Ballivian 2917,Parque Chas,15,Los materiales deben estar lim,Papel / Cartón / Plástico / Metal / Vidrio,-58.483052449995164,-34.58207422391073
Ballivian 3193,Parque Chas,15,Los materiales deben estar lim,Papel / Cartón / Plástico / Metal / Vidrio,-58.48524550374249,-34.583740622203365
Ballivian 3309,Parque Chas,15,Los materiales deben estar lim,Papel / Cartón / Plástico / Metal / Vidrio,-58.48662492662471,-34.58459984592742
Barzana 1481,Parque Chas,15,Los materiales deben estar lim,Papel / Cartón / Plástico / Metal / Vidrio,-58.48236962522295,-34.58594773795533
Bucarelli 1197,Parque Chas,15,Los materiales deben estar lim,Papel / Cartón / Plástico / Metal / Vidrio,-58.47770196210944,-34.58778696912465
Bucarelli 961,Parque Chas,15,Los materiales deben estar lim,Papel / Cartón / Plástico / Metal / Vidrio,-58.47559425980879,-34.59009314982564
Bucarest 1455,Parque Chas,15,Los materiales deben estar lim,Papel / Cartón / Plástico / Metal / Vidrio,-58.48544482907739,-34.58736666597889
Cadiz 4114,Parque Chas,15,Los materiales deben estar lim,Papel / Cartón / Plástico / Metal / Vidrio,-58.479340722231804,-34.58085285304578
Campillo 2776,Parque Chas,15,Los materiales deben estar lim,Papel / Cartón / Plástico / Metal / Vidrio,-58.47555215586829,-34.5877705455201
Campillo 2854,Parque Chas,15,Los materiales deben estar lim,Papel / Cartón / Plástico / Metal / Vidrio,-58.47645324233814,-34.588445839884216
Campillo 3068,Parque Chas,15,Los materiales deben estar lim,Papel / Cartón / Plástico / Metal / Vidrio,-58.47817823513847,-34.58975045428502
De Los Constituyentes Av. 3870,Parque Chas,15,Los materiales deben estar lim,Papel / Cartón / Plástico / Metal / Vidrio,-58.487221317801485,-34.586560637191376
De Los Incas Av. 4649,Parque Chas,15,Los materiales deben estar lim,Papel / Cartón / Plástico / Metal / Vidrio,-58.47605996916861,-34.582504200591046
De Los Incas Av. 4820,Parque Chas,15,Los materiales deben estar lim,Papel / Cartón / Plástico / Metal / Vidrio,-58.47824741863063,-34.584329546236546
De Los Incas Av. 5258,Parque Chas,15,Los materiales deben estar lim,Papel / Cartón / Plástico / Metal / Vidrio,-58.482197016016435,-34.58731240432225
De Los Incas Av. 5482,Parque Chas,15,Los materiales deben estar lim,Papel / Cartón / Plástico / Metal / Vidrio,-58.48429894386396,-34.588898964299766
Gamarra 1326,Parque Chas,15,Los materiales deben estar lim,Papel / Cartón / Plástico / Metal / Vidrio,-58.47551149087062,-34.58444382667725
Gamarra 1584,Parque Chas,15,Los materiales deben estar lim,Papel / Cartón / Plástico / Metal / Vidrio,-58.477584284243555,-34.582022250059865
Gandara 2353,Parque Chas,15,Los materiales deben estar lim,Papel / Cartón / Plástico / Metal / Vidrio,-58.4765765805263,-34.5808808592937
Gandara 2749,Parque Chas,15,Los materiales deben estar lim,Papel / Cartón / Plástico / Metal / Vidrio,-58.4799424933666,-34.582766475473356
Gandara 2785,Parque Chas,15,Los materiales deben estar lim,Papel / Cartón / Plástico / Metal / Vidrio,-58.480511686758504,-34.58301601985471
Gandara 3075,Parque Chas,15,Los materiales deben estar lim,Papel / Cartón / Plástico / Metal / Vidrio,-58.48293241476538,-34.584456290358325
Gandara 3295,Parque Chas,15,Los materiales deben estar lim,Papel / Cartón / Plástico / Metal / Vidrio,-58.48521936084724,-34.58587054602716
Ginebra 3939,Parque Chas,15,Los materiales deben estar lim,Papel / Cartón / Plástico / Metal / Vidrio,-58.476398907501085,-34.580327122062414
Giribone 3076,Parque Chas,15,Los materiales deben estar lim,Papel / Cartón / Plástico / Metal / Vidrio,-58.483539026447836,-34.58384117575831
Giribone 3354,Parque Chas,15,Los materiales deben estar lim,Papel / Cartón / Plástico / Metal / Vidrio,-58.48649451096497,-34.585681935594856
Hamburgo 3290,Parque Chas,15,Los materiales deben estar lim,Papel / Cartón / Plástico / Metal / Vidrio,-58.484037025125346,-34.587218641326295
La Pampa 4992,Parque Chas,15,Los materiales deben estar lim,Papel / Cartón / Plástico / Metal / Vidrio,-58.47862514658123,-34.57897125533663
Liverpool 2904,Parque Chas,15,Los materiales deben estar lim,Papel / Cartón / Plástico / Metal / Vidrio,-58.48232069769088,-34.582851883187985
Llerena 2431,Parque Chas,15,Los materiales deben estar lim,Papel / Cartón / Plástico / Metal / Vidrio,-58.47335952447675,-34.58372119305036
Llerena 2727,Parque Chas,15,Los materiales deben estar lim,Papel / Cartón / Plástico / Metal / Vidrio,-58.47644336622129,-34.58661966980289
Llerena 3085,Parque Chas,15,Los materiales deben estar lim,Papel / Cartón / Plástico / Metal / Vidrio,-58.479577299519406,-34.58903933152172
Moscu 5410,Parque Chas,15,Los materiales deben estar lim,Papel / Cartón / Plástico / Metal / Vidrio,-58.483027970688255,-34.588698266100195
Quiros 2837,Parque Chas,15,Los materiales deben estar lim,Papel / Cartón / Plástico / Metal / Vidrio,-58.475352562090706,-34.58920876240564
Quiros 3027,Parque Chas,15,Los materiales deben estar lim,Papel / Cartón / Plástico / Metal / Vidrio,-58.477187981191484,-34.590642322482516
Tasso 2655,Parque Chas,15,Los materiales deben estar lim,Papel / Cartón / Plástico / Metal / Vidrio,-58.47493871804541,-34.58615200651759
"Victorica, Benjamin, General, Av. 2476",Parque Chas,15,Los materiales deben estar lim,Papel / Cartón / Plástico / Metal / Vidrio,-58.4790496317502,-34.58046463749869
"Victorica, Benjamin, General, Av. 2642",Parque Chas,15,Los materiales deben estar lim,Papel / Cartón / Plástico / Metal / Vidrio,-58.4791613629719,-34.58215795816114
"Victorica, Benjamin, General, Av. 2738",Parque Chas,15,Los materiales deben estar lim,Papel / Cartón / Plástico / Metal / Vidrio,-58.47927213314682,-34.58366246108409
"Victorica, Benjamin, General, Av. 3089",Parque Chas,15,Los materiales deben estar lim,Papel / Cartón / Plástico / Metal / Vidrio,-58.480413146084445,-34.587908920302716
Cachi 195,Parque Patricios,4,Los materiales deben estar lim,Papel / Cartón / Plástico / Metal / Vidrio,-58.41292422578664,-34.64542689537206
Alberti 1826,Parque Patricios,4,Los materiales deben estar lim,Papel / Cartón / Plástico / Metal / Vidrio,-58.39898113027815,-34.63144141539942
Alberti 2036,Parque Patricios,4,Los materiales deben estar lim,Papel / Cartón / Plástico / Metal / Vidrio,-58.39809958937286,-34.633751020578565
Almafuerte Av. 32,Parque Patricios,4,Los materiales deben estar lim,Papel / Cartón / Plástico / Metal / Vidrio,-58.411460604834495,-34.63867318176521
Atuel 441,Parque Patricios,4,Los materiales deben estar lim,Papel / Cartón / Plástico / Metal / Vidrio,-58.407362967160466,-34.642929689837274
Atuel 643,Parque Patricios,4,Los materiales deben estar lim,Papel / Cartón / Plástico / Metal / Vidrio,-58.40692095774565,-34.64516800072217
Brasil 2755,Parque Patricios,4,Los materiales deben estar lim,Papel / Cartón / Plástico / Metal / Vidrio,-58.40268821894205,-34.632343233177366
Caseros Av. 2178,Parque Patricios,4,Los materiales deben estar lim,Papel / Cartón / Plástico / Metal / Vidrio,-58.393216041002646,-34.634834365805624
Caseros Av. 2560,Parque Patricios,4,Los materiales deben estar lim,Papel / Cartón / Plástico / Metal / Vidrio,-58.39820223308399,-34.63585220247337
Caseros Av. 2948,Parque Patricios,4,Los materiales deben estar lim,Papel / Cartón / Plástico / Metal / Vidrio,-58.4044087221165,-34.636983799823206
Caseros Av. 3064,Parque Patricios,4,Los materiales deben estar lim,Papel / Cartón / Plástico / Metal / Vidrio,-58.40740663673536,-34.637515359043526
Caseros Av. 3240,Parque Patricios,4,Los materiales deben estar lim,Papel / Cartón / Plástico / Metal / Vidrio,-58.410145000200956,-34.637908600020324
"Castillo, Catulo 2352",Parque Patricios,4,Los materiales deben estar lim,Papel / Cartón / Plástico / Metal / Vidrio,-58.396682692097315,-34.63176593373032
"Castillo, Catulo 3066",Parque Patricios,4,Los materiales deben estar lim,Papel / Cartón / Plástico / Metal / Vidrio,-58.407069332619116,-34.63502741984527
"Chutro, Pedro, Prof., Dr. 2691",Parque Patricios,4,Los materiales deben estar lim,Papel / Cartón / Plástico / Metal / Vidrio,-58.39800147459497,-34.64112317300706
"Chutro, Pedro, Prof., Dr. 3061",Parque Patricios,4,Los materiales deben estar lim,Papel / Cartón / Plástico / Metal / Vidrio,-58.40573602979459,-34.64219216103148
Colonia Av. 279,Parque Patricios,4,Los materiales deben estar lim,Papel / Cartón / Plástico / Metal / Vidrio,-58.39772966447815,-34.63914397751175
"Cortejarena, Jose A. 2945",Parque Patricios,4,Los materiales deben estar lim,Papel / Cartón / Plástico / Metal / Vidrio,-58.40321562364359,-34.64316411173397
Dean Funes 1887,Parque Patricios,4,Los materiales deben estar lim,Papel / Cartón / Plástico / Metal / Vidrio,-58.40464918745027,-34.63287447108578
Dean Funes 2035,Parque Patricios,4,Los materiales deben estar lim,Papel / Cartón / Plástico / Metal / Vidrio,-58.40426281610584,-34.63486052741594
Elia 546,Parque Patricios,4,Los materiales deben estar lim,Papel / Cartón / Plástico / Metal / Vidrio,-58.40843694719031,-34.64432668337797
Elia 710,Parque Patricios,4,Los materiales deben estar lim,Papel / Cartón / Plástico / Metal / Vidrio,-58.4080170152948,-34.64614290216455
"Garcia, Manuel 410",Parque Patricios,4,Los materiales deben estar lim,Papel / Cartón / Plástico / Metal / Vidrio,-58.39543264537665,-34.64081207330815
Garro 3040,Parque Patricios,4,Los materiales deben estar lim,Papel / Cartón / Plástico / Metal / Vidrio,-58.40705790602025,-34.632918018518296
Garro 3170,Parque Patricios,4,Los materiales deben estar lim,Papel / Cartón / Plástico / Metal / Vidrio,-58.4088443316047,-34.6334027146709
Grito De Asencio 3176,Parque Patricios,4,Los materiales deben estar lim,Papel / Cartón / Plástico / Metal / Vidrio,-58.40616279474809,-34.64685011218207
Grito De Asencio 3446,Parque Patricios,4,Los materiales deben estar lim,Papel / Cartón / Plástico / Metal / Vidrio,-58.40974620136215,-34.6474477282837
Grito De Asencio 3626,Parque Patricios,4,Los materiales deben estar lim,Papel / Cartón / Plástico / Metal / Vidrio,-58.4126810101544,-34.647938182460216
Inclan 2440,Parque Patricios,4,Los materiales deben estar lim,Papel / Cartón / Plástico / Metal / Vidrio,-58.3987287441216,-34.62965897916499
Inclan 2629,Parque Patricios,4,Los materiales deben estar lim,Papel / Cartón / Plástico / Metal / Vidrio,-58.4013206787701,-34.63001952420246
Inclan 2871,Parque Patricios,4,Los materiales deben estar lim,Papel / Cartón / Plástico / Metal / Vidrio,-58.404508202411776,-34.630336829964506
Inclan 3210,Parque Patricios,4,Los materiales deben estar lim,Papel / Cartón / Plástico / Metal / Vidrio,-58.40994179185486,-34.631338320593
Jujuy Av. 1929,Parque Patricios,4,Los materiales deben estar lim,Papel / Cartón / Plástico / Metal / Vidrio,-58.40006571974509,-34.63309100884497
Jujuy Av. 2033,Parque Patricios,4,Los materiales deben estar lim,Papel / Cartón / Plástico / Metal / Vidrio,-58.399654665421934,-34.634112906863244
La Rioja 1616,Parque Patricios,4,Los materiales deben estar lim,Papel / Cartón / Plástico / Metal / Vidrio,-58.40643666400128,-34.62955330252621
Lavarden 298,Parque Patricios,4,Los materiales deben estar lim,Papel / Cartón / Plástico / Metal / Vidrio,-58.40128223886253,-34.639909768606614
Los Patos 2460,Parque Patricios,4,Los materiales deben estar lim,Papel / Cartón / Plástico / Metal / Vidrio,-58.39559541654667,-34.63900297223831
Los Patos 3256,Parque Patricios,4,Los materiales deben estar lim,Papel / Cartón / Plástico / Metal / Vidrio,-58.40842799570834,-34.64163053508781
"Luca, Esteban De 2282",Parque Patricios,4,Los materiales deben estar lim,Papel / Cartón / Plástico / Metal / Vidrio,-58.40215309853138,-34.63611261790743
Patagones 2690,Parque Patricios,4,Los materiales deben estar lim,Papel / Cartón / Plástico / Metal / Vidrio,-58.39986054506481,-34.63730011457058
Patagones 2828,Parque Patricios,4,Los materiales deben estar lim,Papel / Cartón / Plástico / Metal / Vidrio,-58.40228516776031,-34.63776915153535
Pepiri 255,Parque Patricios,4,Los materiales deben estar lim,Papel / Cartón / Plástico / Metal / Vidrio,-58.40901519215442,-34.640692001853296
Pichincha Av. 1711,Parque Patricios,4,Los materiales deben estar lim,Papel / Cartón / Plástico / Metal / Vidrio,-58.39656199003166,-34.62946668165407
Rondeau 2335,Parque Patricios,4,Los materiales deben estar lim,Papel / Cartón / Plástico / Metal / Vidrio,-58.39558039331105,-34.63398358682965
Rondeau 3175,Parque Patricios,4,Los materiales deben estar lim,Papel / Cartón / Plástico / Metal / Vidrio,-58.40878047300678,-34.63653558204751
Salcedo 2728,Parque Patricios,4,Los materiales deben estar lim,Papel / Cartón / Plástico / Metal / Vidrio,-58.40254157712604,-34.63135630710041
"Taborda, Diogenes 624",Parque Patricios,4,Los materiales deben estar lim,Papel / Cartón / Plástico / Metal / Vidrio,-58.41096831446417,-34.64561360452314
"Urquiza, Gral. 1705",Parque Patricios,4,Los materiales deben estar lim,Papel / Cartón / Plástico / Metal / Vidrio,-58.408269840799406,-34.631028050912846
"Urquiza, Gral. 1807",Parque Patricios,4,Los materiales deben estar lim,Papel / Cartón / Plástico / Metal / Vidrio,-58.408124839231114,-34.63248374903352
Uspallata 2479,Parque Patricios,4,Los materiales deben estar lim,Papel / Cartón / Plástico / Metal / Vidrio,-58.3962863258245,-34.63782393556539
"Garay, Juan De Av. 2173",Parque Patricios,4,Los materiales deben estar lim,Papel / Cartón / Plástico / Metal / Vidrio,-58.3950758316753,-34.62769131221938
"Garay, Juan De Av. 2309",Parque Patricios,4,Los materiales deben estar lim,Papel / Cartón / Plástico / Metal / Vidrio,-58.39717446940959,-34.62806376189555
"Garay, Juan De Av. 2505",Parque Patricios,4,Los materiales deben estar lim,Papel / Cartón / Plástico / Metal / Vidrio,-58.4001053003627,-34.62848996553985
"Garay, Juan De Av. 2837",Parque Patricios,4,Los materiales deben estar lim,Papel / Cartón / Plástico / Metal / Vidrio,-58.404144975550906,-34.62894868726598
"Garay, Juan De Av. 3217",Parque Patricios,4,Los materiales deben estar lim,Papel / Cartón / Plástico / Metal / Vidrio,-58.410213727123626,-34.629879316258624
"Garay, Juan De Av. 3337",Parque Patricios,4,Los materiales deben estar lim,Papel / Cartón / Plástico / Metal / Vidrio,-58.41220349227936,-34.63036547192499
Liniers Virrey 2368,Parque Patricios,4,Los materiales deben estar lim,Papel / Cartón / Plástico / Metal / Vidrio,-58.41168183742256,-34.63769643719751
"Oro?o, Nicasio 2460",Paternal,15,Los materiales deben estar lim,Papel / Cartón / Plástico / Metal / Vidrio,-58.45987440356515,-34.598471159736036
"Oro?o, Nicasio 2272",Paternal,15,Los materiales deben estar lim,Papel / Cartón / Plástico / Metal / Vidrio,-58.46046645674941,-34.60031752634655
"Oro?o, Nicasio 2034",Paternal,15,Los materiales deben estar lim,Papel / Cartón / Plástico / Metal / Vidrio,-58.46136877704017,-34.60321602806544
14 De Julio 56,Paternal,15,Los materiales deben estar lim,Papel / Cartón / Plástico / Metal / Vidrio,-58.468737732818035,-34.591335350997326
"Alvarez, Donato, Tte. Gral. Av. 2530",Paternal,15,Los materiales deben estar lim,Papel / Cartón / Plástico / Metal / Vidrio,-58.468460502852366,-34.59532606022339
Avalos 399,Paternal,15,Los materiales deben estar lim,Papel / Cartón / Plástico / Metal / Vidrio,-58.46785425378832,-34.592436597357604
Avalos 787,Paternal,15,Los materiales deben estar lim,Papel / Cartón / Plástico / Metal / Vidrio,-58.47111806624489,-34.5890622523723
Biarritz 2061,Paternal,15,Los materiales deben estar lim,Papel / Cartón / Plástico / Metal / Vidrio,-58.474601639783344,-34.6028770437338
"Bielsa, Rafael, Dr. 180",Paternal,15,Los materiales deben estar lim,Papel / Cartón / Plástico / Metal / Vidrio,-58.46687479222829,-34.59537869393732
"Carranza, Adolfo P. 2026",Paternal,15,Los materiales deben estar lim,Papel / Cartón / Plástico / Metal / Vidrio,-58.47497434212984,-34.601030402095276
Del Campo Av. 1340,Paternal,15,Los materiales deben estar lim,Papel / Cartón / Plástico / Metal / Vidrio,-58.46763516261566,-34.59009382272298
Del Campo Av. 1670,Paternal,15,Los materiales deben estar lim,Papel / Cartón / Plástico / Metal / Vidrio,-58.47051471688456,-34.58781082849321
"Dickman, Adolfo, Dr. 1095",Paternal,15,Los materiales deben estar lim,Papel / Cartón / Plástico / Metal / Vidrio,-58.46292619211157,-34.59826430955193
"Dickman, Adolfo, Dr. 1247",Paternal,15,Los materiales deben estar lim,Papel / Cartón / Plástico / Metal / Vidrio,-58.46349174891867,-34.600061684516916
"Dickman, Adolfo, Dr. 1463",Paternal,15,Los materiales deben estar lim,Papel / Cartón / Plástico / Metal / Vidrio,-58.4642420426832,-34.60245837716058
Elcano 4760,Paternal,15,Los materiales deben estar lim,Papel / Cartón / Plástico / Metal / Vidrio,-58.466608985099285,-34.59151003440411
Elcano 5099,Paternal,15,Los materiales deben estar lim,Papel / Cartón / Plástico / Metal / Vidrio,-58.47002774914281,-34.593668099078826
Espinosa 2691,Paternal,15,Los materiales deben estar lim,Papel / Cartón / Plástico / Metal / Vidrio,-58.46964463445896,-34.60048948600032
Fragata Pres. Sarmiento 2021,Paternal,15,Los materiales deben estar lim,Papel / Cartón / Plástico / Metal / Vidrio,-58.459441814351926,-34.602379737571454
Fragata Pres. Sarmiento 2239,Paternal,15,Los materiales deben estar lim,Papel / Cartón / Plástico / Metal / Vidrio,-58.45870213125953,-34.59999858036587
Fragata Pres. Sarmiento 2461,Paternal,15,Los materiales deben estar lim,Papel / Cartón / Plástico / Metal / Vidrio,-58.45798408835536,-34.597535787147145
"Garcia, Juan Agustin 1166",Paternal,15,Los materiales deben estar lim,Papel / Cartón / Plástico / Metal / Vidrio,-58.464219970916076,-34.59770836618768
"Garcia, Juan Agustin 1462",Paternal,15,Los materiales deben estar lim,Papel / Cartón / Plástico / Metal / Vidrio,-58.46523981801058,-34.60096343266664
Linneo 2137,Paternal,15,Los materiales deben estar lim,Papel / Cartón / Plástico / Metal / Vidrio,-58.47383505834639,-34.6041557886136
Miguel Angel 1863,Paternal,15,Los materiales deben estar lim,Papel / Cartón / Plástico / Metal / Vidrio,-58.471499451626855,-34.602180938972346
Morlote 900,Paternal,15,Los materiales deben estar lim,Papel / Cartón / Plástico / Metal / Vidrio,-58.4728604669295,-34.589195802283065
Punta Arenas 1480,Paternal,15,Los materiales deben estar lim,Papel / Cartón / Plástico / Metal / Vidrio,-58.47038884669975,-34.594996842441326
Punta Arenas 1744,Paternal,15,Los materiales deben estar lim,Papel / Cartón / Plástico / Metal / Vidrio,-58.471949753835055,-34.600554275144326
Raulies 2018,Paternal,15,Los materiales deben estar lim,Papel / Cartón / Plástico / Metal / Vidrio,-58.4772727168882,-34.598840825137884
"Rousseau, Juan J. 2062",Paternal,15,Los materiales deben estar lim,Papel / Cartón / Plástico / Metal / Vidrio,-58.47661167258856,-34.601156826743306
"Segui, F. J., Alte. 2381",Paternal,15,Los materiales deben estar lim,Papel / Cartón / Plástico / Metal / Vidrio,-58.46153940183374,-34.599085100415316
"Segui, F. J., Alte. 2587",Paternal,15,Los materiales deben estar lim,Papel / Cartón / Plástico / Metal / Vidrio,-58.46081863476579,-34.59687289729059
Terrero 2555,Paternal,15,Los materiales deben estar lim,Papel / Cartón / Plástico / Metal / Vidrio,-58.47299558246293,-34.6023547397962
Trelles 2414,Paternal,15,Los materiales deben estar lim,Papel / Cartón / Plástico / Metal / Vidrio,-58.466929939842544,-34.60084241237123
Trelles 2528,Paternal,15,Los materiales deben estar lim,Papel / Cartón / Plástico / Metal / Vidrio,-58.466545602997726,-34.599563588259784
Trelles 2642,Paternal,15,Los materiales deben estar lim,Papel / Cartón / Plástico / Metal / Vidrio,-58.466195562942424,-34.59837580827967
Yerua 4907,Paternal,15,Los materiales deben estar lim,Papel / Cartón / Plástico / Metal / Vidrio,-58.46617022530862,-34.59433607763275
Alvarez Jonte	1573,Paternal,15,Los materiales deben estar lim,Papel / Cartón / Plástico / Metal / Vidrio,-58.468270585286426,-34.59929207073044
"Segui, F. J., Alte. 2125",Paternal,15,Los materiales deben estar lim,Papel / Cartón / Plástico / Metal / Vidrio,-58.462335156087065,-34.60168291214432
"Villaflor, Azucena|433|pr3232",Puerto Madero,1,Los materiales deben estar lim,Papel / Cartón / Plástico / Metal / Vidrio,-58.36195058256776,-34.61213887105443
"Moreau De Justo, Alicia Av.|1410|pr3170",Puerto Madero,1,Los materiales deben estar lim,Papel / Cartón / Plástico / Metal / Vidrio,-58.36603316273524,-34.614585988340785
"Moreau De Justo, Alicia Av.|964|pr397|",Puerto Madero,1,Los materiales deben estar lim,Papel / Cartón / Plástico / Metal / Vidrio,-58.366416386987204,-34.60919605166819
"Moreau De Justo, Alicia Av.|1194|pr447|",Puerto Madero,1,Los materiales deben estar lim,Papel / Cartón / Plástico / Metal / Vidrio,-58.36617972860003,-34.611910489675154
"Cossettini, Olga|332|pr4288|",Puerto Madero,1,Los materiales deben estar lim,Papel / Cartón / Plástico / Metal / Vidrio,-58.36448614090129,-34.60145769934186
"Cossettini, Olga|230|pr3281",Puerto Madero,1,Los materiales deben estar lim,Papel / Cartón / Plástico / Metal / Vidrio,-58.36470724428342,-34.600559643812545
"Lopez, Vicente 1943",Recoleta,2,Los materiales deben estar lim,Papel / Cartón / Plástico / Metal / Vidrio,-58.39239212540451,-34.589646090861
Pe?a 3025,Recoleta,2,Los materiales deben estar lim,Papel / Cartón / Plástico / Metal / Vidrio,-58.40478546051836,-34.58612273562314
Pe?a 3161,Recoleta,2,Los materiales deben estar lim,Papel / Cartón / Plástico / Metal / Vidrio,-58.406519060548085,-34.58509003095861
Santa F? Av. 3125,Recoleta,2,Los materiales deben estar lim,Papel / Cartón / Plástico / Metal / Vidrio,-58.40918624956377,-34.589688173502665
"Agote, Luis Dr. 2510",Recoleta,2,Los materiales deben estar lim,Papel / Cartón / Plástico / Metal / Vidrio,-58.39428531430967,-34.584676457180954
Aguero 1324,Recoleta,2,Los materiales deben estar lim,Papel / Cartón / Plástico / Metal / Vidrio,-58.40888008569099,-34.59418335514926
Aguero 1498,Recoleta,2,Los materiales deben estar lim,Papel / Cartón / Plástico / Metal / Vidrio,-58.40799655379838,-34.59254993850608
Aguero 1650,Recoleta,2,Los materiales deben estar lim,Papel / Cartón / Plástico / Metal / Vidrio,-58.40662244818338,-34.591197014602045
"Alvear, Marcelo T. De 1647",Recoleta,2,Los materiales deben estar lim,Papel / Cartón / Plástico / Metal / Vidrio,-58.390671294553115,-34.59716598406382
"Alvear, Marcelo T. De 1929",Recoleta,2,Los materiales deben estar lim,Papel / Cartón / Plástico / Metal / Vidrio,-58.39499362202435,-34.59723605319642
"Alvear, Marcelo T. De 2273",Recoleta,2,Los materiales deben estar lim,Papel / Cartón / Plástico / Metal / Vidrio,-58.399884059563654,-34.59679622979495
"Alvear, Marcelo T. De 2391",Recoleta,2,Los materiales deben estar lim,Papel / Cartón / Plástico / Metal / Vidrio,-58.40144405101692,-34.59635344874734
"Anchorena, Tomas Manuel De, Dr. 1511",Recoleta,2,Los materiales deben estar lim,Papel / Cartón / Plástico / Metal / Vidrio,-58.40400038760576,-34.59242209101756
"Anchorena, Tomas Manuel De, Dr. 1802",Recoleta,2,Los materiales deben estar lim,Papel / Cartón / Plástico / Metal / Vidrio,-58.40082529443484,-34.58978426438192
Arenales 1510,Recoleta,2,Los materiales deben estar lim,Papel / Cartón / Plástico / Metal / Vidrio,-58.38879288378194,-34.59472014836745
Arenales 1677,Recoleta,2,Los materiales deben estar lim,Papel / Cartón / Plástico / Metal / Vidrio,-58.39158859196163,-34.59491565386608
Arenales 2020,Recoleta,2,Los materiales deben estar lim,Papel / Cartón / Plástico / Metal / Vidrio,-58.39622391486754,-34.594604527610194
Arenales 2578,Recoleta,2,Los materiales deben estar lim,Papel / Cartón / Plástico / Metal / Vidrio,-58.40273343335943,-34.593063128469055
Arenales 3080,Recoleta,2,Los materiales deben estar lim,Papel / Cartón / Plástico / Metal / Vidrio,-58.407870156173125,-34.58957329494292
Austria 1799,Recoleta,2,Los materiales deben estar lim,Papel / Cartón / Plástico / Metal / Vidrio,-58.40707041857858,-34.59029093149357
Austria 1867,Recoleta,2,Los materiales deben estar lim,Papel / Cartón / Plástico / Metal / Vidrio,-58.406515630963746,-34.58988523108035
Austria 1935,Recoleta,2,Los materiales deben estar lim,Papel / Cartón / Plástico / Metal / Vidrio,-58.40579397117859,-34.58935884782142
Austria 2047,Recoleta,2,Los materiales deben estar lim,Papel / Cartón / Plástico / Metal / Vidrio,-58.40458087550089,-34.58847630705963
Austria 2287,Recoleta,2,Los materiales deben estar lim,Papel / Cartón / Plástico / Metal / Vidrio,-58.4020794270454,-34.586652785020426
Austria 2530,Recoleta,2,Los materiales deben estar lim,Papel / Cartón / Plástico / Metal / Vidrio,-58.39968842424777,-34.584782504810526
Austria 2660,Recoleta,2,Los materiales deben estar lim,Papel / Cartón / Plástico / Metal / Vidrio,-58.39820345444764,-34.583676360377844
Ayacucho 1199,Recoleta,2,Los materiales deben estar lim,Papel / Cartón / Plástico / Metal / Vidrio,-58.39586113732855,-34.59470654111089
Ayacucho 1221,Recoleta,2,Los materiales deben estar lim,Papel / Cartón / Plástico / Metal / Vidrio,-58.39579417813302,-34.594328522133814
Ayacucho 1403,Recoleta,2,Los materiales deben estar lim,Papel / Cartón / Plástico / Metal / Vidrio,-58.394863350859325,-34.59267752837268
Ayacucho 1561,Recoleta,2,Los materiales deben estar lim,Papel / Cartón / Plástico / Metal / Vidrio,-58.393272609857064,-34.59130384003337
Ayacucho 2076,Recoleta,2,Los materiales deben estar lim,Papel / Cartón / Plástico / Metal / Vidrio,-58.388617312268025,-34.58700653650096
Ayacucho 2180,Recoleta,2,Los materiales deben estar lim,Papel / Cartón / Plástico / Metal / Vidrio,-58.387794343553885,-34.586192460556916
Ayacucho 879,Recoleta,2,Los materiales deben estar lim,Papel / Cartón / Plástico / Metal / Vidrio,-58.39581143405128,-34.599139363991846
Azcuenaga 1068,Recoleta,2,Los materiales deben estar lim,Papel / Cartón / Plástico / Metal / Vidrio,-58.39995753569529,-34.59577520106862
Azcuenaga 1150,Recoleta,2,Los materiales deben estar lim,Papel / Cartón / Plástico / Metal / Vidrio,-58.39972328910463,-34.594563654382384
Azcuenaga 1254,Recoleta,2,Los materiales deben estar lim,Papel / Cartón / Plástico / Metal / Vidrio,-58.399389763705436,-34.59376062952953
Azcuenaga 1752,Recoleta,2,Los materiales deben estar lim,Papel / Cartón / Plástico / Metal / Vidrio,-58.39627841617714,-34.58899615053059
Azcuenaga 1992,Recoleta,2,Los materiales deben estar lim,Papel / Cartón / Plástico / Metal / Vidrio,-58.39455786109082,-34.586902870694125
Azcuenaga 838,Recoleta,2,Los materiales deben estar lim,Papel / Cartón / Plástico / Metal / Vidrio,-58.40099710132983,-34.599004834392495
Beruti 2765,Recoleta,2,Los materiales deben estar lim,Papel / Cartón / Plástico / Metal / Vidrio,-58.40389497361689,-34.591282296556486
Beruti 3097,Recoleta,2,Los materiales deben estar lim,Papel / Cartón / Plástico / Metal / Vidrio,-58.407295595711645,-34.588884757344246
Billinghurst 1519,Recoleta,2,Los materiales deben estar lim,Papel / Cartón / Plástico / Metal / Vidrio,-58.41198595754828,-34.59278657436891
Billinghurst 1739,Recoleta,2,Los materiales deben estar lim,Papel / Cartón / Plástico / Metal / Vidrio,-58.41006499049493,-34.590323188344186
"Bravo, Mario 1345",Recoleta,2,Los materiales deben estar lim,Papel / Cartón / Plástico / Metal / Vidrio,-58.41448731916855,-34.594420381176334
"Cabrera, Jose A. 2940",Recoleta,2,Los materiales deben estar lim,Papel / Cartón / Plástico / Metal / Vidrio,-58.4081408301257,-34.59702836909283
"Cabrera, Jose A. 3180",Recoleta,2,Los materiales deben estar lim,Papel / Cartón / Plástico / Metal / Vidrio,-58.41137123122641,-34.59694772403319
"Cabrera, Jose A. 3310",Recoleta,2,Los materiales deben estar lim,Papel / Cartón / Plástico / Metal / Vidrio,-58.41318124461329,-34.596867557037626
"Cabrera, Jose A. 3536",Recoleta,2,Los materiales deben estar lim,Papel / Cartón / Plástico / Metal / Vidrio,-58.416090399050255,-34.5967382727398
Callao Av. 1025,Recoleta,2,Los materiales deben estar lim,Papel / Cartón / Plástico / Metal / Vidrio,-58.393119590423396,-34.59698787541012
Callao Av. 1193,Recoleta,2,Los materiales deben estar lim,Papel / Cartón / Plástico / Metal / Vidrio,-58.39311410450231,-34.594960475404335
Callao Av. 1265,Recoleta,2,Los materiales deben estar lim,Papel / Cartón / Plástico / Metal / Vidrio,-58.39303559554223,-34.594306607313314
Callao Av. 1431,Recoleta,2,Los materiales deben estar lim,Papel / Cartón / Plástico / Metal / Vidrio,-58.39247363813524,-34.59242941266249
Callao Av. 1585,Recoleta,2,Los materiales deben estar lim,Papel / Cartón / Plástico / Metal / Vidrio,-58.39102843271014,-34.5910989366239
Callao Av. 1665,Recoleta,2,Los materiales deben estar lim,Papel / Cartón / Plástico / Metal / Vidrio,-58.39038856194688,-34.590521506072164
Callao Av. 1821,Recoleta,2,Los materiales deben estar lim,Papel / Cartón / Plástico / Metal / Vidrio,-58.38867779395422,-34.588980744297594
Callao Av. 1971,Recoleta,2,Los materiales deben estar lim,Papel / Cartón / Plástico / Metal / Vidrio,-58.38736205377675,-34.58786352296822
Callao Av. 2021,Recoleta,2,Los materiales deben estar lim,Papel / Cartón / Plástico / Metal / Vidrio,-58.38674035423208,-34.58737938617607
Callao Av. 937,Recoleta,2,Los materiales deben estar lim,Papel / Cartón / Plástico / Metal / Vidrio,-58.39303033639964,-34.597751951513374
Charcas 2779,Recoleta,2,Los materiales deben estar lim,Papel / Cartón / Plástico / Metal / Vidrio,-58.40579708961909,-34.5943261601082
Charcas 2953,Recoleta,2,Los materiales deben estar lim,Papel / Cartón / Plástico / Metal / Vidrio,-58.407836544399004,-34.59328609929355
Charcas 3127,Recoleta,2,Los materiales deben estar lim,Papel / Cartón / Plástico / Metal / Vidrio,-58.409877125641124,-34.59271380643652
Charcas 3275,Recoleta,2,Los materiales deben estar lim,Papel / Cartón / Plástico / Metal / Vidrio,-58.41201838135872,-34.59192681829288
"Diaz, Cnel. Av. 1492",Recoleta,2,Los materiales deben estar lim,Papel / Cartón / Plástico / Metal / Vidrio,-58.4137301784382,-34.59319538762221
"Diaz, Cnel. Av. 1668",Recoleta,2,Los materiales deben estar lim,Papel / Cartón / Plástico / Metal / Vidrio,-58.41260850931449,-34.59187224398986
"Diaz, Cnel. Av. 1702",Recoleta,2,Los materiales deben estar lim,Papel / Cartón / Plástico / Metal / Vidrio,-58.412323373946506,-34.59155319991411
"Diaz, Cnel. Av. 2080",Recoleta,2,Los materiales deben estar lim,Papel / Cartón / Plástico / Metal / Vidrio,-58.40959919247504,-34.58819107419248
"Diaz, Cnel. Av. 2286",Recoleta,2,Los materiales deben estar lim,Papel / Cartón / Plástico / Metal / Vidrio,-58.40784094012576,-34.58571865764957
Ecuador 1288,Recoleta,2,Los materiales deben estar lim,Papel / Cartón / Plástico / Metal / Vidrio,-58.4042657301532,-34.59533121401078
Ecuador 1550,Recoleta,2,Los materiales deben estar lim,Papel / Cartón / Plástico / Metal / Vidrio,-58.40296692430655,-34.59252148255055
"Estrada, Juez 2718",Recoleta,2,Los materiales deben estar lim,Papel / Cartón / Plástico / Metal / Vidrio,-58.398094078895376,-34.58021199347597
French 2404,Recoleta,2,Los materiales deben estar lim,Papel / Cartón / Plástico / Metal / Vidrio,-58.39937978601488,-34.590826260234046
French 2850,Recoleta,2,Los materiales deben estar lim,Papel / Cartón / Plástico / Metal / Vidrio,-58.403623194186736,-34.58834528390801
French 3006,Recoleta,2,Los materiales deben estar lim,Papel / Cartón / Plástico / Metal / Vidrio,-58.4056795626243,-34.587118042151566
Gallo 1257,Recoleta,2,Los materiales deben estar lim,Papel / Cartón / Plástico / Metal / Vidrio,-58.41121222996213,-34.5956299762361
Gallo 1375,Recoleta,2,Los materiales deben estar lim,Papel / Cartón / Plástico / Metal / Vidrio,-58.4104690863315,-34.5942931661439
Gallo 1661,Recoleta,2,Los materiales deben estar lim,Papel / Cartón / Plástico / Metal / Vidrio,-58.40836167221793,-34.59123151325384
Gorriti 3552,Recoleta,2,Los materiales deben estar lim,Papel / Cartón / Plástico / Metal / Vidrio,-58.414482912194195,-34.59565343231633
"Gutierrez, Juan Maria 2525",Recoleta,2,Los materiales deben estar lim,Papel / Cartón / Plástico / Metal / Vidrio,-58.398309010641306,-34.58766890890804
"Jaures, Jean 1182",Recoleta,2,Los materiales deben estar lim,Papel / Cartón / Plástico / Metal / Vidrio,-58.40637120119266,-34.59600268031423
Juncal 2294,Recoleta,2,Los materiales deben estar lim,Papel / Cartón / Plástico / Metal / Vidrio,-58.399801626765736,-34.592109834256625
Juncal 3034,Recoleta,2,Los materiales deben estar lim,Papel / Cartón / Plástico / Metal / Vidrio,-58.40768659626827,-34.587108046741065
Junin 1246,Recoleta,2,Los materiales deben estar lim,Papel / Cartón / Plástico / Metal / Vidrio,-58.39707340507357,-34.59384664744849
Junin 1442,Recoleta,2,Los materiales deben estar lim,Papel / Cartón / Plástico / Metal / Vidrio,-58.39562869430006,-34.591438437820315
Laprida 1132,Recoleta,2,Los materiales deben estar lim,Papel / Cartón / Plástico / Metal / Vidrio,-58.408300284560184,-34.59570827291875
Laprida 1470,Recoleta,2,Los materiales deben estar lim,Papel / Cartón / Plástico / Metal / Vidrio,-58.405361245288596,-34.59193215258443
Laprida 1835,Recoleta,2,Los materiales deben estar lim,Papel / Cartón / Plástico / Metal / Vidrio,-58.401447262603504,-34.58899946645664
Larrea 1231,Recoleta,2,Los materiales deben estar lim,Papel / Cartón / Plástico / Metal / Vidrio,-58.4004546853991,-34.593271380575366
Las Heras General Av. 2147,Recoleta,2,Los materiales deben estar lim,Papel / Cartón / Plástico / Metal / Vidrio,-58.39530378908364,-34.588888285712464
Las Heras General Av. 2214,Recoleta,2,Los materiales deben estar lim,Papel / Cartón / Plástico / Metal / Vidrio,-58.39619528452327,-34.588399240071645
Las Heras General Av. 2269,Recoleta,2,Los materiales deben estar lim,Papel / Cartón / Plástico / Metal / Vidrio,-58.396606876070464,-34.587837470180354
Las Heras Gral. Av. 2071,Recoleta,2,Los materiales deben estar lim,Papel / Cartón / Plástico / Metal / Vidrio,-58.394608511350455,-34.589448768240835
"Mansilla, Lucio Norberto, General 2596",Recoleta,2,Los materiales deben estar lim,Papel / Cartón / Plástico / Metal / Vidrio,-58.40452482894533,-34.596093361364645
Montevideo 1322,Recoleta,2,Los materiales deben estar lim,Papel / Cartón / Plástico / Metal / Vidrio,-58.39010802162863,-34.59392843815314
"Pacheco De Melo, Jose Andres 2250",Recoleta,2,Los materiales deben estar lim,Papel / Cartón / Plástico / Metal / Vidrio,-58.39691379082721,-34.58929541867167
"Pacheco De Melo, Jose Andres 2552",Recoleta,2,Los materiales deben estar lim,Papel / Cartón / Plástico / Metal / Vidrio,-58.40057458632808,-34.58732781390615
"Pacheco De Melo, Jose Andres 2832",Recoleta,2,Los materiales deben estar lim,Papel / Cartón / Plástico / Metal / Vidrio,-58.403089285989545,-34.58580947796167
Paraguay 1630,Recoleta,2,Los materiales deben estar lim,Papel / Cartón / Plástico / Metal / Vidrio,-58.39052841319435,-34.59857414422608
Paraguay 1838,Recoleta,2,Los materiales deben estar lim,Papel / Cartón / Plástico / Metal / Vidrio,-58.39374479463018,-34.598872888540626
Paraguay 1990,Recoleta,2,Los materiales deben estar lim,Papel / Cartón / Plástico / Metal / Vidrio,-58.39574745949902,-34.59870624269093
Paraguay 2150,Recoleta,2,Los materiales deben estar lim,Papel / Cartón / Plástico / Metal / Vidrio,-58.39817437583621,-34.598432993677
Parana 1385,Recoleta,2,Los materiales deben estar lim,Papel / Cartón / Plástico / Metal / Vidrio,-58.388823451698414,-34.59256539722123
Parana 947,Recoleta,2,Los materiales deben estar lim,Papel / Cartón / Plástico / Metal / Vidrio,-58.38819590897532,-34.59785245962623
Posadas 1593,Recoleta,2,Los materiales deben estar lim,Papel / Cartón / Plástico / Metal / Vidrio,-58.388138131603334,-34.58687049656709
"Quintana, Manuel, Pres. Av. 415",Recoleta,2,Los materiales deben estar lim,Papel / Cartón / Plástico / Metal / Vidrio,-58.38923343692343,-34.588835291942914
Sanchez De Bustamante 1990,Recoleta,2,Los materiales deben estar lim,Papel / Cartón / Plástico / Metal / Vidrio,-58.40759825838926,-34.58889130174721
Tagle 2892,Recoleta,2,Los materiales deben estar lim,Papel / Cartón / Plástico / Metal / Vidrio,-58.39710780647022,-34.57918799230365
Talcahuano|1266|pr3273,Retiro,1,Los materiales deben estar lim,Papel / Cartón / Plástico / Metal / Vidrio,-58.38605063047755,-34.59356281318661
Reconquista|1053|pr2001|,Retiro,1,Los materiales deben estar lim,Papel / Cartón / Plástico / Metal / Vidrio,-58.37319805658398,-34.5953767266435
"Pellegrini, Carlos|1387|pr3253",Retiro,1,Los materiales deben estar lim,Papel / Cartón / Plástico / Metal / Vidrio,-58.38150654520213,-34.59177441025841
Suipacha|910|pr3618|,Retiro,1,Los materiales deben estar lim,Papel / Cartón / Plástico / Metal / Vidrio,-58.379889395393725,-34.59759642103466
"Pellegrini, Carlos|1157|pr3264",Retiro,1,Los materiales deben estar lim,Papel / Cartón / Plástico / Metal / Vidrio,-58.38145841330308,-34.59476276404267
Paraguay|780|pr21|,Retiro,1,Los materiales deben estar lim,Papel / Cartón / Plástico / Metal / Vidrio,-58.37799323198874,-34.59767811957925
Paraguay|310|pr3286,Retiro,1,Los materiales deben estar lim,Papel / Cartón / Plástico / Metal / Vidrio,-58.37216311907449,-34.597238431661694
Paraguay|418|pr4206|,Retiro,1,Los materiales deben estar lim,Papel / Cartón / Plástico / Metal / Vidrio,-58.37324123130132,-34.59738750530692
Paraguay|1240|pr3106|,Retiro,1,Los materiales deben estar lim,Papel / Cartón / Plástico / Metal / Vidrio,-58.384745635583336,-34.59814996128522
"Pellegrini, Carlos|955|pr3292",Retiro,1,Los materiales deben estar lim,Papel / Cartón / Plástico / Metal / Vidrio,-58.38133031913778,-34.59719681996222
Esmeralda|1397|pr3276,Retiro,1,Los materiales deben estar lim,Papel / Cartón / Plástico / Metal / Vidrio,-58.37789751478294,-34.5912438987438
Esmeralda|1087|pr3291,Retiro,1,Los materiales deben estar lim,Papel / Cartón / Plástico / Metal / Vidrio,-58.37844952390281,-34.595346434839556
Cerrito|1020|pr3103,Retiro,1,Los materiales deben estar lim,Papel / Cartón / Plástico / Metal / Vidrio,-58.382736214531874,-34.5965883799225
Alvear|1428|pr108|,Retiro,1,Los materiales deben estar lim,Papel / Cartón / Plástico / Metal / Vidrio,-58.384476426272805,-34.59080241858711
Arenales|1186|pr3102,Retiro,1,Los materiales deben estar lim,Papel / Cartón / Plástico / Metal / Vidrio,-58.38420350318978,-34.59445241673764
Arenales|960|pr3177,Retiro,1,Los materiales deben estar lim,Papel / Cartón / Plástico / Metal / Vidrio,-58.3808588204414,-34.59417428673897
"Alvear, Marcelo T. De|1379|pr3105",Retiro,1,Los materiales deben estar lim,Papel / Cartón / Plástico / Metal / Vidrio,-58.38669710848102,-34.59698543953888
Guido 1646,Retiro,1,Los materiales deben estar lim,Papel / Cartón / Plástico / Metal / Vidrio,-58.388413039809706,-34.59133097006587
Quintana 4463,Saavedra,12,Los materiales deben estar lim,Papel / Cartón / Plástico / Metal / Vidrio,-58.479504176482386,-34.545683280194915
Vedia 2589,Saavedra,12,Los materiales deben estar lim,Papel / Cartón / Plástico / Metal / Vidrio,-58.47701419329834,-34.54060504314173
20 De Febrero 5665,Saavedra,12,Los materiales deben estar lim,Papel / Cartón / Plástico / Metal / Vidrio,-58.50043160148274,-34.5645194535748
"Acha, Mariano, Gral. 3797",Saavedra,12,Los materiales deben estar lim,Papel / Cartón / Plástico / Metal / Vidrio,-58.48931086093209,-34.557698834341856
"Acha, Mariano, Gral. 4087",Saavedra,12,Los materiales deben estar lim,Papel / Cartón / Plástico / Metal / Vidrio,-58.490899693878085,-34.555416592425416
"Acha, Mariano, Gral. 4375",Saavedra,12,Los materiales deben estar lim,Papel / Cartón / Plástico / Metal / Vidrio,-58.492388147651695,-34.553271547990114
"Acha, Mariano, Gral. 4585",Saavedra,12,Los materiales deben estar lim,Papel / Cartón / Plástico / Metal / Vidrio,-58.493540314721244,-34.55162786178683
"Acha, Mariano, Gral. 4845",Saavedra,12,Los materiales deben estar lim,Papel / Cartón / Plástico / Metal / Vidrio,-58.4950009765312,-34.549549179171485
Aizpurua 3748,Saavedra,12,Los materiales deben estar lim,Papel / Cartón / Plástico / Metal / Vidrio,-58.50542767343613,-34.56549161098989
Andonaegui 3750,Saavedra,12,Los materiales deben estar lim,Papel / Cartón / Plástico / Metal / Vidrio,-58.50036760269584,-34.56311603402476
Andonaegui 3756,Saavedra,12,Los materiales deben estar lim,Papel / Cartón / Plástico / Metal / Vidrio,-58.50051903295691,-34.5629232252446
Argelia 2750,Saavedra,12,Los materiales deben estar lim,Papel / Cartón / Plástico / Metal / Vidrio,-58.47855324800828,-34.541663763005154
Arias 3821,Saavedra,12,Los materiales deben estar lim,Papel / Cartón / Plástico / Metal / Vidrio,-58.48706468644825,-34.54797844384908
Arias 4185,Saavedra,12,Los materiales deben estar lim,Papel / Cartón / Plástico / Metal / Vidrio,-58.48982435874422,-34.549382628966285
Ciudad De La Paz 3880,Saavedra,12,Los materiales deben estar lim,Papel / Cartón / Plástico / Metal / Vidrio,-58.470981501697054,-34.5465648296535
Conde 4212,Saavedra,12,Los materiales deben estar lim,Papel / Cartón / Plástico / Metal / Vidrio,-58.480828721452376,-34.548775524699735
Conde 4470,Saavedra,12,Los materiales deben estar lim,Papel / Cartón / Plástico / Metal / Vidrio,-58.48227016099308,-34.546866294432036
Conde 4620,Saavedra,12,Los materiales deben estar lim,Papel / Cartón / Plástico / Metal / Vidrio,-58.48321110478887,-34.54562218265369
Conesa 3979,Saavedra,12,Los materiales deben estar lim,Papel / Cartón / Plástico / Metal / Vidrio,-58.47551438273803,-34.54905019212719
Conesa 4351,Saavedra,12,Los materiales deben estar lim,Papel / Cartón / Plástico / Metal / Vidrio,-58.47705094327376,-34.54592279415589
Correa 2575,Saavedra,12,Los materiales deben estar lim,Papel / Cartón / Plástico / Metal / Vidrio,-58.474158756354065,-34.54442500417343
Correa 3750,Saavedra,12,Los materiales deben estar lim,Papel / Cartón / Plástico / Metal / Vidrio,-58.485925152446434,-34.54958758759692
Cramer 3775,Saavedra,12,Los materiales deben estar lim,Papel / Cartón / Plástico / Metal / Vidrio,-58.47386761017681,-34.54990969350273
Cramer 4061,Saavedra,12,Los materiales deben estar lim,Papel / Cartón / Plástico / Metal / Vidrio,-58.475267822730125,-34.54719361335224
Deheza 2810,Saavedra,12,Los materiales deben estar lim,Papel / Cartón / Plástico / Metal / Vidrio,-58.47769877672021,-34.54283355911789
Deheza 4261,Saavedra,12,Los materiales deben estar lim,Papel / Cartón / Plástico / Metal / Vidrio,-58.49124464756883,-34.54901956291602
Donado 3676,Saavedra,12,Los materiales deben estar lim,Papel / Cartón / Plástico / Metal / Vidrio,-58.48686900599166,-34.557764412214986
Estomba 3574,Saavedra,12,Los materiales deben estar lim,Papel / Cartón / Plástico / Metal / Vidrio,-58.48217337311586,-34.55721509027119
Estomba 3861,Saavedra,12,Los materiales deben estar lim,Papel / Cartón / Plástico / Metal / Vidrio,-58.484231197252136,-34.55438717737272
Estomba 4125,Saavedra,12,Los materiales deben estar lim,Papel / Cartón / Plástico / Metal / Vidrio,-58.485786639383086,-34.55235044054644
"Freire, Ramon, Cap. Gral. 3621",Saavedra,12,Los materiales deben estar lim,Papel / Cartón / Plástico / Metal / Vidrio,-58.47615615560167,-34.553074662966964
"Freire, Ramon, Cap. Gral. 4495",Saavedra,12,Los materiales deben estar lim,Papel / Cartón / Plástico / Metal / Vidrio,-58.48138748838583,-34.54619395572424
"Freire, Ramon, Cap. Gral. 4767",Saavedra,12,Los materiales deben estar lim,Papel / Cartón / Plástico / Metal / Vidrio,-58.482980923902424,-34.54409473383365
Galvan 3553,Saavedra,12,Los materiales deben estar lim,Papel / Cartón / Plástico / Metal / Vidrio,-58.491438933275106,-34.56191842346965
Garcia Del Rio 3866,Saavedra,12,Los materiales deben estar lim,Papel / Cartón / Plástico / Metal / Vidrio,-58.48307364607718,-34.55342155872322
Garcia Del Rio Av. 2441,Saavedra,12,Los materiales deben estar lim,Papel / Cartón / Plástico / Metal / Vidrio,-58.469433459690336,-34.54839301724812
Holmberg 3549,Saavedra,12,Los materiales deben estar lim,Papel / Cartón / Plástico / Metal / Vidrio,-58.484757479993824,-34.55882521797869
Holmberg 3831,Saavedra,12,Los materiales deben estar lim,Papel / Cartón / Plástico / Metal / Vidrio,-58.48673583846941,-34.55598936302468
Holmberg 4345,Saavedra,12,Los materiales deben estar lim,Papel / Cartón / Plástico / Metal / Vidrio,-58.48956065698375,-34.55189639681135
Jaramillo 2660,Saavedra,12,Los materiales deben estar lim,Papel / Cartón / Plástico / Metal / Vidrio,-58.471121704322286,-34.54933290815629
Jaramillo 3076,Saavedra,12,Los materiales deben estar lim,Papel / Cartón / Plástico / Metal / Vidrio,-58.47477961302656,-34.55124223050914
Jaramillo 3446,Saavedra,12,Los materiales deben estar lim,Papel / Cartón / Plástico / Metal / Vidrio,-58.47817850210233,-34.55301957726914
Jaramillo 3670,Saavedra,12,Los materiales deben estar lim,Papel / Cartón / Plástico / Metal / Vidrio,-58.47992021811952,-34.55393932346367
Jaramillo 3976,Saavedra,12,Los materiales deben estar lim,Papel / Cartón / Plástico / Metal / Vidrio,-58.48303306275711,-34.55555507350943
"Larralde, Crisologo Av. 3557",Saavedra,12,Los materiales deben estar lim,Papel / Cartón / Plástico / Metal / Vidrio,-58.47833603090919,-34.55452391316322
"Larralde, Crisologo Av. 3731",Saavedra,12,Los materiales deben estar lim,Papel / Cartón / Plástico / Metal / Vidrio,-58.480065097674014,-34.555478268693484
Lugones 3550,Saavedra,12,Los materiales deben estar lim,Papel / Cartón / Plástico / Metal / Vidrio,-58.48864012729252,-34.560635514503524
Lugones 3894,Saavedra,12,Los materiales deben estar lim,Papel / Cartón / Plástico / Metal / Vidrio,-58.4908236211492,-34.55749236584852
Lugones 4132,Saavedra,12,Los materiales deben estar lim,Papel / Cartón / Plástico / Metal / Vidrio,-58.49221941958879,-34.55547799113194
Lugones 4470,Saavedra,12,Los materiales deben estar lim,Papel / Cartón / Plástico / Metal / Vidrio,-58.493911393414976,-34.55304820650676
Lugones 4784,Saavedra,12,Los materiales deben estar lim,Papel / Cartón / Plástico / Metal / Vidrio,-58.49566069324384,-34.550560611960556
Macedonio Fernandez 5894,Saavedra,12,Los materiales deben estar lim,Papel / Cartón / Plástico / Metal / Vidrio,-58.5026105443449,-34.56526753452548
Machain 3830,Saavedra,12,Los materiales deben estar lim,Papel / Cartón / Plástico / Metal / Vidrio,-58.48871026092527,-34.556934564892025
Machain 4006,Saavedra,12,Los materiales deben estar lim,Papel / Cartón / Plástico / Metal / Vidrio,-58.48968325498232,-34.55551236398609
Machain 4230,Saavedra,12,Los materiales deben estar lim,Papel / Cartón / Plástico / Metal / Vidrio,-58.490918704252685,-34.5537237463523
Machain 4460,Saavedra,12,Los materiales deben estar lim,Papel / Cartón / Plástico / Metal / Vidrio,-58.492021956138615,-34.5521397438469
Machain 4768,Saavedra,12,Los materiales deben estar lim,Papel / Cartón / Plástico / Metal / Vidrio,-58.49372077898097,-34.54971735597647
"Malharro, Martin A. 2519",Saavedra,12,Los materiales deben estar lim,Papel / Cartón / Plástico / Metal / Vidrio,-58.47514758434668,-34.5414413097568
Manzanares 3717,Saavedra,12,Los materiales deben estar lim,Papel / Cartón / Plástico / Metal / Vidrio,-58.48140235590558,-34.55355023402523
Miller 3717,Saavedra,12,Los materiales deben estar lim,Papel / Cartón / Plástico / Metal / Vidrio,-58.49086154025618,-34.559091911982634
Miller 4051,Saavedra,12,Los materiales deben estar lim,Papel / Cartón / Plástico / Metal / Vidrio,-58.49260979872272,-34.55657109522877
Miller 4325,Saavedra,12,Los materiales deben estar lim,Papel / Cartón / Plástico / Metal / Vidrio,-58.49405541135621,-34.554501834602085
Miller 4553,Saavedra,12,Los materiales deben estar lim,Papel / Cartón / Plástico / Metal / Vidrio,-58.4952385541257,-34.55281364009724
Miller 4865,Saavedra,12,Los materiales deben estar lim,Papel / Cartón / Plástico / Metal / Vidrio,-58.49694002963305,-34.550387758321634
Moldes 3860,Saavedra,12,Los materiales deben estar lim,Papel / Cartón / Plástico / Metal / Vidrio,-58.47254117774681,-34.548221905578345
Moldes 4180,Saavedra,12,Los materiales deben estar lim,Papel / Cartón / Plástico / Metal / Vidrio,-58.4738195383655,-34.545631699010336
Naon Romulo 4228,Saavedra,12,Los materiales deben estar lim,Papel / Cartón / Plástico / Metal / Vidrio,-58.48552152093208,-34.551141199300496
Paroissien 2861,Saavedra,12,Los materiales deben estar lim,Papel / Cartón / Plástico / Metal / Vidrio,-58.47430593441056,-34.54832756016344
Paroissien 3731,Saavedra,12,Los materiales deben estar lim,Papel / Cartón / Plástico / Metal / Vidrio,-58.48269844009595,-34.55207571206966
"Pellegrini, Carlos E. 6015",Saavedra,12,Los materiales deben estar lim,Papel / Cartón / Plástico / Metal / Vidrio,-58.50437792684528,-34.564214664174685
"Perez, Roque 4243",Saavedra,12,Los materiales deben estar lim,Papel / Cartón / Plástico / Metal / Vidrio,-58.48274168229526,-34.54951676127
"Perez, Roque 4428",Saavedra,12,Los materiales deben estar lim,Papel / Cartón / Plástico / Metal / Vidrio,-58.483925549623535,-34.54807499447896
Pico 4172,Saavedra,12,Los materiales deben estar lim,Papel / Cartón / Plástico / Metal / Vidrio,-58.49080077032016,-34.54783965097039
Pinto 3747,Saavedra,12,Los materiales deben estar lim,Papel / Cartón / Plástico / Metal / Vidrio,-58.47612474246373,-34.551355118510976
Pinto 4146,Saavedra,12,Los materiales deben estar lim,Papel / Cartón / Plástico / Metal / Vidrio,-58.47853571859741,-34.548358559648044
Pinto 4371,Saavedra,12,Los materiales deben estar lim,Papel / Cartón / Plástico / Metal / Vidrio,-58.479700508956036,-34.54668835775863
Pinto 4569,Saavedra,12,Los materiales deben estar lim,Papel / Cartón / Plástico / Metal / Vidrio,-58.4808328730367,-34.545194344490554
Pinto 4835,Saavedra,12,Los materiales deben estar lim,Papel / Cartón / Plástico / Metal / Vidrio,-58.48249192468987,-34.54301174778633
Quintana 4675,Saavedra,12,Los materiales deben estar lim,Papel / Cartón / Plástico / Metal / Vidrio,-58.4803297902733,-34.54401145039885
Quintana 4840,Saavedra,12,Los materiales deben estar lim,Papel / Cartón / Plástico / Metal / Vidrio,-58.481079011307834,-34.542627492152306
Ramallo 4255,Saavedra,12,Los materiales deben estar lim,Papel / Cartón / Plástico / Metal / Vidrio,-58.49017389639777,-34.550609508060326
Rastreador Fournier 5670,Saavedra,12,Los materiales deben estar lim,Papel / Cartón / Plástico / Metal / Vidrio,-58.50218694273636,-34.56218160737167
Ruiz Huidobro 2762,Saavedra,12,Los materiales deben estar lim,Papel / Cartón / Plástico / Metal / Vidrio,-58.4755472768974,-34.54594790269696
Ruiz Huidobro Av. 3935,Saavedra,12,Los materiales deben estar lim,Papel / Cartón / Plástico / Metal / Vidrio,-58.487412658614005,-34.55109502732289
San Isidro Labrador Av. 4233,Saavedra,12,Los materiales deben estar lim,Papel / Cartón / Plástico / Metal / Vidrio,-58.472081992506105,-34.54531735336232
San Isidro Labrador Av. 4550,Saavedra,12,Los materiales deben estar lim,Papel / Cartón / Plástico / Metal / Vidrio,-58.4740516160346,-34.543034708132204
Superi 4327,Saavedra,12,Los materiales deben estar lim,Papel / Cartón / Plástico / Metal / Vidrio,-58.48235739658494,-34.54831445261385
Superi 4545,Saavedra,12,Los materiales deben estar lim,Papel / Cartón / Plástico / Metal / Vidrio,-58.48357284138553,-34.54670489363441
Superi 4837,Saavedra,12,Los materiales deben estar lim,Papel / Cartón / Plástico / Metal / Vidrio,-58.48526102013295,-34.5444838192353
Tronador 3720,Saavedra,12,Los materiales deben estar lim,Papel / Cartón / Plástico / Metal / Vidrio,-58.4844593044112,-34.5558663026235
Tronador 4012,Saavedra,12,Los materiales deben estar lim,Papel / Cartón / Plástico / Metal / Vidrio,-58.486065338927276,-34.55369211149761
Tronador 4226,Saavedra,12,Los materiales deben estar lim,Papel / Cartón / Plástico / Metal / Vidrio,-58.48733073911789,-34.55197164537103
Tronador 4460,Saavedra,12,Los materiales deben estar lim,Papel / Cartón / Plástico / Metal / Vidrio,-58.488558019518095,-34.55032736041529
Valdenegro 3670,Saavedra,12,Los materiales deben estar lim,Papel / Cartón / Plástico / Metal / Vidrio,-58.49116334753396,-34.56038068531252
Valdenegro 3835,Saavedra,12,Los materiales deben estar lim,Papel / Cartón / Plástico / Metal / Vidrio,-58.492224182411974,-34.55878497051758
Valdenegro 4464,Saavedra,12,Los materiales deben estar lim,Papel / Cartón / Plástico / Metal / Vidrio,-58.49576363568058,-34.554014173155586
Valdenegro 4708,Saavedra,12,Los materiales deben estar lim,Papel / Cartón / Plástico / Metal / Vidrio,-58.49716025637406,-34.5520270401833
Valdenegro 4926,Saavedra,12,Los materiales deben estar lim,Papel / Cartón / Plástico / Metal / Vidrio,-58.49833816081144,-34.55034139410427
Vidal 3677,Saavedra,12,Los materiales deben estar lim,Papel / Cartón / Plástico / Metal / Vidrio,-58.47233760330869,-34.55030534773429
Vidal 4587,Saavedra,12,Los materiales deben estar lim,Papel / Cartón / Plástico / Metal / Vidrio,-58.476378475510195,-34.542539010703976
Vilela 2720,Saavedra,12,Los materiales deben estar lim,Papel / Cartón / Plástico / Metal / Vidrio,-58.47334324779573,-34.547111063046835
Vilela 3032,Saavedra,12,Los materiales deben estar lim,Papel / Cartón / Plástico / Metal / Vidrio,-58.47643362152865,-34.54816597690086
Washington 3691,Saavedra,12,Los materiales deben estar lim,Papel / Cartón / Plástico / Metal / Vidrio,-58.48129134504155,-34.554832622782214
Washington 4171,Saavedra,12,Los materiales deben estar lim,Papel / Cartón / Plástico / Metal / Vidrio,-58.484166804053956,-34.55105524492375
"Williams, Alberto 5867",Saavedra,12,Los materiales deben estar lim,Papel / Cartón / Plástico / Metal / Vidrio,-58.50183588474123,-34.56395954692641
"Yrurtia, Rogelio 6002",Saavedra,12,Los materiales deben estar lim,Papel / Cartón / Plástico / Metal / Vidrio,-58.50363819724604,-34.56431607837243
Zapiola 4260,Saavedra,12,Los materiales deben estar lim,Papel / Cartón / Plástico / Metal / Vidrio,-58.47775849296412,-34.54707807413077
Zapiola 4518,Saavedra,12,Los materiales deben estar lim,Papel / Cartón / Plástico / Metal / Vidrio,-58.478893386737816,-34.54473609287738
Zapiola 4732,Saavedra,12,Los materiales deben estar lim,Papel / Cartón / Plástico / Metal / Vidrio,-58.479713845839015,-34.54306068875195
Cramer Av. 4350,Saavedra,12,Los materiales deben estar lim,Papel / Cartón / Plástico / Metal / Vidrio,-58.47652471172127,-34.54481763372351
"Perez, Roque 4736",Saavedra,12,Los materiales deben estar lim,Papel / Cartón / Plástico / Metal / Vidrio,-58.485651826548754,-34.545801371976296
San Juan Av. 2470,San Cristobal,3,Los materiales deben estar lim,Papel / Cartón / Plástico / Metal / Vidrio,-58.40002805447555,-34.62359672771374
San Juan Av. 1942,San Cristobal,3,Los materiales deben estar lim,Papel / Cartón / Plástico / Metal / Vidrio,-58.39333080327277,-34.62293029470395
San Juan Av. 2166,San Cristobal,3,Los materiales deben estar lim,Papel / Cartón / Plástico / Metal / Vidrio,-58.39569774874116,-34.62308394275344
Humberto 1?|847|pr3209,San Cristobal,3,Los materiales deben estar lim,Papel / Cartón / Plástico / Metal / Vidrio,-58.39236025919519,-34.621553599497695
Humberto 1? 2945,San Cristobal,3,Los materiales deben estar lim,Papel / Cartón / Plástico / Metal / Vidrio,-58.406554832620735,-34.62306835638959
Humberto 1? 2795,San Cristobal,3,Los materiales deben estar lim,Papel / Cartón / Plástico / Metal / Vidrio,-58.404156277156666,-34.62267389637991
Humberto 1? 3115,San Cristobal,3,Los materiales deben estar lim,Papel / Cartón / Plástico / Metal / Vidrio,-58.40921995835177,-34.62349853909689
Humberto 1? 2561,San Cristobal,3,Los materiales deben estar lim,Papel / Cartón / Plástico / Metal / Vidrio,-58.40099063171143,-34.62221519465673
Humberto 1? 2201,San Cristobal,3,Los materiales deben estar lim,Papel / Cartón / Plástico / Metal / Vidrio,-58.39696504534279,-34.62176815144551
Humberto 1? 2109,San Cristobal,3,Los materiales deben estar lim,Papel / Cartón / Plástico / Metal / Vidrio,-58.39584795138199,-34.621715234930726
24 De Noviembre 1536,San Cristobal,3,Los materiales deben estar lim,Papel / Cartón / Plástico / Metal / Vidrio,-58.40988336943207,-34.62911693261471
"Calvo, Carlos 3099",San Cristobal,3,Los materiales deben estar lim,Papel / Cartón / Plástico / Metal / Vidrio,-58.4090039160658,-34.622332482698596
Cochabamba 2243,San Cristobal,3,Los materiales deben estar lim,Papel / Cartón / Plástico / Metal / Vidrio,-58.39663031726912,-34.62433867474083
Cochabamba 3271,San Cristobal,3,Los materiales deben estar lim,Papel / Cartón / Plástico / Metal / Vidrio,-58.411421319566514,-34.62638778132755
Combate De Los Pozos 1533,San Cristobal,3,Los materiales deben estar lim,Papel / Cartón / Plástico / Metal / Vidrio,-58.392323481104995,-34.62671241805906
Constitucion 2814,San Cristobal,3,Los materiales deben estar lim,Papel / Cartón / Plástico / Metal / Vidrio,-58.40419984783686,-34.62685457365804
Estados Unidos 3046,San Cristobal,3,Los materiales deben estar lim,Papel / Cartón / Plástico / Metal / Vidrio,-58.40830371354505,-34.62105041253215
Pavon 2010,San Cristobal,3,Los materiales deben estar lim,Papel / Cartón / Plástico / Metal / Vidrio,-58.393532659971385,-34.62662935849961
Pavon 2434,San Cristobal,3,Los materiales deben estar lim,Papel / Cartón / Plástico / Metal / Vidrio,-58.39950693940695,-34.62730313174866
Sarandi 1002,San Cristobal,3,Los materiales deben estar lim,Papel / Cartón / Plástico / Metal / Vidrio,-58.39445535670145,-34.6206499416998
Sarandi 1248,San Cristobal,3,Los materiales deben estar lim,Papel / Cartón / Plástico / Metal / Vidrio,-58.39363746484532,-34.62342198351891
"Calvo, Carlos 2193",San Cristobal,3,Los materiales deben estar lim,Papel / Cartón / Plástico / Metal / Vidrio,-58.397004943240375,-34.62066682890381
"Calvo, Carlos 2381",San Cristobal,3,Los materiales deben estar lim,Papel / Cartón / Plástico / Metal / Vidrio,-58.399526920282696,-34.62084235385316
"Calvo, Carlos 2527",San Cristobal,3,Los materiales deben estar lim,Papel / Cartón / Plástico / Metal / Vidrio,-58.40110213132723,-34.620960886432876
"Calvo, Carlos 2829",San Cristobal,3,Los materiales deben estar lim,Papel / Cartón / Plástico / Metal / Vidrio,-58.405030578915195,-34.621551227764826
"Calvo, Carlos 3275",San Cristobal,3,Los materiales deben estar lim,Papel / Cartón / Plástico / Metal / Vidrio,-58.4117812678075,-34.622869889382955
Cochabamba 2547,San Cristobal,3,Los materiales deben estar lim,Papel / Cartón / Plástico / Metal / Vidrio,-58.40088889365222,-34.624965232457576
Cochabamba 2929,San Cristobal,3,Los materiales deben estar lim,Papel / Cartón / Plástico / Metal / Vidrio,-58.40593235265287,-34.6257542823156
Constitucion 1991,San Cristobal,3,Los materiales deben estar lim,Papel / Cartón / Plástico / Metal / Vidrio,-58.39326109458257,-34.62530439883408
Constitucion 2191,San Cristobal,3,Los materiales deben estar lim,Papel / Cartón / Plástico / Metal / Vidrio,-58.39555460101378,-34.62553044150512
Constitucion 2336,San Cristobal,3,Los materiales deben estar lim,Papel / Cartón / Plástico / Metal / Vidrio,-58.39796572715106,-34.62587420183943
Constitucion 2636,San Cristobal,3,Los materiales deben estar lim,Papel / Cartón / Plástico / Metal / Vidrio,-58.402096741325096,-34.62651973136362
Constitucion 3066,San Cristobal,3,Los materiales deben estar lim,Papel / Cartón / Plástico / Metal / Vidrio,-58.40804157610857,-34.62735364907949
Constitucion 3258,San Cristobal,3,Los materiales deben estar lim,Papel / Cartón / Plástico / Metal / Vidrio,-58.41122187795526,-34.62758430431328
Estados Unidos 1888,San Cristobal,3,Los materiales deben estar lim,Papel / Cartón / Plástico / Metal / Vidrio,-58.39294419342192,-34.61924962291612
Estados Unidos 2096,San Cristobal,3,Los materiales deben estar lim,Papel / Cartón / Plástico / Metal / Vidrio,-58.39576708217217,-34.619601371692504
Estados Unidos 2252,San Cristobal,3,Los materiales deben estar lim,Papel / Cartón / Plástico / Metal / Vidrio,-58.39807382992995,-34.619661178306636
Estados Unidos 2438,San Cristobal,3,Los materiales deben estar lim,Papel / Cartón / Plástico / Metal / Vidrio,-58.400356477680916,-34.619751440740046
Estados Unidos 2610,San Cristobal,3,Los materiales deben estar lim,Papel / Cartón / Plástico / Metal / Vidrio,-58.40232665012014,-34.619829324724144
Estados Unidos 2820,San Cristobal,3,Los materiales deben estar lim,Papel / Cartón / Plástico / Metal / Vidrio,-58.40523695808405,-34.620357899963864
Estados Unidos 3182,San Cristobal,3,Los materiales deben estar lim,Papel / Cartón / Plástico / Metal / Vidrio,-58.41004684648797,-34.62148333584242
Independencia Av. 1863,San Cristobal,3,Los materiales deben estar lim,Papel / Cartón / Plástico / Metal / Vidrio,-58.392635668465914,-34.61811904542203
Independencia Av. 2057,San Cristobal,3,Los materiales deben estar lim,Papel / Cartón / Plástico / Metal / Vidrio,-58.39541491390341,-34.61826710405175
Independencia Av. 2215,San Cristobal,3,Los materiales deben estar lim,Papel / Cartón / Plástico / Metal / Vidrio,-58.39781339925643,-34.61839143001623
Independencia Av. 2405,San Cristobal,3,Los materiales deben estar lim,Papel / Cartón / Plástico / Metal / Vidrio,-58.400166572697394,-34.618523841027724
Independencia Av. 2787,San Cristobal,3,Los materiales deben estar lim,Papel / Cartón / Plástico / Metal / Vidrio,-58.40476709553666,-34.6190100115492
Independencia Av. 2943,San Cristobal,3,Los materiales deben estar lim,Papel / Cartón / Plástico / Metal / Vidrio,-58.406951757715575,-34.61945618347571
Independencia Av. 3129,San Cristobal,3,Los materiales deben estar lim,Papel / Cartón / Plástico / Metal / Vidrio,-58.409784207143765,-34.62004178862333
Jujuy Av. 1021,San Cristobal,3,Los materiales deben estar lim,Papel / Cartón / Plástico / Metal / Vidrio,-58.40280910913281,-34.62151629540476
Jujuy Av. 1287,San Cristobal,3,Los materiales deben estar lim,Papel / Cartón / Plástico / Metal / Vidrio,-58.4020072673887,-34.624985584426256
Jujuy Av. 1485,San Cristobal,3,Los materiales deben estar lim,Papel / Cartón / Plástico / Metal / Vidrio,-58.40147837838924,-34.62720302872875
Jujuy Av. 885,San Cristobal,3,Los materiales deben estar lim,Papel / Cartón / Plástico / Metal / Vidrio,-58.40338788246474,-34.61958852635315
Pavon 2262,San Cristobal,3,Los materiales deben estar lim,Papel / Cartón / Plástico / Metal / Vidrio,-58.39648590375692,-34.62691816457964
Pavon 2794,San Cristobal,3,Los materiales deben estar lim,Papel / Cartón / Plástico / Metal / Vidrio,-58.403607483121405,-34.62779015818391
Pavon 2978,San Cristobal,3,Los materiales deben estar lim,Papel / Cartón / Plástico / Metal / Vidrio,-58.406321993208486,-34.62812669646858
Pavon 3168,San Cristobal,3,Los materiales deben estar lim,Papel / Cartón / Plástico / Metal / Vidrio,-58.40943927566481,-34.62864794919191
Pavon 3284,San Cristobal,3,Los materiales deben estar lim,Papel / Cartón / Plástico / Metal / Vidrio,-58.41148833704406,-34.62917741612153
San Juan Av. 2800,San Cristobal,3,Los materiales deben estar lim,Papel / Cartón / Plástico / Metal / Vidrio,-58.403352458588,-34.62400750509344
San Juan Av. 3038,San Cristobal,3,Los materiales deben estar lim,Papel / Cartón / Plástico / Metal / Vidrio,-58.40781223094125,-34.62456017616981
San Juan Av. 3132,San Cristobal,3,Los materiales deben estar lim,Papel / Cartón / Plástico / Metal / Vidrio,-58.409336574916885,-34.62473538760695
Sarandi 1494,San Cristobal,3,Los materiales deben estar lim,Papel / Cartón / Plástico / Metal / Vidrio,-58.393293150344256,-34.626319434447154
Viamonte|414|pr3430,San Nicolas,1,Los materiales deben estar lim,Papel / Cartón / Plástico / Metal / Vidrio,-58.37295783809756,-34.59972887405432
Viamonte|1730|pr3178,San Nicolas,1,Los materiales deben estar lim,Papel / Cartón / Plástico / Metal / Vidrio,-58.39186021433726,-34.60080700950617
Uruguay Av.|492|pr3180,San Nicolas,1,Los materiales deben estar lim,Papel / Cartón / Plástico / Metal / Vidrio,-58.386732576681695,-34.60302988816915
Reconquista|740|pr1730|,San Nicolas,1,Los materiales deben estar lim,Papel / Cartón / Plástico / Metal / Vidrio,-58.372721494781366,-34.5992188743047
Reconquista |414|pr3267,San Nicolas,1,Los materiales deben estar lim,Papel / Cartón / Plástico / Metal / Vidrio,-58.372509237097994,-34.602974193770784
Viamonte|950|pr3288,San Nicolas,1,Los materiales deben estar lim,Papel / Cartón / Plástico / Metal / Vidrio,-58.380417116535945,-34.600164947960835
Viamonte|875|pr3289,San Nicolas,1,Los materiales deben estar lim,Papel / Cartón / Plástico / Metal / Vidrio,-58.37923003739286,-34.60008919277419
Viamonte|710|pr2037|,San Nicolas,1,Los materiales deben estar lim,Papel / Cartón / Plástico / Metal / Vidrio,-58.377065693119384,-34.60001043385657
Tucuman|831|pr2796|,San Nicolas,1,Los materiales deben estar lim,Papel / Cartón / Plástico / Metal / Vidrio,-58.378680136461895,-34.60121039995131
Tucuman|1679|pr3268,San Nicolas,1,Los materiales deben estar lim,Papel / Cartón / Plástico / Metal / Vidrio,-58.39082173255677,-34.60184714128153
Suipacha|60|pr3122,San Nicolas,1,Los materiales deben estar lim,Papel / Cartón / Plástico / Metal / Vidrio,-58.379292273094705,-34.60766268660036
Sarmiento|1225|pr3182,San Nicolas,1,Los materiales deben estar lim,Papel / Cartón / Plástico / Metal / Vidrio,-58.38392239869559,-34.60508598142634
Suipacha|483|pr3314,San Nicolas,1,Los materiales deben estar lim,Papel / Cartón / Plástico / Metal / Vidrio,-58.37949789430843,-34.60259679072485
San Martin|579|pr3174,San Nicolas,1,Los materiales deben estar lim,Papel / Cartón / Plástico / Metal / Vidrio,-58.373942503263464,-34.60121515457592
"Peron, Juan Domingo, Tte. General|1267|pr3184",San Nicolas,1,Los materiales deben estar lim,Papel / Cartón / Plástico / Metal / Vidrio,-58.38446912714936,-34.60627522787782
"Peron, Juan Domingo, Tte. General|856|pr3301",San Nicolas,1,Los materiales deben estar lim,Papel / Cartón / Plástico / Metal / Vidrio,-58.37886522808729,-34.606008492181715
"Peron, Juan Domingo, Tte. General|360|pr3302",San Nicolas,1,Los materiales deben estar lim,Papel / Cartón / Plástico / Metal / Vidrio,-58.37172060632752,-34.60549704479975
Parana|467|pr3294,San Nicolas,1,Los materiales deben estar lim,Papel / Cartón / Plástico / Metal / Vidrio,-58.38788664573982,-34.60340044238551
Sarmiento|473|pr3303,San Nicolas,1,Los materiales deben estar lim,Papel / Cartón / Plástico / Metal / Vidrio,-58.37336030915542,-34.60440128568995
"Mitre, Bartolome|1610|pr625|",San Nicolas,1,Los materiales deben estar lim,Papel / Cartón / Plástico / Metal / Vidrio,-58.389432727636205,-34.60785515037238
"Mitre, Bartolome|678|pr3299",San Nicolas,1,Los materiales deben estar lim,Papel / Cartón / Plástico / Metal / Vidrio,-58.376081077644685,-34.60696862011508
Montevideo|498|pr4194,San Nicolas,1,Los materiales deben estar lim,Papel / Cartón / Plástico / Metal / Vidrio,-58.38949178736494,-34.60326803245723
"Mitre, Bartolome|1592|pr589|",San Nicolas,1,Los materiales deben estar lim,Papel / Cartón / Plástico / Metal / Vidrio,-58.38905387715172,-34.60783152156369
Maipu|316|pr3284,San Nicolas,1,Los materiales deben estar lim,Papel / Cartón / Plástico / Metal / Vidrio,-58.37663916871811,-34.60440285171774
Lavalle|1715|pr3272,San Nicolas,1,Los materiales deben estar lim,Papel / Cartón / Plástico / Metal / Vidrio,-58.39144330439593,-34.60306461305842
Corrientes Av.|1254|pr3107,San Nicolas,1,Los materiales deben estar lim,Papel / Cartón / Plástico / Metal / Vidrio,-58.38448189191938,-34.6039553922901
Cordoba Av.|1375|pr3230,San Nicolas,1,Los materiales deben estar lim,Papel / Cartón / Plástico / Metal / Vidrio,-58.38651915019104,-34.599193555746275
"Peron, Juan Domingo, Tte. General 1827",San Nicolas,1,Los materiales deben estar lim,Papel / Cartón / Plástico / Metal / Vidrio,-58.39259753022815,-34.60679491995907
Piedras|780|pr3321,San Telmo,1,Los materiales deben estar lim,Papel / Cartón / Plástico / Metal / Vidrio,-58.377335723591216,-34.617189048593325
San Juan Av.|452|pr3137,San Telmo,1,Los materiales deben estar lim,Papel / Cartón / Plástico / Metal / Vidrio,-58.37215398435247,-34.62194940136376
San Juan Av.|572|pr3212,San Telmo,1,Los materiales deben estar lim,Papel / Cartón / Plástico / Metal / Vidrio,-58.373776614991584,-34.62201239823223
San Juan Av.|392|pr3143,San Telmo,1,Los materiales deben estar lim,Papel / Cartón / Plástico / Metal / Vidrio,-58.37111466926762,-34.62191243733678
Paseo Colon Av.|915|pr3225,San Telmo,1,Los materiales deben estar lim,Papel / Cartón / Plástico / Metal / Vidrio,-58.36906396619724,-34.618801442019944
Paseo Colon Av.|915|pr3658|,San Telmo,1,Los materiales deben estar lim,Papel / Cartón / Plástico / Metal / Vidrio,-58.36906396619724,-34.618801442019944
Paseo Colon Av.|1129|pr3233,San Telmo,1,Los materiales deben estar lim,Papel / Cartón / Plástico / Metal / Vidrio,-58.36852640150384,-34.620912517464795
Paseo Colon Av.|1385|pr3063|,San Telmo,1,Los materiales deben estar lim,Papel / Cartón / Plástico / Metal / Vidrio,-58.368199340677556,-34.623850626822076
Paseo Colon Av.|1018|pr3778,San Telmo,1,Los materiales deben estar lim,Papel / Cartón / Plástico / Metal / Vidrio,-58.36839965899793,-34.619665041868636
San Lorenzo|211|pr3325,San Telmo,1,Los materiales deben estar lim,Papel / Cartón / Plástico / Metal / Vidrio,-58.36960207820135,-34.61654420399141
San Juan Av.|770|pr3211,San Telmo,1,Los materiales deben estar lim,Papel / Cartón / Plástico / Metal / Vidrio,-58.37669764378303,-34.62213619681409
Independencia Av.|483|pr3198,San Telmo,1,Los materiales deben estar lim,Papel / Cartón / Plástico / Metal / Vidrio,-58.372785667785294,-34.617080589099494
Independencia Av.|661|pr3125,San Telmo,1,Los materiales deben estar lim,Papel / Cartón / Plástico / Metal / Vidrio,-58.37542200258004,-34.617230394185505
Independencia Av.|531|pr3003,San Telmo,1,Los materiales deben estar lim,Papel / Cartón / Plástico / Metal / Vidrio,-58.373497829739385,-34.61718572853752
Humberto 1?|755|pr3037,San Telmo,1,Los materiales deben estar lim,Papel / Cartón / Plástico / Metal / Vidrio,-58.37656021932061,-34.62082690712973
"Garay, Juan De Av.|755|pr3218",San Telmo,1,Los materiales deben estar lim,Papel / Cartón / Plástico / Metal / Vidrio,-58.3761281500336,-34.62474811123976
"Garay, Juan De Av.|649|pr1419|",San Telmo,1,Los materiales deben estar lim,Papel / Cartón / Plástico / Metal / Vidrio,-58.374731345210854,-34.62441257593559
"Garay, Juan De Av.|455|pr1349|",San Telmo,1,Los materiales deben estar lim,Papel / Cartón / Plástico / Metal / Vidrio,-58.37204187756871,-34.62420143919895
Estados Unidos|638|pr3202,San Telmo,1,Los materiales deben estar lim,Papel / Cartón / Plástico / Metal / Vidrio,-58.37491881458476,-34.61857270583
Estados Unidos|450|pr3201,San Telmo,1,Los materiales deben estar lim,Papel / Cartón / Plástico / Metal / Vidrio,-58.372331267581544,-34.61852781538985
Chacabuco|827|pr3203,San Telmo,1,Los materiales deben estar lim,Papel / Cartón / Plástico / Metal / Vidrio,-58.375933059325064,-34.617732157890586
Cochabamba|815|pr4159,San Telmo,1,Los materiales deben estar lim,Papel / Cartón / Plástico / Metal / Vidrio,-58.37732501957399,-34.62346696555576
Chile|296|pr3196,San Telmo,1,Los materiales deben estar lim,Papel / Cartón / Plástico / Metal / Vidrio,-58.37009085242161,-34.61589618446876
Cochabamba|641|pr3522,San Telmo,1,Los materiales deben estar lim,Papel / Cartón / Plástico / Metal / Vidrio,-58.37465156987251,-34.62326545718851
Cochabamba|436|pr3145,San Telmo,1,Los materiales deben estar lim,Papel / Cartón / Plástico / Metal / Vidrio,-58.371739719100376,-34.62310771964536
Chile|438|pr3655|,San Telmo,1,Los materiales deben estar lim,Papel / Cartón / Plástico / Metal / Vidrio,-58.372222904704714,-34.616055434651656
Caseros Av.|405|pr3118,San Telmo,1,Los materiales deben estar lim,Papel / Cartón / Plástico / Metal / Vidrio,-58.371108368482425,-34.62652680105119
"Calvo, Carlos|745|pr3247",San Telmo,1,Los materiales deben estar lim,Papel / Cartón / Plástico / Metal / Vidrio,-58.37649676478858,-34.61967819724938
"Calvo, Carlos|190|pr3207",San Telmo,1,Los materiales deben estar lim,Papel / Cartón / Plástico / Metal / Vidrio,-58.367979122075,-34.61943189455214
Brasil|660|pr3220,San Telmo,1,Los materiales deben estar lim,Papel / Cartón / Plástico / Metal / Vidrio,-58.37468758742741,-34.62565281598365
Brasil|480|pr3219,San Telmo,1,Los materiales deben estar lim,Papel / Cartón / Plástico / Metal / Vidrio,-58.37215132312147,-34.62547999955072
Azopardo|1330|pr2928|,San Telmo,1,Los materiales deben estar lim,Papel / Cartón / Plástico / Metal / Vidrio,-58.36663884897309,-34.623242810645856
Azopardo|1168|pr2927|,San Telmo,1,Los materiales deben estar lim,Papel / Cartón / Plástico / Metal / Vidrio,-58.3668830463188,-34.621105267432704
"Magari?os Cervantes, A. 4577",Velez Sarsfield,10,Los materiales deben estar lim,Papel / Cartón / Plástico / Metal / Vidrio,-58.497254895990864,-34.624994726013625
"Magari?os Cervantes, A. 4791",Velez Sarsfield,10,Los materiales deben estar lim,Papel / Cartón / Plástico / Metal / Vidrio,-58.4999948945509,-34.626202265705
"Magari?os Cervantes, A. 4901",Velez Sarsfield,10,Los materiales deben estar lim,Papel / Cartón / Plástico / Metal / Vidrio,-58.501900734393224,-34.627546485099636
"Magari?os Cervantes, A. 5035",Velez Sarsfield,10,Los materiales deben estar lim,Papel / Cartón / Plástico / Metal / Vidrio,-58.50350923653413,-34.62900358348245
"Aranguren, Juan F., Dr. 4475",Velez Sarsfield,10,Los materiales deben estar lim,Papel / Cartón / Plástico / Metal / Vidrio,-58.49106112721838,-34.63079481347205
"Aranguren, Juan F., Dr. 4821",Velez Sarsfield,10,Los materiales deben estar lim,Papel / Cartón / Plástico / Metal / Vidrio,-58.494897679867364,-34.63211097517802
Bacacay 4858,Velez Sarsfield,10,Los materiales deben estar lim,Papel / Cartón / Plástico / Metal / Vidrio,-58.49491459721577,-34.63452786604339
"Belaustegui, Luis, Dr. 4605",Velez Sarsfield,10,Los materiales deben estar lim,Papel / Cartón / Plástico / Metal / Vidrio,-58.494915579276594,-34.628268741014715
"Belaustegui, Luis, Dr. 4883",Velez Sarsfield,10,Los materiales deben estar lim,Papel / Cartón / Plástico / Metal / Vidrio,-58.49786563970962,-34.630155512672715
"Benedetti, Osvaldo E., Dip.nac 171",Velez Sarsfield,10,Los materiales deben estar lim,Papel / Cartón / Plástico / Metal / Vidrio,-58.48253304255851,-34.636387637548744
"Benedetti, Osvaldo E., Dip.nac 236",Velez Sarsfield,10,Los materiales deben estar lim,Papel / Cartón / Plástico / Metal / Vidrio,-58.48216471118594,-34.637138109593394
Bernaldes 1650,Velez Sarsfield,10,Los materiales deben estar lim,Papel / Cartón / Plástico / Metal / Vidrio,-58.50057912090678,-34.62186435705266
Bogota 4339,Velez Sarsfield,10,Los materiales deben estar lim,Papel / Cartón / Plástico / Metal / Vidrio,-58.488087812123474,-34.6327812708157
Cajaravilla 4352,Velez Sarsfield,10,Los materiales deben estar lim,Papel / Cartón / Plástico / Metal / Vidrio,-58.487614774766435,-34.63944160764255
"Calderon De La Barca, Pedro 1041",Velez Sarsfield,10,Los materiales deben estar lim,Papel / Cartón / Plástico / Metal / Vidrio,-58.50235641513529,-34.629088944942204
Camarones 4574,Velez Sarsfield,10,Los materiales deben estar lim,Papel / Cartón / Plástico / Metal / Vidrio,-58.49770238425001,-34.62392998316457
Camarones 4749,Velez Sarsfield,10,Los materiales deben estar lim,Papel / Cartón / Plástico / Metal / Vidrio,-58.49991869028317,-34.62481494297578
Camarones 4950,Velez Sarsfield,10,Los materiales deben estar lim,Papel / Cartón / Plástico / Metal / Vidrio,-58.502160822986056,-34.626185630994044
Camarones 5120,Velez Sarsfield,10,Los materiales deben estar lim,Papel / Cartón / Plástico / Metal / Vidrio,-58.50423984085051,-34.62806694970537
Carrasco Av. 266,Velez Sarsfield,10,Los materiales deben estar lim,Papel / Cartón / Plástico / Metal / Vidrio,-58.4899947090426,-34.63343187163263
Carrasco Av. 749,Velez Sarsfield,10,Los materiales deben estar lim,Papel / Cartón / Plástico / Metal / Vidrio,-58.495330509575325,-34.62909013123568
Carrasco Av. 959,Velez Sarsfield,10,Los materiales deben estar lim,Papel / Cartón / Plástico / Metal / Vidrio,-58.497208832914694,-34.62761573031186
"Carreras, Santiago De Las 237",Velez Sarsfield,10,Los materiales deben estar lim,Papel / Cartón / Plástico / Metal / Vidrio,-58.488763328337484,-34.63876793338167
"Carreras, Santiago De Las 379",Velez Sarsfield,10,Los materiales deben estar lim,Papel / Cartón / Plástico / Metal / Vidrio,-58.48837802505708,-34.64049748455774
Delambre 4795,Velez Sarsfield,10,Los materiales deben estar lim,Papel / Cartón / Plástico / Metal / Vidrio,-58.501948790326956,-34.62502666732136
"Diaz, Cesar, Gral. 4612",Velez Sarsfield,10,Los materiales deben estar lim,Papel / Cartón / Plástico / Metal / Vidrio,-58.49587726710023,-34.62609702830245
"Diaz, Cesar, Gral. 5057",Velez Sarsfield,10,Los materiales deben estar lim,Papel / Cartón / Plástico / Metal / Vidrio,-58.49902254214174,-34.62871870674603
"Diaz, Cesar, Gral. 5225",Velez Sarsfield,10,Los materiales deben estar lim,Papel / Cartón / Plástico / Metal / Vidrio,-58.50116758536064,-34.63060233494362
El Fuerte 4601,Velez Sarsfield,10,Los materiales deben estar lim,Papel / Cartón / Plástico / Metal / Vidrio,-58.49311203162223,-34.63100181447707
"Escalada De San Martin, R. 4424",Velez Sarsfield,10,Los materiales deben estar lim,Papel / Cartón / Plástico / Metal / Vidrio,-58.494224462280634,-34.62675765585048
"Falcon, Ramon L.,cnel. 4172",Velez Sarsfield,10,Los materiales deben estar lim,Papel / Cartón / Plástico / Metal / Vidrio,-58.48563610279895,-34.63616792156393
"Falcon, Ramon L.,cnel. 4410",Velez Sarsfield,10,Los materiales deben estar lim,Papel / Cartón / Plástico / Metal / Vidrio,-58.48935443754397,-34.637083088754785
Gaona Av. 4867,Velez Sarsfield,10,Los materiales deben estar lim,Papel / Cartón / Plástico / Metal / Vidrio,-58.49096108284515,-34.627929256540554
Gaona Av. 5003,Velez Sarsfield,10,Los materiales deben estar lim,Papel / Cartón / Plástico / Metal / Vidrio,-58.49260408229277,-34.62861556822859
"Garcia, Juan Agustin 4738",Velez Sarsfield,10,Los materiales deben estar lim,Papel / Cartón / Plástico / Metal / Vidrio,-58.500849511882514,-34.62276062671568
"Garcia, Juan Agustin 4986",Velez Sarsfield,10,Los materiales deben estar lim,Papel / Cartón / Plástico / Metal / Vidrio,-58.50323341864696,-34.6239482866849
"Garcia, Juan Agustin 5180",Velez Sarsfield,10,Los materiales deben estar lim,Papel / Cartón / Plástico / Metal / Vidrio,-58.50561569438002,-34.62608657607554
"Justo, Juan B. Av. 7185",Velez Sarsfield,10,Los materiales deben estar lim,Papel / Cartón / Plástico / Metal / Vidrio,-58.49177723149341,-34.62733255829346
"Justo, Juan B. Av. 7543",Velez Sarsfield,10,Los materiales deben estar lim,Papel / Cartón / Plástico / Metal / Vidrio,-58.495633460306564,-34.629926350377126
"Justo, Juan B. Av. 7754",Velez Sarsfield,10,Los materiales deben estar lim,Papel / Cartón / Plástico / Metal / Vidrio,-58.49833660062817,-34.63130768715103
Moron 4426,Velez Sarsfield,10,Los materiales deben estar lim,Papel / Cartón / Plástico / Metal / Vidrio,-58.49175612813719,-34.62970955876317
Moron 4712,Velez Sarsfield,10,Los materiales deben estar lim,Papel / Cartón / Plástico / Metal / Vidrio,-58.494976625153654,-34.63098555298343
Moron 4880,Velez Sarsfield,10,Los materiales deben estar lim,Papel / Cartón / Plástico / Metal / Vidrio,-58.49780657111836,-34.632133419202155
Murature 4660,Velez Sarsfield,10,Los materiales deben estar lim,Papel / Cartón / Plástico / Metal / Vidrio,-58.497714990611875,-34.62663531157226
Murature 4880,Velez Sarsfield,10,Los materiales deben estar lim,Papel / Cartón / Plástico / Metal / Vidrio,-58.500391068388346,-34.62817893009292
Murature 5078,Velez Sarsfield,10,Los materiales deben estar lim,Papel / Cartón / Plástico / Metal / Vidrio,-58.502740806511156,-34.63029530633481
Olivera Av. 276,Velez Sarsfield,10,Los materiales deben estar lim,Papel / Cartón / Plástico / Metal / Vidrio,-58.48654179174644,-34.638676071049474
Rafaela 4319,Velez Sarsfield,10,Los materiales deben estar lim,Papel / Cartón / Plástico / Metal / Vidrio,-58.487273315627334,-34.63790074565869
Rafaela 4541,Velez Sarsfield,10,Los materiales deben estar lim,Papel / Cartón / Plástico / Metal / Vidrio,-58.49072064992585,-34.638756848621014
Rivadavia Av. 8537,Velez Sarsfield,10,Los materiales deben estar lim,Papel / Cartón / Plástico / Metal / Vidrio,-58.48385738655237,-34.6341574705247
Rivadavia Av. 8644,Velez Sarsfield,10,Los materiales deben estar lim,Papel / Cartón / Plástico / Metal / Vidrio,-58.485509287988215,-34.634855134525466
Rivadavia Av. 8871,Velez Sarsfield,10,Los materiales deben estar lim,Papel / Cartón / Plástico / Metal / Vidrio,-58.48892028850986,-34.6353725209637
San Blas 4593,Velez Sarsfield,10,Los materiales deben estar lim,Papel / Cartón / Plástico / Metal / Vidrio,-58.49960870939766,-34.62330804225763
San Blas 4855,Velez Sarsfield,10,Los materiales deben estar lim,Papel / Cartón / Plástico / Metal / Vidrio,-58.50333330674562,-34.625614878542294
San Blas 5007,Velez Sarsfield,10,Los materiales deben estar lim,Papel / Cartón / Plástico / Metal / Vidrio,-58.50512858196207,-34.627214730263724
Sarachaga 4263,Velez Sarsfield,10,Los materiales deben estar lim,Papel / Cartón / Plástico / Metal / Vidrio,-58.488176651184276,-34.630036957180806
Sarachaga 4639,Velez Sarsfield,10,Los materiales deben estar lim,Papel / Cartón / Plástico / Metal / Vidrio,-58.491140247168175,-34.63274582347562
Sarachaga 4871,Velez Sarsfield,10,Los materiales deben estar lim,Papel / Cartón / Plástico / Metal / Vidrio,-58.49376814125464,-34.633081249328065
Sarachaga 5093,Velez Sarsfield,10,Los materiales deben estar lim,Papel / Cartón / Plástico / Metal / Vidrio,-58.49711547236774,-34.63351005302273
Segurola Av. 1146,Velez Sarsfield,10,Los materiales deben estar lim,Papel / Cartón / Plástico / Metal / Vidrio,-58.49344132504155,-34.62520796831109
Segurola Av. 1360,Velez Sarsfield,10,Los materiales deben estar lim,Papel / Cartón / Plástico / Metal / Vidrio,-58.495694672609375,-34.623423296648355
Segurola Av. 1544,Velez Sarsfield,10,Los materiales deben estar lim,Papel / Cartón / Plástico / Metal / Vidrio,-58.497641838533035,-34.62187779846896
Segurola Av. 160,Velez Sarsfield,10,Los materiales deben estar lim,Papel / Cartón / Plástico / Metal / Vidrio,-58.48429754317333,-34.63248696527822
Segurola Av. 350,Velez Sarsfield,10,Los materiales deben estar lim,Papel / Cartón / Plástico / Metal / Vidrio,-58.48650421971177,-34.630729012738854
Segurola Av. 660,Velez Sarsfield,10,Los materiales deben estar lim,Papel / Cartón / Plástico / Metal / Vidrio,-58.48886988947898,-34.62884382599273
Segurola Av. 866,Velez Sarsfield,10,Los materiales deben estar lim,Papel / Cartón / Plástico / Metal / Vidrio,-58.49083347228279,-34.62728438143816
Aguaribay 6752,Versalles,10,Los materiales deben estar lim,Papel / Cartón / Plástico / Metal / Vidrio,-58.526453857271626,-34.63300610395892
Alcaraz 5950,Versalles,10,Los materiales deben estar lim,Papel / Cartón / Plástico / Metal / Vidrio,-58.515912299324896,-34.63046705128403
Alcaraz 6140,Versalles,10,Los materiales deben estar lim,Papel / Cartón / Plástico / Metal / Vidrio,-58.51752421899701,-34.63172297734917
Alvarez Jonte Av. 6083,Versalles,10,Los materiales deben estar lim,Papel / Cartón / Plástico / Metal / Vidrio,-58.51811993598908,-34.63036406898892
Alvarez Jonte Av. 6260,Versalles,10,Los materiales deben estar lim,Papel / Cartón / Plástico / Metal / Vidrio,-58.519838265356356,-34.63243858468863
Arregui 6645,Versalles,10,Los materiales deben estar lim,Papel / Cartón / Plástico / Metal / Vidrio,-58.52628033892345,-34.62885971855745
Arregui 6869,Versalles,10,Los materiales deben estar lim,Papel / Cartón / Plástico / Metal / Vidrio,-58.52882036904099,-34.629389182652936
Arregui Av. 6079,Versalles,10,Los materiales deben estar lim,Papel / Cartón / Plástico / Metal / Vidrio,-58.520118497131186,-34.62753212472265
Arregui Av. 6357,Versalles,10,Los materiales deben estar lim,Papel / Cartón / Plástico / Metal / Vidrio,-58.523609100716534,-34.62826022959016
Barragan 638,Versalles,10,Los materiales deben estar lim,Papel / Cartón / Plástico / Metal / Vidrio,-58.523628776158716,-34.632380347755344
Barragan 982,Versalles,10,Los materiales deben estar lim,Papel / Cartón / Plástico / Metal / Vidrio,-58.5250908377008,-34.62761951775099
Bruselas 526,Versalles,10,Los materiales deben estar lim,Papel / Cartón / Plástico / Metal / Vidrio,-58.52181033775606,-34.632018663936925
Camarones 5864,Versalles,10,Los materiales deben estar lim,Papel / Cartón / Plástico / Metal / Vidrio,-58.51105007414582,-34.63418013702827
"Gamboa, Marcelo 6145",Versalles,10,Los materiales deben estar lim,Papel / Cartón / Plástico / Metal / Vidrio,-58.52030867526246,-34.63063037089914
"Gamboa, Marcelo 6387",Versalles,10,Los materiales deben estar lim,Papel / Cartón / Plástico / Metal / Vidrio,-58.52300300741623,-34.63119484735048
"Gamboa, Marcelo 6579",Versalles,10,Los materiales deben estar lim,Papel / Cartón / Plástico / Metal / Vidrio,-58.524634618455565,-34.631534998887766
"Gamboa, Marcelo 6749",Versalles,10,Los materiales deben estar lim,Papel / Cartón / Plástico / Metal / Vidrio,-58.52654900448071,-34.63193647078169
"Gamboa, Marcelo 6975",Versalles,10,Los materiales deben estar lim,Papel / Cartón / Plástico / Metal / Vidrio,-58.52919655855344,-34.63249517412897
Gana 692,Versalles,10,Los materiales deben estar lim,Papel / Cartón / Plástico / Metal / Vidrio,-58.52760281750534,-34.630799638347355
Gana 854,Versalles,10,Los materiales deben estar lim,Papel / Cartón / Plástico / Metal / Vidrio,-58.528247607484516,-34.62869512423245
"Garcia, Juan Agustin 5846",Versalles,10,Los materiales deben estar lim,Papel / Cartón / Plástico / Metal / Vidrio,-58.512309317985746,-34.63208445375701
"Gonzalez, Elpidio 5873",Versalles,10,Los materiales deben estar lim,Papel / Cartón / Plástico / Metal / Vidrio,-58.5140839429313,-34.631936831140756
Lascano 5996,Versalles,10,Los materiales deben estar lim,Papel / Cartón / Plástico / Metal / Vidrio,-58.518499276833374,-34.628774631567666
Lascano 6140,Versalles,10,Los materiales deben estar lim,Papel / Cartón / Plástico / Metal / Vidrio,-58.52055128566428,-34.6292025210261
Lascano 6368,Versalles,10,Los materiales deben estar lim,Papel / Cartón / Plástico / Metal / Vidrio,-58.523231613013415,-34.62976746616949
Lascano 6508,Versalles,10,Los materiales deben estar lim,Papel / Cartón / Plástico / Metal / Vidrio,-58.52448997940405,-34.630033098928365
Lascano 6930,Versalles,10,Los materiales deben estar lim,Papel / Cartón / Plástico / Metal / Vidrio,-58.52906383167236,-34.630987680944635
Madrid 6885,Versalles,10,Los materiales deben estar lim,Papel / Cartón / Plástico / Metal / Vidrio,-58.52794324917835,-34.63403900813561
Miranda 6086,Versalles,10,Los materiales deben estar lim,Papel / Cartón / Plástico / Metal / Vidrio,-58.51595021254843,-34.63203253682087
Nogoya 5988,Versalles,10,Los materiales deben estar lim,Papel / Cartón / Plástico / Metal / Vidrio,-58.525145903635824,-34.62470484898681
Nogoya 6260,Versalles,10,Los materiales deben estar lim,Papel / Cartón / Plástico / Metal / Vidrio,-58.52856421670595,-34.62644314994648
Nogoya 6370,Versalles,10,Los materiales deben estar lim,Papel / Cartón / Plástico / Metal / Vidrio,-58.52952481992317,-34.62693284863088
Ruiz De Los Llanos 1370,Versalles,10,Los materiales deben estar lim,Papel / Cartón / Plástico / Metal / Vidrio,-58.51997107426515,-34.626333441044714
Santo Tome 6253,Versalles,10,Los materiales deben estar lim,Papel / Cartón / Plástico / Metal / Vidrio,-58.523935601354594,-34.62688224806384
Santo Tome 6553,Versalles,10,Los materiales deben estar lim,Papel / Cartón / Plástico / Metal / Vidrio,-58.52678643863717,-34.627478394064696
"Sastre, Marcos 6060",Versalles,10,Los materiales deben estar lim,Papel / Cartón / Plástico / Metal / Vidrio,-58.52328238448669,-34.62554352482308
"Sastre, Marcos 6390",Versalles,10,Los materiales deben estar lim,Papel / Cartón / Plástico / Metal / Vidrio,-58.526406885419995,-34.626198961616126
Viena 6641,Versalles,10,Los materiales deben estar lim,Papel / Cartón / Plástico / Metal / Vidrio,-58.52490601981629,-34.63308392730881
Castillo 1180,Villa Crespo,15,Los materiales deben estar lim,Papel / Cartón / Plástico / Metal / Vidrio,-58.4395215095159,-34.58992860624152
Castillo 359,Villa Crespo,15,Los materiales deben estar lim,Papel / Cartón / Plástico / Metal / Vidrio,-58.43299255705588,-34.596739205281274
Castillo 441,Villa Crespo,15,Los materiales deben estar lim,Papel / Cartón / Plástico / Metal / Vidrio,-58.433702235422395,-34.59597900013205
Castillo 77,Villa Crespo,15,Los materiales deben estar lim,Papel / Cartón / Plástico / Metal / Vidrio,-58.43075059421949,-34.59912486611766
Vera 662,Villa Crespo,15,Los materiales deben estar lim,Papel / Cartón / Plástico / Metal / Vidrio,-58.43904199424164,-34.59766900037344
Mu?ecas 1039,Villa Crespo,15,Los materiales deben estar lim,Papel / Cartón / Plástico / Metal / Vidrio,-58.44802292810751,-34.598462933746895
Mu?ecas 1395,Villa Crespo,15,Los materiales deben estar lim,Papel / Cartón / Plástico / Metal / Vidrio,-58.4507935782139,-34.59596083216335
Mu?ecas 807,Villa Crespo,15,Los materiales deben estar lim,Papel / Cartón / Plástico / Metal / Vidrio,-58.445842212750264,-34.60042482449011
Acevedo 1059,Villa Crespo,15,Los materiales deben estar lim,Papel / Cartón / Plástico / Metal / Vidrio,-58.43350286550807,-34.59357528901397
Acoyte 1437,Villa Crespo,15,Los materiales deben estar lim,Papel / Cartón / Plástico / Metal / Vidrio,-58.44295699150328,-34.60320885154614
Aguirre 279,Villa Crespo,15,Los materiales deben estar lim,Papel / Cartón / Plástico / Metal / Vidrio,-58.433778930116034,-34.59958091671806
Aguirre 445,Villa Crespo,15,Los materiales deben estar lim,Papel / Cartón / Plástico / Metal / Vidrio,-58.435128101505384,-34.59813930421361
Aguirre 661,Villa Crespo,15,Los materiales deben estar lim,Papel / Cartón / Plástico / Metal / Vidrio,-58.43683378063294,-34.59631258589021
"Belaustegui, Luis, Dr. 910",Villa Crespo,15,Los materiales deben estar lim,Papel / Cartón / Plástico / Metal / Vidrio,-58.454658736952126,-34.60450047658749
"Bernasconi, Mario 2255",Villa Crespo,15,Los materiales deben estar lim,Papel / Cartón / Plástico / Metal / Vidrio,-58.45434705193034,-34.59770784102949
Camargo 275,Villa Crespo,15,Los materiales deben estar lim,Papel / Cartón / Plástico / Metal / Vidrio,-58.43825117307632,-34.60239867928699
Camargo 409,Villa Crespo,15,Los materiales deben estar lim,Papel / Cartón / Plástico / Metal / Vidrio,-58.43937189768614,-34.601169872295124
Camargo 617,Villa Crespo,15,Los materiales deben estar lim,Papel / Cartón / Plástico / Metal / Vidrio,-58.440901107179634,-34.59967697327818
Camargo 751,Villa Crespo,15,Los materiales deben estar lim,Papel / Cartón / Plástico / Metal / Vidrio,-58.44218359733271,-34.59852330894222
Camargo 911,Villa Crespo,15,Los materiales deben estar lim,Papel / Cartón / Plástico / Metal / Vidrio,-58.443903249006276,-34.596977749785424
Casafoust 730,Villa Crespo,15,Los materiales deben estar lim,Papel / Cartón / Plástico / Metal / Vidrio,-58.45612601250055,-34.599688001978144
Corrientes Av. 5128,Villa Crespo,15,Los materiales deben estar lim,Papel / Cartón / Plástico / Metal / Vidrio,-58.43800071156953,-34.60022544824386
Corrientes Av. 5370,Villa Crespo,15,Los materiales deben estar lim,Papel / Cartón / Plástico / Metal / Vidrio,-58.44041268888331,-34.59837345661182
Corrientes Av. 5666,Villa Crespo,15,Los materiales deben estar lim,Papel / Cartón / Plástico / Metal / Vidrio,-58.44317890163322,-34.59593015239526
Corrientes Av. 5868,Villa Crespo,15,Los materiales deben estar lim,Papel / Cartón / Plástico / Metal / Vidrio,-58.444848145957636,-34.59437859712402
Cucha Cucha 1692,Villa Crespo,15,Los materiales deben estar lim,Papel / Cartón / Plástico / Metal / Vidrio,-58.45509854753134,-34.603759832602954
Darwin 1050,Villa Crespo,15,Los materiales deben estar lim,Papel / Cartón / Plástico / Metal / Vidrio,-58.441165479023105,-34.59086425763715
Darwin 192,Villa Crespo,15,Los materiales deben estar lim,Papel / Cartón / Plástico / Metal / Vidrio,-58.449642626010146,-34.59733931851074
Darwin 558,Villa Crespo,15,Los materiales deben estar lim,Papel / Cartón / Plástico / Metal / Vidrio,-58.445680637328,-34.59442147134736
Dorrego Av. 213,Villa Crespo,15,Los materiales deben estar lim,Papel / Cartón / Plástico / Metal / Vidrio,-58.45357785343044,-34.596612159802426
"Drago, Luis Maria 234",Villa Crespo,15,Los materiales deben estar lim,Papel / Cartón / Plástico / Metal / Vidrio,-58.43681184742742,-34.60197615290993
"Drago, Luis Maria 352",Villa Crespo,15,Los materiales deben estar lim,Papel / Cartón / Plástico / Metal / Vidrio,-58.43772481998113,-34.60104546644555
"Figueroa, D. Apolinario, Coronel 574",Villa Crespo,15,Los materiales deben estar lim,Papel / Cartón / Plástico / Metal / Vidrio,-58.44792501422647,-34.605983569772874
Fitz Roy 104,Villa Crespo,15,Los materiales deben estar lim,Papel / Cartón / Plástico / Metal / Vidrio,-58.45309337415794,-34.59741376458911
Fitz Roy 818,Villa Crespo,15,Los materiales deben estar lim,Papel / Cartón / Plástico / Metal / Vidrio,-58.444935329359176,-34.59098181652855
Galicia 732,Villa Crespo,15,Los materiales deben estar lim,Papel / Cartón / Plástico / Metal / Vidrio,-58.45095156465678,-34.605526742351294
"Gandhi, Mahatma 329",Villa Crespo,15,Los materiales deben estar lim,Papel / Cartón / Plástico / Metal / Vidrio,-58.441078455136804,-34.6037570603841
Gurruchaga 262,Villa Crespo,15,Los materiales deben estar lim,Papel / Cartón / Plástico / Metal / Vidrio,-58.44414601010046,-34.59918721264637
Gurruchaga 520,Villa Crespo,15,Los materiales deben estar lim,Papel / Cartón / Plástico / Metal / Vidrio,-58.44123207479394,-34.59692397725791
Gurruchaga 784,Villa Crespo,15,Los materiales deben estar lim,Papel / Cartón / Plástico / Metal / Vidrio,-58.43844155102262,-34.59515479375218
Hidalgo 1230,Villa Crespo,15,Los materiales deben estar lim,Papel / Cartón / Plástico / Metal / Vidrio,-58.44214583148374,-34.60577334344828
Hidalgo 1322,Villa Crespo,15,Los materiales deben estar lim,Papel / Cartón / Plástico / Metal / Vidrio,-58.44310632045217,-34.60481925064868
Hidalgo 1620,Villa Crespo,15,Los materiales deben estar lim,Papel / Cartón / Plástico / Metal / Vidrio,-58.4452030825077,-34.6027118948459
Huaura 1402,Villa Crespo,15,Los materiales deben estar lim,Papel / Cartón / Plástico / Metal / Vidrio,-58.45323671922118,-34.59738182743771
Humboldt 1143,Villa Crespo,15,Los materiales deben estar lim,Papel / Cartón / Plástico / Metal / Vidrio,-58.440903721436925,-34.58939681378308
Jufre 142,Villa Crespo,15,Los materiales deben estar lim,Papel / Cartón / Plástico / Metal / Vidrio,-58.43045118674537,-34.597777714155384
Jufre 692,Villa Crespo,15,Los materiales deben estar lim,Papel / Cartón / Plástico / Metal / Vidrio,-58.434790657459125,-34.593144462053345
"Justo, Juan B. Av. 2455",Villa Crespo,15,Los materiales deben estar lim,Papel / Cartón / Plástico / Metal / Vidrio,-58.443251207330015,-34.59389340380377
Lavalleja 305,Villa Crespo,15,Los materiales deben estar lim,Papel / Cartón / Plástico / Metal / Vidrio,-58.43520258167362,-34.60146990932786
Leiva 4640,Villa Crespo,15,Los materiales deben estar lim,Papel / Cartón / Plástico / Metal / Vidrio,-58.45376431151116,-34.59581894820827
Lerma 167,Villa Crespo,15,Los materiales deben estar lim,Papel / Cartón / Plástico / Metal / Vidrio,-58.42934113357887,-34.59697278737532
Lerma 371,Villa Crespo,15,Los materiales deben estar lim,Papel / Cartón / Plástico / Metal / Vidrio,-58.43098820850108,-34.59520955386909
Loyola 214,Villa Crespo,15,Los materiales deben estar lim,Papel / Cartón / Plástico / Metal / Vidrio,-58.433223497843876,-34.59849665677556
Loyola 492,Villa Crespo,15,Los materiales deben estar lim,Papel / Cartón / Plástico / Metal / Vidrio,-58.43526266640859,-34.596314518770825
Loyola 634,Villa Crespo,15,Los materiales deben estar lim,Papel / Cartón / Plástico / Metal / Vidrio,-58.436558750237715,-34.59493178529856
Malabia 1196,Villa Crespo,15,Los materiales deben estar lim,Papel / Cartón / Plástico / Metal / Vidrio,-58.431393319688965,-34.59358985142849
Malabia 950,Villa Crespo,15,Los materiales deben estar lim,Papel / Cartón / Plástico / Metal / Vidrio,-58.433780390256885,-34.59511241269598
"Marechal, Leopoldo 1164",Villa Crespo,15,Los materiales deben estar lim,Papel / Cartón / Plástico / Metal / Vidrio,-58.439765907161856,-34.60500243778697
Murillo 689,Villa Crespo,15,Los materiales deben estar lim,Papel / Cartón / Plástico / Metal / Vidrio,-58.44362340803833,-34.60069475340436
Murillo 963,Villa Crespo,15,Los materiales deben estar lim,Papel / Cartón / Plástico / Metal / Vidrio,-58.44624063123518,-34.598334229001416
Olaya 1454,Villa Crespo,15,Los materiales deben estar lim,Papel / Cartón / Plástico / Metal / Vidrio,-58.4457695585102,-34.60377315209561
Olaya 1646,Villa Crespo,15,Los materiales deben estar lim,Papel / Cartón / Plástico / Metal / Vidrio,-58.44721473845514,-34.60223369745377
Padilla 1078,Villa Crespo,15,Los materiales deben estar lim,Papel / Cartón / Plástico / Metal / Vidrio,-58.44635321657507,-34.59663568089907
Padilla 1246,Villa Crespo,15,Los materiales deben estar lim,Papel / Cartón / Plástico / Metal / Vidrio,-58.44770420525915,-34.595414349198826
Paysandu 1842,Villa Crespo,15,Los materiales deben estar lim,Papel / Cartón / Plástico / Metal / Vidrio,-58.45810903327502,-34.603458489228295
Paysandu 1952,Villa Crespo,15,Los materiales deben estar lim,Papel / Cartón / Plástico / Metal / Vidrio,-58.45776618287698,-34.602352739779114
"Pueyrredon, Honorio, Dr. Av. 1158",Villa Crespo,15,Los materiales deben estar lim,Papel / Cartón / Plástico / Metal / Vidrio,-58.44635913997829,-34.606757275996245
"Pueyrredon, Honorio, Dr. Av. 1406",Villa Crespo,15,Los materiales deben estar lim,Papel / Cartón / Plástico / Metal / Vidrio,-58.44810515744161,-34.604641275753345
"Pueyrredon, Honorio, Dr. Av. 1650",Villa Crespo,15,Los materiales deben estar lim,Papel / Cartón / Plástico / Metal / Vidrio,-58.45021115202435,-34.60236489648884
"Pueyrredon, Honorio, Dr. Av. 1818",Villa Crespo,15,Los materiales deben estar lim,Papel / Cartón / Plástico / Metal / Vidrio,-58.45155437938458,-34.600911066182924
"Ramirez De Velasco, Juan 1181",Villa Crespo,15,Los materiales deben estar lim,Papel / Cartón / Plástico / Metal / Vidrio,-58.442416378212954,-34.59220057087112
"Ramirez De Velasco, Juan 219",Villa Crespo,15,Los materiales deben estar lim,Papel / Cartón / Plástico / Metal / Vidrio,-58.43451907041968,-34.600632155722955
"Ramirez De Velasco, Juan 615",Villa Crespo,15,Los materiales deben estar lim,Papel / Cartón / Plástico / Metal / Vidrio,-58.43757265786805,-34.59736479146063
"Repetto, Nicolas, Dr. 1817",Villa Crespo,15,Los materiales deben estar lim,Papel / Cartón / Plástico / Metal / Vidrio,-58.454396347106176,-34.602694273277464
"Repetto, Nicolas, Dr. 2041",Villa Crespo,15,Los materiales deben estar lim,Papel / Cartón / Plástico / Metal / Vidrio,-58.455721797545884,-34.60131824444867
"Rodriguez, Manuel A., General 1367",Villa Crespo,15,Los materiales deben estar lim,Papel / Cartón / Plástico / Metal / Vidrio,-58.44958559033059,-34.60625617286186
"Rodriguez, Manuel A., General 1657",Villa Crespo,15,Los materiales deben estar lim,Papel / Cartón / Plástico / Metal / Vidrio,-58.452116079901636,-34.60348851249502
"Rodriguez, Manuel A., General 1861",Villa Crespo,15,Los materiales deben estar lim,Papel / Cartón / Plástico / Metal / Vidrio,-58.4536487304615,-34.601832315086554
"Rodriguez, Manuel A., General 2045",Villa Crespo,15,Los materiales deben estar lim,Papel / Cartón / Plástico / Metal / Vidrio,-58.45479370174242,-34.60059145853544
"Rodriguez, Manuel A., General 2321",Villa Crespo,15,Los materiales deben estar lim,Papel / Cartón / Plástico / Metal / Vidrio,-58.45697358795718,-34.59852990147763
Rojas 1466,Villa Crespo,15,Los materiales deben estar lim,Papel / Cartón / Plástico / Metal / Vidrio,-58.449430099343154,-34.60489230178413
Rojas 1660,Villa Crespo,15,Los materiales deben estar lim,Papel / Cartón / Plástico / Metal / Vidrio,-58.45122855733269,-34.60293273319177
Rojas 1866,Villa Crespo,15,Los materiales deben estar lim,Papel / Cartón / Plástico / Metal / Vidrio,-58.45277531479752,-34.601244807676935
Rojas 2190,Villa Crespo,15,Los materiales deben estar lim,Papel / Cartón / Plástico / Metal / Vidrio,-58.45482165494483,-34.59901584063548
"Scalabrini Ortiz, Raul Av. 78",Villa Crespo,15,Los materiales deben estar lim,Papel / Cartón / Plástico / Metal / Vidrio,-58.44153520676393,-34.601464040809525
Serrano 1029,Villa Crespo,15,Los materiales deben estar lim,Papel / Cartón / Plástico / Metal / Vidrio,-58.43629909549548,-34.59266751555951
Serrano 295,Villa Crespo,15,Los materiales deben estar lim,Papel / Cartón / Plástico / Metal / Vidrio,-58.44499146811497,-34.59836706596292
Serrano 669,Villa Crespo,15,Los materiales deben estar lim,Papel / Cartón / Plástico / Metal / Vidrio,-58.440239544294904,-34.595025174589395
Serrano 841,Villa Crespo,15,Los materiales deben estar lim,Papel / Cartón / Plástico / Metal / Vidrio,-58.4383675163344,-34.59390458700252
Sunchales 565,Villa Crespo,15,Los materiales deben estar lim,Papel / Cartón / Plástico / Metal / Vidrio,-58.45395566513348,-34.59929341867738
Sunchales 883,Villa Crespo,15,Los materiales deben estar lim,Papel / Cartón / Plástico / Metal / Vidrio,-58.45702281000925,-34.60162482072241
Thames 1188,Villa Crespo,15,Los materiales deben estar lim,Papel / Cartón / Plástico / Metal / Vidrio,-58.43560524859413,-34.59092728793743
Thames 778,Villa Crespo,15,Los materiales deben estar lim,Papel / Cartón / Plástico / Metal / Vidrio,-58.440160735370334,-34.59352268918715
Uriarte 1118,Villa Crespo,15,Los materiales deben estar lim,Papel / Cartón / Plástico / Metal / Vidrio,-58.43704013018289,-34.590744534811485
Uriarte 958,Villa Crespo,15,Los materiales deben estar lim,Papel / Cartón / Plástico / Metal / Vidrio,-58.43875193709602,-34.59184497373573
Vera 107,Villa Crespo,15,Los materiales deben estar lim,Papel / Cartón / Plástico / Metal / Vidrio,-58.4346008417755,-34.60213967232863
Vera 1237,Villa Crespo,15,Los materiales deben estar lim,Papel / Cartón / Plástico / Metal / Vidrio,-58.44379520500283,-34.59243995279811
Villarroel 1249,Villa Crespo,15,Los materiales deben estar lim,Papel / Cartón / Plástico / Metal / Vidrio,-58.44462589849213,-34.59306443345729
"Virasoro, Valentin 1345",Villa Crespo,15,Los materiales deben estar lim,Papel / Cartón / Plástico / Metal / Vidrio,-58.445905842218075,-34.605214696809156
"Virasoro, Valentin 1571",Villa Crespo,15,Los materiales deben estar lim,Papel / Cartón / Plástico / Metal / Vidrio,-58.447410992593845,-34.60353242996804
"Virasoro, Valentin 1791",Villa Crespo,15,Los materiales deben estar lim,Papel / Cartón / Plástico / Metal / Vidrio,-58.44949915561773,-34.60128533288093
"Virasoro, Valentin 1953",Villa Crespo,15,Los materiales deben estar lim,Papel / Cartón / Plástico / Metal / Vidrio,-58.45067896431279,-34.6000236469528
Warnes Av. 344,Villa Crespo,15,Los materiales deben estar lim,Papel / Cartón / Plástico / Metal / Vidrio,-58.44202911034877,-34.60249069129162
Warnes Av. 452,Villa Crespo,15,Los materiales deben estar lim,Papel / Cartón / Plástico / Metal / Vidrio,-58.44306650001752,-34.60206242996804
Warnes Av. 750,Villa Crespo,15,Los materiales deben estar lim,Papel / Cartón / Plástico / Metal / Vidrio,-58.447144943904135,-34.60062456309376
Warnes Av. 912,Villa Crespo,15,Los materiales deben estar lim,Papel / Cartón / Plástico / Metal / Vidrio,-58.449768118636094,-34.59975146288308
Warnes Av. 99,Villa Crespo,15,Los materiales deben estar lim,Papel / Cartón / Plástico / Metal / Vidrio,-58.43868080047872,-34.60375212763173
Cordoba Av. 4171,Villa Crespo,15,Los materiales deben estar lim,Papel / Cartón / Plástico / Metal / Vidrio,-58.425674973761836,-34.59665150670294
Argerich 3356,Villa Del Parque,11,Los materiales deben estar lim,Papel / Cartón / Plástico / Metal / Vidrio,-58.49432819796568,-34.597518875231785
Arregui 2385,Villa Del Parque,11,Los materiales deben estar lim,Papel / Cartón / Plástico / Metal / Vidrio,-58.479505370327885,-34.60191076593362
Arregui 2557,Villa Del Parque,11,Los materiales deben estar lim,Papel / Cartón / Plástico / Metal / Vidrio,-58.48186277355117,-34.603243432662026
Arregui 2739,Villa Del Parque,11,Los materiales deben estar lim,Papel / Cartón / Plástico / Metal / Vidrio,-58.484340723241516,-34.60465046590217
Arregui 3065,Villa Del Parque,11,Los materiales deben estar lim,Papel / Cartón / Plástico / Metal / Vidrio,-58.488173935834304,-34.606825135088236
Arregui 3247,Villa Del Parque,11,Los materiales deben estar lim,Papel / Cartón / Plástico / Metal / Vidrio,-58.49055246728026,-34.608168480546674
Arregui 3549,Villa Del Parque,11,Los materiales deben estar lim,Papel / Cartón / Plástico / Metal / Vidrio,-58.49359030374902,-34.60986280652451
Arregui 3789,Villa Del Parque,11,Los materiales deben estar lim,Papel / Cartón / Plástico / Metal / Vidrio,-58.496380024078334,-34.6114421662427
"Artigas, Jose Gervasio, Gral.	2301",Villa Del Parque,11,Los materiales deben estar lim,Papel / Cartón / Plástico / Metal / Vidrio,-58.47848326106793,-34.60594797430571
Baigorria 2735,Villa Del Parque,11,Los materiales deben estar lim,Papel / Cartón / Plástico / Metal / Vidrio,-58.487182456415695,-34.60148840700142
Baigorria 3505,Villa Del Parque,11,Los materiales deben estar lim,Papel / Cartón / Plástico / Metal / Vidrio,-58.49589924886519,-34.60654618601414
Baigorria 3619,Villa Del Parque,11,Los materiales deben estar lim,Papel / Cartón / Plástico / Metal / Vidrio,-58.49703198541669,-34.607199336116174
Baigorria 3827,Villa Del Parque,11,Los materiales deben estar lim,Papel / Cartón / Plástico / Metal / Vidrio,-58.499491372266036,-34.608662755212094
"Beiro, Francisco Av. 3270",Villa Del Parque,11,Los materiales deben estar lim,Papel / Cartón / Plástico / Metal / Vidrio,-58.498935707219516,-34.59797356796213
"Beiro, Francisco Av. 3480",Villa Del Parque,11,Los materiales deben estar lim,Papel / Cartón / Plástico / Metal / Vidrio,-58.50185963674973,-34.59978463372256
"Beiro, Francisco Av. 3677",Villa Del Parque,11,Los materiales deben estar lim,Papel / Cartón / Plástico / Metal / Vidrio,-58.50458328607989,-34.60132843364975
Biarritz 2283,Villa Del Parque,11,Los materiales deben estar lim,Papel / Cartón / Plástico / Metal / Vidrio,-58.47586281932466,-34.60462527131686
Biarritz 2631,Villa Del Parque,11,Los materiales deben estar lim,Papel / Cartón / Plástico / Metal / Vidrio,-58.48021147940555,-34.606988856584124
"Carranza, Adolfo P. 2228",Villa Del Parque,11,Los materiales deben estar lim,Papel / Cartón / Plástico / Metal / Vidrio,-58.47602660256027,-34.60344524823638
"Carranza, Adolfo P. 2384",Villa Del Parque,11,Los materiales deben estar lim,Papel / Cartón / Plástico / Metal / Vidrio,-58.477689380356374,-34.60436309398993
"Carranza, Adolfo P. 2552",Villa Del Parque,11,Los materiales deben estar lim,Papel / Cartón / Plástico / Metal / Vidrio,-58.47984717140154,-34.60553636085749
"Carranza, Adolfo P. 2754",Villa Del Parque,11,Los materiales deben estar lim,Papel / Cartón / Plástico / Metal / Vidrio,-58.48260130560764,-34.60687795934754
Concordia 3127,Villa Del Parque,11,Los materiales deben estar lim,Papel / Cartón / Plástico / Metal / Vidrio,-58.499995588416716,-34.60266058609068
Condarco 2772,Villa Del Parque,11,Los materiales deben estar lim,Papel / Cartón / Plástico / Metal / Vidrio,-58.485469194746635,-34.60261052846564
"Gonzalez, Joaquin v. 2766",Villa Del Parque,11,Los materiales deben estar lim,Papel / Cartón / Plástico / Metal / Vidrio,-58.50140531221051,-34.60782939433875
"Gutierrez, Ricardo 3451",Villa Del Parque,11,Los materiales deben estar lim,Papel / Cartón / Plástico / Metal / Vidrio,-58.50013792253059,-34.60159511050848
Helguera 2845,Villa Del Parque,11,Los materiales deben estar lim,Papel / Cartón / Plástico / Metal / Vidrio,-58.49230443073162,-34.60271687961141
"Lamarca, Emilio 2150",Villa Del Parque,11,Los materiales deben estar lim,Papel / Cartón / Plástico / Metal / Vidrio,-58.493953183649815,-34.612502223403595
"Lamarca, Emilio 2372",Villa Del Parque,11,Los materiales deben estar lim,Papel / Cartón / Plástico / Metal / Vidrio,-58.49571058787131,-34.61036731645284
"Lamarca, Emilio 3258",Villa Del Parque,11,Los materiales deben estar lim,Papel / Cartón / Plástico / Metal / Vidrio,-58.502457380951924,-34.60232222092821
Lascano 2332,Villa Del Parque,11,Los materiales deben estar lim,Papel / Cartón / Plástico / Metal / Vidrio,-58.477856127362955,-34.60323118774161
Lascano 2568,Villa Del Parque,11,Los materiales deben estar lim,Papel / Cartón / Plástico / Metal / Vidrio,-58.480703569175446,-34.6047906699594
Lascano 2964,Villa Del Parque,11,Los materiales deben estar lim,Papel / Cartón / Plástico / Metal / Vidrio,-58.48595299482345,-34.6073944628652
Lascano 3138,Villa Del Parque,11,Los materiales deben estar lim,Papel / Cartón / Plástico / Metal / Vidrio,-58.48807042561708,-34.60855688548169
Lascano 3350,Villa Del Parque,11,Los materiales deben estar lim,Papel / Cartón / Plástico / Metal / Vidrio,-58.49055915587458,-34.60994623754124
Lascano 3826,Villa Del Parque,11,Los materiales deben estar lim,Papel / Cartón / Plástico / Metal / Vidrio,-58.49598004444359,-34.61298381650162
"Lozano, Pedro 2737",Villa Del Parque,11,Los materiales deben estar lim,Papel / Cartón / Plástico / Metal / Vidrio,-58.48965282901085,-34.59797391714921
"Lozano, Pedro 3050",Villa Del Parque,11,Los materiales deben estar lim,Papel / Cartón / Plástico / Metal / Vidrio,-58.49322570375293,-34.6001960988616
"Lozano, Pedro 3406",Villa Del Parque,11,Los materiales deben estar lim,Papel / Cartón / Plástico / Metal / Vidrio,-58.497658983787474,-34.60283316821809
"Lozano, Pedro 3720",Villa Del Parque,11,Los materiales deben estar lim,Papel / Cartón / Plástico / Metal / Vidrio,-58.50077079084476,-34.604692444387425
"Lozano, Pedro 3834",Villa Del Parque,11,Los materiales deben estar lim,Papel / Cartón / Plástico / Metal / Vidrio,-58.50215890705476,-34.6055406181596
Martin Pescador 2202,Villa Del Parque,11,Los materiales deben estar lim,Papel / Cartón / Plástico / Metal / Vidrio,-58.49285122125591,-34.61100518576808
Melincue 2545,Villa Del Parque,11,Los materiales deben estar lim,Papel / Cartón / Plástico / Metal / Vidrio,-58.48640544133544,-34.59829224763369
Melincue 2722,Villa Del Parque,11,Los materiales deben estar lim,Papel / Cartón / Plástico / Metal / Vidrio,-58.48841338067037,-34.59957696911965
Melincue 3305,Villa Del Parque,11,Los materiales deben estar lim,Papel / Cartón / Plástico / Metal / Vidrio,-58.49563610834068,-34.60378510255433
Melincue 3587,Villa Del Parque,11,Los materiales deben estar lim,Papel / Cartón / Plástico / Metal / Vidrio,-58.49782563859671,-34.605088521559395
Melincue 3655,Villa Del Parque,11,Los materiales deben estar lim,Papel / Cartón / Plástico / Metal / Vidrio,-58.49879228732091,-34.605663234989585
Melincue 3805,Villa Del Parque,11,Los materiales deben estar lim,Papel / Cartón / Plástico / Metal / Vidrio,-58.500589508466526,-34.60681863095203
Nazarre 2700,Villa Del Parque,11,Los materiales deben estar lim,Papel / Cartón / Plástico / Metal / Vidrio,-58.48845110145603,-34.5986128030963
Nazarre 2923,Villa Del Parque,11,Los materiales deben estar lim,Papel / Cartón / Plástico / Metal / Vidrio,-58.4912977748792,-34.60018541588159
Nazarre 3447,Villa Del Parque,11,Los materiales deben estar lim,Papel / Cartón / Plástico / Metal / Vidrio,-58.4973025274468,-34.603775873149445
Nazarre 3767,Villa Del Parque,11,Los materiales deben estar lim,Papel / Cartón / Plástico / Metal / Vidrio,-58.500720824040314,-34.60580856188105
Nazca Av. 2538,Villa Del Parque,11,Los materiales deben estar lim,Papel / Cartón / Plástico / Metal / Vidrio,-58.485626301835815,-34.606531847412235
Nogoya 2458,Villa Del Parque,11,Los materiales deben estar lim,Papel / Cartón / Plástico / Metal / Vidrio,-58.484664818954876,-34.59878366476206
Nogoya 2650,Villa Del Parque,11,Los materiales deben estar lim,Papel / Cartón / Plástico / Metal / Vidrio,-58.4869480548959,-34.60011581700817
Nogoya 2998,Villa Del Parque,11,Los materiales deben estar lim,Papel / Cartón / Plástico / Metal / Vidrio,-58.4905876373003,-34.6022358544416
Nogoya 3548,Villa Del Parque,11,Los materiales deben estar lim,Papel / Cartón / Plástico / Metal / Vidrio,-58.49694429996953,-34.60593691673649
Nogoya 3754,Villa Del Parque,11,Los materiales deben estar lim,Papel / Cartón / Plástico / Metal / Vidrio,-58.49905194231621,-34.607168566332746
"Rivas, Gral. 2474",Villa Del Parque,11,Los materiales deben estar lim,Papel / Cartón / Plástico / Metal / Vidrio,-58.483068080019166,-34.59983367886015
San Martin Av. 4404,Villa Del Parque,11,Los materiales deben estar lim,Papel / Cartón / Plástico / Metal / Vidrio,-58.482344805751005,-34.59828974409366
San Martin Av. 4988,Villa Del Parque,11,Los materiales deben estar lim,Papel / Cartón / Plástico / Metal / Vidrio,-58.48841925745726,-34.59747509952951
Santo Tome 2481,Villa Del Parque,11,Los materiales deben estar lim,Papel / Cartón / Plástico / Metal / Vidrio,-58.481726474297396,-34.60164306934716
Santo Tome 2765,Villa Del Parque,11,Los materiales deben estar lim,Papel / Cartón / Plástico / Metal / Vidrio,-58.48522334569781,-34.6036851371781
Santo Tome 2991,Villa Del Parque,11,Los materiales deben estar lim,Papel / Cartón / Plástico / Metal / Vidrio,-58.487856193519406,-34.60521920143174
Santo Tome 3165,Villa Del Parque,11,Los materiales deben estar lim,Papel / Cartón / Plástico / Metal / Vidrio,-58.49027557675308,-34.60662393358245
Santo Tome 3327,Villa Del Parque,11,Los materiales deben estar lim,Papel / Cartón / Plástico / Metal / Vidrio,-58.49239375933393,-34.60784653637998
"Sastre, Marcos 2618",Villa Del Parque,11,Los materiales deben estar lim,Papel / Cartón / Plástico / Metal / Vidrio,-58.484511580418115,-34.601423744412145
"Sastre, Marcos 2880",Villa Del Parque,11,Los materiales deben estar lim,Papel / Cartón / Plástico / Metal / Vidrio,-58.487658153173406,-34.603255204840856
"Sastre, Marcos 3002",Villa Del Parque,11,Los materiales deben estar lim,Papel / Cartón / Plástico / Metal / Vidrio,-58.48931313650546,-34.60421931805229
"Sastre, Marcos 3140",Villa Del Parque,11,Los materiales deben estar lim,Papel / Cartón / Plástico / Metal / Vidrio,-58.490893274510796,-34.605135855608566
"Sastre, Marcos 3428",Villa Del Parque,11,Los materiales deben estar lim,Papel / Cartón / Plástico / Metal / Vidrio,-58.49421327199029,-34.60707126805519
"Sastre, Marcos 3668",Villa Del Parque,11,Los materiales deben estar lim,Papel / Cartón / Plástico / Metal / Vidrio,-58.496411847948465,-34.608337439554795
"Sastre, Marcos 3770",Villa Del Parque,11,Los materiales deben estar lim,Papel / Cartón / Plástico / Metal / Vidrio,-58.49786576367763,-34.609223889322394
Simbron 3084,Villa Del Parque,11,Los materiales deben estar lim,Papel / Cartón / Plástico / Metal / Vidrio,-58.49486591239076,-34.598602374689094
Simbron 3293,Villa Del Parque,11,Los materiales deben estar lim,Papel / Cartón / Plástico / Metal / Vidrio,-58.49778199937344,-34.60022303782546
Simbron 3727,Villa Del Parque,11,Los materiales deben estar lim,Papel / Cartón / Plástico / Metal / Vidrio,-58.50359781839001,-34.603553541245525
Terrada 2497,Villa Del Parque,11,Los materiales deben estar lim,Papel / Cartón / Plástico / Metal / Vidrio,-58.48376708342763,-34.60638089181916
Terrada 3178,Villa Del Parque,11,Los materiales deben estar lim,Papel / Cartón / Plástico / Metal / Vidrio,-58.490125870552404,-34.59885298104029
Terrada 3381,Villa Del Parque,11,Los materiales deben estar lim,Papel / Cartón / Plástico / Metal / Vidrio,-58.491093352680025,-34.59728803040137
Terrero 3079,Villa Del Parque,11,Los materiales deben estar lim,Papel / Cartón / Plástico / Metal / Vidrio,-58.477698301877204,-34.60195943199774
Terrero 3261,Villa Del Parque,11,Los materiales deben estar lim,Papel / Cartón / Plástico / Metal / Vidrio,-58.47990047852258,-34.60318868550692
Tinogasta 2980,Villa Del Parque,11,Los materiales deben estar lim,Papel / Cartón / Plástico / Metal / Vidrio,-58.49284627326026,-34.59889149734523
Tinogasta 3174,Villa Del Parque,11,Los materiales deben estar lim,Papel / Cartón / Plástico / Metal / Vidrio,-58.49548893162067,-34.60046472035394
Tinogasta 3760,Villa Del Parque,11,Los materiales deben estar lim,Papel / Cartón / Plástico / Metal / Vidrio,-58.50178612377543,-34.60420886030651
"Varela, Jose Pedro 3156",Villa Del Parque,11,Los materiales deben estar lim,Papel / Cartón / Plástico / Metal / Vidrio,-58.49677293962762,-34.598222306606964
"Varela, Jose Pedro 3355",Villa Del Parque,11,Los materiales deben estar lim,Papel / Cartón / Plástico / Metal / Vidrio,-58.49950309454323,-34.599757051135214
"Varela, Jose Pedro 3544",Villa Del Parque,11,Los materiales deben estar lim,Papel / Cartón / Plástico / Metal / Vidrio,-58.501962127562045,-34.60132133291834
Cervantes 3896,Villa Devoto,11,Los materiales deben estar lim,Papel / Cartón / Plástico / Metal / Vidrio,-58.52675628070257,-34.60831203968058
Allende 3748,Villa Devoto,11,Los materiales deben estar lim,Papel / Cartón / Plástico / Metal / Vidrio,-58.51844241970462,-34.6071954402761
Asuncion 3487,Villa Devoto,11,Los materiales deben estar lim,Papel / Cartón / Plástico / Metal / Vidrio,-58.504611677176236,-34.59679937002537
Asuncion 3635,Villa Devoto,11,Los materiales deben estar lim,Papel / Cartón / Plástico / Metal / Vidrio,-58.506706461808285,-34.59808968038908
Asuncion 3757,Villa Devoto,11,Los materiales deben estar lim,Papel / Cartón / Plástico / Metal / Vidrio,-58.508241233563744,-34.59904079211062
Asuncion 3940,Villa Devoto,11,Los materiales deben estar lim,Papel / Cartón / Plástico / Metal / Vidrio,-58.51049630005838,-34.60052551407414
Asuncion 4673,Villa Devoto,11,Los materiales deben estar lim,Papel / Cartón / Plástico / Metal / Vidrio,-58.519034367737945,-34.60569859362294
Asuncion 4948,Villa Devoto,11,Los materiales deben estar lim,Papel / Cartón / Plástico / Metal / Vidrio,-58.52241935642583,-34.60793739123341
Asuncion 5140,Villa Devoto,11,Los materiales deben estar lim,Papel / Cartón / Plástico / Metal / Vidrio,-58.52545727336605,-34.610012969345746
Asuncion 5262,Villa Devoto,11,Los materiales deben estar lim,Papel / Cartón / Plástico / Metal / Vidrio,-58.5275691116181,-34.61145457028799
Bacon 5403,Villa Devoto,11,Los materiales deben estar lim,Papel / Cartón / Plástico / Metal / Vidrio,-58.51590055122778,-34.58591636268014
Bahia Blanca 4515,Villa Devoto,11,Los materiales deben estar lim,Papel / Cartón / Plástico / Metal / Vidrio,-58.514106477065965,-34.59577574484895
Bazurco 3412,Villa Devoto,11,Los materiales deben estar lim,Papel / Cartón / Plástico / Metal / Vidrio,-58.51400201080695,-34.585017365741095
"Beiro, Francisco Av. 3937",Villa Devoto,11,Los materiales deben estar lim,Papel / Cartón / Plástico / Metal / Vidrio,-58.50781881981677,-34.6033318158203
"Beiro, Francisco Av. 4201",Villa Devoto,11,Los materiales deben estar lim,Papel / Cartón / Plástico / Metal / Vidrio,-58.51060873972586,-34.60502679109767
"Beiro, Francisco Av. 4355",Villa Devoto,11,Los materiales deben estar lim,Papel / Cartón / Plástico / Metal / Vidrio,-58.512313549761025,-34.60609633029883
"Beiro, Francisco Av. 4422",Villa Devoto,11,Los materiales deben estar lim,Papel / Cartón / Plástico / Metal / Vidrio,-58.51359967868989,-34.607047360172885
"Beiro, Francisco Av. 4630",Villa Devoto,11,Los materiales deben estar lim,Papel / Cartón / Plástico / Metal / Vidrio,-58.51590696064741,-34.608468173282134
"Beiro, Francisco Av. 4827",Villa Devoto,11,Los materiales deben estar lim,Papel / Cartón / Plástico / Metal / Vidrio,-58.51872081618724,-34.61004905937449
"Beiro, Francisco Av. 5061",Villa Devoto,11,Los materiales deben estar lim,Papel / Cartón / Plástico / Metal / Vidrio,-58.52129519925968,-34.61159583037012
"Beiro, Francisco Av. 5249",Villa Devoto,11,Los materiales deben estar lim,Papel / Cartón / Plástico / Metal / Vidrio,-58.524381749378016,-34.613456149828515
Bermudez 3421,Villa Devoto,11,Los materiales deben estar lim,Papel / Cartón / Plástico / Metal / Vidrio,-58.52219300339118,-34.60967993926292
"Cabezon, Jose Leon 3388",Villa Devoto,11,Los materiales deben estar lim,Papel / Cartón / Plástico / Metal / Vidrio,-58.51151190236506,-34.58686895390085
"Cabezon, Jose Leon 3605",Villa Devoto,11,Los materiales deben estar lim,Papel / Cartón / Plástico / Metal / Vidrio,-58.51464880200514,-34.58869416616221
"Cabezon, Jose Leon 3990",Villa Devoto,11,Los materiales deben estar lim,Papel / Cartón / Plástico / Metal / Vidrio,-58.519039877090805,-34.591504287604316
"Calderon De La Barca, Pedro 2469",Villa Devoto,11,Los materiales deben estar lim,Papel / Cartón / Plástico / Metal / Vidrio,-58.51699158668785,-34.61803999763761
Campana 3857,Villa Devoto,11,Los materiales deben estar lim,Papel / Cartón / Plástico / Metal / Vidrio,-58.501865973572464,-34.59566088856644
"Cantilo, Jose Luis 4381",Villa Devoto,11,Los materiales deben estar lim,Papel / Cartón / Plástico / Metal / Vidrio,-58.51412616118225,-34.60493922994873
"Cantilo, Jose Luis 4593",Villa Devoto,11,Los materiales deben estar lim,Papel / Cartón / Plástico / Metal / Vidrio,-58.516688521415,-34.60647477116635
"Cantilo, Jose Luis 4851",Villa Devoto,11,Los materiales deben estar lim,Papel / Cartón / Plástico / Metal / Vidrio,-58.52024652135785,-34.608683353904645
"Cantilo, Jose Luis 5115",Villa Devoto,11,Los materiales deben estar lim,Papel / Cartón / Plástico / Metal / Vidrio,-58.52362769010148,-34.610975775434746
"Cantilo, Jose Luis 5235",Villa Devoto,11,Los materiales deben estar lim,Papel / Cartón / Plástico / Metal / Vidrio,-58.525636753978816,-34.612336652818925
"Carril, Salvador Maria Del Av. 3591",Villa Devoto,11,Los materiales deben estar lim,Papel / Cartón / Plástico / Metal / Vidrio,-58.5074019712626,-34.59628372877296
"Carril, Salvador Maria Del Av. 4297",Villa Devoto,11,Los materiales deben estar lim,Papel / Cartón / Plástico / Metal / Vidrio,-58.51560442480021,-34.601347653394996
"Carril, Salvador Maria Del Av. 4699",Villa Devoto,11,Los materiales deben estar lim,Papel / Cartón / Plástico / Metal / Vidrio,-58.52064863783724,-34.60444999954221
"Carril, Salvador Maria Del Av. 4857",Villa Devoto,11,Los materiales deben estar lim,Papel / Cartón / Plástico / Metal / Vidrio,-58.52267157592427,-34.60569473746921
"Carril, Salvador Maria Del Av. 4993",Villa Devoto,11,Los materiales deben estar lim,Papel / Cartón / Plástico / Metal / Vidrio,-58.52497415425694,-34.607228106756665
Chivilcoy Av. 3669,Villa Devoto,11,Los materiales deben estar lim,Papel / Cartón / Plástico / Metal / Vidrio,-58.5100455631744,-34.60161882948122
Cochrane 3341,Villa Devoto,11,Los materiales deben estar lim,Papel / Cartón / Plástico / Metal / Vidrio,-58.514053603932766,-34.583550882656155
Concordia 4232,Villa Devoto,11,Los materiales deben estar lim,Papel / Cartón / Plástico / Metal / Vidrio,-58.50705616246386,-34.5946654069253
"Cubas, Jose 3596",Villa Devoto,11,Los materiales deben estar lim,Papel / Cartón / Plástico / Metal / Vidrio,-58.509231584720375,-34.59421716119772
"Cubas, Jose 3716",Villa Devoto,11,Los materiales deben estar lim,Papel / Cartón / Plástico / Metal / Vidrio,-58.51091564789128,-34.5952555373843
"Cubas, Jose 4291",Villa Devoto,11,Los materiales deben estar lim,Papel / Cartón / Plástico / Metal / Vidrio,-58.517483213703116,-34.59920192571604
"Cubas, Jose 4451",Villa Devoto,11,Los materiales deben estar lim,Papel / Cartón / Plástico / Metal / Vidrio,-58.519575146173175,-34.600493095051
"Cubas, Jose 4663",Villa Devoto,11,Los materiales deben estar lim,Papel / Cartón / Plástico / Metal / Vidrio,-58.522132097082796,-34.60207122774349
Fernandez De Enciso 3777,Villa Devoto,11,Los materiales deben estar lim,Papel / Cartón / Plástico / Metal / Vidrio,-58.512910707973575,-34.60338310006428
Franco 3545,Villa Devoto,11,Los materiales deben estar lim,Papel / Cartón / Plástico / Metal / Vidrio,-58.51506340787542,-34.58669982614849
Franco 3645,Villa Devoto,11,Los materiales deben estar lim,Papel / Cartón / Plástico / Metal / Vidrio,-58.516403722556646,-34.587524540611156
"Gonzalez, Joaquin v. 4826",Villa Devoto,11,Los materiales deben estar lim,Papel / Cartón / Plástico / Metal / Vidrio,-58.51514807984351,-34.59250512698776
Griveo 3339,Villa Devoto,11,Los materiales deben estar lim,Papel / Cartón / Plástico / Metal / Vidrio,-58.509729283921445,-34.58821282447902
Griveo 3479,Villa Devoto,11,Los materiales deben estar lim,Papel / Cartón / Plástico / Metal / Vidrio,-58.51143643201565,-34.58926665383279
Griveo 3579,Villa Devoto,11,Los materiales deben estar lim,Papel / Cartón / Plástico / Metal / Vidrio,-58.51271523612463,-34.59005888860156
Griveo 3994,Villa Devoto,11,Los materiales deben estar lim,Papel / Cartón / Plástico / Metal / Vidrio,-58.51759368286501,-34.59314986734381
Griveo 4164,Villa Devoto,11,Los materiales deben estar lim,Papel / Cartón / Plástico / Metal / Vidrio,-58.51939042454632,-34.59425183760849
Gualeguaychu 4569,Villa Devoto,11,Los materiales deben estar lim,Papel / Cartón / Plástico / Metal / Vidrio,-58.51738756275884,-34.59730721174463
Habana 3870,Villa Devoto,11,Los materiales deben estar lim,Papel / Cartón / Plástico / Metal / Vidrio,-58.51242745042004,-34.59729471204566
Habana 4033,Villa Devoto,11,Los materiales deben estar lim,Papel / Cartón / Plástico / Metal / Vidrio,-58.513988311228644,-34.59816889774498
Habana 4202,Villa Devoto,11,Los materiales deben estar lim,Papel / Cartón / Plástico / Metal / Vidrio,-58.51579553185023,-34.5993769277767
Habana 4534,Villa Devoto,11,Los materiales deben estar lim,Papel / Cartón / Plástico / Metal / Vidrio,-58.51986002841714,-34.60188491430272
Habana 4804,Villa Devoto,11,Los materiales deben estar lim,Papel / Cartón / Plástico / Metal / Vidrio,-58.52346016609971,-34.60410260727275
"Juarez, Benito 3005",Villa Devoto,11,Los materiales deben estar lim,Papel / Cartón / Plástico / Metal / Vidrio,-58.511801664439865,-34.612252799068116
Ladines 3514,Villa Devoto,11,Los materiales deben estar lim,Papel / Cartón / Plástico / Metal / Vidrio,-58.51263808198906,-34.5887777995831
Ladines 3826,Villa Devoto,11,Los materiales deben estar lim,Papel / Cartón / Plástico / Metal / Vidrio,-58.51664147128392,-34.591246412461615
Lastra Av. 3891,Villa Devoto,11,Los materiales deben estar lim,Papel / Cartón / Plástico / Metal / Vidrio,-58.52143911524292,-34.60741674882427
Llavallol 3576,Villa Devoto,11,Los materiales deben estar lim,Papel / Cartón / Plástico / Metal / Vidrio,-58.50139368384863,-34.59860490182023
Llavallol 4016,Villa Devoto,11,Los materiales deben estar lim,Papel / Cartón / Plástico / Metal / Vidrio,-58.504358041629054,-34.59533966093345
Llavallol 4383,Villa Devoto,11,Los materiales deben estar lim,Papel / Cartón / Plástico / Metal / Vidrio,-58.50652231977455,-34.5928476666961
Llavallol 4514,Villa Devoto,11,Los materiales deben estar lim,Papel / Cartón / Plástico / Metal / Vidrio,-58.50759319182291,-34.59175030273003
Lope De Vega Av. 2623,Villa Devoto,11,Los materiales deben estar lim,Papel / Cartón / Plástico / Metal / Vidrio,-58.52038065152306,-34.61751625770802
Lope De Vega Av. 3037,Villa Devoto,11,Los materiales deben estar lim,Papel / Cartón / Plástico / Metal / Vidrio,-58.52453595827158,-34.614307152446486
"Lopez, Carlos Antonio 3457",Villa Devoto,11,Los materiales deben estar lim,Papel / Cartón / Plástico / Metal / Vidrio,-58.51055558879004,-34.590061712908465
"Lopez, Carlos Antonio 4296",Villa Devoto,11,Los materiales deben estar lim,Papel / Cartón / Plástico / Metal / Vidrio,-58.52029457726372,-34.596121537452355
"Lozano, Pedro 4198",Villa Devoto,11,Los materiales deben estar lim,Papel / Cartón / Plástico / Metal / Vidrio,-58.50583424517693,-34.607767594751536
"Lozano, Pedro 4356",Villa Devoto,11,Los materiales deben estar lim,Papel / Cartón / Plástico / Metal / Vidrio,-58.50774456069647,-34.608905640313125
"Lozano, Pedro 4506",Villa Devoto,11,Los materiales deben estar lim,Papel / Cartón / Plástico / Metal / Vidrio,-58.50988975355787,-34.610234302294
"Lozano, Pedro 4810",Villa Devoto,11,Los materiales deben estar lim,Papel / Cartón / Plástico / Metal / Vidrio,-58.513755371384875,-34.61264810059256
"Lozano, Pedro 5067",Villa Devoto,11,Los materiales deben estar lim,Papel / Cartón / Plástico / Metal / Vidrio,-58.517257365208685,-34.615040334313896
"Lozano, Pedro 5259",Villa Devoto,11,Los materiales deben estar lim,Papel / Cartón / Plástico / Metal / Vidrio,-58.51959739053274,-34.61725319186189
Melincue 4005,Villa Devoto,11,Los materiales deben estar lim,Papel / Cartón / Plástico / Metal / Vidrio,-58.50304972090621,-34.60834951715357
Melincue 4355,Villa Devoto,11,Los materiales deben estar lim,Papel / Cartón / Plástico / Metal / Vidrio,-58.506347532786506,-34.61035360566836
Melincue 4477,Villa Devoto,11,Los materiales deben estar lim,Papel / Cartón / Plástico / Metal / Vidrio,-58.508089617781195,-34.611393388787896
Melincue 4759,Villa Devoto,11,Los materiales deben estar lim,Papel / Cartón / Plástico / Metal / Vidrio,-58.51183146745668,-34.6136067879198
Melincue 5073,Villa Devoto,11,Los materiales deben estar lim,Papel / Cartón / Plástico / Metal / Vidrio,-58.51566368836714,-34.61619018241686
Mercedes 3475,Villa Devoto,11,Los materiales deben estar lim,Papel / Cartón / Plástico / Metal / Vidrio,-58.509675813125355,-34.603656406841615
"Mistral, Gabriela 3758",Villa Devoto,11,Los materiales deben estar lim,Papel / Cartón / Plástico / Metal / Vidrio,-58.51281514963016,-34.59416890927981
"Mistral, Gabriela 4449",Villa Devoto,11,Los materiales deben estar lim,Papel / Cartón / Plástico / Metal / Vidrio,-58.52080907088798,-34.59901255384498
"Mistral, Gabriela 4636",Villa Devoto,11,Los materiales deben estar lim,Papel / Cartón / Plástico / Metal / Vidrio,-58.52303636152731,-34.600482213352194
"Moran, Pedro 3456",Villa Devoto,11,Los materiales deben estar lim,Papel / Cartón / Plástico / Metal / Vidrio,-58.50354951512875,-34.597319768745436
"Moran, Pedro 3777",Villa Devoto,11,Los materiales deben estar lim,Papel / Cartón / Plástico / Metal / Vidrio,-58.50745775202425,-34.59961753469507
"Moran, Pedro 3806",Villa Devoto,11,Los materiales deben estar lim,Papel / Cartón / Plástico / Metal / Vidrio,-58.508321418101296,-34.60027033303515
"Moran, Pedro 4003",Villa Devoto,11,Los materiales deben estar lim,Papel / Cartón / Plástico / Metal / Vidrio,-58.510534196203075,-34.60151414853982
"Moran, Pedro 4438",Villa Devoto,11,Los materiales deben estar lim,Papel / Cartón / Plástico / Metal / Vidrio,-58.51560103282214,-34.604744318369306
"Moran, Pedro 4748",Villa Devoto,11,Los materiales deben estar lim,Papel / Cartón / Plástico / Metal / Vidrio,-58.519372200341046,-34.60707369224977
"Moran, Pedro 5078",Villa Devoto,11,Los materiales deben estar lim,Papel / Cartón / Plástico / Metal / Vidrio,-58.52381905044449,-34.61002089999473
"Moran, Pedro 5170",Villa Devoto,11,Los materiales deben estar lim,Papel / Cartón / Plástico / Metal / Vidrio,-58.52510891801116,-34.61090827090932
Mosconi General Av. 3348,Villa Devoto,11,Los materiales deben estar lim,Papel / Cartón / Plástico / Metal / Vidrio,-58.50807291271868,-34.58994950660371
Mosconi General Av. 3594,Villa Devoto,11,Los materiales deben estar lim,Papel / Cartón / Plástico / Metal / Vidrio,-58.511312557290935,-34.59193549334671
Mosconi General Av. 3871,Villa Devoto,11,Los materiales deben estar lim,Papel / Cartón / Plástico / Metal / Vidrio,-58.51509530307227,-34.59414098970135
Mosconi General Av. 4154,Villa Devoto,11,Los materiales deben estar lim,Papel / Cartón / Plástico / Metal / Vidrio,-58.51764992961027,-34.59585650266502
Navarro 3348,Villa Devoto,11,Los materiales deben estar lim,Papel / Cartón / Plástico / Metal / Vidrio,-58.50088626178389,-34.59796090059627
Navarro 3571,Villa Devoto,11,Los materiales deben estar lim,Papel / Cartón / Plástico / Metal / Vidrio,-58.5038064731514,-34.5996769555731
Navarro 3700,Villa Devoto,11,Los materiales deben estar lim,Papel / Cartón / Plástico / Metal / Vidrio,-58.5054256699067,-34.60076367496116
Navarro 3891,Villa Devoto,11,Los materiales deben estar lim,Papel / Cartón / Plástico / Metal / Vidrio,-58.507684989308125,-34.60208035787688
Navarro 4213,Villa Devoto,11,Los materiales deben estar lim,Papel / Cartón / Plástico / Metal / Vidrio,-58.51140290835003,-34.60437329132594
Navarro 4461,Villa Devoto,11,Los materiales deben estar lim,Papel / Cartón / Plástico / Metal / Vidrio,-58.514429280283636,-34.60623119680323
Navarro 4781,Villa Devoto,11,Los materiales deben estar lim,Papel / Cartón / Plástico / Metal / Vidrio,-58.51855457101813,-34.60877570811003
Navarro 4969,Villa Devoto,11,Los materiales deben estar lim,Papel / Cartón / Plástico / Metal / Vidrio,-58.52083988051853,-34.610280428132164
Nazarre 4022,Villa Devoto,11,Los materiales deben estar lim,Papel / Cartón / Plástico / Metal / Vidrio,-58.50379686832149,-34.607721035699605
Nazarre 4257,Villa Devoto,11,Los materiales deben estar lim,Papel / Cartón / Plástico / Metal / Vidrio,-58.50598713557816,-34.60894083456105
Nazarre 4651,Villa Devoto,11,Los materiales deben estar lim,Papel / Cartón / Plástico / Metal / Vidrio,-58.511072719382504,-34.611980894103375
Nazarre 5154,Villa Devoto,11,Los materiales deben estar lim,Papel / Cartón / Plástico / Metal / Vidrio,-58.51760154607346,-34.61679647016445
Nazarre 5246,Villa Devoto,11,Los materiales deben estar lim,Papel / Cartón / Plástico / Metal / Vidrio,-58.518615702884496,-34.61776072431361
Nogoya 4034,Villa Devoto,11,Los materiales deben estar lim,Papel / Cartón / Plástico / Metal / Vidrio,-58.50254555498139,-34.60927215879717
Nogoya 4194,Villa Devoto,11,Los materiales deben estar lim,Papel / Cartón / Plástico / Metal / Vidrio,-58.50379103231523,-34.61002057632084
Nogoya 4524,Villa Devoto,11,Los materiales deben estar lim,Papel / Cartón / Plástico / Metal / Vidrio,-58.50809466018442,-34.612565036140936
Nogoya 4664,Villa Devoto,11,Los materiales deben estar lim,Papel / Cartón / Plástico / Metal / Vidrio,-58.509740705004134,-34.61353684061765
Nogoya 4892,Villa Devoto,11,Los materiales deben estar lim,Papel / Cartón / Plástico / Metal / Vidrio,-58.512304059581716,-34.615055565140395
Nueva York 3542,Villa Devoto,11,Los materiales deben estar lim,Papel / Cartón / Plástico / Metal / Vidrio,-58.50598854923141,-34.596685742162265
Nueva York 3676,Villa Devoto,11,Los materiales deben estar lim,Papel / Cartón / Plástico / Metal / Vidrio,-58.50770368508531,-34.59774505563358
Nueva York 3824,Villa Devoto,11,Los materiales deben estar lim,Papel / Cartón / Plástico / Metal / Vidrio,-58.5097034184005,-34.59898044278657
Nueva York 4158,Villa Devoto,11,Los materiales deben estar lim,Papel / Cartón / Plástico / Metal / Vidrio,-58.51326227638123,-34.60116552504213
Nueva York 4554,Villa Devoto,11,Los materiales deben estar lim,Papel / Cartón / Plástico / Metal / Vidrio,-58.518193333645264,-34.604200254418494
Nueva York 4845,Villa Devoto,11,Los materiales deben estar lim,Papel / Cartón / Plástico / Metal / Vidrio,-58.52186116738256,-34.606373082592306
Nueva York 5011,Villa Devoto,11,Los materiales deben estar lim,Papel / Cartón / Plástico / Metal / Vidrio,-58.524614145612105,-34.60821828724114
Nueva York 5157,Villa Devoto,11,Los materiales deben estar lim,Papel / Cartón / Plástico / Metal / Vidrio,-58.52650426402167,-34.60950750924834
Obispo San Alberto 3464,Villa Devoto,11,Los materiales deben estar lim,Papel / Cartón / Plástico / Metal / Vidrio,-58.513088691142414,-34.586717399225485
Obispo San Alberto 3555,Villa Devoto,11,Los materiales deben estar lim,Papel / Cartón / Plástico / Metal / Vidrio,-58.514650950713786,-34.58755880549254
Obispo San Alberto 3740,Villa Devoto,11,Los materiales deben estar lim,Papel / Cartón / Plástico / Metal / Vidrio,-58.51712812425458,-34.5892016518962
Pareja 3795,Villa Devoto,11,Los materiales deben estar lim,Papel / Cartón / Plástico / Metal / Vidrio,-58.51064401443779,-34.59722880126469
Pareja 4019,Villa Devoto,11,Los materiales deben estar lim,Papel / Cartón / Plástico / Metal / Vidrio,-58.513188750316345,-34.59878207730213
Pareja 4376,Villa Devoto,11,Los materiales deben estar lim,Papel / Cartón / Plástico / Metal / Vidrio,-58.517191912127636,-34.60135803683978
Pareja 4483,Villa Devoto,11,Los materiales deben estar lim,Papel / Cartón / Plástico / Metal / Vidrio,-58.518565473109405,-34.60211274357078
Pareja 4895,Villa Devoto,11,Los materiales deben estar lim,Papel / Cartón / Plástico / Metal / Vidrio,-58.52392800084214,-34.60542835479941
Quevedo 3268,Villa Devoto,11,Los materiales deben estar lim,Papel / Cartón / Plástico / Metal / Vidrio,-58.51730128979872,-34.612701263133836
San Martin Av. 6396,Villa Devoto,11,Los materiales deben estar lim,Papel / Cartón / Plástico / Metal / Vidrio,-58.50508532569506,-34.594007675281524
San Martin Av. 6707,Villa Devoto,11,Los materiales deben estar lim,Papel / Cartón / Plástico / Metal / Vidrio,-58.50884137140367,-34.59239089057458
San Martin Av. 7029,Villa Devoto,11,Los materiales deben estar lim,Papel / Cartón / Plástico / Metal / Vidrio,-58.51286080204403,-34.591045086591244
San Martin Av. 7188,Villa Devoto,11,Los materiales deben estar lim,Papel / Cartón / Plástico / Metal / Vidrio,-58.51515909285109,-34.590523459114216
San Nicolas 4760,Villa Devoto,11,Los materiales deben estar lim,Papel / Cartón / Plástico / Metal / Vidrio,-58.51331714047997,-34.59229360046526
Sanabria 4580,Villa Devoto,11,Los materiales deben estar lim,Papel / Cartón / Plástico / Metal / Vidrio,-58.5187618621032,-34.598102290890196
Sanabria 4653,Villa Devoto,11,Los materiales deben estar lim,Papel / Cartón / Plástico / Metal / Vidrio,-58.51923624823794,-34.597451664257136
Segurola 2808,Villa Devoto,11,Los materiales deben estar lim,Papel / Cartón / Plástico / Metal / Vidrio,-58.509264237224954,-34.61080999846429
Segurola Av. 3118,Villa Devoto,11,Los materiales deben estar lim,Papel / Cartón / Plástico / Metal / Vidrio,-58.511414160092464,-34.608041027519896
Simbron 3993,Villa Devoto,11,Los materiales deben estar lim,Papel / Cartón / Plástico / Metal / Vidrio,-58.506619293364864,-34.60530840873787
Simbron 4295,Villa Devoto,11,Los materiales deben estar lim,Papel / Cartón / Plástico / Metal / Vidrio,-58.50956191801418,-34.60712637361304
Simbron 4473,Villa Devoto,11,Los materiales deben estar lim,Papel / Cartón / Plástico / Metal / Vidrio,-58.51226874593019,-34.60886553806106
Simbron 4661,Villa Devoto,11,Los materiales deben estar lim,Papel / Cartón / Plástico / Metal / Vidrio,-58.51474198849419,-34.61045301186566
Simbron 4757,Villa Devoto,11,Los materiales deben estar lim,Papel / Cartón / Plástico / Metal / Vidrio,-58.51587301189183,-34.6112275911415
Simbron 5041,Villa Devoto,11,Los materiales deben estar lim,Papel / Cartón / Plástico / Metal / Vidrio,-58.51874221700661,-34.613174046333086
Simbron 5247,Villa Devoto,11,Los materiales deben estar lim,Papel / Cartón / Plástico / Metal / Vidrio,-58.52115739435473,-34.61554927944279
"Solano Lopez, F., Mariscal 3256",Villa Devoto,11,Los materiales deben estar lim,Papel / Cartón / Plástico / Metal / Vidrio,-58.50024004109126,-34.59640818152982
"Solano Lopez, F., Mariscal 3494",Villa Devoto,11,Los materiales deben estar lim,Papel / Cartón / Plástico / Metal / Vidrio,-58.50343004602796,-34.598384872302255
"Solano Lopez, F., Mariscal 3660",Villa Devoto,11,Los materiales deben estar lim,Papel / Cartón / Plástico / Metal / Vidrio,-58.505730770605254,-34.59975872808889
"Solano Lopez, F., Mariscal 3771",Villa Devoto,11,Los materiales deben estar lim,Papel / Cartón / Plástico / Metal / Vidrio,-58.507116494978916,-34.60056923416026
Tinogasta 3984,Villa Devoto,11,Los materiales deben estar lim,Papel / Cartón / Plástico / Metal / Vidrio,-58.50458274955313,-34.60586366463778
Tinogasta 4258,Villa Devoto,11,Los materiales deben estar lim,Papel / Cartón / Plástico / Metal / Vidrio,-58.507321367450466,-34.60748986070195
Tinogasta 4422,Villa Devoto,11,Los materiales deben estar lim,Papel / Cartón / Plástico / Metal / Vidrio,-58.509183344175405,-34.60860395597333
Tinogasta 4586,Villa Devoto,11,Los materiales deben estar lim,Papel / Cartón / Plástico / Metal / Vidrio,-58.511329369673234,-34.60991398147786
Tinogasta 4796,Villa Devoto,11,Los materiales deben estar lim,Papel / Cartón / Plástico / Metal / Vidrio,-58.51412694474245,-34.61162431700087
Tinogasta 4808,Villa Devoto,11,Los materiales deben estar lim,Papel / Cartón / Plástico / Metal / Vidrio,-58.514503914236684,-34.61185236881503
Tinogasta 5146,Villa Devoto,11,Los materiales deben estar lim,Papel / Cartón / Plástico / Metal / Vidrio,-58.519046981379034,-34.615278876010144
Vallejos 3330,Villa Devoto,11,Los materiales deben estar lim,Papel / Cartón / Plástico / Metal / Vidrio,-58.506483943420214,-34.591387616238016
Vallejos 4078,Villa Devoto,11,Los materiales deben estar lim,Papel / Cartón / Plástico / Metal / Vidrio,-58.515404471861615,-34.59688971280633
Vallejos 4347,Villa Devoto,11,Los materiales deben estar lim,Papel / Cartón / Plástico / Metal / Vidrio,-58.51892604135451,-34.59896598376534
Vallejos 4525,Villa Devoto,11,Los materiales deben estar lim,Papel / Cartón / Plástico / Metal / Vidrio,-58.52125810466503,-34.60041134991033
"Varela, Jose Pedro 3848",Villa Devoto,11,Los materiales deben estar lim,Papel / Cartón / Plástico / Metal / Vidrio,-58.50600091760454,-34.603693378977134
"Varela, Jose Pedro 4164",Villa Devoto,11,Los materiales deben estar lim,Papel / Cartón / Plástico / Metal / Vidrio,-58.50915721441778,-34.60564826543434
"Varela, Jose Pedro 4324",Villa Devoto,11,Los materiales deben estar lim,Papel / Cartón / Plástico / Metal / Vidrio,-58.510778792905484,-34.60665970509459
"Varela, Jose Pedro 4520",Villa Devoto,11,Los materiales deben estar lim,Papel / Cartón / Plástico / Metal / Vidrio,-58.51356214198089,-34.608442254862666
"Varela, Jose Pedro 4666",Villa Devoto,11,Los materiales deben estar lim,Papel / Cartón / Plástico / Metal / Vidrio,-58.51546850019257,-34.609664457174695
"Varela, Jose Pedro 4920",Villa Devoto,11,Los materiales deben estar lim,Papel / Cartón / Plástico / Metal / Vidrio,-58.51863785798486,-34.61169758574622
"Varela, Jose Pedro 5110",Villa Devoto,11,Los materiales deben estar lim,Papel / Cartón / Plástico / Metal / Vidrio,-58.52066583959782,-34.613388946517226
"Varela, Jose Pedro 5248",Villa Devoto,11,Los materiales deben estar lim,Papel / Cartón / Plástico / Metal / Vidrio,-58.52211989407833,-34.61467947973205
"Magari?os Cervantes, A. 2610",Villa Gral. Mitre,11,Los materiales deben estar lim,Papel / Cartón / Plástico / Metal / Vidrio,-58.476224321400665,-34.61156778066381
"Magari?os Cervantes, A. 2221",Villa Gral. Mitre,11,Los materiales deben estar lim,Papel / Cartón / Plástico / Metal / Vidrio,-58.471662828704254,-34.609075145724695
"Magari?os Cervantes, A. 1969",Villa Gral. Mitre,11,Los materiales deben estar lim,Papel / Cartón / Plástico / Metal / Vidrio,-58.46831803976517,-34.60752095415531
"Magari?os Cervantes, A. 1799",Villa Gral. Mitre,11,Los materiales deben estar lim,Papel / Cartón / Plástico / Metal / Vidrio,-58.46586472486285,-34.60647288436663
"Magari?os Cervantes, A. 1585",Villa Gral. Mitre,11,Los materiales deben estar lim,Papel / Cartón / Plástico / Metal / Vidrio,-58.463253888823616,-34.6053606733074
"Magari?os Cervantes, A. 1330",Villa Gral. Mitre,11,Los materiales deben estar lim,Papel / Cartón / Plástico / Metal / Vidrio,-58.46059562773169,-34.60431175327726
Boyac? 1775,Villa Gral. Mitre,11,Los materiales deben estar lim,Papel / Cartón / Plástico / Metal / Vidrio,-58.46892112177351,-34.609806965106536
Alvarez Jonte 1847,Villa Gral. Mitre,11,Los materiales deben estar lim,Papel / Cartón / Plástico / Metal / Vidrio,-58.46959698274735,-34.60231876377096
Alvarez Jonte 2040,Villa Gral. Mitre,11,Los materiales deben estar lim,Papel / Cartón / Plástico / Metal / Vidrio,-58.47222643575028,-34.60426473770509
Alvarez Jonte Av. 2313,Villa Gral. Mitre,11,Los materiales deben estar lim,Papel / Cartón / Plástico / Metal / Vidrio,-58.47542387526297,-34.60611695031626
Alvarez Jonte Av. 2513,Villa Gral. Mitre,11,Los materiales deben estar lim,Papel / Cartón / Plástico / Metal / Vidrio,-58.477878199264445,-34.60738693715354
"Artigas, Jose Gervasio, Gral. 2053",Villa Gral. Mitre,11,Los materiales deben estar lim,Papel / Cartón / Plástico / Metal / Vidrio,-58.47671707146805,-34.60814257566345
Camarones 1524,Villa Gral. Mitre,11,Los materiales deben estar lim,Papel / Cartón / Plástico / Metal / Vidrio,-58.46314987163158,-34.60406391436478
Camarones 1652,Villa Gral. Mitre,11,Los materiales deben estar lim,Papel / Cartón / Plástico / Metal / Vidrio,-58.464860070712774,-34.6047402663465
Camarones 1850,Villa Gral. Mitre,11,Los materiales deben estar lim,Papel / Cartón / Plástico / Metal / Vidrio,-58.46737880940163,-34.60587011684907
Camarones 2150,Villa Gral. Mitre,11,Los materiales deben estar lim,Papel / Cartón / Plástico / Metal / Vidrio,-58.47140742798088,-34.60761353010067
Camarones 2558,Villa Gral. Mitre,11,Los materiales deben estar lim,Papel / Cartón / Plástico / Metal / Vidrio,-58.47627453418781,-34.61016643318889
Condarco 1456,Villa Gral. Mitre,11,Los materiales deben estar lim,Papel / Cartón / Plástico / Metal / Vidrio,-58.47450895560575,-34.61559357774814
"Diaz, Cesar, Gral. 1848",Villa Gral. Mitre,11,Los materiales deben estar lim,Papel / Cartón / Plástico / Metal / Vidrio,-58.46586471104775,-34.60791758004807
"Diaz, Cesar, Gral. 2246",Villa Gral. Mitre,11,Los materiales deben estar lim,Papel / Cartón / Plástico / Metal / Vidrio,-58.47095460713125,-34.61022531152783
"Diaz, Cesar, Gral. 2524",Villa Gral. Mitre,11,Los materiales deben estar lim,Papel / Cartón / Plástico / Metal / Vidrio,-58.47435522521739,-34.61201854234356
"Escalada De San Martin, R. 2259",Villa Gral. Mitre,11,Los materiales deben estar lim,Papel / Cartón / Plástico / Metal / Vidrio,-58.47036655024013,-34.61123253868555
"Escalada De San Martin, R. 2441",Villa Gral. Mitre,11,Los materiales deben estar lim,Papel / Cartón / Plástico / Metal / Vidrio,-58.472480622127534,-34.612349024534474
"Escalada De San Martin, R. 2661",Villa Gral. Mitre,11,Los materiales deben estar lim,Papel / Cartón / Plástico / Metal / Vidrio,-58.47521689354535,-34.613802287149355
"Figueroa, D. Apolinario, Coronel 1950",Villa Gral. Mitre,11,Los materiales deben estar lim,Papel / Cartón / Plástico / Metal / Vidrio,-58.4629828219931,-34.614188735807836
Galicia 1758,Villa Gral. Mitre,11,Los materiales deben estar lim,Papel / Cartón / Plástico / Metal / Vidrio,-58.46180037190876,-34.61109997791764
Galicia 1966,Villa Gral. Mitre,11,Los materiales deben estar lim,Papel / Cartón / Plástico / Metal / Vidrio,-58.464276146272745,-34.612384523275466
Galicia 2160,Villa Gral. Mitre,11,Los materiales deben estar lim,Papel / Cartón / Plástico / Metal / Vidrio,-58.46693178147638,-34.613791494261555
Galicia 2328,Villa Gral. Mitre,11,Los materiales deben estar lim,Papel / Cartón / Plástico / Metal / Vidrio,-58.46889761069634,-34.614833391295626
Galicia 2518,Villa Gral. Mitre,11,Los materiales deben estar lim,Papel / Cartón / Plástico / Metal / Vidrio,-58.471044280908444,-34.61596623743161
"Garcia, Juan Agustin 1776",Villa Gral. Mitre,11,Los materiales deben estar lim,Papel / Cartón / Plástico / Metal / Vidrio,-58.467856066599275,-34.60336206593039
"Garcia, Juan Agustin 1946",Villa Gral. Mitre,11,Los materiales deben estar lim,Papel / Cartón / Plástico / Metal / Vidrio,-58.470269498680196,-34.60441169762838
"Garcia, Juan Agustin 2210",Villa Gral. Mitre,11,Los materiales deben estar lim,Papel / Cartón / Plástico / Metal / Vidrio,-58.47383346819268,-34.60605023245482
"Justo, Juan B. Av. 4459",Villa Gral. Mitre,11,Los materiales deben estar lim,Papel / Cartón / Plástico / Metal / Vidrio,-58.46332778879479,-34.60765075842175
"Justo, Juan B. Av. 4685",Villa Gral. Mitre,11,Los materiales deben estar lim,Papel / Cartón / Plástico / Metal / Vidrio,-58.46527597996482,-34.60955473527084
"Justo, Juan B. Av. 4963",Villa Gral. Mitre,11,Los materiales deben estar lim,Papel / Cartón / Plástico / Metal / Vidrio,-58.4686337959094,-34.61157934804404
"Justo, Juan B. Av. 5199",Villa Gral. Mitre,11,Los materiales deben estar lim,Papel / Cartón / Plástico / Metal / Vidrio,-58.4711302088445,-34.61290054031953
"Justo, Juan B. Av. 5339",Villa Gral. Mitre,11,Los materiales deben estar lim,Papel / Cartón / Plástico / Metal / Vidrio,-58.47273942081286,-34.61435613082551
"Lamas, Andres 2042",Villa Gral. Mitre,11,Los materiales deben estar lim,Papel / Cartón / Plástico / Metal / Vidrio,-58.46987496859419,-34.606370786206526
"Lamas, Andres 2384",Villa Gral. Mitre,11,Los materiales deben estar lim,Papel / Cartón / Plástico / Metal / Vidrio,-58.47249252427007,-34.60375630085025
Luis Viale 2155,Villa Gral. Mitre,11,Los materiales deben estar lim,Papel / Cartón / Plástico / Metal / Vidrio,-58.466210417451634,-34.61473750805373
San Blas 1637,Villa Gral. Mitre,11,Los materiales deben estar lim,Papel / Cartón / Plástico / Metal / Vidrio,-58.46528981441582,-34.60352540552722
San Blas 1825,Villa Gral. Mitre,11,Los materiales deben estar lim,Papel / Cartón / Plástico / Metal / Vidrio,-58.468020375977346,-34.604698038845484
San Blas 2065,Villa Gral. Mitre,11,Los materiales deben estar lim,Papel / Cartón / Plástico / Metal / Vidrio,-58.471212613122,-34.60606496933728
San Blas 2135,Villa Gral. Mitre,11,Los materiales deben estar lim,Papel / Cartón / Plástico / Metal / Vidrio,-58.472060958409166,-34.60650321228204
San Blas 2373,Villa Gral. Mitre,11,Los materiales deben estar lim,Papel / Cartón / Plástico / Metal / Vidrio,-58.47480859796463,-34.60787063177924
San Blas 2633,Villa Gral. Mitre,11,Los materiales deben estar lim,Papel / Cartón / Plástico / Metal / Vidrio,-58.47805274345487,-34.60959588569604
Tres Arroyos 1865,Villa Gral. Mitre,11,Los materiales deben estar lim,Papel / Cartón / Plástico / Metal / Vidrio,-58.46402217584435,-34.61072690052686
Tres Arroyos 1977,Villa Gral. Mitre,11,Los materiales deben estar lim,Papel / Cartón / Plástico / Metal / Vidrio,-58.46541724954293,-34.61145963941739
Tres Arroyos 2247,Villa Gral. Mitre,11,Los materiales deben estar lim,Papel / Cartón / Plástico / Metal / Vidrio,-58.46873264081691,-34.61321601014695
Tres Arroyos 2459,Villa Gral. Mitre,11,Los materiales deben estar lim,Papel / Cartón / Plástico / Metal / Vidrio,-58.471066988105775,-34.61445185115932
"Viale, Luis 1897",Villa Gral. Mitre,11,Los materiales deben estar lim,Papel / Cartón / Plástico / Metal / Vidrio,-58.46289227572283,-34.61293299399837
"Viale, Luis 2229",Villa Gral. Mitre,11,Los materiales deben estar lim,Papel / Cartón / Plástico / Metal / Vidrio,-58.46709802553726,-34.61520614518221
"Viale, Luis 2499",Villa Gral. Mitre,11,Los materiales deben estar lim,Papel / Cartón / Plástico / Metal / Vidrio,-58.469773908207515,-34.616620959775176
"Viale, Luis 2615",Villa Gral. Mitre,11,Los materiales deben estar lim,Papel / Cartón / Plástico / Metal / Vidrio,-58.47142466207923,-34.61749339855587
"Diaz, Cesar, Gral. 2706",Villa Gral. Mitre,11,Los materiales deben estar lim,Papel / Cartón / Plástico / Metal / Vidrio,-58.47656104382739,-34.61318533552007
"Garcia, Juan Agustin 2652",Villa Gral. Mitre,11,Los materiales deben estar lim,Papel / Cartón / Plástico / Metal / Vidrio,-58.479086049289435,-34.60881350960948
Escalada Av. 4551,Villa Lugano,8,Los materiales deben estar lim,Papel / Cartón / Plástico / Metal / Vidrio,-58.45261995944498,-34.678439915114815
Casta?ares Av. 4965,Villa Lugano,8,Los materiales deben estar lim,Papel / Cartón / Plástico / Metal / Vidrio,-58.473643213355366,-34.66762247754712
Casta?ares Av. 4555,Villa Lugano,8,Los materiales deben estar lim,Papel / Cartón / Plástico / Metal / Vidrio,-58.470694183329485,-34.66502299698689
Casta?ares Av. 4645,Villa Lugano,8,Los materiales deben estar lim,Papel / Cartón / Plástico / Metal / Vidrio,-58.47111652614209,-34.665477417330074
Ca?ada De Gomez 4547,Villa Lugano,8,Los materiales deben estar lim,Papel / Cartón / Plástico / Metal / Vidrio,-58.47802914152552,-34.68305404099428
"Batlle y Ordo?ez, Jose P.t. 6844",Villa Lugano,8,Los materiales deben estar lim,Papel / Cartón / Plástico / Metal / Vidrio,-58.48276010155068,-34.68647886722475
Albari?o 3660,Villa Lugano,8,Los materiales deben estar lim,Papel / Cartón / Plástico / Metal / Vidrio,-58.46979556637573,-34.671149136994366
"Batlle y Ordo?ez, Jose P.t. 5618",Villa Lugano,8,Los materiales deben estar lim,Papel / Cartón / Plástico / Metal / Vidrio,-58.472801356137936,-34.67809178545592
"Batlle y Ordo?ez, Jose P.t. 6056",Villa Lugano,8,Los materiales deben estar lim,Papel / Cartón / Plástico / Metal / Vidrio,-58.47626879498593,-34.681157657580066
"Batlle y Ordo?ez, Jose P.t. 6582",Villa Lugano,8,Los materiales deben estar lim,Papel / Cartón / Plástico / Metal / Vidrio,-58.48053699257045,-34.68448075091619
Albari?o 3486,Villa Lugano,8,Los materiales deben estar lim,Papel / Cartón / Plástico / Metal / Vidrio,-58.47175531878604,-34.669684417717015
Aquino 4631,Villa Lugano,8,Los materiales deben estar lim,Papel / Cartón / Plástico / Metal / Vidrio,-58.468834211777065,-34.66721804396878
Aquino 5437,Villa Lugano,8,Los materiales deben estar lim,Papel / Cartón / Plástico / Metal / Vidrio,-58.475221002129885,-34.673137305078626
Araujo 3313,Villa Lugano,8,Los materiales deben estar lim,Papel / Cartón / Plástico / Metal / Vidrio,-58.4710527815502,-34.667717130668
Araujo 3600,Villa Lugano,8,Los materiales deben estar lim,Papel / Cartón / Plástico / Metal / Vidrio,-58.468352147336496,-34.669708363436776
Basualdo 3186,Villa Lugano,8,Los materiales deben estar lim,Papel / Cartón / Plástico / Metal / Vidrio,-58.47068131200869,-34.66661542163394
Beron De Astrada 5954,Villa Lugano,8,Los materiales deben estar lim,Papel / Cartón / Plástico / Metal / Vidrio,-58.463323228503754,-34.68847546255621
Cafayate 4166,Villa Lugano,8,Los materiales deben estar lim,Papel / Cartón / Plástico / Metal / Vidrio,-58.47691779092376,-34.67835373650792
Cafayate 4332,Villa Lugano,8,Los materiales deben estar lim,Papel / Cartón / Plástico / Metal / Vidrio,-58.47552386955152,-34.67943320831958
Cafayate 4416,Villa Lugano,8,Los materiales deben estar lim,Papel / Cartón / Plástico / Metal / Vidrio,-58.4746085248388,-34.68014183618199
Cafayate 4630,Villa Lugano,8,Los materiales deben estar lim,Papel / Cartón / Plástico / Metal / Vidrio,-58.472498306160794,-34.68177156702246
Cafayate 5051,Villa Lugano,8,Los materiales deben estar lim,Papel / Cartón / Plástico / Metal / Vidrio,-58.46765958311275,-34.68565323440211
Cafayate 5275,Villa Lugano,8,Los materiales deben estar lim,Papel / Cartón / Plástico / Metal / Vidrio,-58.4650649919976,-34.68765361004647
"Chilavert, Martiniano, Coronel 6043",Villa Lugano,8,Los materiales deben estar lim,Papel / Cartón / Plástico / Metal / Vidrio,-58.47258624996512,-34.68345397308518
Combate De San Carlos 5436,Villa Lugano,8,Los materiales deben estar lim,Papel / Cartón / Plástico / Metal / Vidrio,-58.461411660629295,-34.68687005603288
Corvalan 3315,Villa Lugano,8,Los materiales deben estar lim,Papel / Cartón / Plástico / Metal / Vidrio,-58.47180106767701,-34.66841680310746
Corvalan 3597,Villa Lugano,8,Los materiales deben estar lim,Papel / Cartón / Plástico / Metal / Vidrio,-58.468683958634486,-34.67083730203882
"Costamagna, Santiago 5825",Villa Lugano,8,Los materiales deben estar lim,Papel / Cartón / Plástico / Metal / Vidrio,-58.46387270562351,-34.68763536661932
"De La Torre, Lisandro 4640",Villa Lugano,8,Los materiales deben estar lim,Papel / Cartón / Plástico / Metal / Vidrio,-58.47405614944001,-34.6834264983144
"De La Torre, Lisandro 4740",Villa Lugano,8,Los materiales deben estar lim,Papel / Cartón / Plástico / Metal / Vidrio,-58.47299266743397,-34.68429614009205
"De La Torre, Lisandro 4954",Villa Lugano,8,Los materiales deben estar lim,Papel / Cartón / Plástico / Metal / Vidrio,-58.470479125949545,-34.68624960238114
"De La Torre, Lisandro 5190",Villa Lugano,8,Los materiales deben estar lim,Papel / Cartón / Plástico / Metal / Vidrio,-58.46777320912768,-34.68831673356344
"De La Torre, Lisandro 5346",Villa Lugano,8,Los materiales deben estar lim,Papel / Cartón / Plástico / Metal / Vidrio,-58.46592484903225,-34.68975947356414
"De La Torre, Lisandro 5470",Villa Lugano,8,Los materiales deben estar lim,Papel / Cartón / Plástico / Metal / Vidrio,-58.46444858649993,-34.690965551296955
"Descalzi, Nicolas 5415",Villa Lugano,8,Los materiales deben estar lim,Papel / Cartón / Plástico / Metal / Vidrio,-58.4637356516753,-34.68239451243159
Escalada Av. 2796,Villa Lugano,8,Los materiales deben estar lim,Papel / Cartón / Plástico / Metal / Vidrio,-58.47103481309978,-34.66398275289846
Escalada Av. 2852,Villa Lugano,8,Los materiales deben estar lim,Papel / Cartón / Plástico / Metal / Vidrio,-58.471392084121646,-34.66365769255078
"Fernandez De La Cruz, F., Gral. Av. 4781",Villa Lugano,8,Los materiales deben estar lim,Papel / Cartón / Plástico / Metal / Vidrio,-58.46090074596905,-34.67464276838787
"Fernandez De La Cruz, F., Gral. Av. 4800",Villa Lugano,8,Los materiales deben estar lim,Papel / Cartón / Plástico / Metal / Vidrio,-58.46092922343169,-34.67493030641272
"Fernandez De La Cruz, F., Gral. Av. 5000",Villa Lugano,8,Los materiales deben estar lim,Papel / Cartón / Plástico / Metal / Vidrio,-58.46305380032967,-34.67677850332837
"Fernandez De La Cruz, F., Gral. Av. 5095",Villa Lugano,8,Los materiales deben estar lim,Papel / Cartón / Plástico / Metal / Vidrio,-58.463840918328216,-34.67708950238298
"Fernandez De La Cruz, F., Gral. Av. 5925",Villa Lugano,8,Los materiales deben estar lim,Papel / Cartón / Plástico / Metal / Vidrio,-58.47095415835091,-34.683425802342825
Fonrouge 3735,Villa Lugano,8,Los materiales deben estar lim,Papel / Cartón / Plástico / Metal / Vidrio,-58.473470550474836,-34.67221994696461
"Garcia, Pedro A. Cnel 5889",Villa Lugano,8,Los materiales deben estar lim,Papel / Cartón / Plástico / Metal / Vidrio,-58.467725538348766,-34.684697096787836
"Garcia, Pedro A.,cnel. 5660",Villa Lugano,8,Los materiales deben estar lim,Papel / Cartón / Plástico / Metal / Vidrio,-58.46739627350579,-34.682477401238046
Guamini 4648,Villa Lugano,8,Los materiales deben estar lim,Papel / Cartón / Plástico / Metal / Vidrio,-58.480253132660216,-34.68505743849518
Guardia Nacional 3300,Villa Lugano,8,Los materiales deben estar lim,Papel / Cartón / Plástico / Metal / Vidrio,-58.46870864459883,-34.66687718712653
"Guerrico, Martin Ctte 5415",Villa Lugano,8,Los materiales deben estar lim,Papel / Cartón / Plástico / Metal / Vidrio,-58.45966108698563,-34.68550590644474
"Guerrico, Martin Ctte 5581",Villa Lugano,8,Los materiales deben estar lim,Papel / Cartón / Plástico / Metal / Vidrio,-58.4594956756913,-34.68720823744646
Hudson 4306,Villa Lugano,8,Los materiales deben estar lim,Papel / Cartón / Plástico / Metal / Vidrio,-58.47711880911012,-34.680228019363405
Hudson 4606,Villa Lugano,8,Los materiales deben estar lim,Papel / Cartón / Plástico / Metal / Vidrio,-58.473851941096726,-34.68274836404347
Larraya 4096,Villa Lugano,8,Los materiales deben estar lim,Papel / Cartón / Plástico / Metal / Vidrio,-58.47055464153777,-34.675709195377124
Larrazabal 4010,Villa Lugano,8,Los materiales deben estar lim,Papel / Cartón / Plástico / Metal / Vidrio,-58.47252425989491,-34.67607412475636
Larrazabal Av. 4651,Villa Lugano,8,Los materiales deben estar lim,Papel / Cartón / Plástico / Metal / Vidrio,-58.46428229464286,-34.68149298667873
Larrazabal Av. 5051,Villa Lugano,8,Los materiales deben estar lim,Papel / Cartón / Plástico / Metal / Vidrio,-58.459950109615356,-34.68471635892325
"Leguizamon, Martiniano 4475",Villa Lugano,8,Los materiales deben estar lim,Papel / Cartón / Plástico / Metal / Vidrio,-58.4735391086214,-34.67999325234753
"Leguizamon, Martiniano 4649",Villa Lugano,8,Los materiales deben estar lim,Papel / Cartón / Plástico / Metal / Vidrio,-58.471609007016575,-34.68148176627176
Miralla 3595,Villa Lugano,8,Los materiales deben estar lim,Papel / Cartón / Plástico / Metal / Vidrio,-58.47135983979659,-34.671306272902726
Miralla 3821,Villa Lugano,8,Los materiales deben estar lim,Papel / Cartón / Plástico / Metal / Vidrio,-58.469027315976206,-34.673140685645514
Mozart 2340,Villa Lugano,8,Los materiales deben estar lim,Papel / Cartón / Plástico / Metal / Vidrio,-58.46891947447547,-34.65961341952459
Murguiondo 4055,Villa Lugano,8,Los materiales deben estar lim,Papel / Cartón / Plástico / Metal / Vidrio,-58.47727288367843,-34.67578582963544
Murguiondo 4297,Villa Lugano,8,Los materiales deben estar lim,Papel / Cartón / Plástico / Metal / Vidrio,-58.47476899158998,-34.67771331368747
Murguiondo 4315,Villa Lugano,8,Los materiales deben estar lim,Papel / Cartón / Plástico / Metal / Vidrio,-58.474480763727975,-34.67794209713641
Murguiondo 4575,Villa Lugano,8,Los materiales deben estar lim,Papel / Cartón / Plástico / Metal / Vidrio,-58.47180302478567,-34.68004377110435
Murguiondo 4751,Villa Lugano,8,Los materiales deben estar lim,Papel / Cartón / Plástico / Metal / Vidrio,-58.469921760803295,-34.68150039333452
"Olascoaga, Manuel Jose. Cnel 5003",Villa Lugano,8,Los materiales deben estar lim,Papel / Cartón / Plástico / Metal / Vidrio,-58.46601763578319,-34.68374942509424
Oliden 4005,Villa Lugano,8,Los materiales deben estar lim,Papel / Cartón / Plástico / Metal / Vidrio,-58.476529558517655,-34.67477476675027
Oliden 4278,Villa Lugano,8,Los materiales deben estar lim,Papel / Cartón / Plástico / Metal / Vidrio,-58.47393128009483,-34.676681566637136
Oliden 4656,Villa Lugano,8,Los materiales deben estar lim,Papel / Cartón / Plástico / Metal / Vidrio,-58.46973542991451,-34.679956690156075
"Ozanam Federico, Beato 5205",Villa Lugano,8,Los materiales deben estar lim,Papel / Cartón / Plástico / Metal / Vidrio,-58.47095718858373,-34.673008579942724
Pola 3592,Villa Lugano,8,Los materiales deben estar lim,Papel / Cartón / Plástico / Metal / Vidrio,-58.47319800962412,-34.67106144105159
"Ramirez, Ceferino Comodoro 5562",Villa Lugano,8,Los materiales deben estar lim,Papel / Cartón / Plástico / Metal / Vidrio,-58.46227198298339,-34.68487015630238
"Riestra, Av 5796",Villa Lugano,8,Los materiales deben estar lim,Papel / Cartón / Plástico / Metal / Vidrio,-58.47587758032577,-34.67794719581503
Saraza 4225,Villa Lugano,8,Los materiales deben estar lim,Papel / Cartón / Plástico / Metal / Vidrio,-58.46799331055349,-34.66079067922468
Saraza 4268,Villa Lugano,8,Los materiales deben estar lim,Papel / Cartón / Plástico / Metal / Vidrio,-58.46815662491135,-34.66125550325261
Saraza 4355,Villa Lugano,8,Los materiales deben estar lim,Papel / Cartón / Plástico / Metal / Vidrio,-58.46933248157315,-34.662104937027685
Sayos 5294,Villa Lugano,8,Los materiales deben estar lim,Papel / Cartón / Plástico / Metal / Vidrio,-58.47062866999252,-34.67421684363802
Soldado De La Frontera Av. 4954,Villa Lugano,8,Los materiales deben estar lim,Papel / Cartón / Plástico / Metal / Vidrio,-58.465886781950886,-34.682626830372854
Soldado De La Frontera Av. 5210,Villa Lugano,8,Los materiales deben estar lim,Papel / Cartón / Plástico / Metal / Vidrio,-58.46355118080145,-34.68500710594582
Soldado De La Frontera Av. 5251,Villa Lugano,8,Los materiales deben estar lim,Papel / Cartón / Plástico / Metal / Vidrio,-58.46366928268516,-34.68584626578611
Soldado De La Frontera Av. 5482,Villa Lugano,8,Los materiales deben estar lim,Papel / Cartón / Plástico / Metal / Vidrio,-58.46135940696292,-34.687797130448
Somellera 4896,Villa Lugano,8,Los materiales deben estar lim,Papel / Cartón / Plástico / Metal / Vidrio,-58.469550649538796,-34.669914402912134
Somellera 5394,Villa Lugano,8,Los materiales deben estar lim,Papel / Cartón / Plástico / Metal / Vidrio,-58.473280392750226,-34.67342037274021
Somellera 5550,Villa Lugano,8,Los materiales deben estar lim,Papel / Cartón / Plástico / Metal / Vidrio,-58.475039371429,-34.67501954014294
Somellera 6011,Villa Lugano,8,Los materiales deben estar lim,Papel / Cartón / Plástico / Metal / Vidrio,-58.47861262910539,-34.67821950617442
"Suarez, Jose Leon 4850",Villa Lugano,8,Los materiales deben estar lim,Papel / Cartón / Plástico / Metal / Vidrio,-58.48177759113347,-34.686437691151966
Unanue 5511,Villa Lugano,8,Los materiales deben estar lim,Papel / Cartón / Plástico / Metal / Vidrio,-58.47057623079273,-34.67787669943763
Zelarrayan 4572,Villa Lugano,8,Los materiales deben estar lim,Papel / Cartón / Plástico / Metal / Vidrio,-58.4695185121548,-34.66589786982823
Casta?ares Av. 6509,Villa Lugano,8,Los materiales deben estar lim,Papel / Cartón / Plástico / Metal / Vidrio,-58.487915651308214,-34.679685253382175
Casta?ares Av. 6611,Villa Lugano,8,Los materiales deben estar lim,Papel / Cartón / Plástico / Metal / Vidrio,-58.48916411278021,-34.68065624710786
Ca?ada De Gomez 4008,Villa Lugano,8,Los materiales deben estar lim,Papel / Cartón / Plástico / Metal / Vidrio,-58.48492909431795,-34.67740372288993
Albari?o 2995,Villa Lugano,8,Los materiales deben estar lim,Papel / Cartón / Plástico / Metal / Vidrio,-58.47729012102461,-34.665395706843704
Albari?o 2897,Villa Lugano,8,Los materiales deben estar lim,Papel / Cartón / Plástico / Metal / Vidrio,-58.4783134997625,-34.66460063325192
Albari?o 2525,Villa Lugano,8,Los materiales deben estar lim,Papel / Cartón / Plástico / Metal / Vidrio,-58.48297132312824,-34.660970477170395
2 De Abril De 1982 6446,Villa Lugano,8,Los materiales deben estar lim,Papel / Cartón / Plástico / Metal / Vidrio,-58.49026187483577,-34.67733849432619
2 De Abril De 1982 6956,Villa Lugano,8,Los materiales deben estar lim,Papel / Cartón / Plástico / Metal / Vidrio,-58.49442525271535,-34.678821467004695
"Alvarez, Crisostomo 5350",Villa Lugano,8,Los materiales deben estar lim,Papel / Cartón / Plástico / Metal / Vidrio,-58.4808223884818,-34.66702566339967
"Alvarez, Crisostomo 5441",Villa Lugano,8,Los materiales deben estar lim,Papel / Cartón / Plástico / Metal / Vidrio,-58.481824706718655,-34.66777936270608
"Alvarez, Crisostomo 6793",Villa Lugano,8,Los materiales deben estar lim,Papel / Cartón / Plástico / Metal / Vidrio,-58.49296602595559,-34.677819300319705
Araujo 2669,Villa Lugano,8,Los materiales deben estar lim,Papel / Cartón / Plástico / Metal / Vidrio,-58.47859019202192,-34.66182421588185
Araujo 2745,Villa Lugano,8,Los materiales deben estar lim,Papel / Cartón / Plástico / Metal / Vidrio,-58.47760837121268,-34.66261960247829
Argentina Av. 6533,Villa Lugano,8,Los materiales deben estar lim,Papel / Cartón / Plástico / Metal / Vidrio,-58.49326653464314,-34.6731966444005
Argentina Av. 6950,Villa Lugano,8,Los materiales deben estar lim,Papel / Cartón / Plástico / Metal / Vidrio,-58.499005620704615,-34.673914757402976
Balbastro 5150,Villa Lugano,8,Los materiales deben estar lim,Papel / Cartón / Plástico / Metal / Vidrio,-58.47723631807118,-34.66729433731
Barca Cabo De Hornos 6650,Villa Lugano,8,Los materiales deben estar lim,Papel / Cartón / Plástico / Metal / Vidrio,-58.489896572428954,-34.679520115662875
Barca Cabo De Hornos 6816,Villa Lugano,8,Los materiales deben estar lim,Papel / Cartón / Plástico / Metal / Vidrio,-58.4922164789861,-34.68002355431178
Basualdo 2606,Villa Lugano,8,Los materiales deben estar lim,Papel / Cartón / Plástico / Metal / Vidrio,-58.47719143155527,-34.661514556603294
Basualdo 2704,Villa Lugano,8,Los materiales deben estar lim,Papel / Cartón / Plástico / Metal / Vidrio,-58.475652390098716,-34.66270787622516
Carhue 3189,Villa Lugano,8,Los materiales deben estar lim,Papel / Cartón / Plástico / Metal / Vidrio,-58.49765519336594,-34.67128717842583
Carhue 3340,Villa Lugano,8,Los materiales deben estar lim,Papel / Cartón / Plástico / Metal / Vidrio,-58.495059188453745,-34.67258351907282
Corvalan 2506,Villa Lugano,8,Los materiales deben estar lim,Papel / Cartón / Plástico / Metal / Vidrio,-58.48121727154476,-34.66095004987726
Corvalan 2680,Villa Lugano,8,Los materiales deben estar lim,Papel / Cartón / Plástico / Metal / Vidrio,-58.479256886045356,-34.66248105285205
Cosquin 4047,Villa Lugano,8,Los materiales deben estar lim,Papel / Cartón / Plástico / Metal / Vidrio,-58.485530631479804,-34.67837682603633
"Cuter, Luisito 4045",Villa Lugano,8,Los materiales deben estar lim,Papel / Cartón / Plástico / Metal / Vidrio,-58.490484796815835,-34.67922938375833
"De La Rosa, Jose I., Dr. 6190",Villa Lugano,8,Los materiales deben estar lim,Papel / Cartón / Plástico / Metal / Vidrio,-58.48969553336354,-34.66605416979798
"Dellepiane, Luis, Tte. Gral. 4630",Villa Lugano,8,Los materiales deben estar lim,Papel / Cartón / Plástico / Metal / Vidrio,-58.47259397047745,-34.664447446425385
"Dellepiane, Luis, Tte. Gral. 4781",Villa Lugano,8,Los materiales deben estar lim,Papel / Cartón / Plástico / Metal / Vidrio,-58.474500941544754,-34.665986896793825
"Dellepiane, Luis, Tte. Gral. 4850",Villa Lugano,8,Los materiales deben estar lim,Papel / Cartón / Plástico / Metal / Vidrio,-58.47341747518866,-34.666292049160575
"Dellepiane, Luis, Tte. Gral. 4941",Villa Lugano,8,Los materiales deben estar lim,Papel / Cartón / Plástico / Metal / Vidrio,-58.47450964492006,-34.66603071129737
"Dellepiane, Luis, Tte. Gral. 6655",Villa Lugano,8,Los materiales deben estar lim,Papel / Cartón / Plástico / Metal / Vidrio,-58.483198598598676,-34.683658577239484
Echeandia 5000,Villa Lugano,8,Los materiales deben estar lim,Papel / Cartón / Plástico / Metal / Vidrio,-58.47999900645918,-34.66182840796877
Echeandia 6810,Villa Lugano,8,Los materiales deben estar lim,Papel / Cartón / Plástico / Metal / Vidrio,-58.49570734358211,-34.67610837141231
Echeandia 6990,Villa Lugano,8,Los materiales deben estar lim,Papel / Cartón / Plástico / Metal / Vidrio,-58.49699143025439,-34.67731911964825
Escalada Av. 2515,Villa Lugano,8,Los materiales deben estar lim,Papel / Cartón / Plástico / Metal / Vidrio,-58.474322081603155,-34.66154426040445
Fonrouge 2699,Villa Lugano,8,Los materiales deben estar lim,Papel / Cartón / Plástico / Metal / Vidrio,-58.48606923966923,-34.662398646299174
Fonrouge 2706,Villa Lugano,8,Los materiales deben estar lim,Papel / Cartón / Plástico / Metal / Vidrio,-58.48572824657906,-34.66256521226578
Fonrouge 2990,Villa Lugano,8,Los materiales deben estar lim,Papel / Cartón / Plástico / Metal / Vidrio,-58.482252825332935,-34.665273400564864
Fonrouge 3180,Villa Lugano,8,Los materiales deben estar lim,Papel / Cartón / Plástico / Metal / Vidrio,-58.47970024693189,-34.66725149010008
Goleta Santa Cruz 6519,Villa Lugano,8,Los materiales deben estar lim,Papel / Cartón / Plástico / Metal / Vidrio,-58.488505446167125,-34.67835126934682
Goleta Santa Cruz 6711,Villa Lugano,8,Los materiales deben estar lim,Papel / Cartón / Plástico / Metal / Vidrio,-58.49069785443204,-34.67882065063139
Goleta Santa Cruz 6851,Villa Lugano,8,Los materiales deben estar lim,Papel / Cartón / Plástico / Metal / Vidrio,-58.49252838655424,-34.67922114133933
"Gordillo, Timoteo 4106",Villa Lugano,8,Los materiales deben estar lim,Papel / Cartón / Plástico / Metal / Vidrio,-58.483252307884534,-34.67747706404066
"Gordillo, Timoteo 4256",Villa Lugano,8,Los materiales deben estar lim,Papel / Cartón / Plástico / Metal / Vidrio,-58.480981105101655,-34.67937182206322
Guardia Nacional 2491,Villa Lugano,8,Los materiales deben estar lim,Papel / Cartón / Plástico / Metal / Vidrio,-58.4779463727914,-34.6597660333852
Guardia Nacional 2605,Villa Lugano,8,Los materiales deben estar lim,Papel / Cartón / Plástico / Metal / Vidrio,-58.47648328298287,-34.660935252490724
Larraya 2787,Villa Lugano,8,Los materiales deben estar lim,Papel / Cartón / Plástico / Metal / Vidrio,-58.485605570854595,-34.664041380622265
Larraya 3137,Villa Lugano,8,Los materiales deben estar lim,Papel / Cartón / Plástico / Metal / Vidrio,-58.48093286751101,-34.66767855901044
Larraya 3271,Villa Lugano,8,Los materiales deben estar lim,Papel / Cartón / Plástico / Metal / Vidrio,-58.47964224954522,-34.66868186935364
Larrazabal 2712,Villa Lugano,8,Los materiales deben estar lim,Papel / Cartón / Plástico / Metal / Vidrio,-58.487521229443566,-34.66440341237631
Larrazabal 2948,Villa Lugano,8,Los materiales deben estar lim,Papel / Cartón / Plástico / Metal / Vidrio,-58.484621473111254,-34.666669183580844
Larrazabal 3296,Villa Lugano,8,Los materiales deben estar lim,Papel / Cartón / Plástico / Metal / Vidrio,-58.480694478462084,-34.6697539808692
Larrazabal 3330,Villa Lugano,8,Los materiales deben estar lim,Papel / Cartón / Plástico / Metal / Vidrio,-58.4801084960059,-34.67020336524157
Larrazabal 3552,Villa Lugano,8,Los materiales deben estar lim,Papel / Cartón / Plástico / Metal / Vidrio,-58.47786112218069,-34.671952167640185
"Leguizamon, Martiniano 3418",Villa Lugano,8,Los materiales deben estar lim,Papel / Cartón / Plástico / Metal / Vidrio,-58.485172367992604,-34.67102479186243
"Leguizamon, Martiniano 3560",Villa Lugano,8,Los materiales deben estar lim,Papel / Cartón / Plástico / Metal / Vidrio,-58.483701577835774,-34.67211777364666
"Leguizamon, Martiniano 3810",Villa Lugano,8,Los materiales deben estar lim,Papel / Cartón / Plástico / Metal / Vidrio,-58.48100695059062,-34.67411168848096
"Leguizamon, Martiniano 3988",Villa Lugano,8,Los materiales deben estar lim,Papel / Cartón / Plástico / Metal / Vidrio,-58.479004843291335,-34.67558823359236
Miralla 2680,Villa Lugano,8,Los materiales deben estar lim,Papel / Cartón / Plástico / Metal / Vidrio,-58.4819564272487,-34.66293189454772
Miralla 2850,Villa Lugano,8,Los materiales deben estar lim,Papel / Cartón / Plástico / Metal / Vidrio,-58.47980329956591,-34.66461705224637
Miralla 2986,Villa Lugano,8,Los materiales deben estar lim,Papel / Cartón / Plástico / Metal / Vidrio,-58.478060844042766,-34.66596757923084
Miralla 3190,Villa Lugano,8,Los materiales deben estar lim,Papel / Cartón / Plástico / Metal / Vidrio,-58.47596047418018,-34.66759054745744
Montiel 3806,Villa Lugano,8,Los materiales deben estar lim,Papel / Cartón / Plástico / Metal / Vidrio,-58.49366036570574,-34.67621808490245
Montiel 3902,Villa Lugano,8,Los materiales deben estar lim,Papel / Cartón / Plástico / Metal / Vidrio,-58.49219512300629,-34.677333886678326
Murguiondo 2891,Villa Lugano,8,Los materiales deben estar lim,Papel / Cartón / Plástico / Metal / Vidrio,-58.49108640704409,-34.665192475416006
Murguiondo 3405,Villa Lugano,8,Los materiales deben estar lim,Papel / Cartón / Plástico / Metal / Vidrio,-58.48448103173763,-34.67038912544219
Murguiondo 3991,Villa Lugano,8,Los materiales deben estar lim,Papel / Cartón / Plástico / Metal / Vidrio,-58.478520392911946,-34.67486873533009
Oliden 2852,Villa Lugano,8,Los materiales deben estar lim,Papel / Cartón / Plástico / Metal / Vidrio,-58.48945238659938,-34.66484112649448
Oliden 3090,Villa Lugano,8,Los materiales deben estar lim,Papel / Cartón / Plástico / Metal / Vidrio,-58.4865377706051,-34.66714086046826
Oliden 3262,Villa Lugano,8,Los materiales deben estar lim,Papel / Cartón / Plástico / Metal / Vidrio,-58.484161517733355,-34.66900784126794
Oliden 3520,Villa Lugano,8,Los materiales deben estar lim,Papel / Cartón / Plástico / Metal / Vidrio,-58.48131719674661,-34.67108841810663
"Paz, Gral. Av. 15400",Villa Lugano,8,Los materiales deben estar lim,Papel / Cartón / Plástico / Metal / Vidrio,-58.48829613967739,-34.68404210119654
"Peron, Eva Av. 6633",Villa Lugano,8,Los materiales deben estar lim,Papel / Cartón / Plástico / Metal / Vidrio,-58.494499695176,-34.6687106508625
"Peron, Eva Av. 6829",Villa Lugano,8,Los materiales deben estar lim,Papel / Cartón / Plástico / Metal / Vidrio,-58.49592233598519,-34.67011654646113
"Peron, Eva Av. 7427",Villa Lugano,8,Los materiales deben estar lim,Papel / Cartón / Plástico / Metal / Vidrio,-58.500890075824294,-34.673484443167574
Piedra Buena Av. 3205,Villa Lugano,8,Los materiales deben estar lim,Papel / Cartón / Plástico / Metal / Vidrio,-58.494460868669385,-34.67147860341235
Piedra Buena Av. 3815,Villa Lugano,8,Los materiales deben estar lim,Papel / Cartón / Plástico / Metal / Vidrio,-58.488887043511234,-34.676996988896875
Pola 2697,Villa Lugano,8,Los materiales deben estar lim,Papel / Cartón / Plástico / Metal / Vidrio,-58.48386341571647,-34.662834608411835
Pola 2817,Villa Lugano,8,Los materiales deben estar lim,Papel / Cartón / Plástico / Metal / Vidrio,-58.482288001628014,-34.66406546849011
Pola 3319,Villa Lugano,8,Los materiales deben estar lim,Papel / Cartón / Plástico / Metal / Vidrio,-58.47650354036813,-34.66860990438779
"Rucci, Jose Ignacio 3280",Villa Lugano,8,Los materiales deben estar lim,Papel / Cartón / Plástico / Metal / Vidrio,-58.487951010466126,-34.670266438484276
"Rucci, Jose Ignacio 3466",Villa Lugano,8,Los materiales deben estar lim,Papel / Cartón / Plástico / Metal / Vidrio,-58.48568808630285,-34.67218572787169
Santander 4125,Villa Lugano,8,Los materiales deben estar lim,Papel / Cartón / Plástico / Metal / Vidrio,-58.46907414216824,-34.65800849992358
Santander 4792,Villa Lugano,8,Los materiales deben estar lim,Papel / Cartón / Plástico / Metal / Vidrio,-58.47530645545458,-34.664057531351865
Santander 4922,Villa Lugano,8,Los materiales deben estar lim,Papel / Cartón / Plástico / Metal / Vidrio,-58.47649092652213,-34.66504927763471
Saraza 5591,Villa Lugano,8,Los materiales deben estar lim,Papel / Cartón / Plástico / Metal / Vidrio,-58.48047511459803,-34.671584449067886
Saraza 5852,Villa Lugano,8,Los materiales deben estar lim,Papel / Cartón / Plástico / Metal / Vidrio,-58.482785621757685,-34.67370441686524
Zuviria 6520,Villa Lugano,8,Los materiales deben estar lim,Papel / Cartón / Plástico / Metal / Vidrio,-58.49192138997197,-34.6744437373453
Zuviria 6810,Villa Lugano,8,Los materiales deben estar lim,Papel / Cartón / Plástico / Metal / Vidrio,-58.49548010832773,-34.677522253165115
"Magari?os Cervantes, A. 5249",Villa Luro,10,Los materiales deben estar lim,Papel / Cartón / Plástico / Metal / Vidrio,-58.50572355779841,-34.63101142927559
"Magari?os Cervantes, A. 5511",Villa Luro,10,Los materiales deben estar lim,Papel / Cartón / Plástico / Metal / Vidrio,-58.50831619541676,-34.63332461618056
Albari?o 213,Villa Luro,10,Los materiales deben estar lim,Papel / Cartón / Plástico / Metal / Vidrio,-58.50906580155918,-34.64062560673253
Alcaraz 5495,Villa Luro,10,Los materiales deben estar lim,Papel / Cartón / Plástico / Metal / Vidrio,-58.51246461148759,-34.626529205788216
Alcaraz 5651,Villa Luro,10,Los materiales deben estar lim,Papel / Cartón / Plástico / Metal / Vidrio,-58.51383682232715,-34.627998002564325
Alvarez Jonte Av. 5379,Villa Luro,10,Los materiales deben estar lim,Papel / Cartón / Plástico / Metal / Vidrio,-58.512415204643304,-34.624901735028885
Alvarez Jonte Av. 5555,Villa Luro,10,Los materiales deben estar lim,Papel / Cartón / Plástico / Metal / Vidrio,-58.51422549754093,-34.626498824212966
Alvarez Jonte Av. 5695,Villa Luro,10,Los materiales deben estar lim,Papel / Cartón / Plástico / Metal / Vidrio,-58.51531434320576,-34.62745778418367
Alvarez Jonte Av. 5707,Villa Luro,10,Los materiales deben estar lim,Papel / Cartón / Plástico / Metal / Vidrio,-58.515552480721176,-34.627667162003526
Araujo 355,Villa Luro,10,Los materiales deben estar lim,Papel / Cartón / Plástico / Metal / Vidrio,-58.504707521792795,-34.641472711576334
Araujo 584,Villa Luro,10,Los materiales deben estar lim,Papel / Cartón / Plástico / Metal / Vidrio,-58.501983893537925,-34.64339567730155
Bacacay 5020,Villa Luro,10,Los materiales deben estar lim,Papel / Cartón / Plástico / Metal / Vidrio,-58.497241365534606,-34.6348276156996
Bacacay 5410,Villa Luro,10,Los materiales deben estar lim,Papel / Cartón / Plástico / Metal / Vidrio,-58.502670590105,-34.63553740064674
Bacacay 5606,Villa Luro,10,Los materiales deben estar lim,Papel / Cartón / Plástico / Metal / Vidrio,-58.50541113771767,-34.63582494296877
Basualdo 332,Villa Luro,10,Los materiales deben estar lim,Papel / Cartón / Plástico / Metal / Vidrio,-58.50296371359153,-34.64141176390281
Cajaravilla 4786,Villa Luro,10,Los materiales deben estar lim,Papel / Cartón / Plástico / Metal / Vidrio,-58.494170162383526,-34.64056779346556
Cajaravilla 4950,Villa Luro,10,Los materiales deben estar lim,Papel / Cartón / Plástico / Metal / Vidrio,-58.4963181435806,-34.64087349529459
Camarones 5264,Villa Luro,10,Los materiales deben estar lim,Papel / Cartón / Plástico / Metal / Vidrio,-58.50587886278109,-34.629547115041085
Camarones 5416,Villa Luro,10,Los materiales deben estar lim,Papel / Cartón / Plástico / Metal / Vidrio,-58.50739176359758,-34.63091082735631
Camarones 5606,Villa Luro,10,Los materiales deben estar lim,Papel / Cartón / Plástico / Metal / Vidrio,-58.50924170763014,-34.63256681761445
"Castro, Emilio 4853",Villa Luro,10,Los materiales deben estar lim,Papel / Cartón / Plástico / Metal / Vidrio,-58.49314826852014,-34.64283414899156
"Castro, Emilio 5035",Villa Luro,10,Los materiales deben estar lim,Papel / Cartón / Plástico / Metal / Vidrio,-58.49603068230994,-34.643239830360315
"Corro, Miguel C. Del, Canonigo 630",Villa Luro,10,Los materiales deben estar lim,Papel / Cartón / Plástico / Metal / Vidrio,-58.499401203847405,-34.63229796234087
"Diaz, Cesar, Gral. 5391",Villa Luro,10,Los materiales deben estar lim,Papel / Cartón / Plástico / Metal / Vidrio,-58.502917847383756,-34.63214381007354
"Diaz, Cesar, Gral. 5477",Villa Luro,10,Los materiales deben estar lim,Papel / Cartón / Plástico / Metal / Vidrio,-58.50376946062823,-34.63291974315787
"Diaz, Cesar, Gral. Av. 5705",Villa Luro,10,Los materiales deben estar lim,Papel / Cartón / Plástico / Metal / Vidrio,-58.50607534371293,-34.63507346823475
Donizetti 48,Villa Luro,10,Los materiales deben estar lim,Papel / Cartón / Plástico / Metal / Vidrio,-58.496375688176656,-34.63774483427296
Escalada Av. 126,Villa Luro,10,Los materiales deben estar lim,Papel / Cartón / Plástico / Metal / Vidrio,-58.50213631364986,-34.639446439893916
Escalada Av. 480,Villa Luro,10,Los materiales deben estar lim,Papel / Cartón / Plástico / Metal / Vidrio,-58.498906771417495,-34.64197258954971
Escalada Av. 618,Villa Luro,10,Los materiales deben estar lim,Papel / Cartón / Plástico / Metal / Vidrio,-58.49689101182393,-34.64354739746529
"Falcon, Ramon L.,cnel. 4644",Villa Luro,10,Los materiales deben estar lim,Papel / Cartón / Plástico / Metal / Vidrio,-58.492770769240344,-34.63788502291131
"Falcon, Ramon L.,cnel. 4922",Villa Luro,10,Los materiales deben estar lim,Papel / Cartón / Plástico / Metal / Vidrio,-58.49666603142192,-34.6383959007559
"Falcon, Ramon L.,cnel. 5154",Villa Luro,10,Los materiales deben estar lim,Papel / Cartón / Plástico / Metal / Vidrio,-58.49990077010082,-34.63882335520243
"Falcon, Ramon L.,cnel. Av. 5577",Villa Luro,10,Los materiales deben estar lim,Papel / Cartón / Plástico / Metal / Vidrio,-58.505238048894924,-34.63917103902518
"Falcon, Ramon L.,cnel. Av. 5711",Villa Luro,10,Los materiales deben estar lim,Papel / Cartón / Plástico / Metal / Vidrio,-58.50743396166192,-34.639558948006226
"Garcia, Juan Agustin 5446",Villa Luro,10,Los materiales deben estar lim,Papel / Cartón / Plástico / Metal / Vidrio,-58.50867152044833,-34.62884191040902
"Garcia, Juan Agustin 5624",Villa Luro,10,Los materiales deben estar lim,Papel / Cartón / Plástico / Metal / Vidrio,-58.51033490831362,-34.630332667433315
"Gonzalez, Elpidio 5445",Villa Luro,10,Los materiales deben estar lim,Papel / Cartón / Plástico / Metal / Vidrio,-58.51059949661574,-34.6287899782551
"Gonzalez, Elpidio 5557",Villa Luro,10,Los materiales deben estar lim,Papel / Cartón / Plástico / Metal / Vidrio,-58.5116719274909,-34.62975959303124
Guardia Nacional 265,Villa Luro,10,Los materiales deben estar lim,Papel / Cartón / Plástico / Metal / Vidrio,-58.503071101995076,-34.640100211481844
Guardia Nacional 449,Villa Luro,10,Los materiales deben estar lim,Papel / Cartón / Plástico / Metal / Vidrio,-58.50093626615961,-34.64177674488249
"Hugo, Victor 1253",Villa Luro,10,Los materiales deben estar lim,Papel / Cartón / Plástico / Metal / Vidrio,-58.51270855848358,-34.62805911558545
"Hugo, Victor 343",Villa Luro,10,Los materiales deben estar lim,Papel / Cartón / Plástico / Metal / Vidrio,-58.50397344766145,-34.63514749385223
"Hugo, Victor 685",Villa Luro,10,Los materiales deben estar lim,Papel / Cartón / Plástico / Metal / Vidrio,-58.50683038237455,-34.63245410486454
"Justo, Juan B. Av. 8160",Villa Luro,10,Los materiales deben estar lim,Papel / Cartón / Plástico / Metal / Vidrio,-58.502551795470296,-34.63322867526121
"Justo, Juan B. Av. 8324",Villa Luro,10,Los materiales deben estar lim,Papel / Cartón / Plástico / Metal / Vidrio,-58.505503954072644,-34.63410114166407
"Justo, Juan B. Av. 8447",Villa Luro,10,Los materiales deben estar lim,Papel / Cartón / Plástico / Metal / Vidrio,-58.507782285605344,-34.63440618051663
Lope De Vega 452,Villa Luro,10,Los materiales deben estar lim,Papel / Cartón / Plástico / Metal / Vidrio,-58.50032769347735,-34.63334177300815
Lope De Vega Av. 1188,Villa Luro,10,Los materiales deben estar lim,Papel / Cartón / Plástico / Metal / Vidrio,-58.506088145414246,-34.628554220317184
Lope De Vega Av. 1366,Villa Luro,10,Los materiales deben estar lim,Papel / Cartón / Plástico / Metal / Vidrio,-58.50800261486263,-34.62713466091521
Lope De Vega Av. 972,Villa Luro,10,Los materiales deben estar lim,Papel / Cartón / Plástico / Metal / Vidrio,-58.504062634697284,-34.63004783657565
Miranda 5408,Villa Luro,10,Los materiales deben estar lim,Papel / Cartón / Plástico / Metal / Vidrio,-58.510412936845945,-34.62705609975587
Miranda 5708,Villa Luro,10,Los materiales deben estar lim,Papel / Cartón / Plástico / Metal / Vidrio,-58.513213820683404,-34.62957350062012
Mozart 400,Villa Luro,10,Los materiales deben estar lim,Papel / Cartón / Plástico / Metal / Vidrio,-58.491169368317536,-34.64126357470208
Murature 5230,Villa Luro,10,Los materiales deben estar lim,Papel / Cartón / Plástico / Metal / Vidrio,-58.50439715132182,-34.63179845959736
Patron 5562,Villa Luro,10,Los materiales deben estar lim,Papel / Cartón / Plástico / Metal / Vidrio,-58.5076647224864,-34.64116604164168
Rafaela 4806,Villa Luro,10,Los materiales deben estar lim,Papel / Cartón / Plástico / Metal / Vidrio,-58.49473719508739,-34.6393983105279
Rafaela 5095,Villa Luro,10,Los materiales deben estar lim,Papel / Cartón / Plástico / Metal / Vidrio,-58.498793182702876,-34.639876024665405
Rivadavia Av. 10065,Villa Luro,10,Los materiales deben estar lim,Papel / Cartón / Plástico / Metal / Vidrio,-58.5053148357412,-34.63819597771621
Rivadavia Av. 10227,Villa Luro,10,Los materiales deben estar lim,Papel / Cartón / Plástico / Metal / Vidrio,-58.5078231359026,-34.63861695131086
Rivadavia Av. 9829,Villa Luro,10,Los materiales deben estar lim,Papel / Cartón / Plástico / Metal / Vidrio,-58.50260757603349,-34.63777908813058
San Blas 5275,Villa Luro,10,Los materiales deben estar lim,Papel / Cartón / Plástico / Metal / Vidrio,-58.507813640651435,-34.62963472394714
San Blas 5545,Villa Luro,10,Los materiales deben estar lim,Papel / Cartón / Plástico / Metal / Vidrio,-58.51063878453472,-34.632149613680006
Sarachaga 5215,Villa Luro,10,Los materiales deben estar lim,Papel / Cartón / Plástico / Metal / Vidrio,-58.498976633564375,-34.63374970602105
Sarachaga 5491,Villa Luro,10,Los materiales deben estar lim,Papel / Cartón / Plástico / Metal / Vidrio,-58.502650179738396,-34.634222465877436
White 380,Villa Luro,10,Los materiales deben estar lim,Papel / Cartón / Plástico / Metal / Vidrio,-58.49264569542958,-34.641377877610566
Yerbal 5709,Villa Luro,10,Los materiales deben estar lim,Papel / Cartón / Plástico / Metal / Vidrio,-58.50635998889893,-34.637393773082024
Yerbal 5893,Villa Luro,10,Los materiales deben estar lim,Papel / Cartón / Plástico / Metal / Vidrio,-58.508821576369684,-34.63781917461459
Zelada 4841,Villa Luro,10,Los materiales deben estar lim,Papel / Cartón / Plástico / Metal / Vidrio,-58.49477214954892,-34.641813451044726
Zelada 5067,Villa Luro,10,Los materiales deben estar lim,Papel / Cartón / Plástico / Metal / Vidrio,-58.49778105447483,-34.6422305075206
Fraga 1274,Villa Ortuzar,15,Los materiales deben estar lim,Papel / Cartón / Plástico / Metal / Vidrio,-58.461582803108094,-34.58295633951982
Fraga 1448,Villa Ortuzar,15,Los materiales deben estar lim,Papel / Cartón / Plástico / Metal / Vidrio,-58.46410250439642,-34.58288280326685
Fraga 1830,Villa Ortuzar,15,Los materiales deben estar lim,Papel / Cartón / Plástico / Metal / Vidrio,-58.468770272274284,-34.58274816335671
Plaza 1508,Villa Ortuzar,15,Los materiales deben estar lim,Papel / Cartón / Plástico / Metal / Vidrio,-58.46831600758669,-34.57758987906675
Plaza 1738,Villa Ortuzar,15,Los materiales deben estar lim,Papel / Cartón / Plástico / Metal / Vidrio,-58.47033615544356,-34.57519233476245
14 De Julio 1146,Villa Ortuzar,15,Los materiales deben estar lim,Papel / Cartón / Plástico / Metal / Vidrio,-58.46188480494699,-34.58021175789151
14 De Julio 1352,Villa Ortuzar,15,Los materiales deben estar lim,Papel / Cartón / Plástico / Metal / Vidrio,-58.46274444949212,-34.577234889673456
14 De Julio 1650,Villa Ortuzar,15,Los materiales deben estar lim,Papel / Cartón / Plástico / Metal / Vidrio,-58.46567869494369,-34.574140641582915
"Acha, Mariano, Gral. 1715",Villa Ortuzar,15,Los materiales deben estar lim,Papel / Cartón / Plástico / Metal / Vidrio,-58.47287766479529,-34.57695360708755
Alvarez Thomas Av. 2155,Villa Ortuzar,15,Los materiales deben estar lim,Papel / Cartón / Plástico / Metal / Vidrio,-58.47155916903829,-34.578055635168724
Caldas 1623,Villa Ortuzar,15,Los materiales deben estar lim,Papel / Cartón / Plástico / Metal / Vidrio,-58.46765254056789,-34.58506751068492
Carbajal 3830,Villa Ortuzar,15,Los materiales deben estar lim,Papel / Cartón / Plástico / Metal / Vidrio,-58.46718302824277,-34.575900369047936
Charlone 1752,Villa Ortuzar,15,Los materiales deben estar lim,Papel / Cartón / Plástico / Metal / Vidrio,-58.466607818312376,-34.58061912722977
Charlone 1930,Villa Ortuzar,15,Los materiales deben estar lim,Papel / Cartón / Plástico / Metal / Vidrio,-58.46877606940993,-34.58055247295205
Chorroarin Av. 953,Villa Ortuzar,15,Los materiales deben estar lim,Papel / Cartón / Plástico / Metal / Vidrio,-58.470148460857295,-34.586251210900926
Combatientes De Malvinas Av. 3549,Villa Ortuzar,15,Los materiales deben estar lim,Papel / Cartón / Plástico / Metal / Vidrio,-58.47667282077261,-34.57850655060301
Donado 1370,Villa Ortuzar,15,Los materiales deben estar lim,Papel / Cartón / Plástico / Metal / Vidrio,-58.47091555562094,-34.57982793684083
Donado 1644,Villa Ortuzar,15,Los materiales deben estar lim,Papel / Cartón / Plástico / Metal / Vidrio,-58.47125917138748,-34.57737654766708
Donado 998,Villa Ortuzar,15,Los materiales deben estar lim,Papel / Cartón / Plástico / Metal / Vidrio,-58.47091569712404,-34.5839322827597
Estomba 1410,Villa Ortuzar,15,Los materiales deben estar lim,Papel / Cartón / Plástico / Metal / Vidrio,-58.465330674121155,-34.57751238540992
Estomba 1636,Villa Ortuzar,15,Los materiales deben estar lim,Papel / Cartón / Plástico / Metal / Vidrio,-58.4672828017303,-34.57523835991996
Estomba 1790,Villa Ortuzar,15,Los materiales deben estar lim,Papel / Cartón / Plástico / Metal / Vidrio,-58.4690321889964,-34.573677605890246
Estomba 530,Villa Ortuzar,15,Los materiales deben estar lim,Papel / Cartón / Plástico / Metal / Vidrio,-58.46611508191565,-34.585799049608575
Girardot 1350,Villa Ortuzar,15,Los materiales deben estar lim,Papel / Cartón / Plástico / Metal / Vidrio,-58.465541852478054,-34.58828010952403
Girardot 1526,Villa Ortuzar,15,Los materiales deben estar lim,Papel / Cartón / Plástico / Metal / Vidrio,-58.46785075813442,-34.58658684110789
Giribone 1413,Villa Ortuzar,15,Los materiales deben estar lim,Papel / Cartón / Plástico / Metal / Vidrio,-58.462094091886705,-34.57958456421698
Giribone 1641,Villa Ortuzar,15,Los materiales deben estar lim,Papel / Cartón / Plástico / Metal / Vidrio,-58.46529577149645,-34.5794908359826
Giribone 1829,Villa Ortuzar,15,Los materiales deben estar lim,Papel / Cartón / Plástico / Metal / Vidrio,-58.46764066954767,-34.57942114076695
Guevara 1339,Villa Ortuzar,15,Los materiales deben estar lim,Papel / Cartón / Plástico / Metal / Vidrio,-58.46263834766548,-34.58394569333414
Heredia 1251,Villa Ortuzar,15,Los materiales deben estar lim,Papel / Cartón / Plástico / Metal / Vidrio,-58.46318896667665,-34.57906218483471
Heredia 1417,Villa Ortuzar,15,Los materiales deben estar lim,Papel / Cartón / Plástico / Metal / Vidrio,-58.46420676328537,-34.576702931771834
Heredia 1557,Villa Ortuzar,15,Los materiales deben estar lim,Papel / Cartón / Plástico / Metal / Vidrio,-58.465495973309935,-34.575439926211374
Heredia 1689,Villa Ortuzar,15,Los materiales deben estar lim,Papel / Cartón / Plástico / Metal / Vidrio,-58.466911739550106,-34.57417944533179
Heredia 535,Villa Ortuzar,15,Los materiales deben estar lim,Papel / Cartón / Plástico / Metal / Vidrio,-58.464902336088024,-34.58653674506199
Holmberg 1419,Villa Ortuzar,15,Los materiales deben estar lim,Papel / Cartón / Plástico / Metal / Vidrio,-58.468785808478025,-34.578508403480825
Holmberg 1641,Villa Ortuzar,15,Los materiales deben estar lim,Papel / Cartón / Plástico / Metal / Vidrio,-58.470202422538,-34.57682939838005
Lugones 1498,Villa Ortuzar,15,Los materiales deben estar lim,Papel / Cartón / Plástico / Metal / Vidrio,-58.47372378622418,-34.57981813816278
Lugones 1570,Villa Ortuzar,15,Los materiales deben estar lim,Papel / Cartón / Plástico / Metal / Vidrio,-58.473725531131514,-34.57898997986103
Miller 1828,Villa Ortuzar,15,Los materiales deben estar lim,Papel / Cartón / Plástico / Metal / Vidrio,-58.47513398613166,-34.576606569251524
Roseti 1455,Villa Ortuzar,15,Los materiales deben estar lim,Papel / Cartón / Plástico / Metal / Vidrio,-58.46267334634128,-34.581756761484975
Roseti 1645,Villa Ortuzar,15,Los materiales deben estar lim,Papel / Cartón / Plástico / Metal / Vidrio,-58.4653962908407,-34.58167695517177
Roseti 1827,Villa Ortuzar,15,Los materiales deben estar lim,Papel / Cartón / Plástico / Metal / Vidrio,-58.46773314473794,-34.581607329602875
Roseti 2055,Villa Ortuzar,15,Los materiales deben estar lim,Papel / Cartón / Plástico / Metal / Vidrio,-58.470328682257666,-34.58154475531132
Triunvirato Av. 2973,Villa Ortuzar,15,Los materiales deben estar lim,Papel / Cartón / Plástico / Metal / Vidrio,-58.464483532121164,-34.58462513878833
Triunvirato Av. 3245,Villa Ortuzar,15,Los materiales deben estar lim,Papel / Cartón / Plástico / Metal / Vidrio,-58.46797595130776,-34.58348800759536
Triunvirato Av. 3515,Villa Ortuzar,15,Los materiales deben estar lim,Papel / Cartón / Plástico / Metal / Vidrio,-58.47120915719119,-34.58243728958293
Triunvirato Av. 3822,Villa Ortuzar,15,Los materiales deben estar lim,Papel / Cartón / Plástico / Metal / Vidrio,-58.47503330273045,-34.58060322818133
Tronador 1471,Villa Ortuzar,15,Los materiales deben estar lim,Papel / Cartón / Plástico / Metal / Vidrio,-58.466839957604414,-34.5775901211666
Tronador 1689,Villa Ortuzar,15,Los materiales deben estar lim,Papel / Cartón / Plástico / Metal / Vidrio,-58.468790699792486,-34.57525454173376
Tronador 845,Villa Ortuzar,15,Los materiales deben estar lim,Papel / Cartón / Plástico / Metal / Vidrio,-58.46620265733971,-34.58333409976072
Zarraga 3854,Villa Ortuzar,15,Los materiales deben estar lim,Papel / Cartón / Plástico / Metal / Vidrio,-58.46575175338081,-34.57801355837032
Forest Av. 1596,Villa Ortuzar,15,Los materiales deben estar lim,Papel / Cartón / Plástico / Metal / Vidrio,-58.46488704932718,-34.574129068067634
Forest Av. 1670,Villa Ortuzar,15,Los materiales deben estar lim,Papel / Cartón / Plástico / Metal / Vidrio,-58.465724484388126,-34.57360296897862
La Pampa 3774,Villa Ortuzar,15,Los materiales deben estar lim,Papel / Cartón / Plástico / Metal / Vidrio,-58.46777246283211,-34.572799167729826
Ezeiza 2712,Villa Pueyrredon,12,Los materiales deben estar lim,Papel / Cartón / Plástico / Metal / Vidrio,-58.50875568057706,-34.57555062962559
Albarellos Av. 2360,Villa Pueyrredon,12,Los materiales deben estar lim,Papel / Cartón / Plástico / Metal / Vidrio,-58.5037649936718,-34.57405124708986
Albarellos Av. 2462,Villa Pueyrredon,12,Los materiales deben estar lim,Papel / Cartón / Plástico / Metal / Vidrio,-58.5048543190368,-34.57469208837223
Albarellos Av. 2775,Villa Pueyrredon,12,Los materiales deben estar lim,Papel / Cartón / Plástico / Metal / Vidrio,-58.50854924560897,-34.57672491624894
Albarellos Av. 2838,Villa Pueyrredon,12,Los materiales deben estar lim,Papel / Cartón / Plástico / Metal / Vidrio,-58.50921983364785,-34.57727612681743
Albarellos Av. 3142,Villa Pueyrredon,12,Los materiales deben estar lim,Papel / Cartón / Plástico / Metal / Vidrio,-58.51316397699449,-34.579605404294504
"Alvarez Prado, Manuel 2472",Villa Pueyrredon,12,Los materiales deben estar lim,Papel / Cartón / Plástico / Metal / Vidrio,-58.508187978237615,-34.57206620880104
"Alvarez Prado, Manuel 2552",Villa Pueyrredon,12,Los materiales deben estar lim,Papel / Cartón / Plástico / Metal / Vidrio,-58.50740895330799,-34.57160593961408
Argerich 4530,Villa Pueyrredon,12,Los materiales deben estar lim,Papel / Cartón / Plástico / Metal / Vidrio,-58.50240860657003,-34.58832174156857
Argerich 4720,Villa Pueyrredon,12,Los materiales deben estar lim,Papel / Cartón / Plástico / Metal / Vidrio,-58.50382190735503,-34.586761796797816
Argerich 4954,Villa Pueyrredon,12,Los materiales deben estar lim,Papel / Cartón / Plástico / Metal / Vidrio,-58.50542465976646,-34.58498861265427
Argerich 5195,Villa Pueyrredon,12,Los materiales deben estar lim,Papel / Cartón / Plástico / Metal / Vidrio,-58.50702059893924,-34.583099420437385
Argerich 5390,Villa Pueyrredon,12,Los materiales deben estar lim,Papel / Cartón / Plástico / Metal / Vidrio,-58.50838434677456,-34.58171565655649
"Artigas, Jose Gervasio, Gral. 4310",Villa Pueyrredon,12,Los materiales deben estar lim,Papel / Cartón / Plástico / Metal / Vidrio,-58.495149342142184,-34.58630571838075
"Artigas, Jose Gervasio, Gral. 4514",Villa Pueyrredon,12,Los materiales deben estar lim,Papel / Cartón / Plástico / Metal / Vidrio,-58.49645716454208,-34.58486481256528
"Artigas, Jose Gervasio, Gral. 4720",Villa Pueyrredon,12,Los materiales deben estar lim,Papel / Cartón / Plástico / Metal / Vidrio,-58.49804664350082,-34.58313353357788
"Artigas, Jose Gervasio, Gral. 5385",Villa Pueyrredon,12,Los materiales deben estar lim,Papel / Cartón / Plástico / Metal / Vidrio,-58.502412751892194,-34.57815982945539
Bazurco 2342,Villa Pueyrredon,12,Los materiales deben estar lim,Papel / Cartón / Plástico / Metal / Vidrio,-58.50089497955958,-34.576892765258314
Bazurco 2712,Villa Pueyrredon,12,Los materiales deben estar lim,Papel / Cartón / Plástico / Metal / Vidrio,-58.505176384576316,-34.57954174947605
Bazurco 2886,Villa Pueyrredon,12,Los materiales deben estar lim,Papel / Cartón / Plástico / Metal / Vidrio,-58.506963802519266,-34.58063645480172
Campana 4199,Villa Pueyrredon,12,Los materiales deben estar lim,Papel / Cartón / Plástico / Metal / Vidrio,-58.50399186901015,-34.59331678164863
Campana 4771,Villa Pueyrredon,12,Los materiales deben estar lim,Papel / Cartón / Plástico / Metal / Vidrio,-58.50793682221453,-34.588955357919616
Campana 5291,Villa Pueyrredon,12,Los materiales deben estar lim,Papel / Cartón / Plástico / Metal / Vidrio,-58.51161291552041,-34.58489065988774
Campana 5467,Villa Pueyrredon,12,Los materiales deben estar lim,Papel / Cartón / Plástico / Metal / Vidrio,-58.51291947284201,-34.58344519706428
Campana 5680,Villa Pueyrredon,12,Los materiales deben estar lim,Papel / Cartón / Plástico / Metal / Vidrio,-58.51439222832682,-34.58194190171722
Caracas 4383,Villa Pueyrredon,12,Los materiales deben estar lim,Papel / Cartón / Plástico / Metal / Vidrio,-58.493133886162745,-34.58450704216905
Caracas 4853,Villa Pueyrredon,12,Los materiales deben estar lim,Papel / Cartón / Plástico / Metal / Vidrio,-58.49650539674954,-34.58078780953749
Caracas 5093,Villa Pueyrredon,12,Los materiales deben estar lim,Papel / Cartón / Plástico / Metal / Vidrio,-58.49819596800724,-34.57891988257012
Caracas 5554,Villa Pueyrredon,12,Los materiales deben estar lim,Papel / Cartón / Plástico / Metal / Vidrio,-58.50157913764205,-34.57531358792885
Cochrane 2587,Villa Pueyrredon,12,Los materiales deben estar lim,Papel / Cartón / Plástico / Metal / Vidrio,-58.504344266385935,-34.577541991870454
Cochrane 2793,Villa Pueyrredon,12,Los materiales deben estar lim,Papel / Cartón / Plástico / Metal / Vidrio,-58.50669826615843,-34.57899554617082
Cochrane 2995,Villa Pueyrredon,12,Los materiales deben estar lim,Papel / Cartón / Plástico / Metal / Vidrio,-58.5092045833882,-34.5805465470628
Condarco 4262,Villa Pueyrredon,12,Los materiales deben estar lim,Papel / Cartón / Plástico / Metal / Vidrio,-58.497046440459535,-34.58811699957289
Condarco 4486,Villa Pueyrredon,12,Los materiales deben estar lim,Papel / Cartón / Plástico / Metal / Vidrio,-58.498352320875384,-34.586674607389256
Condarco 4570,Villa Pueyrredon,12,Los materiales deben estar lim,Papel / Cartón / Plástico / Metal / Vidrio,-58.49900154818428,-34.58595518372096
Condarco 4831,Villa Pueyrredon,12,Los materiales deben estar lim,Papel / Cartón / Plástico / Metal / Vidrio,-58.50095262837308,-34.583685870521236
Condarco 5064,Villa Pueyrredon,12,Los materiales deben estar lim,Papel / Cartón / Plástico / Metal / Vidrio,-58.50267033611335,-34.581915013007894
"Cubas, Jose 3046",Villa Pueyrredon,12,Los materiales deben estar lim,Papel / Cartón / Plástico / Metal / Vidrio,-58.501976415225336,-34.5897324612238
Cuenca 4218,Villa Pueyrredon,12,Los materiales deben estar lim,Papel / Cartón / Plástico / Metal / Vidrio,-58.50299104943166,-34.59227698204839
Cuenca 4450,Villa Pueyrredon,12,Los materiales deben estar lim,Papel / Cartón / Plástico / Metal / Vidrio,-58.504444792650446,-34.59067099334133
Cuenca 4915,Villa Pueyrredon,12,Los materiales deben estar lim,Papel / Cartón / Plástico / Metal / Vidrio,-58.50784034328422,-34.58677120536046
Cuenca 5149,Villa Pueyrredon,12,Los materiales deben estar lim,Papel / Cartón / Plástico / Metal / Vidrio,-58.5094330512685,-34.585018883595765
Cuenca 5397,Villa Pueyrredon,12,Los materiales deben estar lim,Papel / Cartón / Plástico / Metal / Vidrio,-58.511008904634636,-34.58328361585224
Cuenca 5467,Villa Pueyrredon,12,Los materiales deben estar lim,Papel / Cartón / Plástico / Metal / Vidrio,-58.51159883188916,-34.58263382404551
De Los Constituyentes Av. 4392,Villa Pueyrredon,12,Los materiales deben estar lim,Papel / Cartón / Plástico / Metal / Vidrio,-58.4909723100962,-34.58303318095031
De Los Constituyentes Av. 4636,Villa Pueyrredon,12,Los materiales deben estar lim,Papel / Cartón / Plástico / Metal / Vidrio,-58.49302594080599,-34.581289796807454
De Los Constituyentes Av. 5158,Villa Pueyrredon,12,Los materiales deben estar lim,Papel / Cartón / Plástico / Metal / Vidrio,-58.497851989152124,-34.57759387660204
De Los Constituyentes Av. 5358,Villa Pueyrredon,12,Los materiales deben estar lim,Papel / Cartón / Plástico / Metal / Vidrio,-58.499329534542156,-34.57644351602045
De Los Constituyentes Av. 6047,Villa Pueyrredon,12,Los materiales deben estar lim,Papel / Cartón / Plástico / Metal / Vidrio,-58.50586410552759,-34.57175824070872
De Los Constituyentes Av. 6126,Villa Pueyrredon,12,Los materiales deben estar lim,Papel / Cartón / Plástico / Metal / Vidrio,-58.50689029225887,-34.571278901656314
De Los Constituyentes Av. 6202,Villa Pueyrredon,12,Los materiales deben estar lim,Papel / Cartón / Plástico / Metal / Vidrio,-58.50789060397647,-34.570701133012726
Del Fomentista Av. 3153,Villa Pueyrredon,12,Los materiales deben estar lim,Papel / Cartón / Plástico / Metal / Vidrio,-58.51245229201896,-34.58020744619573
El Gaucho 6052,Villa Pueyrredon,12,Los materiales deben estar lim,Papel / Cartón / Plástico / Metal / Vidrio,-58.50991843749049,-34.57421558630858
Escobar 2378,Villa Pueyrredon,12,Los materiales deben estar lim,Papel / Cartón / Plástico / Metal / Vidrio,-58.5031312110401,-34.574634544072424
Escobar 2724,Villa Pueyrredon,12,Los materiales deben estar lim,Papel / Cartón / Plástico / Metal / Vidrio,-58.50731512074563,-34.57722106962516
Escobar 2960,Villa Pueyrredon,12,Los materiales deben estar lim,Papel / Cartón / Plástico / Metal / Vidrio,-58.510012347674014,-34.57888574928937
Estado Plurinacional De Bolivia 4257,Villa Pueyrredon,12,Los materiales deben estar lim,Papel / Cartón / Plástico / Metal / Vidrio,-58.495731407433624,-34.587496620897404
Estado Plurinacional De Bolivia 4581,Villa Pueyrredon,12,Los materiales deben estar lim,Papel / Cartón / Plástico / Metal / Vidrio,-58.49779680643146,-34.5852105914367
Estado Plurinacional De Bolivia 4745,Villa Pueyrredon,12,Los materiales deben estar lim,Papel / Cartón / Plástico / Metal / Vidrio,-58.499104429539095,-34.58376663230509
Estado Plurinacional De Bolivia 4957,Villa Pueyrredon,12,Los materiales deben estar lim,Papel / Cartón / Plástico / Metal / Vidrio,-58.500700312109096,-34.582011858838676
Estado Plurinacional De Bolivia 5613,Villa Pueyrredon,12,Los materiales deben estar lim,Papel / Cartón / Plástico / Metal / Vidrio,-58.50536658783244,-34.57686234485035
Estrella Federal 2642,Villa Pueyrredon,12,Los materiales deben estar lim,Papel / Cartón / Plástico / Metal / Vidrio,-58.50841185601972,-34.574121687848724
Estrella Federal 2742,Villa Pueyrredon,12,Los materiales deben estar lim,Papel / Cartón / Plástico / Metal / Vidrio,-58.50922322276907,-34.574635675528626
Ezeiza 2652,Villa Pueyrredon,12,Los materiales deben estar lim,Papel / Cartón / Plástico / Metal / Vidrio,-58.50794522439549,-34.57507501999934
Ezeiza 2832,Villa Pueyrredon,12,Los materiales deben estar lim,Papel / Cartón / Plástico / Metal / Vidrio,-58.51009429466847,-34.57634445758451
Ezeiza 2864,Villa Pueyrredon,12,Los materiales deben estar lim,Papel / Cartón / Plástico / Metal / Vidrio,-58.510397896759855,-34.576524191264625
Ezeiza 2934,Villa Pueyrredon,12,Los materiales deben estar lim,Papel / Cartón / Plástico / Metal / Vidrio,-58.51128716042591,-34.577049766574476
Gavilan 4367,Villa Pueyrredon,12,Los materiales deben estar lim,Papel / Cartón / Plástico / Metal / Vidrio,-58.49184976127423,-34.58397065755438
Helguera 4262,Villa Pueyrredon,12,Los materiales deben estar lim,Papel / Cartón / Plástico / Metal / Vidrio,-58.50187416697252,-34.59121249176782
Helguera 4351,Villa Pueyrredon,12,Los materiales deben estar lim,Papel / Cartón / Plástico / Metal / Vidrio,-58.50238033872322,-34.59053455688542
Helguera 4675,Villa Pueyrredon,12,Los materiales deben estar lim,Papel / Cartón / Plástico / Metal / Vidrio,-58.50450104231308,-34.58819678188762
Helguera 4825,Villa Pueyrredon,12,Los materiales deben estar lim,Papel / Cartón / Plástico / Metal / Vidrio,-58.50580558969361,-34.58674417051808
Helguera 5025,Villa Pueyrredon,12,Los materiales deben estar lim,Papel / Cartón / Plástico / Metal / Vidrio,-58.50731161908029,-34.585085981586616
Helguera 5216,Villa Pueyrredon,12,Los materiales deben estar lim,Papel / Cartón / Plástico / Metal / Vidrio,-58.508708179703405,-34.583704371653965
Helguera 5331,Villa Pueyrredon,12,Los materiales deben estar lim,Papel / Cartón / Plástico / Metal / Vidrio,-58.50931328859827,-34.58287423937444
Ladines 2452,Villa Pueyrredon,12,Los materiales deben estar lim,Papel / Cartón / Plástico / Metal / Vidrio,-58.499332762958254,-34.58056224735967
Larsen 2867,Villa Pueyrredon,12,Los materiales deben estar lim,Papel / Cartón / Plástico / Metal / Vidrio,-58.50823921804014,-34.57882535190554
Larsen 3059,Villa Pueyrredon,12,Los materiales deben estar lim,Papel / Cartón / Plástico / Metal / Vidrio,-58.51072522104194,-34.580366879381856
"Lopez, Carlos Antonio 2151",Villa Pueyrredon,12,Los materiales deben estar lim,Papel / Cartón / Plástico / Metal / Vidrio,-58.49481774237178,-34.58030964601608
"Mistral, Gabriela 2202",Villa Pueyrredon,12,Los materiales deben estar lim,Papel / Cartón / Plástico / Metal / Vidrio,-58.49359666526465,-34.582293684047706
Mosconi General Av. 2594,Villa Pueyrredon,12,Los materiales deben estar lim,Papel / Cartón / Plástico / Metal / Vidrio,-58.49857812556967,-34.58415546277575
Mosconi General Av. 3214,Villa Pueyrredon,12,Los materiales deben estar lim,Papel / Cartón / Plástico / Metal / Vidrio,-58.506335488521685,-34.5888793199723
Nazca Av. 4351,Villa Pueyrredon,12,Los materiales deben estar lim,Papel / Cartón / Plástico / Metal / Vidrio,-58.499777338688766,-34.588876116558296
Nazca Av. 4551,Villa Pueyrredon,12,Los materiales deben estar lim,Papel / Cartón / Plástico / Metal / Vidrio,-58.5010790513579,-34.58743347828975
Nazca Av. 4811,Villa Pueyrredon,12,Los materiales deben estar lim,Papel / Cartón / Plástico / Metal / Vidrio,-58.503088602280414,-34.58520330971293
Nazca Av. 5073,Villa Pueyrredon,12,Los materiales deben estar lim,Papel / Cartón / Plástico / Metal / Vidrio,-58.50484564688214,-34.583266087660995
Obispo San Alberto 2341,Villa Pueyrredon,12,Los materiales deben estar lim,Papel / Cartón / Plástico / Metal / Vidrio,-58.49950996803213,-34.57821622604395
Obispo San Alberto 2482,Villa Pueyrredon,12,Los materiales deben estar lim,Papel / Cartón / Plástico / Metal / Vidrio,-58.50115931915542,-34.57932314165407
Obispo San Alberto 2912,Villa Pueyrredon,12,Los materiales deben estar lim,Papel / Cartón / Plástico / Metal / Vidrio,-58.50595529868758,-34.58231598905583
Pareja 2137,Villa Pueyrredon,12,Los materiales deben estar lim,Papel / Cartón / Plástico / Metal / Vidrio,-58.490181665537484,-34.58457860042708
"Paz, Gral. Av. 5026",Villa Pueyrredon,12,Los materiales deben estar lim,Papel / Cartón / Plástico / Metal / Vidrio,-58.509302304647754,-34.57057774896354
"Paz, Gral. Av. 5202",Villa Pueyrredon,12,Los materiales deben estar lim,Papel / Cartón / Plástico / Metal / Vidrio,-58.510399097284704,-34.572921521759206
"Paz, Gral. Av. 5232",Villa Pueyrredon,12,Los materiales deben estar lim,Papel / Cartón / Plástico / Metal / Vidrio,-58.510629268980814,-34.573401248102584
"Paz, Gral. Av. 5352",Villa Pueyrredon,12,Los materiales deben estar lim,Papel / Cartón / Plástico / Metal / Vidrio,-58.511955515670564,-34.57623373161099
Terrada 4181,Villa Pueyrredon,12,Los materiales deben estar lim,Papel / Cartón / Plástico / Metal / Vidrio,-58.49755275761189,-34.589379650062554
Terrada 4381,Villa Pueyrredon,12,Los materiales deben estar lim,Papel / Cartón / Plástico / Metal / Vidrio,-58.49872437978399,-34.58808453703266
Terrada 4557,Villa Pueyrredon,12,Los materiales deben estar lim,Papel / Cartón / Plástico / Metal / Vidrio,-58.499998185787994,-34.58667080446948
Terrada 4647,Villa Pueyrredon,12,Los materiales deben estar lim,Papel / Cartón / Plástico / Metal / Vidrio,-58.50059585969268,-34.586013191547615
Terrada 4945,Villa Pueyrredon,12,Los materiales deben estar lim,Papel / Cartón / Plástico / Metal / Vidrio,-58.50295434247937,-34.583410510210754
Terrada 5135,Villa Pueyrredon,12,Los materiales deben estar lim,Papel / Cartón / Plástico / Metal / Vidrio,-58.50426228575749,-34.58197001421215
Vallejos 2210,Villa Pueyrredon,12,Los materiales deben estar lim,Papel / Cartón / Plástico / Metal / Vidrio,-58.493042070897715,-34.58307370863116
Zamudio 4196,Villa Pueyrredon,12,Los materiales deben estar lim,Papel / Cartón / Plástico / Metal / Vidrio,-58.49310883098815,-34.58661039878023
Zamudio 4369,Villa Pueyrredon,12,Los materiales deben estar lim,Papel / Cartón / Plástico / Metal / Vidrio,-58.49417172333842,-34.58531091405765
Zamudio 4503,Villa Pueyrredon,12,Los materiales deben estar lim,Papel / Cartón / Plástico / Metal / Vidrio,-58.495191744649226,-34.584185723956004
Zamudio 4830,Villa Pueyrredon,12,Los materiales deben estar lim,Papel / Cartón / Plástico / Metal / Vidrio,-58.49757095438035,-34.581688932825756
Asuncion 5315,Villa Real,10,Los materiales deben estar lim,Papel / Cartón / Plástico / Metal / Vidrio,-58.5285041169376,-34.611962623777124
"Beiro, Francisco Av. 5381",Villa Real,10,Los materiales deben estar lim,Papel / Cartón / Plástico / Metal / Vidrio,-58.52607189338662,-34.61464468977777
"Beiro, Francisco Av. 5408",Villa Real,10,Los materiales deben estar lim,Papel / Cartón / Plástico / Metal / Vidrio,-58.526384927597576,-34.615067294690455
"Beiro, Francisco Av. 5530",Villa Real,10,Los materiales deben estar lim,Papel / Cartón / Plástico / Metal / Vidrio,-58.52764189881562,-34.61604481415236
"Beiro, Francisco Av. 5670",Villa Real,10,Los materiales deben estar lim,Papel / Cartón / Plástico / Metal / Vidrio,-58.52883793799894,-34.61697241067259
"Beiro, Francisco Av. 5721",Villa Real,10,Los materiales deben estar lim,Papel / Cartón / Plástico / Metal / Vidrio,-58.52955762353604,-34.617352660154225
"Cantilo, Jose Luis 5385",Villa Real,10,Los materiales deben estar lim,Papel / Cartón / Plástico / Metal / Vidrio,-58.52739614754666,-34.613604084439864
"Cantilo, Jose Luis 5509",Villa Real,10,Los materiales deben estar lim,Papel / Cartón / Plástico / Metal / Vidrio,-58.528916179408014,-34.61477944354092
Curuzu Cuatia 2476,Villa Real,10,Los materiales deben estar lim,Papel / Cartón / Plástico / Metal / Vidrio,-58.52895277756459,-34.619284708830556
De La Economia 6131,Villa Real,10,Los materiales deben estar lim,Papel / Cartón / Plástico / Metal / Vidrio,-58.529432437219825,-34.62389283438321
"Echevarria, Vicente A. De 5387",Villa Real,10,Los materiales deben estar lim,Papel / Cartón / Plástico / Metal / Vidrio,-58.52776631923022,-34.61328883327971
"Hugo, Victor 2649",Villa Real,10,Los materiales deben estar lim,Papel / Cartón / Plástico / Metal / Vidrio,-58.52664639668811,-34.617668454521926
"Lista, Ramon, Coronel 5410",Villa Real,10,Los materiales deben estar lim,Papel / Cartón / Plástico / Metal / Vidrio,-58.52552301090547,-34.61576673999615
"Lista, Ramon, Coronel 5710",Villa Real,10,Los materiales deben estar lim,Papel / Cartón / Plástico / Metal / Vidrio,-58.52823261343333,-34.61817240308431
"Lozano, Pedro 5457",Villa Real,10,Los materiales deben estar lim,Papel / Cartón / Plástico / Metal / Vidrio,-58.52173847306681,-34.619278247909925
"Lozano, Pedro 5663",Villa Real,10,Los materiales deben estar lim,Papel / Cartón / Plástico / Metal / Vidrio,-58.52346756050502,-34.62093868555551
"Lozano, Pedro 5890",Villa Real,10,Los materiales deben estar lim,Papel / Cartón / Plástico / Metal / Vidrio,-58.52539883310195,-34.62280838569999
Melincue 5563,Villa Real,10,Los materiales deben estar lim,Papel / Cartón / Plástico / Metal / Vidrio,-58.52123910812685,-34.62123143905263
Moliere 2333,Villa Real,10,Los materiales deben estar lim,Papel / Cartón / Plástico / Metal / Vidrio,-58.52160648216612,-34.620087129687356
Moliere 2649,Villa Real,10,Los materiales deben estar lim,Papel / Cartón / Plástico / Metal / Vidrio,-58.524651969282736,-34.61779324755852
Nazarre 5396,Villa Real,10,Los materiales deben estar lim,Papel / Cartón / Plástico / Metal / Vidrio,-58.520228968032605,-34.61930509015301
Nazarre 5779,Villa Real,10,Los materiales deben estar lim,Papel / Cartón / Plástico / Metal / Vidrio,-58.523630703818114,-34.62243021924412
Nazarre 5995,Villa Real,10,Los materiales deben estar lim,Papel / Cartón / Plástico / Metal / Vidrio,-58.52616993366094,-34.623734369012354
Nazarre 6103,Villa Real,10,Los materiales deben estar lim,Papel / Cartón / Plástico / Metal / Vidrio,-58.528014642395604,-34.62468706695888
Nogoya 5442,Villa Real,10,Los materiales deben estar lim,Papel / Cartón / Plástico / Metal / Vidrio,-58.518985047658504,-34.620859392134285
Nogoya 5646,Villa Real,10,Los materiales deben estar lim,Papel / Cartón / Plástico / Metal / Vidrio,-58.52091513780739,-34.62255769319387
Nogoya 5784,Villa Real,10,Los materiales deben estar lim,Papel / Cartón / Plástico / Metal / Vidrio,-58.522491790889134,-34.62335846195472
Simbron 5585,Villa Real,10,Los materiales deben estar lim,Papel / Cartón / Plástico / Metal / Vidrio,-58.52478868106379,-34.61881990204885
Simbron 5763,Villa Real,10,Los materiales deben estar lim,Papel / Cartón / Plástico / Metal / Vidrio,-58.526431585118154,-34.62027564562236
Simbron 5995,Villa Real,10,Los materiales deben estar lim,Papel / Cartón / Plástico / Metal / Vidrio,-58.52841704431743,-34.62207297443931
Tinogasta 5374,Villa Real,10,Los materiales deben estar lim,Papel / Cartón / Plástico / Metal / Vidrio,-58.52179932288243,-34.61780002658603
Tinogasta 5606,Villa Real,10,Los materiales deben estar lim,Papel / Cartón / Plástico / Metal / Vidrio,-58.52407246431038,-34.61984400384121
Tinogasta 5890,Villa Real,10,Los materiales deben estar lim,Papel / Cartón / Plástico / Metal / Vidrio,-58.52649643321149,-34.621962862794405
Tinogasta 6006,Villa Real,10,Los materiales deben estar lim,Papel / Cartón / Plástico / Metal / Vidrio,-58.52770382217249,-34.623108393956215
"Varela, Jose Pedro 5382",Villa Real,10,Los materiales deben estar lim,Papel / Cartón / Plástico / Metal / Vidrio,-58.52393070181378,-34.61627938001007
"Varela, Jose Pedro 5654",Villa Real,10,Los materiales deben estar lim,Papel / Cartón / Plástico / Metal / Vidrio,-58.52659547455922,-34.61863429630226
"Varela, Jose Pedro 5916",Villa Real,10,Los materiales deben estar lim,Papel / Cartón / Plástico / Metal / Vidrio,-58.528799535690716,-34.62062469187409
"Varela, Jose Pedro 6080",Villa Real,10,Los materiales deben estar lim,Papel / Cartón / Plástico / Metal / Vidrio,-58.52994467314892,-34.62165765618985
Virgilio 2640,Villa Real,10,Los materiales deben estar lim,Papel / Cartón / Plástico / Metal / Vidrio,-58.52361917766666,-34.61699818360379
Virgilio 3134,Villa Real,10,Los materiales deben estar lim,Papel / Cartón / Plástico / Metal / Vidrio,-58.52871093699604,-34.61304488238107
Ca?ada De Gomez 4759,Villa Riachuelo,8,Los materiales deben estar lim,Papel / Cartón / Plástico / Metal / Vidrio,-58.475495165947514,-34.68497371731067
Ca?ada De Gomez 4841,Villa Riachuelo,8,Los materiales deben estar lim,Papel / Cartón / Plástico / Metal / Vidrio,-58.47455418888455,-34.685703299995744
Cosquin 5166,Villa Riachuelo,8,Los materiales deben estar lim,Papel / Cartón / Plástico / Metal / Vidrio,-58.471480223713044,-34.68917652317082
"Barros Pazos, Jose 6560",Villa Riachuelo,8,Los materiales deben estar lim,Papel / Cartón / Plástico / Metal / Vidrio,-58.478072142908935,-34.68621015120777
"Barros Pazos, Jose 6710",Villa Riachuelo,8,Los materiales deben estar lim,Papel / Cartón / Plástico / Metal / Vidrio,-58.47929114700778,-34.68731298569082
"Barros Pazos, Jose 6878",Villa Riachuelo,8,Los materiales deben estar lim,Papel / Cartón / Plástico / Metal / Vidrio,-58.48046963972191,-34.68837510990755
Beron De Astrada 6810,Villa Riachuelo,8,Los materiales deben estar lim,Papel / Cartón / Plástico / Metal / Vidrio,-58.47053960699126,-34.69515468154055
Canada De Gomez 5079,Villa Riachuelo,8,Los materiales deben estar lim,Papel / Cartón / Plástico / Metal / Vidrio,-58.47182371402884,-34.68777119882247
Canada De Gomez 5335,Villa Riachuelo,8,Los materiales deben estar lim,Papel / Cartón / Plástico / Metal / Vidrio,-58.468531171141606,-34.69026286079311
Cosquin 4772,Villa Riachuelo,8,Los materiales deben estar lim,Papel / Cartón / Plástico / Metal / Vidrio,-58.47601131629903,-34.68574566472348
Cosquin 4990,Villa Riachuelo,8,Los materiales deben estar lim,Papel / Cartón / Plástico / Metal / Vidrio,-58.473501883350934,-34.687646108174846
Cosquin 5364,Villa Riachuelo,8,Los materiales deben estar lim,Papel / Cartón / Plástico / Metal / Vidrio,-58.46912504836619,-34.690962022686826
"Fernandez De La Cruz, F., Gral. Av. 6880",Villa Riachuelo,8,Los materiales deben estar lim,Papel / Cartón / Plástico / Metal / Vidrio,-58.478048626225664,-34.690158250588006
Ferre 6309,Villa Riachuelo,8,Los materiales deben estar lim,Papel / Cartón / Plástico / Metal / Vidrio,-58.465544283367464,-34.692561235603776
"Gordillo, Timoteo 4579",Villa Riachuelo,8,Los materiales deben estar lim,Papel / Cartón / Plástico / Metal / Vidrio,-58.47692017208359,-34.682631085426365
"Gordillo, Timoteo 4717",Villa Riachuelo,8,Los materiales deben estar lim,Papel / Cartón / Plástico / Metal / Vidrio,-58.47519706672198,-34.68393791875285
"Gordillo, Timoteo 4869",Villa Riachuelo,8,Los materiales deben estar lim,Papel / Cartón / Plástico / Metal / Vidrio,-58.473505039086774,-34.68522072840853
"Gordillo, Timoteo 4977",Villa Riachuelo,8,Los materiales deben estar lim,Papel / Cartón / Plástico / Metal / Vidrio,-58.472219670797934,-34.686193653978115
"Gordillo, Timoteo 5339",Villa Riachuelo,8,Los materiales deben estar lim,Papel / Cartón / Plástico / Metal / Vidrio,-58.46789104319502,-34.68947045335341
Guamini 4948,Villa Riachuelo,8,Los materiales deben estar lim,Papel / Cartón / Plástico / Metal / Vidrio,-58.476744798007786,-34.68771910015702
Guamini 5090,Villa Riachuelo,8,Los materiales deben estar lim,Papel / Cartón / Plástico / Metal / Vidrio,-58.4749904855303,-34.68904707759033
Guamini 5296,Villa Riachuelo,8,Los materiales deben estar lim,Papel / Cartón / Plástico / Metal / Vidrio,-58.472633913696576,-34.690831171035605
Guamini 5408,Villa Riachuelo,8,Los materiales deben estar lim,Papel / Cartón / Plástico / Metal / Vidrio,-58.47112521527486,-34.691969155480834
Guamini 5640,Villa Riachuelo,8,Los materiales deben estar lim,Papel / Cartón / Plástico / Metal / Vidrio,-58.468470696398484,-34.69398652067027
"Guerrico, Martin Ctte 5691",Villa Riachuelo,8,Los materiales deben estar lim,Papel / Cartón / Plástico / Metal / Vidrio,-58.45997582599925,-34.68820513201117
Montiel 4855,Villa Riachuelo,8,Los materiales deben estar lim,Papel / Cartón / Plástico / Metal / Vidrio,-58.48100680213763,-34.68585692210524
Montiel 5291,Villa Riachuelo,8,Los materiales deben estar lim,Papel / Cartón / Plástico / Metal / Vidrio,-58.47581601651472,-34.68978920004006
Montiel 5625,Villa Riachuelo,8,Los materiales deben estar lim,Papel / Cartón / Plástico / Metal / Vidrio,-58.47179790779208,-34.692830640671716
Montiel 5805,Villa Riachuelo,8,Los materiales deben estar lim,Papel / Cartón / Plástico / Metal / Vidrio,-58.469605530186485,-34.694495001709754
"Paz, Gral. Av. 15884",Villa Riachuelo,8,Los materiales deben estar lim,Papel / Cartón / Plástico / Metal / Vidrio,-58.48047256390592,-34.68989475417763
Piedra Buena Av. 4873,Villa Riachuelo,8,Los materiales deben estar lim,Papel / Cartón / Plástico / Metal / Vidrio,-58.47576725509694,-34.68729712894737
Piedra Buena Av. 5193,Villa Riachuelo,8,Los materiales deben estar lim,Papel / Cartón / Plástico / Metal / Vidrio,-58.47192352504317,-34.690210420962224
"Racedo, Eduardo Tte. Gral. 5931",Villa Riachuelo,8,Los materiales deben estar lim,Papel / Cartón / Plástico / Metal / Vidrio,-58.462204221061505,-34.690055158156916
Saladillo 5183,Villa Riachuelo,8,Los materiales deben estar lim,Papel / Cartón / Plástico / Metal / Vidrio,-58.478691729487586,-34.690132546431016
"Suarez, Jose Leon 5052",Villa Riachuelo,8,Los materiales deben estar lim,Papel / Cartón / Plástico / Metal / Vidrio,-58.47926479434421,-34.68833795134406
"Suarez, Jose Leon 5490",Villa Riachuelo,8,Los materiales deben estar lim,Papel / Cartón / Plástico / Metal / Vidrio,-58.474242958885874,-34.692139487292415
Unanue 6405,Villa Riachuelo,8,Los materiales deben estar lim,Papel / Cartón / Plástico / Metal / Vidrio,-58.47822917738173,-34.68427595794069
Remedios Escalada De San Mart?n 3453,Villa Santa Rita,11,Los materiales deben estar lim,Papel / Cartón / Plástico / Metal / Vidrio,-58.48542182459903,-34.619369168812064
Juan Agust?n Garc?a 3584,Villa Santa Rita,11,Los materiales deben estar lim,Papel / Cartón / Plástico / Metal / Vidrio,-58.489857449236446,-34.61451081691503
"Magari?os Cervantes, A. 3047",Villa Santa Rita,11,Los materiales deben estar lim,Papel / Cartón / Plástico / Metal / Vidrio,-58.48166665070887,-34.61435008194623
"Magari?os Cervantes, A. 2843",Villa Santa Rita,11,Los materiales deben estar lim,Papel / Cartón / Plástico / Metal / Vidrio,-58.479145588071106,-34.61302209293158
Alvarez Jonte Av. 2875,Villa Santa Rita,11,Los materiales deben estar lim,Papel / Cartón / Plástico / Metal / Vidrio,-58.483091668745075,-34.60872865152852
Alvarez Jonte Av. 3051,Villa Santa Rita,11,Los materiales deben estar lim,Papel / Cartón / Plástico / Metal / Vidrio,-58.485809347639126,-34.60940098512575
Alvarez Jonte Av. 3241,Villa Santa Rita,11,Los materiales deben estar lim,Papel / Cartón / Plástico / Metal / Vidrio,-58.48860308033963,-34.61006840265573
Argerich 2102,Villa Santa Rita,11,Los materiales deben estar lim,Papel / Cartón / Plástico / Metal / Vidrio,-58.483622614708445,-34.61101896482394
Av.juan B. Justo 6214,Villa Santa Rita,11,Los materiales deben estar lim,Papel / Cartón / Plástico / Metal / Vidrio,-58.480879315149934,-34.622321303171894
"Belaustegui, Luis, Dr. 2772",Villa Santa Rita,11,Los materiales deben estar lim,Papel / Cartón / Plástico / Metal / Vidrio,-58.47580783656623,-34.615631569859545
"Belaustegui, Luis, Dr. 2924",Villa Santa Rita,11,Los materiales deben estar lim,Papel / Cartón / Plástico / Metal / Vidrio,-58.47768500085119,-34.61662778209505
"Belaustegui, Luis, Dr. 3158",Villa Santa Rita,11,Los materiales deben estar lim,Papel / Cartón / Plástico / Metal / Vidrio,-58.480657765286125,-34.618189238624375
"Belaustegui, Luis, Dr. 3304",Villa Santa Rita,11,Los materiales deben estar lim,Papel / Cartón / Plástico / Metal / Vidrio,-58.4825893819159,-34.61919903115031
"Belaustegui, Luis, Dr. 3550",Villa Santa Rita,11,Los materiales deben estar lim,Papel / Cartón / Plástico / Metal / Vidrio,-58.485047522011484,-34.620956228485085
Camarones 2736,Villa Santa Rita,11,Los materiales deben estar lim,Papel / Cartón / Plástico / Metal / Vidrio,-58.47853843522813,-34.6113627978023
Camarones 2906,Villa Santa Rita,11,Los materiales deben estar lim,Papel / Cartón / Plástico / Metal / Vidrio,-58.48077459120113,-34.61254072447495
Camarones 3154,Villa Santa Rita,11,Los materiales deben estar lim,Papel / Cartón / Plástico / Metal / Vidrio,-58.48388846734866,-34.61417995617284
Camarones 3574,Villa Santa Rita,11,Los materiales deben estar lim,Papel / Cartón / Plástico / Metal / Vidrio,-58.48867220854843,-34.61694960095697
Camarones 3712,Villa Santa Rita,11,Los materiales deben estar lim,Papel / Cartón / Plástico / Metal / Vidrio,-58.489843492519555,-34.61795111189274
Cuenca 2032,Villa Santa Rita,11,Los materiales deben estar lim,Papel / Cartón / Plástico / Metal / Vidrio,-58.48720657929864,-34.61100722779913
"Diaz, Cesar, Gral. 3034",Villa Santa Rita,11,Los materiales deben estar lim,Papel / Cartón / Plástico / Metal / Vidrio,-58.48072911953714,-34.61538176927688
"Diaz, Cesar, Gral. 3232",Villa Santa Rita,11,Los materiales deben estar lim,Papel / Cartón / Plástico / Metal / Vidrio,-58.48323541326772,-34.6167032456305
"Diaz, Cesar, Gral. 3552",Villa Santa Rita,11,Los materiales deben estar lim,Papel / Cartón / Plástico / Metal / Vidrio,-58.48629425516845,-34.618468198236826
"Escalada De San Martin, R. 2881",Villa Santa Rita,11,Los materiales deben estar lim,Papel / Cartón / Plástico / Metal / Vidrio,-58.47785228881976,-34.615181706479746
"Escalada De San Martin, R. 2983",Villa Santa Rita,11,Los materiales deben estar lim,Papel / Cartón / Plástico / Metal / Vidrio,-58.47921419405483,-34.615901474373615
"Escalada De San Martin, R. 3251",Villa Santa Rita,11,Los materiales deben estar lim,Papel / Cartón / Plástico / Metal / Vidrio,-58.48278994283972,-34.61777459482646
"Escalada De San Martin, R. 3687",Villa Santa Rita,11,Los materiales deben estar lim,Papel / Cartón / Plástico / Metal / Vidrio,-58.487141380218866,-34.62084299827228
Galicia 2742,Villa Santa Rita,11,Los materiales deben estar lim,Papel / Cartón / Plástico / Metal / Vidrio,-58.47376918030775,-34.617411155272464
Galicia 3241,Villa Santa Rita,11,Los materiales deben estar lim,Papel / Cartón / Plástico / Metal / Vidrio,-58.48025542043697,-34.62073793685515
Galicia 3653,Villa Santa Rita,11,Los materiales deben estar lim,Papel / Cartón / Plástico / Metal / Vidrio,-58.483582740286586,-34.62315107176738
"Garcia, Juan Agustin 2954",Villa Santa Rita,11,Los materiales deben estar lim,Papel / Cartón / Plástico / Metal / Vidrio,-58.48291280175797,-34.610819530921404
"Garcia, Juan Agustin 3142",Villa Santa Rita,11,Los materiales deben estar lim,Papel / Cartón / Plástico / Metal / Vidrio,-58.4852482630679,-34.61204155810121
"Garcia, Juan Agustin 3270",Villa Santa Rita,11,Los materiales deben estar lim,Papel / Cartón / Plástico / Metal / Vidrio,-58.486915238215204,-34.612925414060584
"Garcia, Juan Agustin 3802",Villa Santa Rita,11,Los materiales deben estar lim,Papel / Cartón / Plástico / Metal / Vidrio,-58.49206499566214,-34.6163080593268
"Gonzalez, Elpidio 2943",Villa Santa Rita,11,Los materiales deben estar lim,Papel / Cartón / Plástico / Metal / Vidrio,-58.48369366872014,-34.60977438696092
"Gonzalez, Elpidio 3257",Villa Santa Rita,11,Los materiales deben estar lim,Papel / Cartón / Plástico / Metal / Vidrio,-58.487686331189934,-34.61179558934003
"Gonzalez, Elpidio 3463",Villa Santa Rita,11,Los materiales deben estar lim,Papel / Cartón / Plástico / Metal / Vidrio,-58.48994735281213,-34.61298989683776
"Gonzalez, Elpidio 3667",Villa Santa Rita,11,Los materiales deben estar lim,Papel / Cartón / Plástico / Metal / Vidrio,-58.49191496432758,-34.614292994774495
"Gonzalez, Elpidio 3795",Villa Santa Rita,11,Los materiales deben estar lim,Papel / Cartón / Plástico / Metal / Vidrio,-58.49290266772826,-34.615124888472366
Helguera 1413,Villa Santa Rita,11,Los materiales deben estar lim,Papel / Cartón / Plástico / Metal / Vidrio,-58.4809111552161,-34.616549181579884
Helguera 1955,Villa Santa Rita,11,Los materiales deben estar lim,Papel / Cartón / Plástico / Metal / Vidrio,-58.485156219061395,-34.61120757890071
Helguera 2195,Villa Santa Rita,11,Los materiales deben estar lim,Papel / Cartón / Plástico / Metal / Vidrio,-58.48675759939724,-34.60921973056431
"Justo, Juan B. Av. 5615",Villa Santa Rita,11,Los materiales deben estar lim,Papel / Cartón / Plástico / Metal / Vidrio,-58.47539797516101,-34.617105050565996
"Justo, Juan B. Av. 5899",Villa Santa Rita,11,Los materiales deben estar lim,Papel / Cartón / Plástico / Metal / Vidrio,-58.478277386753675,-34.619682186456224
"Lamarca, Emilio 1718",Villa Santa Rita,11,Los materiales deben estar lim,Papel / Cartón / Plástico / Metal / Vidrio,-58.49043293423708,-34.61609766073612
Lausana 3304,Villa Santa Rita,11,Los materiales deben estar lim,Papel / Cartón / Plástico / Metal / Vidrio,-58.485416830397526,-34.61567322224157
Llavallol 1740,Villa Santa Rita,11,Los materiales deben estar lim,Papel / Cartón / Plástico / Metal / Vidrio,-58.48694568862293,-34.61533070256826
Miranda 3656,Villa Santa Rita,11,Los materiales deben estar lim,Papel / Cartón / Plástico / Metal / Vidrio,-58.49291600179007,-34.61348783358092
Miranda 3842,Villa Santa Rita,11,Los materiales deben estar lim,Papel / Cartón / Plástico / Metal / Vidrio,-58.49438590975208,-34.61472564491339
San Blas 3795,Villa Santa Rita,11,Los materiales deben estar lim,Papel / Cartón / Plástico / Metal / Vidrio,-58.49148455720654,-34.617471040004745
San Nicolas 1465,Villa Santa Rita,11,Los materiales deben estar lim,Papel / Cartón / Plástico / Metal / Vidrio,-58.488204474084434,-34.619003114002716
Tres Arroyos 3037,Villa Santa Rita,11,Los materiales deben estar lim,Papel / Cartón / Plástico / Metal / Vidrio,-58.47841980412497,-34.618338173214525
Tres Arroyos 3253,Villa Santa Rita,11,Los materiales deben estar lim,Papel / Cartón / Plástico / Metal / Vidrio,-58.48114439976913,-34.61976925731655
Tres Arroyos 3495,Villa Santa Rita,11,Los materiales deben estar lim,Papel / Cartón / Plástico / Metal / Vidrio,-58.483573850027454,-34.62135360294658
"Viale, Luis 2855",Villa Santa Rita,11,Los materiales deben estar lim,Papel / Cartón / Plástico / Metal / Vidrio,-58.474432272654255,-34.619091627070695
"Viale, Luis 2991",Villa Santa Rita,11,Los materiales deben estar lim,Papel / Cartón / Plástico / Metal / Vidrio,-58.47613853217144,-34.620015653766416
"Viale, Luis 3163",Villa Santa Rita,11,Los materiales deben estar lim,Papel / Cartón / Plástico / Metal / Vidrio,-58.47827617852539,-34.62113597835714
Alvarez Jonte Av. 3489,Villa Santa Rita,11,Los materiales deben estar lim,Papel / Cartón / Plástico / Metal / Vidrio,-58.49095978587163,-34.611806826393725
"Garcia, Juan Agustin 2842",Villa Santa Rita,11,Los materiales deben estar lim,Papel / Cartón / Plástico / Metal / Vidrio,-58.48140210000478,-34.610037692963395
San Blas 2853,Villa Santa Rita,11,Los materiales deben estar lim,Papel / Cartón / Plástico / Metal / Vidrio,-58.48079416655156,-34.61104148107641
San Blas 3089,Villa Santa Rita,11,Los materiales deben estar lim,Papel / Cartón / Plástico / Metal / Vidrio,-58.48377878423153,-34.612610881401835
San Blas 3241,Villa Santa Rita,11,Los materiales deben estar lim,Papel / Cartón / Plástico / Metal / Vidrio,-58.48586202527818,-34.61368694991327
San Blas 3457,Villa Santa Rita,11,Los materiales deben estar lim,Papel / Cartón / Plástico / Metal / Vidrio,-58.4883613525602,-34.61503553155202
Casta?on 2695,Villa Soldati,8,Los materiales deben estar lim,Papel / Cartón / Plástico / Metal / Vidrio,-58.44208862816068,-34.65666098093269
23 De Junio 4300,Villa Soldati,8,Los materiales deben estar lim,Papel / Cartón / Plástico / Metal / Vidrio,-58.45576008545787,-34.67297474224173
23 De Junio 4400,Villa Soldati,8,Los materiales deben estar lim,Papel / Cartón / Plástico / Metal / Vidrio,-58.45403731245053,-34.67431215032965
"Acosta, Mariano 2978",Villa Soldati,8,Los materiales deben estar lim,Papel / Cartón / Plástico / Metal / Vidrio,-58.448825149970226,-34.66027834164245
"Acosta, Mariano 3265",Villa Soldati,8,Los materiales deben estar lim,Papel / Cartón / Plástico / Metal / Vidrio,-58.44572476596593,-34.66305087386351
"Acosta, Mariano 3505",Villa Soldati,8,Los materiales deben estar lim,Papel / Cartón / Plástico / Metal / Vidrio,-58.44309175554706,-34.66506636604
"Barros Pazos, Jose 3096",Villa Soldati,8,Los materiales deben estar lim,Papel / Cartón / Plástico / Metal / Vidrio,-58.44548323918221,-34.65847455721839
"Barros Pazos, Jose 3295",Villa Soldati,8,Los materiales deben estar lim,Papel / Cartón / Plástico / Metal / Vidrio,-58.44738099674375,-34.66004713264261
"Barros Pazos, Jose 3624",Villa Soldati,8,Los materiales deben estar lim,Papel / Cartón / Plástico / Metal / Vidrio,-58.450886758767304,-34.663101466167156
"Berg, Carlos 2710",Villa Soldati,8,Los materiales deben estar lim,Papel / Cartón / Plástico / Metal / Vidrio,-58.43476009685982,-34.65386091846165
"Berg, Carlos 2806",Villa Soldati,8,Los materiales deben estar lim,Papel / Cartón / Plástico / Metal / Vidrio,-58.43395111774023,-34.65476024204756
"Berg, Carlos 3102",Villa Soldati,8,Los materiales deben estar lim,Papel / Cartón / Plástico / Metal / Vidrio,-58.43098310303197,-34.65771168476248
"Berg, Carlos 3310",Villa Soldati,8,Los materiales deben estar lim,Papel / Cartón / Plástico / Metal / Vidrio,-58.42953314308841,-34.659180623801035
"Berg, Carlos 3488",Villa Soldati,8,Los materiales deben estar lim,Papel / Cartón / Plástico / Metal / Vidrio,-58.42797610345586,-34.66101229870526
Beron De Astrada 2633,Villa Soldati,8,Los materiales deben estar lim,Papel / Cartón / Plástico / Metal / Vidrio,-58.43152714681223,-34.66318672176267
Beron De Astrada 2722,Villa Soldati,8,Los materiales deben estar lim,Papel / Cartón / Plástico / Metal / Vidrio,-58.43263207817613,-34.66388451760055
"Camet, Francisco 4421",Villa Soldati,8,Los materiales deben estar lim,Papel / Cartón / Plástico / Metal / Vidrio,-58.45264588490503,-34.67565512819937
Castanon 2804,Villa Soldati,8,Los materiales deben estar lim,Papel / Cartón / Plástico / Metal / Vidrio,-58.440339159823466,-34.65793400634305
Castanon 3096,Villa Soldati,8,Los materiales deben estar lim,Papel / Cartón / Plástico / Metal / Vidrio,-58.43757512014971,-34.66012765573506
Castanon 3210,Villa Soldati,8,Los materiales deben estar lim,Papel / Cartón / Plástico / Metal / Vidrio,-58.436384409181166,-34.66107975538631
Castanon 3386,Villa Soldati,8,Los materiales deben estar lim,Papel / Cartón / Plástico / Metal / Vidrio,-58.43502679452739,-34.662162683379364
"Chilavert, Martiniano, Coronel 2690",Villa Soldati,8,Los materiales deben estar lim,Papel / Cartón / Plástico / Metal / Vidrio,-58.44064270779729,-34.65561857271646
Condor 2546,Villa Soldati,8,Los materiales deben estar lim,Papel / Cartón / Plástico / Metal / Vidrio,-58.43305348994197,-34.65985474722725
Corrales 3450,Villa Soldati,8,Los materiales deben estar lim,Papel / Cartón / Plástico / Metal / Vidrio,-58.44391540775399,-34.665507296435536
Culpina 3371,Villa Soldati,8,Los materiales deben estar lim,Papel / Cartón / Plástico / Metal / Vidrio,-58.43496133130533,-34.66047419019036
Culpina 3407,Villa Soldati,8,Los materiales deben estar lim,Papel / Cartón / Plástico / Metal / Vidrio,-58.43447949340046,-34.660939368974866
Escalada Av. 4215,Villa Soldati,8,Los materiales deben estar lim,Papel / Cartón / Plástico / Metal / Vidrio,-58.456282327871776,-34.67541125176439
Escalada Av. 4402,Villa Soldati,8,Los materiales deben estar lim,Papel / Cartón / Plástico / Metal / Vidrio,-58.4529098707016,-34.67788742024368
"Fernandez De La Cruz, F., Gral. Av. 2145",Villa Soldati,8,Los materiales deben estar lim,Papel / Cartón / Plástico / Metal / Vidrio,-58.4364750483639,-34.654439962823
"Fernandez De La Cruz, F., Gral. Av. 2615",Villa Soldati,8,Los materiales deben estar lim,Papel / Cartón / Plástico / Metal / Vidrio,-58.43903225951813,-34.65590101772787
"Fernandez De La Cruz, F., Gral. Av. 4050",Villa Soldati,8,Los materiales deben estar lim,Papel / Cartón / Plástico / Metal / Vidrio,-58.454685175826306,-34.66929365495629
Ferre 2227,Villa Soldati,8,Los materiales deben estar lim,Papel / Cartón / Plástico / Metal / Vidrio,-58.426427945012676,-34.66163428341532
Ferre 2505,Villa Soldati,8,Los materiales deben estar lim,Papel / Cartón / Plástico / Metal / Vidrio,-58.429495428981475,-34.66332096060823
Ferre 2715,Villa Soldati,8,Los materiales deben estar lim,Papel / Cartón / Plástico / Metal / Vidrio,-58.43188212611743,-34.66463401324979
Lacarra Av. 3280,Villa Soldati,8,Los materiales deben estar lim,Papel / Cartón / Plástico / Metal / Vidrio,-58.45016388347696,-34.6647073790698
Lacarra Av. 3450,Villa Soldati,8,Los materiales deben estar lim,Papel / Cartón / Plástico / Metal / Vidrio,-58.446175887296306,-34.66789056240352
Lacarra Av. 3550,Villa Soldati,8,Los materiales deben estar lim,Papel / Cartón / Plástico / Metal / Vidrio,-58.445084716749896,-34.66875950275717
Lafuente 1919,Villa Soldati,8,Los materiales deben estar lim,Papel / Cartón / Plástico / Metal / Vidrio,-58.451660057378795,-34.65255295248429
Lafuente 3113,Villa Soldati,8,Los materiales deben estar lim,Papel / Cartón / Plástico / Metal / Vidrio,-58.43937935372955,-34.66234368124635
Lafuente 3255,Villa Soldati,8,Los materiales deben estar lim,Papel / Cartón / Plástico / Metal / Vidrio,-58.43831718055924,-34.663187019023304
"Marti, Jose 2920",Villa Soldati,8,Los materiales deben estar lim,Papel / Cartón / Plástico / Metal / Vidrio,-58.44446264930188,-34.659397110337856
Martinez Castro 3161,Villa Soldati,8,Los materiales deben estar lim,Papel / Cartón / Plástico / Metal / Vidrio,-58.44792595101994,-34.662896045627186
O'gorman 3205,Villa Soldati,8,Los materiales deben estar lim,Papel / Cartón / Plástico / Metal / Vidrio,-58.4294161790591,-34.65795854593789
O'gorman 3415,Villa Soldati,8,Los materiales deben estar lim,Papel / Cartón / Plástico / Metal / Vidrio,-58.42725025587961,-34.65987201880465
Pedernera 2713,Villa Soldati,8,Los materiales deben estar lim,Papel / Cartón / Plástico / Metal / Vidrio,-58.436817994873074,-34.65526136229753
Pedernera 2912,Villa Soldati,8,Los materiales deben estar lim,Papel / Cartón / Plástico / Metal / Vidrio,-58.43496615421132,-34.657055932917565
Pedernera 3580,Villa Soldati,8,Los materiales deben estar lim,Papel / Cartón / Plástico / Metal / Vidrio,-58.4301156721331,-34.66217811003916
"Perez, Pascual 4450",Villa Soldati,8,Los materiales deben estar lim,Papel / Cartón / Plástico / Metal / Vidrio,-58.457532230627315,-34.672364474680684
Pergamino 3010,Villa Soldati,8,Los materiales deben estar lim,Papel / Cartón / Plástico / Metal / Vidrio,-58.44640584332103,-34.66102563319601
Pergamino 3308,Villa Soldati,8,Los materiales deben estar lim,Papel / Cartón / Plástico / Metal / Vidrio,-58.44317454529442,-34.66358436171997
Pergamino 3410,Villa Soldati,8,Los materiales deben estar lim,Papel / Cartón / Plástico / Metal / Vidrio,-58.44210355723188,-34.664437268696894
Portela 2807,Villa Soldati,8,Los materiales deben estar lim,Papel / Cartón / Plástico / Metal / Vidrio,-58.446394386115045,-34.659533769634784
Portela 3109,Villa Soldati,8,Los materiales deben estar lim,Papel / Cartón / Plástico / Metal / Vidrio,-58.44337866941566,-34.661942358308856
Portela 3281,Villa Soldati,8,Los materiales deben estar lim,Papel / Cartón / Plástico / Metal / Vidrio,-58.44164161717449,-34.663328401930904
"Riestra, Av 3125",Villa Soldati,8,Los materiales deben estar lim,Papel / Cartón / Plástico / Metal / Vidrio,-58.450947679293726,-34.65613659787959
"Riestra, Av 3300",Villa Soldati,8,Los materiales deben estar lim,Papel / Cartón / Plástico / Metal / Vidrio,-58.45237371466388,-34.65752063899106
Rivera Fructuoso General 2825,Villa Soldati,8,Los materiales deben estar lim,Papel / Cartón / Plástico / Metal / Vidrio,-58.43872872662622,-34.65956688338142
Rivera Indarte Av. 2961,Villa Soldati,8,Los materiales deben estar lim,Papel / Cartón / Plástico / Metal / Vidrio,-58.433666083345706,-34.65679808724319
Rivera Indarte Av. 3235,Villa Soldati,8,Los materiales deben estar lim,Papel / Cartón / Plástico / Metal / Vidrio,-58.43198921343625,-34.65848952453127
Rivera Indarte Av. 3517,Villa Soldati,8,Los materiales deben estar lim,Papel / Cartón / Plástico / Metal / Vidrio,-58.42956734519178,-34.66108221253332
Rivera Indarte Av. 3681,Villa Soldati,8,Los materiales deben estar lim,Papel / Cartón / Plástico / Metal / Vidrio,-58.42838952077622,-34.66253173213929
"Roca, Cnel. Av. 3490",Villa Soldati,8,Los materiales deben estar lim,Papel / Cartón / Plástico / Metal / Vidrio,-58.44226502594495,-34.66826063249047
San Pedrito 2661,Villa Soldati,8,Los materiales deben estar lim,Papel / Cartón / Plástico / Metal / Vidrio,-58.443218580479325,-34.65733447880886
Varela Av. 3134,Villa Soldati,8,Los materiales deben estar lim,Papel / Cartón / Plástico / Metal / Vidrio,-58.43511468356535,-34.65858422274037
Varela Av. 3238,Villa Soldati,8,Los materiales deben estar lim,Papel / Cartón / Plástico / Metal / Vidrio,-58.433992432290076,-34.65971488037856
Pacheco 2289,Villa Urquiza,12,Los materiales deben estar lim,Papel / Cartón / Plástico / Metal / Vidrio,-58.4834335957147,-34.574026511482934
Pacheco 2940,Villa Urquiza,12,Los materiales deben estar lim,Papel / Cartón / Plástico / Metal / Vidrio,-58.48760333028137,-34.568961431240005
Plaza 1866,Villa Urquiza,12,Los materiales deben estar lim,Papel / Cartón / Plástico / Metal / Vidrio,-58.47162200322137,-34.573899073203826
Nu?ez 6054,Villa Urquiza,12,Los materiales deben estar lim,Papel / Cartón / Plástico / Metal / Vidrio,-58.50365482838402,-34.56873854780036
Nu?ez 6380,Villa Urquiza,12,Los materiales deben estar lim,Papel / Cartón / Plástico / Metal / Vidrio,-58.507430810089254,-34.57053802494562
Nu?ez 4812,Villa Urquiza,12,Los materiales deben estar lim,Papel / Cartón / Plástico / Metal / Vidrio,-58.48925531944774,-34.561864565435805
Nu?ez 5641,Villa Urquiza,12,Los materiales deben estar lim,Papel / Cartón / Plástico / Metal / Vidrio,-58.498609499785424,-34.56623904104253
Nu?ez 5862,Villa Urquiza,12,Los materiales deben estar lim,Papel / Cartón / Plástico / Metal / Vidrio,-58.50112170205718,-34.56752900719964
Nu?ez 5284,Villa Urquiza,12,Los materiales deben estar lim,Papel / Cartón / Plástico / Metal / Vidrio,-58.49419335276957,-34.5642154335329
"Acha, Mariano, Gral. 2000",Villa Urquiza,12,Los materiales deben estar lim,Papel / Cartón / Plástico / Metal / Vidrio,-58.47521134929972,-34.5744421995736
"Acha, Mariano, Gral. 2203",Villa Urquiza,12,Los materiales deben estar lim,Papel / Cartón / Plástico / Metal / Vidrio,-58.476894876462744,-34.572418950388894
"Acha, Mariano, Gral. 2663",Villa Urquiza,12,Los materiales deben estar lim,Papel / Cartón / Plástico / Metal / Vidrio,-58.48040810692601,-34.56845681782895
"Acha, Mariano, Gral. 2859",Villa Urquiza,12,Los materiales deben estar lim,Papel / Cartón / Plástico / Metal / Vidrio,-58.482027319472266,-34.56663205635309
"Acha, Mariano, Gral. 3003",Villa Urquiza,12,Los materiales deben estar lim,Papel / Cartón / Plástico / Metal / Vidrio,-58.482856145897,-34.56570397151051
Aizpurua 2574,Villa Urquiza,12,Los materiales deben estar lim,Papel / Cartón / Plástico / Metal / Vidrio,-58.495774498631405,-34.577605764116846
Aizpurua 2742,Villa Urquiza,12,Los materiales deben estar lim,Papel / Cartón / Plástico / Metal / Vidrio,-58.496856310071436,-34.57623804055461
Aizpurua 2900,Villa Urquiza,12,Los materiales deben estar lim,Papel / Cartón / Plástico / Metal / Vidrio,-58.4977300006937,-34.575152822885116
Aizpurua 3144,Villa Urquiza,12,Los materiales deben estar lim,Papel / Cartón / Plástico / Metal / Vidrio,-58.49972458177383,-34.572692210156994
Aizpurua 3635,Villa Urquiza,12,Los materiales deben estar lim,Papel / Cartón / Plástico / Metal / Vidrio,-58.5043793612874,-34.56674925493913
Altolaguirre 2878,Villa Urquiza,12,Los materiales deben estar lim,Papel / Cartón / Plástico / Metal / Vidrio,-58.49391276450377,-34.57329088110256
Alvarez Thomas Av. 2933,Villa Urquiza,12,Los materiales deben estar lim,Papel / Cartón / Plástico / Metal / Vidrio,-58.480932908614406,-34.57320073936006
Alvarez Thomas Av. 3470,Villa Urquiza,12,Los materiales deben estar lim,Papel / Cartón / Plástico / Metal / Vidrio,-58.485597510081945,-34.569798690870634
Andonaegui 2752,Villa Urquiza,12,Los materiales deben estar lim,Papel / Cartón / Plástico / Metal / Vidrio,-58.492149170140756,-34.573534213256615
Andonaegui 2940,Villa Urquiza,12,Los materiales deben estar lim,Papel / Cartón / Plástico / Metal / Vidrio,-58.49333364235031,-34.57205843211818
Andonaegui 3146,Villa Urquiza,12,Los materiales deben estar lim,Papel / Cartón / Plástico / Metal / Vidrio,-58.4948270954343,-34.570199570861135
Andonaegui 3352,Villa Urquiza,12,Los materiales deben estar lim,Papel / Cartón / Plástico / Metal / Vidrio,-58.49657651369215,-34.568020013660025
Bauness 2526,Villa Urquiza,12,Los materiales deben estar lim,Papel / Cartón / Plástico / Metal / Vidrio,-58.48869959782759,-34.57390412331956
Bauness 2958,Villa Urquiza,12,Los materiales deben estar lim,Papel / Cartón / Plástico / Metal / Vidrio,-58.49113020915218,-34.57088204514228
Beethoven 3453,Villa Urquiza,12,Los materiales deben estar lim,Papel / Cartón / Plástico / Metal / Vidrio,-58.49921830751535,-34.567569679701535
Blanco Encalada 5051,Villa Urquiza,12,Los materiales deben estar lim,Papel / Cartón / Plástico / Metal / Vidrio,-58.486100734349456,-34.57533290664348
Blanco Encalada 5277,Villa Urquiza,12,Los materiales deben estar lim,Papel / Cartón / Plástico / Metal / Vidrio,-58.48886327450007,-34.576966387642095
Blanco Encalada 5451,Villa Urquiza,12,Los materiales deben estar lim,Papel / Cartón / Plástico / Metal / Vidrio,-58.49076098415531,-34.578084614913415
"Bonorino, Martiniano 3156",Villa Urquiza,12,Los materiales deben estar lim,Papel / Cartón / Plástico / Metal / Vidrio,-58.49537889095178,-34.57028762232787
Bucarelli 2831,Villa Urquiza,12,Los materiales deben estar lim,Papel / Cartón / Plástico / Metal / Vidrio,-58.49147759522876,-34.57221652861273
Burela 2061,Villa Urquiza,12,Los materiales deben estar lim,Papel / Cartón / Plástico / Metal / Vidrio,-58.489133169644575,-34.58103818845173
Burela 2782,Villa Urquiza,12,Los materiales deben estar lim,Papel / Cartón / Plástico / Metal / Vidrio,-58.49439257433432,-34.57465485553451
Burela 2958,Villa Urquiza,12,Los materiales deben estar lim,Papel / Cartón / Plástico / Metal / Vidrio,-58.49554812647677,-34.573207191259485
Burela 3642,Villa Urquiza,12,Los materiales deben estar lim,Papel / Cartón / Plástico / Metal / Vidrio,-58.501750537534924,-34.56555368157232
Capdevila 2949,Villa Urquiza,12,Los materiales deben estar lim,Papel / Cartón / Plástico / Metal / Vidrio,-58.48986277274861,-34.57024861839099
Capdevila 3187,Villa Urquiza,12,Los materiales deben estar lim,Papel / Cartón / Plástico / Metal / Vidrio,-58.491629115360276,-34.56798162039048
Ceretti 1882,Villa Urquiza,12,Los materiales deben estar lim,Papel / Cartón / Plástico / Metal / Vidrio,-58.48874941106887,-34.58365323589534
Ceretti 2126,Villa Urquiza,12,Los materiales deben estar lim,Papel / Cartón / Plástico / Metal / Vidrio,-58.49098834884348,-34.58078009909637
Ceretti 2237,Villa Urquiza,12,Los materiales deben estar lim,Papel / Cartón / Plástico / Metal / Vidrio,-58.49190721129073,-34.579560503854566
Ceretti 2621,Villa Urquiza,12,Los materiales deben estar lim,Papel / Cartón / Plástico / Metal / Vidrio,-58.49453767305298,-34.57628523249438
Ceretti 2843,Villa Urquiza,12,Los materiales deben estar lim,Papel / Cartón / Plástico / Metal / Vidrio,-58.495878375422954,-34.57461364445325
Ceretti 3153,Villa Urquiza,12,Los materiales deben estar lim,Papel / Cartón / Plástico / Metal / Vidrio,-58.49807178622207,-34.57189253250941
Combatientes De Malvinas Av. 3658,Villa Urquiza,12,Los materiales deben estar lim,Papel / Cartón / Plástico / Metal / Vidrio,-58.47783313000607,-34.57740873463871
Congreso Av. 5733,Villa Urquiza,12,Los materiales deben estar lim,Papel / Cartón / Plástico / Metal / Vidrio,-58.49764001738904,-34.57361462407079
Congreso Av. 5973,Villa Urquiza,12,Los materiales deben estar lim,Papel / Cartón / Plástico / Metal / Vidrio,-58.500230771281664,-34.57497579234661
Cullen 5341,Villa Urquiza,12,Los materiales deben estar lim,Papel / Cartón / Plástico / Metal / Vidrio,-58.49065327998394,-34.57435670343414
Cullen 5539,Villa Urquiza,12,Los materiales deben estar lim,Papel / Cartón / Plástico / Metal / Vidrio,-58.492740841986084,-34.57550441124851
De La Tecnica 5450,Villa Urquiza,12,Los materiales deben estar lim,Papel / Cartón / Plástico / Metal / Vidrio,-58.49509893488397,-34.5687226288993
De Los Constituyentes Av. 4525,Villa Urquiza,12,Los materiales deben estar lim,Papel / Cartón / Plástico / Metal / Vidrio,-58.49192937718582,-34.58202164466676
De Los Constituyentes Av. 5011,Villa Urquiza,12,Los materiales deben estar lim,Papel / Cartón / Plástico / Metal / Vidrio,-58.4964445225227,-34.57835733953196
Diaz Colodrero 2350,Villa Urquiza,12,Los materiales deben estar lim,Papel / Cartón / Plástico / Metal / Vidrio,-58.485195320366095,-34.57424245579705
Diaz Colodrero 2560,Villa Urquiza,12,Los materiales deben estar lim,Papel / Cartón / Plástico / Metal / Vidrio,-58.48655241322978,-34.572602499781055
Diaz Colodrero 2950,Villa Urquiza,12,Los materiales deben estar lim,Papel / Cartón / Plástico / Metal / Vidrio,-58.488924149527065,-34.56964611885592
Donado 2150,Villa Urquiza,12,Los materiales deben estar lim,Papel / Cartón / Plástico / Metal / Vidrio,-58.47548671095051,-34.57242087839608
Donado 2764,Villa Urquiza,12,Los materiales deben estar lim,Papel / Cartón / Plástico / Metal / Vidrio,-58.48051908150043,-34.56689448965323
Echeverria 4110,Villa Urquiza,12,Los materiales deben estar lim,Papel / Cartón / Plástico / Metal / Vidrio,-58.47288691925733,-34.57303351655259
Echeverria 4769,Villa Urquiza,12,Los materiales deben estar lim,Papel / Cartón / Plástico / Metal / Vidrio,-58.47796497399852,-34.5763520505497
Echeverria 5087,Villa Urquiza,12,Los materiales deben estar lim,Papel / Cartón / Plástico / Metal / Vidrio,-58.481706229175124,-34.57925720808302
Echeverria 5243,Villa Urquiza,12,Los materiales deben estar lim,Papel / Cartón / Plástico / Metal / Vidrio,-58.48355367851617,-34.580310084690495
Echeverria 5439,Villa Urquiza,12,Los materiales deben estar lim,Papel / Cartón / Plástico / Metal / Vidrio,-58.48541338354041,-34.58136569645746
Echeverria 5683,Villa Urquiza,12,Los materiales deben estar lim,Papel / Cartón / Plástico / Metal / Vidrio,-58.487607177406574,-34.58261205797813
Estomba 2032,Villa Urquiza,12,Los materiales deben estar lim,Papel / Cartón / Plástico / Metal / Vidrio,-58.470830843428004,-34.57135030460665
Estomba 2250,Villa Urquiza,12,Los materiales deben estar lim,Papel / Cartón / Plástico / Metal / Vidrio,-58.47253986633117,-34.56933906568139
Estomba 2450,Villa Urquiza,12,Los materiales deben estar lim,Papel / Cartón / Plástico / Metal / Vidrio,-58.47393215268789,-34.56767252089432
Fernandez Blanco 2027,Villa Urquiza,12,Los materiales deben estar lim,Papel / Cartón / Plástico / Metal / Vidrio,-58.4790501972124,-34.57668359458199
Fernandez Blanco 2368,Villa Urquiza,12,Los materiales deben estar lim,Papel / Cartón / Plástico / Metal / Vidrio,-58.48228456233549,-34.57357204074987
Galvan 3295,Villa Urquiza,12,Los materiales deben estar lim,Papel / Cartón / Plástico / Metal / Vidrio,-58.489132320394134,-34.564938043355646
Holmberg 2695,Villa Urquiza,12,Los materiales deben estar lim,Papel / Cartón / Plástico / Metal / Vidrio,-58.478770081225,-34.5671354944991
Holmberg 2887,Villa Urquiza,12,Los materiales deben estar lim,Papel / Cartón / Plástico / Metal / Vidrio,-58.48038352806112,-34.56531734155189
Holmberg 3375,Villa Urquiza,12,Los materiales deben estar lim,Papel / Cartón / Plástico / Metal / Vidrio,-58.48313836619424,-34.56123117552593
Ibera 4164,Villa Urquiza,12,Los materiales deben estar lim,Papel / Cartón / Plástico / Metal / Vidrio,-58.481781380356054,-34.56278298030005
Ibera 4598,Villa Urquiza,12,Los materiales deben estar lim,Papel / Cartón / Plástico / Metal / Vidrio,-58.4852716599257,-34.56451596623139
Ibera 5610,Villa Urquiza,12,Los materiales deben estar lim,Papel / Cartón / Plástico / Metal / Vidrio,-58.496560384914325,-34.57023493362244
Ibera 5756,Villa Urquiza,12,Los materiales deben estar lim,Papel / Cartón / Plástico / Metal / Vidrio,-58.49814921372371,-34.57108149857093
Ibera 5910,Villa Urquiza,12,Los materiales deben estar lim,Papel / Cartón / Plástico / Metal / Vidrio,-58.500385200021775,-34.572247869676225
Juramento 4939,Villa Urquiza,12,Los materiales deben estar lim,Papel / Cartón / Plástico / Metal / Vidrio,-58.48094201453732,-34.57690678664447
Juramento 5115,Villa Urquiza,12,Los materiales deben estar lim,Papel / Cartón / Plástico / Metal / Vidrio,-58.48311943182029,-34.57844817144385
Juramento 5347,Villa Urquiza,12,Los materiales deben estar lim,Papel / Cartón / Plástico / Metal / Vidrio,-58.485468816454855,-34.57976538181573
Juramento 5519,Villa Urquiza,12,Los materiales deben estar lim,Papel / Cartón / Plástico / Metal / Vidrio,-58.48702330432994,-34.58060578422978
La Gloria 1958,Villa Urquiza,12,Los materiales deben estar lim,Papel / Cartón / Plástico / Metal / Vidrio,-58.48900265194443,-34.58251210094995
"Larralde, Crisologo Av. 5145",Villa Urquiza,12,Los materiales deben estar lim,Papel / Cartón / Plástico / Metal / Vidrio,-58.493507613213474,-34.5620566433435
"Larralde, Crisologo Av. 5975",Villa Urquiza,12,Los materiales deben estar lim,Papel / Cartón / Plástico / Metal / Vidrio,-58.503170883841534,-34.56665782521858
"Larralde, Crisologo Av. 6275",Villa Urquiza,12,Los materiales deben estar lim,Papel / Cartón / Plástico / Metal / Vidrio,-58.50704943251103,-34.56862894965764
Lugones 1940,Villa Urquiza,12,Los materiales deben estar lim,Papel / Cartón / Plástico / Metal / Vidrio,-58.47572514489279,-34.575451294152394
Lugones 2108,Villa Urquiza,12,Los materiales deben estar lim,Papel / Cartón / Plástico / Metal / Vidrio,-58.47708605967651,-34.57391674007196
Lugones 2320,Villa Urquiza,12,Los materiales deben estar lim,Papel / Cartón / Plástico / Metal / Vidrio,-58.47878715680916,-34.571994116928174
Lugones 2724,Villa Urquiza,12,Los materiales deben estar lim,Papel / Cartón / Plástico / Metal / Vidrio,-58.48197477460063,-34.56839327121174
Lugones 2952,Villa Urquiza,12,Los materiales deben estar lim,Papel / Cartón / Plástico / Metal / Vidrio,-58.48353574707503,-34.5666325456529
Mendoza 4838,Villa Urquiza,12,Los materiales deben estar lim,Papel / Cartón / Plástico / Metal / Vidrio,-58.480874935508616,-34.57502005557381
Mendoza 5550,Villa Urquiza,12,Los materiales deben estar lim,Papel / Cartón / Plástico / Metal / Vidrio,-58.48796605516447,-34.57964720841289
Mendoza Av. 5152,Villa Urquiza,12,Los materiales deben estar lim,Papel / Cartón / Plástico / Metal / Vidrio,-58.48420445198,-34.57758076361027
Mendoza Av. 5331,Villa Urquiza,12,Los materiales deben estar lim,Papel / Cartón / Plástico / Metal / Vidrio,-58.48630067999493,-34.578481090153126
Miller 2063,Villa Urquiza,12,Los materiales deben estar lim,Papel / Cartón / Plástico / Metal / Vidrio,-58.477395569852305,-34.574823324509765
Miller 2243,Villa Urquiza,12,Los materiales deben estar lim,Papel / Cartón / Plástico / Metal / Vidrio,-58.47924180253481,-34.57344558962267
Miller 2445,Villa Urquiza,12,Los materiales deben estar lim,Papel / Cartón / Plástico / Metal / Vidrio,-58.48043544288452,-34.57160481265406
Miller 2679,Villa Urquiza,12,Los materiales deben estar lim,Papel / Cartón / Plástico / Metal / Vidrio,-58.48232622129761,-34.5694635639198
Miller 2851,Villa Urquiza,12,Los materiales deben estar lim,Papel / Cartón / Plástico / Metal / Vidrio,-58.48379770860362,-34.56780350527221
Monroe 4286,Villa Urquiza,12,Los materiales deben estar lim,Papel / Cartón / Plástico / Metal / Vidrio,-58.477859748850435,-34.56941338424907
Monroe 4447,Villa Urquiza,12,Los materiales deben estar lim,Papel / Cartón / Plástico / Metal / Vidrio,-58.47952638073356,-34.57024304913261
Monroe 4867,Villa Urquiza,12,Los materiales deben estar lim,Papel / Cartón / Plástico / Metal / Vidrio,-58.48364637717463,-34.57267085993005
Monroe 5244,Villa Urquiza,12,Los materiales deben estar lim,Papel / Cartón / Plástico / Metal / Vidrio,-58.487761617526814,-34.57516387911058
Monroe 5473,Villa Urquiza,12,Los materiales deben estar lim,Papel / Cartón / Plástico / Metal / Vidrio,-58.49059831662811,-34.5766917754476
Monroe 5755,Villa Urquiza,12,Los materiales deben estar lim,Papel / Cartón / Plástico / Metal / Vidrio,-58.493948430408956,-34.57865477786153
Nahuel Huapi 4015,Villa Urquiza,12,Los materiales deben estar lim,Papel / Cartón / Plástico / Metal / Vidrio,-58.47844609862103,-34.56522257279859
Nahuel Huapi 5000,Villa Urquiza,12,Los materiales deben estar lim,Papel / Cartón / Plástico / Metal / Vidrio,-58.48781631997924,-34.57074326625224
Nahuel Huapi 5787,Villa Urquiza,12,Los materiales deben estar lim,Papel / Cartón / Plástico / Metal / Vidrio,-58.49689550113252,-34.57559917044491
Olazabal Av. 4050,Villa Urquiza,12,Los materiales deben estar lim,Papel / Cartón / Plástico / Metal / Vidrio,-58.47509657994636,-34.57030454825479
Olazabal Av. 4189,Villa Urquiza,12,Los materiales deben estar lim,Papel / Cartón / Plástico / Metal / Vidrio,-58.47629833167442,-34.570867205846916
Olazabal Av. 4945,Villa Urquiza,12,Los materiales deben estar lim,Papel / Cartón / Plástico / Metal / Vidrio,-58.484667730839085,-34.57571842696745
Olazabal Av. 5142,Villa Urquiza,12,Los materiales deben estar lim,Papel / Cartón / Plástico / Metal / Vidrio,-58.486216792102745,-34.576762359847336
Olazabal Av. 5322,Villa Urquiza,12,Los materiales deben estar lim,Papel / Cartón / Plástico / Metal / Vidrio,-58.488319571978025,-34.577974388036864
Olazabal Av. 5480,Villa Urquiza,12,Los materiales deben estar lim,Papel / Cartón / Plástico / Metal / Vidrio,-58.49026332271699,-34.57911181276627
"Pedraza, Manuela 4497",Villa Urquiza,12,Los materiales deben estar lim,Papel / Cartón / Plástico / Metal / Vidrio,-58.48520696977916,-34.56167308111583
"Pedraza, Manuela 4696",Villa Urquiza,12,Los materiales deben estar lim,Papel / Cartón / Plástico / Metal / Vidrio,-58.4870179932512,-34.562609089885406
"Pedraza, Manuela 4898",Villa Urquiza,12,Los materiales deben estar lim,Papel / Cartón / Plástico / Metal / Vidrio,-58.48888642834206,-34.5635032350449
"Pedraza, Manuela 5078",Villa Urquiza,12,Los materiales deben estar lim,Papel / Cartón / Plástico / Metal / Vidrio,-58.49068996123909,-34.56436180333855
"Pedraza, Manuela 5258",Villa Urquiza,12,Los materiales deben estar lim,Papel / Cartón / Plástico / Metal / Vidrio,-58.49292590269031,-34.565416355811465
"Pedraza, Manuela 5472",Villa Urquiza,12,Los materiales deben estar lim,Papel / Cartón / Plástico / Metal / Vidrio,-58.49543155616782,-34.56670729888418
"Pedraza, Manuela 5774",Villa Urquiza,12,Los materiales deben estar lim,Papel / Cartón / Plástico / Metal / Vidrio,-58.498712802856154,-34.568518121676824
"Pedraza, Manuela 6140",Villa Urquiza,12,Los materiales deben estar lim,Papel / Cartón / Plástico / Metal / Vidrio,-58.50327034608246,-34.5710431298809
Piran 5555,Villa Urquiza,12,Los materiales deben estar lim,Papel / Cartón / Plástico / Metal / Vidrio,-58.4970488788937,-34.566468216439965
Piran 5949,Villa Urquiza,12,Los materiales deben estar lim,Papel / Cartón / Plástico / Metal / Vidrio,-58.50146559973928,-34.56888163749501
Plaza 2074,Villa Urquiza,12,Los materiales deben estar lim,Papel / Cartón / Plástico / Metal / Vidrio,-58.47296335799981,-34.57208923733466
Plaza 2246,Villa Urquiza,12,Los materiales deben estar lim,Papel / Cartón / Plástico / Metal / Vidrio,-58.474320562449336,-34.57048764978001
Plaza 2474,Villa Urquiza,12,Los materiales deben estar lim,Papel / Cartón / Plástico / Metal / Vidrio,-58.476047163790675,-34.5687018434651
Plaza 2630,Villa Urquiza,12,Los materiales deben estar lim,Papel / Cartón / Plástico / Metal / Vidrio,-58.47751716230755,-34.5670927918407
Plaza 3030,Villa Urquiza,12,Los materiales deben estar lim,Papel / Cartón / Plástico / Metal / Vidrio,-58.48022638023826,-34.56401039472339
Quesada 4369,Villa Urquiza,12,Los materiales deben estar lim,Papel / Cartón / Plástico / Metal / Vidrio,-58.482798264511935,-34.56452670872978
Quesada 4653,Villa Urquiza,12,Los materiales deben estar lim,Papel / Cartón / Plástico / Metal / Vidrio,-58.48507322150058,-34.565708711012874
Quesada 4957,Villa Urquiza,12,Los materiales deben estar lim,Papel / Cartón / Plástico / Metal / Vidrio,-58.488079490009966,-34.567257734044645
Quesada 5123,Villa Urquiza,12,Los materiales deben estar lim,Papel / Cartón / Plástico / Metal / Vidrio,-58.49022243709934,-34.568364339815034
Quesada 5379,Villa Urquiza,12,Los materiales deben estar lim,Papel / Cartón / Plástico / Metal / Vidrio,-58.49306953124623,-34.56986183380267
Quesada 5649,Villa Urquiza,12,Los materiales deben estar lim,Papel / Cartón / Plástico / Metal / Vidrio,-58.49610936701539,-34.571473363936505
"Rivera, Pedro I., Dr. 5248",Villa Urquiza,12,Los materiales deben estar lim,Papel / Cartón / Plástico / Metal / Vidrio,-58.49006908005196,-34.57305990513434
Roosevelt Franklin D. 3983,Villa Urquiza,12,Los materiales deben estar lim,Papel / Cartón / Plástico / Metal / Vidrio,-58.47587977063564,-34.566617419066766
Roosevelt Franklin D. 4550,Villa Urquiza,12,Los materiales deben estar lim,Papel / Cartón / Plástico / Metal / Vidrio,-58.481214838405634,-34.56992488326946
Roosevelt Franklin D. Av. 5463,Villa Urquiza,12,Los materiales deben estar lim,Papel / Cartón / Plástico / Metal / Vidrio,-58.49125628823911,-34.575723110737975
Roosevelt Franklin D. Av. 5652,Villa Urquiza,12,Los materiales deben estar lim,Papel / Cartón / Plástico / Metal / Vidrio,-58.49322500412461,-34.577095381823995
"Sucre, Antonio Jose De, Mcal. 3915",Villa Urquiza,12,Los materiales deben estar lim,Papel / Cartón / Plástico / Metal / Vidrio,-58.47000131038559,-34.57260986022562
"Sucre, Antonio Jose De, Mcal. 4363",Villa Urquiza,12,Los materiales deben estar lim,Papel / Cartón / Plástico / Metal / Vidrio,-58.47412830721932,-34.575000160071916
"Tamborini, Jose Pascual 4351",Villa Urquiza,12,Los materiales deben estar lim,Papel / Cartón / Plástico / Metal / Vidrio,-58.48414474918448,-34.56245182641414
"Tamborini, Jose Pascual 4651",Villa Urquiza,12,Los materiales deben estar lim,Papel / Cartón / Plástico / Metal / Vidrio,-58.486875474369306,-34.56373056409054
"Tamborini, Jose Pascual 5033",Villa Urquiza,12,Los materiales deben estar lim,Papel / Cartón / Plástico / Metal / Vidrio,-58.49090509836296,-34.56558208210286
"Tamborini, Jose Pascual 5265",Villa Urquiza,12,Los materiales deben estar lim,Papel / Cartón / Plástico / Metal / Vidrio,-58.49331683715559,-34.56696917097007
"Tamborini, Jose Pascual 5671",Villa Urquiza,12,Los materiales deben estar lim,Papel / Cartón / Plástico / Metal / Vidrio,-58.49797083932028,-34.56944635765156
"Tamborini, Jose Pascual 5847",Villa Urquiza,12,Los materiales deben estar lim,Papel / Cartón / Plástico / Metal / Vidrio,-58.50011099641485,-34.570585510836445
"Tamborini, Jose Pascual 5959",Villa Urquiza,12,Los materiales deben estar lim,Papel / Cartón / Plástico / Metal / Vidrio,-58.50158808645856,-34.571369086126445
"Tamborini, Jose Pascual 6198",Villa Urquiza,12,Los materiales deben estar lim,Papel / Cartón / Plástico / Metal / Vidrio,-58.5040440278892,-34.57277007885905
Triunvirato Av. 4160,Villa Urquiza,12,Los materiales deben estar lim,Papel / Cartón / Plástico / Metal / Vidrio,-58.47974142520363,-34.57874639254464
Triunvirato Av. 4344,Villa Urquiza,12,Los materiales deben estar lim,Papel / Cartón / Plástico / Metal / Vidrio,-58.48230035360286,-34.57701912375502
Triunvirato Av. 5770,Villa Urquiza,12,Los materiales deben estar lim,Papel / Cartón / Plástico / Metal / Vidrio,-58.495420988251865,-34.56526338710328
Tronador 1981,Villa Urquiza,12,Los materiales deben estar lim,Papel / Cartón / Plástico / Metal / Vidrio,-58.471234287024906,-34.57236071382959
Tronador 2137,Villa Urquiza,12,Los materiales deben estar lim,Papel / Cartón / Plástico / Metal / Vidrio,-58.47254268548383,-34.57082929596503
Tronador 2375,Villa Urquiza,12,Los materiales deben estar lim,Papel / Cartón / Plástico / Metal / Vidrio,-58.474332432798256,-34.56870608332813
Valdenegro 2524,Villa Urquiza,12,Los materiales deben estar lim,Papel / Cartón / Plástico / Metal / Vidrio,-58.482090036767666,-34.571442024304595
Valdenegro 2750,Villa Urquiza,12,Los materiales deben estar lim,Papel / Cartón / Plástico / Metal / Vidrio,-58.48400212131718,-34.56928256933471
Valdenegro 2910,Villa Urquiza,12,Los materiales deben estar lim,Papel / Cartón / Plástico / Metal / Vidrio,-58.48531324472893,-34.56780422010229
Valdenegro 3150,Villa Urquiza,12,Los materiales deben estar lim,Papel / Cartón / Plástico / Metal / Vidrio,-58.48696622719931,-34.56596790163695
Zado 3550,Villa Urquiza,12,Los materiales deben estar lim,Papel / Cartón / Plástico / Metal / Vidrio,-58.50486758505635,-34.57003512145835
